forecast_month,customer_id,product_id,forecast_qty,forecast_revenue_usd,forecast_version,confidence_level
2025-07-01,CUST001,PRD0040,7,89728.82,Commercial Baseline,High
2025-08-01,CUST001,PRD0040,6,79852.69,Latest Estimate,Medium
2025-09-01,CUST001,PRD0040,7,92955.34,Latest Estimate,Medium
2025-10-01,CUST001,PRD0040,4,54539.58,Commercial Baseline,High
2025-11-01,CUST001,PRD0040,5,67773.87,SIOP Review,Medium
2025-12-01,CUST001,PRD0040,5,63646.19,SIOP Review,High
2026-01-01,CUST001,PRD0040,20,263570.91,Commercial Baseline,Medium
2026-02-01,CUST001,PRD0040,3,39257.3,Commercial Baseline,Medium
2026-03-01,CUST001,PRD0040,6,77613.15,Commercial Baseline,High
2026-04-01,CUST001,PRD0040,8,103197.86,Commercial Baseline,Low
2026-05-01,CUST001,PRD0040,2,27880.71,Latest Estimate,Low
2026-06-01,CUST001,PRD0040,3,40975.86,Latest Estimate,High
2026-07-01,CUST001,PRD0040,4,55728.54,SIOP Review,Low
2026-08-01,CUST001,PRD0040,6,79591.3,Commercial Baseline,High
2026-09-01,CUST001,PRD0040,6,81218.98,SIOP Review,Low
2026-10-01,CUST001,PRD0040,7,98178.16,Commercial Baseline,High
2026-11-01,CUST001,PRD0040,4,56379.6,Latest Estimate,Low
2026-12-01,CUST001,PRD0040,8,100458.03,SIOP Review,Low
2025-07-01,CUST001,PRD0044,1,33012.99,Latest Estimate,Medium
2025-08-01,CUST001,PRD0044,1,31471.75,SIOP Review,High
2025-09-01,CUST001,PRD0044,1,34944.51,Latest Estimate,Low
2025-10-01,CUST001,PRD0044,7,244073.52,Commercial Baseline,Low
2025-11-01,CUST001,PRD0044,3,96761.56,Commercial Baseline,Medium
2025-12-01,CUST001,PRD0044,1,34810.17,Latest Estimate,Low
2026-01-01,CUST001,PRD0044,3,104072.7,Commercial Baseline,Low
2026-02-01,CUST001,PRD0044,1,31593.77,SIOP Review,High
2026-03-01,CUST001,PRD0044,2,66552.55,Commercial Baseline,Medium
2026-04-01,CUST001,PRD0044,3,103655.06,SIOP Review,High
2026-05-01,CUST001,PRD0044,1,33351.46,SIOP Review,Medium
2026-06-01,CUST001,PRD0044,0,0.0,Commercial Baseline,Low
2026-07-01,CUST001,PRD0044,1,33703.05,Commercial Baseline,Medium
2026-08-01,CUST001,PRD0044,2,63188.44,SIOP Review,Low
2026-09-01,CUST001,PRD0044,2,65892.61,SIOP Review,Low
2026-10-01,CUST001,PRD0044,3,104452.93,Latest Estimate,Medium
2026-11-01,CUST001,PRD0044,2,63876.49,Latest Estimate,Low
2026-12-01,CUST001,PRD0044,1,32220.89,SIOP Review,High
2025-07-01,CUST001,PRD0070,5,203086.94,SIOP Review,High
2025-08-01,CUST001,PRD0070,2,82551.31,Latest Estimate,Low
2025-09-01,CUST001,PRD0070,6,245447.59,SIOP Review,Medium
2025-10-01,CUST001,PRD0070,7,295466.57,Latest Estimate,High
2025-11-01,CUST001,PRD0070,3,124610.31,Commercial Baseline,Medium
2025-12-01,CUST001,PRD0070,4,167835.3,SIOP Review,Low
2026-01-01,CUST001,PRD0070,13,567086.05,SIOP Review,Medium
2026-02-01,CUST001,PRD0070,4,167213.3,Latest Estimate,Medium
2026-03-01,CUST001,PRD0070,3,130023.67,Latest Estimate,Medium
2026-04-01,CUST001,PRD0070,4,163168.2,Commercial Baseline,Low
2026-05-01,CUST001,PRD0070,3,123301.97,Latest Estimate,High
2026-06-01,CUST001,PRD0070,3,120416.55,Latest Estimate,Medium
2026-07-01,CUST001,PRD0070,3,129290.34,Latest Estimate,Medium
2026-08-01,CUST001,PRD0070,4,160399.4,Latest Estimate,High
2026-09-01,CUST001,PRD0070,4,162078.08,Latest Estimate,Low
2026-10-01,CUST001,PRD0070,2,82827.54,SIOP Review,Medium
2026-11-01,CUST001,PRD0070,6,238166.38,SIOP Review,Low
2026-12-01,CUST001,PRD0070,3,131334.21,Commercial Baseline,Medium
2025-07-01,CUST001,PRD0002,2,39893.32,Commercial Baseline,Medium
2025-08-01,CUST001,PRD0002,3,63260.3,Commercial Baseline,Medium
2025-09-01,CUST001,PRD0002,5,102835.08,SIOP Review,Medium
2025-10-01,CUST001,PRD0002,4,81409.04,SIOP Review,Medium
2025-11-01,CUST001,PRD0002,3,64780.86,Latest Estimate,High
2025-12-01,CUST001,PRD0002,4,86107.21,Latest Estimate,Low
2026-01-01,CUST001,PRD0002,4,89487.95,SIOP Review,High
2026-02-01,CUST001,PRD0002,19,411885.92,SIOP Review,Medium
2026-03-01,CUST001,PRD0002,5,103412.16,Commercial Baseline,Medium
2026-04-01,CUST001,PRD0002,5,107538.3,SIOP Review,Medium
2026-05-01,CUST001,PRD0002,3,62156.25,SIOP Review,Medium
2026-06-01,CUST001,PRD0002,6,118556.75,Latest Estimate,Medium
2026-07-01,CUST001,PRD0002,4,84800.96,SIOP Review,Medium
2026-08-01,CUST001,PRD0002,3,59008.91,Latest Estimate,Medium
2026-09-01,CUST001,PRD0002,4,85427.46,Latest Estimate,Medium
2026-10-01,CUST001,PRD0002,5,102185.13,SIOP Review,Low
2026-11-01,CUST001,PRD0002,3,59955.52,SIOP Review,Medium
2026-12-01,CUST001,PRD0002,14,300395.37,Commercial Baseline,Low
2025-07-01,CUST001,PRD0043,4,99519.16,Latest Estimate,Medium
2025-08-01,CUST001,PRD0043,4,102260.03,Commercial Baseline,Medium
2025-09-01,CUST001,PRD0043,1,23355.41,SIOP Review,Medium
2025-10-01,CUST001,PRD0043,4,101271.77,SIOP Review,High
2025-11-01,CUST001,PRD0043,3,72693.05,SIOP Review,Medium
2025-12-01,CUST001,PRD0043,2,50907.62,SIOP Review,Medium
2026-01-01,CUST001,PRD0043,2,50098.88,SIOP Review,Medium
2026-02-01,CUST001,PRD0043,2,50179.21,Latest Estimate,High
2026-03-01,CUST001,PRD0043,2,49337.16,Commercial Baseline,High
2026-04-01,CUST001,PRD0043,3,74657.1,Latest Estimate,Medium
2026-05-01,CUST001,PRD0043,1,24582.17,Commercial Baseline,Low
2026-06-01,CUST001,PRD0043,3,73850.27,Commercial Baseline,Medium
2026-07-01,CUST001,PRD0043,3,75796.59,Latest Estimate,Medium
2026-08-01,CUST001,PRD0043,12,283916.74,Latest Estimate,Low
2026-09-01,CUST001,PRD0043,2,51947.6,Commercial Baseline,Low
2026-10-01,CUST001,PRD0043,4,105802.55,Commercial Baseline,Medium
2026-11-01,CUST001,PRD0043,1,25491.67,Commercial Baseline,Low
2026-12-01,CUST001,PRD0043,1,25439.18,Latest Estimate,Low
2025-07-01,CUST001,PRD0006,0,0.0,Latest Estimate,Medium
2025-08-01,CUST001,PRD0006,1,9674.73,Commercial Baseline,High
2025-09-01,CUST001,PRD0006,9,90483.22,Commercial Baseline,Low
2025-10-01,CUST001,PRD0006,2,18813.07,Commercial Baseline,High
2025-11-01,CUST001,PRD0006,0,0.0,Commercial Baseline,Medium
2025-12-01,CUST001,PRD0006,3,29939.55,Latest Estimate,High
2026-01-01,CUST001,PRD0006,2,20191.24,Commercial Baseline,Medium
2026-02-01,CUST001,PRD0006,0,0.0,Commercial Baseline,Medium
2026-03-01,CUST001,PRD0006,1,10513.39,SIOP Review,Medium
2026-04-01,CUST001,PRD0006,2,19557.24,Latest Estimate,Low
2026-05-01,CUST001,PRD0006,0,0.0,Commercial Baseline,High
2026-06-01,CUST001,PRD0006,11,102482.42,Latest Estimate,High
2026-07-01,CUST001,PRD0006,4,39511.52,Latest Estimate,High
2026-08-01,CUST001,PRD0006,2,21085.43,SIOP Review,Medium
2026-09-01,CUST001,PRD0006,1,9353.69,Latest Estimate,Medium
2026-10-01,CUST001,PRD0006,3,30609.07,SIOP Review,High
2026-11-01,CUST001,PRD0006,1,10259.17,SIOP Review,High
2026-12-01,CUST001,PRD0006,15,148475.57,SIOP Review,Medium
2025-07-01,CUST001,PRD0029,10,109849.38,Latest Estimate,Medium
2025-08-01,CUST001,PRD0029,5,58633.46,Commercial Baseline,Low
2025-09-01,CUST001,PRD0029,18,206734.94,SIOP Review,High
2025-10-01,CUST001,PRD0029,13,141039.97,Latest Estimate,Medium
2025-11-01,CUST001,PRD0029,15,166094.05,SIOP Review,Low
2025-12-01,CUST001,PRD0029,23,245583.93,Latest Estimate,Low
2026-01-01,CUST001,PRD0029,6,63317.35,Commercial Baseline,Medium
2026-02-01,CUST001,PRD0029,11,122857.7,Commercial Baseline,Medium
2026-03-01,CUST001,PRD0029,13,140924.86,Latest Estimate,Medium
2026-04-01,CUST001,PRD0029,16,180556.19,Commercial Baseline,Low
2026-05-01,CUST001,PRD0029,5,54040.87,Commercial Baseline,Low
2026-06-01,CUST001,PRD0029,7,77756.35,Latest Estimate,Low
2026-07-01,CUST001,PRD0029,7,81043.86,Latest Estimate,High
2026-08-01,CUST001,PRD0029,14,151395.24,SIOP Review,Medium
2026-09-01,CUST001,PRD0029,7,81796.44,SIOP Review,High
2026-10-01,CUST001,PRD0029,18,212244.29,Latest Estimate,Low
2026-11-01,CUST001,PRD0029,12,134892.43,Commercial Baseline,Medium
2026-12-01,CUST001,PRD0029,22,260967.85,SIOP Review,High
2025-07-01,CUST001,PRD0110,6,35895.62,Latest Estimate,Medium
2025-08-01,CUST001,PRD0110,5,33453.25,Latest Estimate,Medium
2025-09-01,CUST001,PRD0110,4,24049.7,SIOP Review,Medium
2025-10-01,CUST001,PRD0110,5,29737.44,SIOP Review,Medium
2025-11-01,CUST001,PRD0110,12,76473.69,Latest Estimate,Medium
2025-12-01,CUST001,PRD0110,6,38813.09,Commercial Baseline,Medium
2026-01-01,CUST001,PRD0110,1,6424.78,Commercial Baseline,Medium
2026-02-01,CUST001,PRD0110,4,26822.41,Latest Estimate,Low
2026-03-01,CUST001,PRD0110,6,39110.47,Commercial Baseline,Low
2026-04-01,CUST001,PRD0110,3,18320.74,SIOP Review,High
2026-05-01,CUST001,PRD0110,1,6108.99,Commercial Baseline,Low
2026-06-01,CUST001,PRD0110,4,26364.57,Latest Estimate,High
2026-07-01,CUST001,PRD0110,3,17891.7,SIOP Review,Medium
2026-08-01,CUST001,PRD0110,1,6273.46,Commercial Baseline,Low
2026-09-01,CUST001,PRD0110,2,12449.22,Commercial Baseline,Medium
2026-10-01,CUST001,PRD0110,6,35812.07,Commercial Baseline,Low
2026-11-01,CUST001,PRD0110,3,19964.2,Latest Estimate,Low
2026-12-01,CUST001,PRD0110,3,17799.4,Latest Estimate,Medium
2025-07-01,CUST001,PRD0041,0,0.0,SIOP Review,Medium
2025-08-01,CUST001,PRD0041,0,0.0,SIOP Review,High
2025-09-01,CUST001,PRD0041,13,233268.37,Latest Estimate,Medium
2025-10-01,CUST001,PRD0041,0,0.0,SIOP Review,Medium
2025-11-01,CUST001,PRD0041,1,19033.56,Latest Estimate,Medium
2025-12-01,CUST001,PRD0041,0,0.0,Commercial Baseline,Low
2026-01-01,CUST001,PRD0041,0,0.0,Commercial Baseline,Medium
2026-02-01,CUST001,PRD0041,0,0.0,Latest Estimate,Medium
2026-03-01,CUST001,PRD0041,0,0.0,Commercial Baseline,Low
2026-04-01,CUST001,PRD0041,1,19142.35,Latest Estimate,High
2026-05-01,CUST001,PRD0041,0,0.0,Latest Estimate,High
2026-06-01,CUST001,PRD0041,0,0.0,Commercial Baseline,Medium
2026-07-01,CUST001,PRD0041,11,202167.91,Commercial Baseline,Medium
2026-08-01,CUST001,PRD0041,0,0.0,SIOP Review,Low
2026-09-01,CUST001,PRD0041,0,0.0,Latest Estimate,Medium
2026-10-01,CUST001,PRD0041,0,0.0,Latest Estimate,Medium
2026-11-01,CUST001,PRD0041,0,0.0,SIOP Review,Low
2026-12-01,CUST001,PRD0041,0,0.0,Latest Estimate,Medium
2025-07-01,CUST001,PRD0114,5,13223.59,Commercial Baseline,High
2025-08-01,CUST001,PRD0114,11,30884.98,Commercial Baseline,Medium
2025-09-01,CUST001,PRD0114,14,35848.06,Commercial Baseline,Medium
2025-10-01,CUST001,PRD0114,10,26019.41,Latest Estimate,Medium
2025-11-01,CUST001,PRD0114,6,16469.85,Latest Estimate,Low
2025-12-01,CUST001,PRD0114,13,34602.91,SIOP Review,Medium
2026-01-01,CUST001,PRD0114,17,44653.25,SIOP Review,High
2026-02-01,CUST001,PRD0114,6,15946.14,SIOP Review,Low
2026-03-01,CUST001,PRD0114,11,29215.06,Commercial Baseline,High
2026-04-01,CUST001,PRD0114,11,30027.11,SIOP Review,Medium
2026-05-01,CUST001,PRD0114,11,27683.75,Latest Estimate,Low
2026-06-01,CUST001,PRD0114,8,21531.29,Commercial Baseline,High
2026-07-01,CUST001,PRD0114,9,22383.72,Latest Estimate,Medium
2026-08-01,CUST001,PRD0114,9,22245.3,SIOP Review,Low
2026-09-01,CUST001,PRD0114,21,52607.12,Commercial Baseline,Medium
2026-10-01,CUST001,PRD0114,10,26624.24,Latest Estimate,High
2026-11-01,CUST001,PRD0114,13,32170.46,Latest Estimate,Medium
2026-12-01,CUST001,PRD0114,11,28672.59,Latest Estimate,Medium
2025-07-01,CUST001,PRD0058,20,60290.72,Commercial Baseline,Low
2025-08-01,CUST001,PRD0058,7,21590.05,SIOP Review,Medium
2025-09-01,CUST001,PRD0058,12,39246.7,Commercial Baseline,High
2025-10-01,CUST001,PRD0058,8,26138.22,Commercial Baseline,Medium
2025-11-01,CUST001,PRD0058,0,0.0,Latest Estimate,Low
2025-12-01,CUST001,PRD0058,4,12866.02,Commercial Baseline,High
2026-01-01,CUST001,PRD0058,6,18464.48,Latest Estimate,Medium
2026-02-01,CUST001,PRD0058,5,15666.44,SIOP Review,Medium
2026-03-01,CUST001,PRD0058,5,15483.26,Latest Estimate,High
2026-04-01,CUST001,PRD0058,11,34573.31,Latest Estimate,Low
2026-05-01,CUST001,PRD0058,11,35019.27,SIOP Review,Medium
2026-06-01,CUST001,PRD0058,5,16707.54,Commercial Baseline,Medium
2026-07-01,CUST001,PRD0058,8,24429.07,SIOP Review,Medium
2026-08-01,CUST001,PRD0058,5,15226.0,SIOP Review,High
2026-09-01,CUST001,PRD0058,8,26914.86,Commercial Baseline,Medium
2026-10-01,CUST001,PRD0058,9,27021.35,Commercial Baseline,High
2026-11-01,CUST001,PRD0058,7,23144.96,Commercial Baseline,Low
2026-12-01,CUST001,PRD0058,11,33064.81,Commercial Baseline,Low
2025-07-01,CUST001,PRD0072,0,0.0,Commercial Baseline,High
2025-08-01,CUST001,PRD0072,0,0.0,SIOP Review,Low
2025-09-01,CUST001,PRD0072,0,0.0,Commercial Baseline,Low
2025-10-01,CUST001,PRD0072,12,132189.38,SIOP Review,High
2025-11-01,CUST001,PRD0072,0,0.0,Latest Estimate,Medium
2025-12-01,CUST001,PRD0072,0,0.0,Latest Estimate,Low
2026-01-01,CUST001,PRD0072,1,10641.18,SIOP Review,High
2026-02-01,CUST001,PRD0072,1,9966.4,Latest Estimate,Medium
2026-03-01,CUST001,PRD0072,1,10189.52,Latest Estimate,High
2026-04-01,CUST001,PRD0072,1,10247.81,Commercial Baseline,Medium
2026-05-01,CUST001,PRD0072,3,32155.94,SIOP Review,Medium
2026-06-01,CUST001,PRD0072,1,10561.88,Commercial Baseline,Medium
2026-07-01,CUST001,PRD0072,0,0.0,Commercial Baseline,Medium
2026-08-01,CUST001,PRD0072,1,10078.65,Latest Estimate,Low
2026-09-01,CUST001,PRD0072,2,20014.57,Latest Estimate,Medium
2026-10-01,CUST001,PRD0072,5,55146.34,Latest Estimate,Medium
2026-11-01,CUST001,PRD0072,10,101090.65,Latest Estimate,High
2026-12-01,CUST001,PRD0072,1,10433.51,SIOP Review,Medium
2025-07-01,CUST001,PRD0116,0,0.0,SIOP Review,Medium
2025-08-01,CUST001,PRD0116,0,0.0,SIOP Review,Low
2025-09-01,CUST001,PRD0116,3,45110.84,Commercial Baseline,Medium
2025-10-01,CUST001,PRD0116,0,0.0,SIOP Review,Low
2025-11-01,CUST001,PRD0116,0,0.0,Latest Estimate,Medium
2025-12-01,CUST001,PRD0116,0,0.0,Latest Estimate,Low
2026-01-01,CUST001,PRD0116,2,31554.99,Commercial Baseline,Medium
2026-02-01,CUST001,PRD0116,0,0.0,Commercial Baseline,High
2026-03-01,CUST001,PRD0116,1,16519.23,Latest Estimate,Medium
2026-04-01,CUST001,PRD0116,7,109079.88,Latest Estimate,Medium
2026-05-01,CUST001,PRD0116,0,0.0,Latest Estimate,Medium
2026-06-01,CUST001,PRD0116,0,0.0,Latest Estimate,Medium
2026-07-01,CUST001,PRD0116,2,31887.23,SIOP Review,High
2026-08-01,CUST001,PRD0116,0,0.0,SIOP Review,Low
2026-09-01,CUST001,PRD0116,1,16138.9,SIOP Review,High
2026-10-01,CUST001,PRD0116,3,47796.92,Commercial Baseline,Medium
2026-11-01,CUST001,PRD0116,0,0.0,Latest Estimate,Medium
2026-12-01,CUST001,PRD0116,1,15568.69,SIOP Review,High
2025-07-01,CUST001,PRD0062,2,36314.95,SIOP Review,Low
2025-08-01,CUST001,PRD0062,2,33924.37,Latest Estimate,Medium
2025-09-01,CUST001,PRD0062,0,0.0,Commercial Baseline,Medium
2025-10-01,CUST001,PRD0062,3,50178.31,Latest Estimate,Low
2025-11-01,CUST001,PRD0062,1,16607.41,Commercial Baseline,Low
2025-12-01,CUST001,PRD0062,2,35238.39,SIOP Review,Medium
2026-01-01,CUST001,PRD0062,1,18047.47,Commercial Baseline,Medium
2026-02-01,CUST001,PRD0062,1,17966.91,Latest Estimate,Low
2026-03-01,CUST001,PRD0062,1,16679.66,Commercial Baseline,High
2026-04-01,CUST001,PRD0062,1,16749.63,Commercial Baseline,Medium
2026-05-01,CUST001,PRD0062,1,18359.09,Commercial Baseline,Low
2026-06-01,CUST001,PRD0062,2,34845.48,Latest Estimate,High
2026-07-01,CUST001,PRD0062,2,32570.32,Latest Estimate,Medium
2026-08-01,CUST001,PRD0062,7,126500.05,SIOP Review,High
2026-09-01,CUST001,PRD0062,3,49267.69,Commercial Baseline,High
2026-10-01,CUST001,PRD0062,16,281601.61,Commercial Baseline,Low
2026-11-01,CUST001,PRD0062,1,17601.96,SIOP Review,Medium
2026-12-01,CUST001,PRD0062,0,0.0,SIOP Review,Medium
2025-07-01,CUST001,PRD0001,4,158155.91,SIOP Review,High
2025-08-01,CUST001,PRD0001,5,210519.47,Latest Estimate,Medium
2025-09-01,CUST001,PRD0001,1,38365.0,Commercial Baseline,High
2025-10-01,CUST001,PRD0001,5,210120.12,Latest Estimate,Low
2025-11-01,CUST001,PRD0001,10,394131.08,SIOP Review,Low
2025-12-01,CUST001,PRD0001,4,155278.46,Latest Estimate,Low
2026-01-01,CUST001,PRD0001,4,158537.13,Commercial Baseline,Low
2026-02-01,CUST001,PRD0001,4,161160.14,SIOP Review,Medium
2026-03-01,CUST001,PRD0001,6,245592.28,Commercial Baseline,Low
2026-04-01,CUST001,PRD0001,5,200125.59,SIOP Review,Low
2026-05-01,CUST001,PRD0001,3,118886.01,SIOP Review,Medium
2026-06-01,CUST001,PRD0001,4,153276.24,SIOP Review,High
2026-07-01,CUST001,PRD0001,1,37520.29,Commercial Baseline,High
2026-08-01,CUST001,PRD0001,3,117130.51,Commercial Baseline,Medium
2026-09-01,CUST001,PRD0001,4,166404.23,Commercial Baseline,Low
2026-10-01,CUST001,PRD0001,4,158648.39,Latest Estimate,High
2026-11-01,CUST001,PRD0001,5,185733.34,Commercial Baseline,High
2026-12-01,CUST001,PRD0001,6,244953.45,Latest Estimate,Medium
2025-07-01,CUST001,PRD0020,6,93866.37,SIOP Review,Medium
2025-08-01,CUST001,PRD0020,16,277143.38,SIOP Review,Medium
2025-09-01,CUST001,PRD0020,10,168835.93,Commercial Baseline,Medium
2025-10-01,CUST001,PRD0020,12,204719.0,Commercial Baseline,Medium
2025-11-01,CUST001,PRD0020,13,207423.67,Commercial Baseline,Medium
2025-12-01,CUST001,PRD0020,11,180813.75,SIOP Review,Low
2026-01-01,CUST001,PRD0020,13,208494.62,Latest Estimate,Medium
2026-02-01,CUST001,PRD0020,11,168525.39,Commercial Baseline,Medium
2026-03-01,CUST001,PRD0020,10,168463.82,SIOP Review,High
2026-04-01,CUST001,PRD0020,20,329749.95,Latest Estimate,Medium
2026-05-01,CUST001,PRD0020,11,174764.74,SIOP Review,Low
2026-06-01,CUST001,PRD0020,10,164047.28,Latest Estimate,High
2026-07-01,CUST001,PRD0020,7,111172.88,Latest Estimate,High
2026-08-01,CUST001,PRD0020,15,229440.64,Commercial Baseline,Medium
2026-09-01,CUST001,PRD0020,17,265913.83,Commercial Baseline,Medium
2026-10-01,CUST001,PRD0020,20,311651.7,SIOP Review,High
2026-11-01,CUST001,PRD0020,8,124324.8,Latest Estimate,High
2026-12-01,CUST001,PRD0020,7,112790.2,SIOP Review,Medium
2025-07-01,CUST001,PRD0061,17,140453.81,Commercial Baseline,Medium
2025-08-01,CUST001,PRD0061,2,16519.2,Latest Estimate,High
2025-09-01,CUST001,PRD0061,1,7968.72,SIOP Review,Medium
2025-10-01,CUST001,PRD0061,3,24860.08,SIOP Review,Medium
2025-11-01,CUST001,PRD0061,2,16845.24,Commercial Baseline,High
2025-12-01,CUST001,PRD0061,2,16711.73,Commercial Baseline,Medium
2026-01-01,CUST001,PRD0061,10,77320.12,SIOP Review,Medium
2026-02-01,CUST001,PRD0061,3,22219.75,SIOP Review,Low
2026-03-01,CUST001,PRD0061,2,16840.78,Latest Estimate,Medium
2026-04-01,CUST001,PRD0061,2,14904.43,Latest Estimate,Low
2026-05-01,CUST001,PRD0061,4,32181.61,SIOP Review,Medium
2026-06-01,CUST001,PRD0061,1,8295.77,Latest Estimate,Low
2026-07-01,CUST001,PRD0061,3,22653.64,Latest Estimate,Medium
2026-08-01,CUST001,PRD0061,3,22586.96,SIOP Review,Low
2026-09-01,CUST001,PRD0061,11,91060.03,SIOP Review,Medium
2026-10-01,CUST001,PRD0061,4,32615.76,SIOP Review,Medium
2026-11-01,CUST001,PRD0061,3,24414.42,SIOP Review,Low
2026-12-01,CUST001,PRD0061,2,15618.19,Latest Estimate,Low
2025-07-01,CUST001,PRD0085,1,8711.43,Commercial Baseline,High
2025-08-01,CUST001,PRD0085,16,138108.73,Latest Estimate,High
2025-09-01,CUST001,PRD0085,2,16805.46,SIOP Review,Medium
2025-10-01,CUST001,PRD0085,2,17890.74,Latest Estimate,Low
2025-11-01,CUST001,PRD0085,0,0.0,Latest Estimate,Low
2025-12-01,CUST001,PRD0085,0,0.0,Commercial Baseline,Medium
2026-01-01,CUST001,PRD0085,1,8494.2,Latest Estimate,Medium
2026-02-01,CUST001,PRD0085,0,0.0,Commercial Baseline,Medium
2026-03-01,CUST001,PRD0085,0,0.0,Latest Estimate,Medium
2026-04-01,CUST001,PRD0085,2,18755.69,SIOP Review,Medium
2026-05-01,CUST001,PRD0085,1,8708.98,SIOP Review,Medium
2026-06-01,CUST001,PRD0085,1,8807.79,Latest Estimate,High
2026-07-01,CUST001,PRD0085,1,9511.91,Latest Estimate,High
2026-08-01,CUST001,PRD0085,0,0.0,Latest Estimate,High
2026-09-01,CUST001,PRD0085,0,0.0,Latest Estimate,Medium
2026-10-01,CUST001,PRD0085,2,18610.69,SIOP Review,Medium
2026-11-01,CUST001,PRD0085,0,0.0,Commercial Baseline,High
2026-12-01,CUST001,PRD0085,1,9086.67,SIOP Review,High
2025-07-01,CUST001,PRD0033,0,0.0,Commercial Baseline,High
2025-08-01,CUST001,PRD0033,0,0.0,Commercial Baseline,Medium
2025-09-01,CUST001,PRD0033,0,0.0,Commercial Baseline,High
2025-10-01,CUST001,PRD0033,0,0.0,Latest Estimate,High
2025-11-01,CUST001,PRD0033,0,0.0,Latest Estimate,Medium
2025-12-01,CUST001,PRD0033,0,0.0,Commercial Baseline,Medium
2026-01-01,CUST001,PRD0033,0,0.0,SIOP Review,High
2026-02-01,CUST001,PRD0033,0,0.0,Commercial Baseline,Medium
2026-03-01,CUST001,PRD0033,1,9633.25,Latest Estimate,Medium
2026-04-01,CUST001,PRD0033,0,0.0,Commercial Baseline,Low
2026-05-01,CUST001,PRD0033,0,0.0,Commercial Baseline,High
2026-06-01,CUST001,PRD0033,8,77086.37,Commercial Baseline,Medium
2026-07-01,CUST001,PRD0033,0,0.0,Latest Estimate,Medium
2026-08-01,CUST001,PRD0033,0,0.0,SIOP Review,Low
2026-09-01,CUST001,PRD0033,0,0.0,Latest Estimate,Medium
2026-10-01,CUST001,PRD0033,0,0.0,SIOP Review,Medium
2026-11-01,CUST001,PRD0033,0,0.0,Commercial Baseline,High
2026-12-01,CUST001,PRD0033,0,0.0,Latest Estimate,High
2025-07-01,CUST001,PRD0011,1,41745.12,Commercial Baseline,Medium
2025-08-01,CUST001,PRD0011,1,37681.54,Commercial Baseline,Medium
2025-09-01,CUST001,PRD0011,15,609358.88,Commercial Baseline,Medium
2025-10-01,CUST001,PRD0011,3,113195.62,Commercial Baseline,Medium
2025-11-01,CUST001,PRD0011,1,38951.57,SIOP Review,Medium
2025-12-01,CUST001,PRD0011,2,81961.9,Commercial Baseline,Medium
2026-01-01,CUST001,PRD0011,3,120804.49,Commercial Baseline,High
2026-02-01,CUST001,PRD0011,1,38544.09,Latest Estimate,Low
2026-03-01,CUST001,PRD0011,1,37592.91,Commercial Baseline,High
2026-04-01,CUST001,PRD0011,1,36826.97,Latest Estimate,High
2026-05-01,CUST001,PRD0011,1,40574.57,Commercial Baseline,High
2026-06-01,CUST001,PRD0011,2,81548.69,Latest Estimate,Medium
2026-07-01,CUST001,PRD0011,3,113055.09,SIOP Review,High
2026-08-01,CUST001,PRD0011,0,0.0,Commercial Baseline,Medium
2026-09-01,CUST001,PRD0011,3,118227.36,Latest Estimate,High
2026-10-01,CUST001,PRD0011,1,39151.92,Commercial Baseline,Low
2026-11-01,CUST001,PRD0011,16,644622.88,SIOP Review,High
2026-12-01,CUST001,PRD0011,1,38286.84,Commercial Baseline,Medium
2025-07-01,CUST001,PRD0024,0,0.0,Commercial Baseline,Low
2025-08-01,CUST001,PRD0024,2,49694.14,Latest Estimate,High
2025-09-01,CUST001,PRD_X0017,1,27227.77,Latest Estimate,High
2025-10-01,CUST001,PRD0024,1,25668.32,SIOP Review,Medium
2025-11-01,CUST001,PRD0024,2,55101.94,Latest Estimate,High
2025-12-01,CUST001,PRD0024,10,260067.02,Commercial Baseline,Low
2026-01-01,CUST001,PRD0024,15,409579.61,SIOP Review,High
2026-02-01,CUST001,PRD0024,11,299308.37,Latest Estimate,Low
2026-03-01,CUST001,PRD0024,1,25381.84,SIOP Review,Medium
2026-04-01,CUST001,PRD0024,0,0.0,Commercial Baseline,Low
2026-05-01,CUST001,PRD0024,0,0.0,Latest Estimate,Medium
2026-06-01,CUST001,PRD0024,1,27036.85,Latest Estimate,High
2026-07-01,CUST001,PRD0024,2,52250.64,Commercial Baseline,High
2026-08-01,CUST001,PRD0024,0,0.0,SIOP Review,Medium
2026-09-01,CUST001,PRD0024,1,25483.3,Latest Estimate,Medium
2026-10-01,CUST001,PRD0024,1,26822.56,SIOP Review,High
2026-11-01,CUST001,PRD0024,0,0.0,Commercial Baseline,Medium
2026-12-01,CUST001,PRD0024,0,0.0,SIOP Review,Medium
2025-07-01,CUST001,PRD0104,10,58216.12,SIOP Review,Medium
2025-08-01,CUST001,PRD0104,5,31054.84,Latest Estimate,Low
2025-09-01,CUST001,PRD0104,7,40959.78,Latest Estimate,Medium
2025-10-01,CUST001,PRD0104,7,43977.56,SIOP Review,High
2025-11-01,CUST001,PRD0104,11,65622.92,SIOP Review,High
2025-12-01,CUST001,PRD0104,8,45642.25,SIOP Review,High
2026-01-01,CUST001,PRD0104,10,59869.88,Commercial Baseline,Low
2026-02-01,CUST001,PRD0104,7,40980.63,Commercial Baseline,Medium
2026-03-01,CUST001,PRD0104,10,62694.97,SIOP Review,High
2026-04-01,CUST001,PRD0104,11,64454.42,Latest Estimate,Medium
2026-05-01,CUST001,PRD0104,6,38332.54,Latest Estimate,Medium
2026-06-01,CUST001,PRD0104,10,61092.49,Commercial Baseline,High
2026-07-01,CUST001,PRD0104,4,24173.39,Commercial Baseline,High
2026-08-01,CUST001,PRD0104,8,48874.99,SIOP Review,High
2026-09-01,CUST001,PRD0104,7,43029.41,SIOP Review,High
2026-10-01,CUST001,PRD0104,6,37150.2,Latest Estimate,Medium
2026-11-01,CUST001,PRD0104,10,61624.61,Latest Estimate,High
2026-12-01,CUST001,PRD0104,10,59446.09,Commercial Baseline,Medium
2025-07-01,CUST001,PRD0115,19,157304.81,Latest Estimate,High
2025-08-01,CUST001,PRD0115,1,8258.56,Commercial Baseline,High
2025-09-01,CUST001,PRD0115,6,50006.13,Commercial Baseline,Medium
2025-10-01,CUST001,PRD0115,14,104120.93,Commercial Baseline,Medium
2025-11-01,CUST001,PRD0115,5,39134.14,Commercial Baseline,Medium
2025-12-01,CUST001,PRD0115,6,47309.99,Commercial Baseline,Medium
2026-01-01,CUST001,PRD0115,12,97357.69,Commercial Baseline,Low
2026-02-01,CUST001,PRD0115,3,24215.94,SIOP Review,High
2026-03-01,CUST001,PRD0115,10,76379.79,Latest Estimate,Low
2026-04-01,CUST001,PRD0115,9,71953.18,Latest Estimate,Low
2026-05-01,CUST001,PRD0115,14,115113.95,Latest Estimate,Low
2026-06-01,CUST001,PRD0115,9,72968.08,Latest Estimate,High
2026-07-01,CUST001,PRD0115,6,45843.12,Latest Estimate,Low
2026-08-01,CUST001,PRD0115,8,61979.54,Latest Estimate,Medium
2026-09-01,CUST001,PRD0115,11,84068.44,SIOP Review,Low
2026-10-01,CUST001,PRD0115,11,89097.89,Commercial Baseline,Medium
2026-11-01,CUST001,PRD0115,5,39168.71,SIOP Review,Medium
2026-12-01,CUST001,PRD0115,11,89688.88,Commercial Baseline,Medium
2025-07-01,CUST001,PRD0103,0,0.0,Latest Estimate,Medium
2025-08-01,CUST001,PRD0103,0,0.0,Latest Estimate,High
2025-09-01,CUST001,PRD0103,0,0.0,Latest Estimate,Medium
2025-10-01,CUST001,PRD0103,0,0.0,Commercial Baseline,Low
2025-11-01,CUST001,PRD0103,0,0.0,SIOP Review,High
2025-12-01,CUST001,PRD0103,0,0.0,SIOP Review,Medium
2026-01-01,CUST001,PRD0103,0,0.0,SIOP Review,Medium
2026-02-01,CUST001,PRD0103,0,0.0,SIOP Review,High
2026-03-01,CUST001,PRD0103,2,15137.2,Commercial Baseline,Medium
2026-04-01,CUST001,PRD0103,0,0.0,Commercial Baseline,Medium
2026-05-01,CUST001,PRD0103,0,0.0,Latest Estimate,Medium
2026-06-01,CUST001,PRD0103,0,0.0,Commercial Baseline,High
2026-07-01,CUST001,PRD0103,0,0.0,Latest Estimate,Low
2026-08-01,CUST001,PRD0103,0,0.0,Latest Estimate,Medium
2026-09-01,CUST001,PRD0103,0,0.0,Commercial Baseline,Medium
2026-10-01,CUST001,PRD0103,1,7717.18,Commercial Baseline,Medium
2026-11-01,CUST001,PRD0103,0,0.0,Commercial Baseline,Medium
2026-12-01,CUST001,PRD0103,0,0.0,Commercial Baseline,Medium
2025-07-01,CUST001,PRD0094,4,84086.72,Latest Estimate,Low
2025-08-01,CUST001,PRD0094,8,163625.06,Commercial Baseline,High
2025-09-01,CUST001,PRD0094,11,236439.75,Latest Estimate,Low
2025-10-01,CUST001,PRD0094,13,293079.46,Commercial Baseline,High
2025-11-01,CUST001,PRD0094,8,174813.53,SIOP Review,Low
2025-12-01,CUST001,PRD0094,6,127618.1,SIOP Review,High
2026-01-01,CUST001,PRD0094,6,125538.61,Latest Estimate,Medium
2026-02-01,CUST001,PRD0094,6,129724.69,SIOP Review,Medium
2026-03-01,CUST001,PRD0094,8,163514.16,Commercial Baseline,High
2026-04-01,CUST001,PRD0094,20,428951.11,Commercial Baseline,Medium
2026-05-01,CUST001,PRD0094,10,227247.44,SIOP Review,Medium
2026-06-01,CUST001,PRD0094,9,194748.8,Commercial Baseline,Medium
2026-07-01,CUST001,PRD0094,8,172283.05,SIOP Review,High
2026-08-01,CUST001,PRD0094,3,62906.68,Latest Estimate,Medium
2026-09-01,CUST001,PRD0094,8,178228.08,Commercial Baseline,Medium
2026-10-01,CUST001,PRD0094,9,185107.54,Latest Estimate,High
2026-11-01,CUST001,PRD0094,5,104413.7,SIOP Review,High
2026-12-01,CUST001,PRD0094,3,67408.77,SIOP Review,Medium
2025-07-01,CUST001,PRD0095,2,20915.21,SIOP Review,High
2025-08-01,CUST001,PRD0095,3,29543.78,SIOP Review,Low
2025-09-01,CUST001,PRD0095,4,44715.34,SIOP Review,Low
2025-10-01,CUST001,PRD0095,3,30353.35,Latest Estimate,Medium
2025-11-01,CUST001,PRD0095,2,21852.21,SIOP Review,Medium
2025-12-01,CUST001,PRD0095,3,32064.2,SIOP Review,Medium
2026-01-01,CUST001,PRD0095,3,31496.29,Latest Estimate,High
2026-02-01,CUST001,PRD0095,3,33420.02,Latest Estimate,High
2026-03-01,CUST001,PRD0095,2,20449.57,Latest Estimate,High
2026-04-01,CUST001,PRD0095,6,64310.25,SIOP Review,Medium
2026-05-01,CUST001,PRD0095,2,22099.16,Commercial Baseline,Medium
2026-06-01,CUST001,PRD0095,3,32537.46,Commercial Baseline,Medium
2026-07-01,CUST001,PRD0095,1,10441.89,SIOP Review,Medium
2026-08-01,CUST001,PRD0095,2,21924.68,Latest Estimate,Low
2026-09-01,CUST001,PRD0095,4,43200.96,Latest Estimate,Medium
2026-10-01,CUST001,PRD0095,5,51680.6,SIOP Review,Medium
2026-11-01,CUST001,PRD0095,3,30892.13,Latest Estimate,Medium
2026-12-01,CUST001,PRD0095,4,43466.77,Commercial Baseline,Medium
2025-07-01,CUST001,PRD0060,0,0.0,Latest Estimate,Low
2025-08-01,CUST001,PRD0060,0,0.0,Commercial Baseline,High
2025-09-01,CUST001,PRD0060,2,36812.68,Latest Estimate,High
2025-10-01,CUST001,PRD0060,0,0.0,Commercial Baseline,Low
2025-11-01,CUST001,PRD0060,0,0.0,Latest Estimate,Low
2025-12-01,CUST001,PRD0060,0,0.0,Latest Estimate,Medium
2026-01-01,CUST001,PRD0060,0,0.0,SIOP Review,Medium
2026-02-01,CUST001,PRD0060,0,0.0,Latest Estimate,Medium
2026-03-01,CUST001,PRD0060,0,0.0,Commercial Baseline,High
2026-04-01,CUST001,PRD0060,0,0.0,SIOP Review,Low
2026-05-01,CUST001,PRD0060,0,0.0,Latest Estimate,Medium
2026-06-01,CUST001,PRD0060,0,0.0,Commercial Baseline,Medium
2026-07-01,CUST001,PRD0060,1,18066.83,Commercial Baseline,Medium
2026-08-01,CUST001,PRD0060,0,0.0,Latest Estimate,Low
2026-09-01,CUST001,PRD0060,0,0.0,SIOP Review,Medium
2026-10-01,CUST001,PRD0060,0,0.0,Commercial Baseline,High
2026-11-01,CUST001,PRD0060,0,0.0,Commercial Baseline,Medium
2026-12-01,CUST001,PRD0060,0,0.0,Commercial Baseline,High
2025-07-01,CUST001,PRD0015,0,0.0,SIOP Review,High
2025-08-01,CUST001,PRD0015,0,0.0,SIOP Review,Low
2025-09-01,CUST001,PRD0015,0,0.0,Commercial Baseline,Medium
2025-10-01,CUST001,PRD0015,0,0.0,SIOP Review,Medium
2025-11-01,CUST001,PRD0015,0,0.0,Latest Estimate,Medium
2025-12-01,CUST001,PRD0015,0,0.0,SIOP Review,Low
2026-01-01,CUST001,PRD0015,1,40824.88,SIOP Review,Medium
2026-02-01,CUST001,PRD0015,0,0.0,SIOP Review,Medium
2026-03-01,CUST001,PRD0015,0,0.0,SIOP Review,Low
2026-04-01,CUST001,PRD0015,1,37859.86,Latest Estimate,Medium
2026-05-01,CUST001,PRD0015,1,36509.36,Latest Estimate,Medium
2026-06-01,CUST001,PRD0015,0,0.0,Commercial Baseline,Low
2026-07-01,CUST001,PRD0015,0,0.0,Latest Estimate,High
2026-08-01,CUST001,PRD0015,0,0.0,Commercial Baseline,Medium
2026-09-01,CUST001,PRD0015,0,0.0,Commercial Baseline,Medium
2026-10-01,CUST001,PRD0015,8,304154.85,Latest Estimate,Medium
2026-11-01,CUST001,PRD0015,0,0.0,SIOP Review,Low
2026-12-01,CUST001,PRD0015,0,0.0,Commercial Baseline,High
2025-07-01,CUST001,PRD0027,0,0.0,Commercial Baseline,Low
2025-08-01,CUST001,PRD0027,0,0.0,SIOP Review,Low
2025-09-01,CUST001,PRD0027,0,0.0,Latest Estimate,High
2025-10-01,CUST001,PRD0027,0,0.0,Latest Estimate,Low
2025-11-01,CUST001,PRD0027,0,0.0,Latest Estimate,Medium
2025-12-01,CUST001,PRD0027,1,6928.07,Commercial Baseline,High
2026-01-01,CUST001,PRD0027,0,0.0,Latest Estimate,Medium
2026-02-01,CUST001,PRD0027,0,0.0,Latest Estimate,Low
2026-03-01,CUST001,PRD0027,0,0.0,Commercial Baseline,Medium
2026-04-01,CUST001,PRD0027,0,0.0,SIOP Review,Medium
2026-05-01,CUST001,PRD0027,0,0.0,SIOP Review,Medium
2026-06-01,CUST001,PRD0027,0,0.0,Commercial Baseline,Low
2026-07-01,CUST001,PRD0027,0,0.0,Commercial Baseline,Low
2026-08-01,CUST001,PRD0027,0,0.0,Commercial Baseline,Medium
2026-09-01,CUST001,PRD0027,0,0.0,Commercial Baseline,High
2026-10-01,CUST001,PRD0027,0,0.0,Latest Estimate,Medium
2026-11-01,CUST001,PRD0027,0,0.0,SIOP Review,Medium
2026-12-01,CUST001,PRD0027,0,0.0,SIOP Review,High
2025-07-01,CUST001,PRD0118,8,104702.33,SIOP Review,Low
2025-08-01,CUST001,PRD0118,10,125320.02,Commercial Baseline,Medium
2025-09-01,CUST001,PRD0118,20,240531.6,Latest Estimate,Medium
2025-10-01,CUST001,PRD0118,17,210830.59,SIOP Review,High
2025-11-01,CUST001,PRD0118,2,26863.52,Commercial Baseline,High
2025-12-01,CUST001,PRD0118,7,93028.11,Latest Estimate,Medium
2026-01-01,CUST001,PRD0118,13,158027.64,Latest Estimate,Medium
2026-02-01,CUST001,PRD0118,14,183614.22,Latest Estimate,Low
2026-03-01,CUST001,PRD0118,13,174086.84,Latest Estimate,Medium
2026-04-01,CUST001,PRD0118,9,107940.07,Commercial Baseline,Medium
2026-05-01,CUST001,PRD0118,13,173980.18,Latest Estimate,High
2026-06-01,CUST001,PRD0118,5,61437.92,SIOP Review,Medium
2026-07-01,CUST001,PRD0118,6,75687.45,SIOP Review,Medium
2026-08-01,CUST001,PRD0118,12,147878.25,Commercial Baseline,Medium
2026-09-01,CUST001,PRD0118,11,143424.54,Latest Estimate,Low
2026-10-01,CUST001,PRD0118,18,217073.35,SIOP Review,Medium
2026-11-01,CUST001,PRD0118,10,122282.38,Commercial Baseline,High
2026-12-01,CUST001,PRD0118,3,36441.65,SIOP Review,Low
2025-07-01,CUST001,PRD0092,2,30780.16,Latest Estimate,Medium
2025-08-01,CUST001,PRD0092,1,15430.06,SIOP Review,Medium
2025-09-01,CUST001,PRD0092,2,30692.09,Latest Estimate,High
2025-10-01,CUST001,PRD0092,2,32109.3,Commercial Baseline,High
2025-11-01,CUST001,PRD0092,3,49948.24,SIOP Review,Low
2025-12-01,CUST001,PRD0092,3,51031.92,Commercial Baseline,High
2026-01-01,CUST001,PRD0092,1,16956.58,SIOP Review,Medium
2026-02-01,CUST001,PRD0092,2,30693.94,Latest Estimate,Medium
2026-03-01,CUST001,PRD0092,2,33221.11,SIOP Review,High
2026-04-01,CUST001,PRD0092,10,169558.6,SIOP Review,Medium
2026-05-01,CUST001,PRD0092,3,49612.4,SIOP Review,Medium
2026-06-01,CUST001,PRD0092,1,15342.92,SIOP Review,Medium
2026-07-01,CUST001,PRD0092,1,15690.45,Latest Estimate,High
2026-08-01,CUST001,PRD0092,1,16897.27,SIOP Review,High
2026-09-01,CUST001,PRD0092,2,32972.33,Commercial Baseline,Low
2026-10-01,CUST001,PRD0092,2,33484.7,SIOP Review,High
2026-11-01,CUST001,PRD0092,17,285485.1,SIOP Review,Low
2026-12-01,CUST001,PRD0092,0,0.0,Latest Estimate,High
2025-07-01,CUST001,PRD0074,0,0.0,SIOP Review,High
2025-08-01,CUST001,PRD0074,0,0.0,SIOP Review,Medium
2025-09-01,CUST001,PRD0074,0,0.0,SIOP Review,Low
2025-10-01,CUST001,PRD0074,0,0.0,Latest Estimate,Medium
2025-11-01,CUST001,PRD0074,0,0.0,Latest Estimate,Medium
2025-12-01,CUST001,PRD0074,0,0.0,Commercial Baseline,High
2026-01-01,CUST001,PRD0074,0,0.0,Commercial Baseline,Medium
2026-02-01,CUST001,PRD0074,0,0.0,Latest Estimate,Low
2026-03-01,CUST001,PRD0074,0,0.0,SIOP Review,Medium
2026-04-01,CUST001,PRD0074,0,0.0,SIOP Review,Medium
2026-05-01,CUST001,PRD0074,0,0.0,SIOP Review,Low
2026-06-01,CUST001,PRD0074,0,0.0,Latest Estimate,Medium
2026-07-01,CUST001,PRD0074,0,0.0,Commercial Baseline,Low
2026-08-01,CUST001,PRD0074,0,0.0,Latest Estimate,High
2026-09-01,CUST001,PRD0074,0,0.0,Commercial Baseline,High
2026-10-01,CUST001,PRD0074,0,0.0,SIOP Review,Low
2026-11-01,CUST001,PRD0074,0,0.0,Commercial Baseline,Medium
2026-12-01,CUST001,PRD0074,8,277467.84,Commercial Baseline,Medium
2025-07-01,CUST001,PRD0082,0,0.0,Commercial Baseline,High
2025-08-01,CUST001,PRD0082,2,3804.8,Latest Estimate,Medium
2025-09-01,CUST001,PRD0082,0,0.0,SIOP Review,Medium
2025-10-01,CUST001,PRD0082,3,6134.34,SIOP Review,High
2025-11-01,CUST001,PRD0082,0,0.0,SIOP Review,Low
2025-12-01,CUST001,PRD0082,3,5496.39,Latest Estimate,Medium
2026-01-01,CUST001,PRD0082,2,4057.22,Latest Estimate,High
2026-02-01,CUST001,PRD0082,0,0.0,Latest Estimate,Medium
2026-03-01,CUST001,PRD0082,2,3874.84,Commercial Baseline,High
2026-04-01,CUST001,PRD0082,0,0.0,SIOP Review,High
2026-05-01,CUST001,PRD0082,0,0.0,Latest Estimate,High
2026-06-01,CUST001,PRD0082,2,3625.64,SIOP Review,High
2026-07-01,CUST001,PRD0082,2,3629.59,Latest Estimate,Medium
2026-08-01,CUST001,PRD0082,1,2036.11,Latest Estimate,Low
2026-09-01,CUST001,PRD0082,2,4069.9,SIOP Review,Medium
2026-10-01,CUST001,PRD0082,1,1876.13,Latest Estimate,Medium
2026-11-01,CUST001,PRD0082,1,2035.83,Commercial Baseline,Medium
2026-12-01,CUST001,PRD0082,3,6126.04,Commercial Baseline,Medium
2025-07-01,CUST001,PRD0120,12,144762.23,Latest Estimate,Medium
2025-08-01,CUST001,PRD0120,0,0.0,Commercial Baseline,Medium
2025-09-01,CUST001,PRD0120,3,34363.9,Commercial Baseline,High
2025-10-01,CUST001,PRD0120,1,12397.53,SIOP Review,High
2025-11-01,CUST001,PRD0120,0,0.0,SIOP Review,Medium
2025-12-01,CUST001,PRD0120,1,11605.21,SIOP Review,High
2026-01-01,CUST001,PRD0120,1,11484.29,Latest Estimate,Low
2026-02-01,CUST001,PRD0120,1,12096.26,Latest Estimate,Medium
2026-03-01,CUST001,PRD0120,2,22076.29,SIOP Review,Low
2026-04-01,CUST001,PRD0120,1,12419.79,Latest Estimate,Low
2026-05-01,CUST001,PRD0120,15,177125.8,Commercial Baseline,Medium
2026-06-01,CUST001,PRD0120,1,11896.24,Commercial Baseline,Medium
2026-07-01,CUST001,PRD0120,1,11184.07,SIOP Review,Medium
2026-08-01,CUST001,PRD0120,0,0.0,Commercial Baseline,Medium
2026-09-01,CUST001,PRD0120,1,12376.54,Commercial Baseline,Medium
2026-10-01,CUST001,PRD0120,0,0.0,Latest Estimate,Medium
2026-11-01,CUST001,PRD0120,0,0.0,Commercial Baseline,Medium
2026-12-01,CUST001,PRD0120,0,0.0,Latest Estimate,High
2025-07-01,CUST001,PRD0014,13,559031.29,Commercial Baseline,High
2025-08-01,CUST001,PRD0014,3,129668.17,SIOP Review,Low
2025-09-01,CUST001,PRD0014,7,322755.79,Latest Estimate,Low
2025-10-01,CUST001,PRD0014,3,124301.73,Latest Estimate,Medium
2025-11-01,CUST001,PRD0014,5,219464.48,Latest Estimate,Medium
2025-12-01,CUST001,PRD0014,3,125064.26,Commercial Baseline,Medium
2026-01-01,CUST001,PRD0014,5,206925.07,Commercial Baseline,High
2026-02-01,CUST001,PRD0014,3,132356.58,Latest Estimate,High
2026-03-01,CUST001,PRD0014,3,135946.24,Latest Estimate,Low
2026-04-01,CUST001,PRD0014,9,370371.02,Commercial Baseline,Medium
2026-05-01,CUST001,PRD0014,5,209521.82,SIOP Review,Low
2026-06-01,CUST001,PRD0014,2,82368.33,SIOP Review,High
2026-07-01,CUST001,PRD0014,20,918053.13,Latest Estimate,Medium
2026-08-01,CUST001,PRD0014,7,313622.82,Commercial Baseline,Medium
2026-09-01,CUST001,PRD0014,7,314872.76,Commercial Baseline,Medium
2026-10-01,CUST001,PRD0014,6,265052.01,Latest Estimate,Low
2026-11-01,CUST001,PRD0014,5,207893.96,SIOP Review,Low
2026-12-01,CUST001,PRD0014,4,178721.17,SIOP Review,Medium
2025-07-01,CUST001,PRD0028,5,38477.72,Commercial Baseline,Medium
2025-08-01,CUST001,PRD0028,3,23769.9,SIOP Review,Medium
2025-09-01,CUST001,PRD0028,7,55570.89,Latest Estimate,Low
2025-10-01,CUST001,PRD0028,9,72802.72,SIOP Review,Medium
2025-11-01,CUST001,PRD0028,5,41581.9,SIOP Review,Low
2025-12-01,CUST001,PRD0028,3,24381.18,Latest Estimate,Medium
2026-01-01,CUST001,PRD0028,5,42460.43,Commercial Baseline,Medium
2026-02-01,CUST001,PRD0028,5,39131.92,Latest Estimate,Medium
2026-03-01,CUST001,PRD0028,8,63613.67,SIOP Review,Medium
2026-04-01,CUST001,PRD0028,5,39634.18,Commercial Baseline,High
2026-05-01,CUST001,PRD0028,6,49438.64,SIOP Review,Medium
2026-06-01,CUST001,PRD0028,1,8710.17,SIOP Review,High
2026-07-01,CUST001,PRD0028,5,39223.23,Latest Estimate,Low
2026-08-01,CUST001,PRD0028,5,41522.05,SIOP Review,Medium
2026-09-01,CUST001,PRD0028,3,24555.63,Commercial Baseline,Medium
2026-10-01,CUST001,PRD0028,7,53861.34,Commercial Baseline,Medium
2026-11-01,CUST001,PRD0028,2,16042.81,Commercial Baseline,Low
2026-12-01,CUST001,PRD0028,8,62489.26,SIOP Review,Low
2025-07-01,CUST001,PRD0008,2,11430.98,SIOP Review,Low
2025-08-01,CUST001,PRD0008,2,11675.65,SIOP Review,Medium
2025-09-01,CUST001,PRD0008,19,103257.91,Latest Estimate,Low
2025-10-01,CUST001,PRD0008,4,22053.48,SIOP Review,Medium
2025-11-01,CUST001,PRD0008,4,21560.46,Commercial Baseline,Low
2025-12-01,CUST001,PRD0008,2,11926.7,Commercial Baseline,Medium
2026-01-01,CUST001,PRD0008,2,10801.11,SIOP Review,High
2026-02-01,CUST001,PRD0008,1,5848.64,SIOP Review,Medium
2026-03-01,CUST001,PRD0008,1,6128.14,SIOP Review,High
2026-04-01,CUST001,PRD0008,1,5500.76,Latest Estimate,Medium
2026-05-01,CUST001,PRD0008,2,12218.79,SIOP Review,Medium
2026-06-01,CUST001,PRD0008,2,11324.58,Commercial Baseline,High
2026-07-01,CUST001,PRD0008,2,11839.51,Latest Estimate,Medium
2026-08-01,CUST001,PRD0008,1,5479.64,Latest Estimate,Medium
2026-09-01,CUST001,PRD0008,2,11463.61,SIOP Review,High
2026-10-01,CUST001,PRD0008,3,17202.03,SIOP Review,Medium
2026-11-01,CUST001,PRD0008,1,5570.55,Latest Estimate,Medium
2026-12-01,CUST001,PRD0008,1,6098.1,Latest Estimate,Medium
2025-07-01,CUST001,PRD0063,3,19184.93,Commercial Baseline,High
2025-08-01,CUST001,PRD0063,6,35739.96,Latest Estimate,High
2025-09-01,CUST001,PRD0063,8,51026.17,Commercial Baseline,Medium
2025-10-01,CUST001,PRD0063,15,94791.01,Commercial Baseline,High
2025-11-01,CUST001,PRD0063,10,58872.18,Commercial Baseline,High
2025-12-01,CUST001,PRD0063,6,36052.84,Latest Estimate,Medium
2026-01-01,CUST001,PRD0063,5,29955.37,SIOP Review,High
2026-02-01,CUST001,PRD0063,5,32361.6,SIOP Review,Medium
2026-03-01,CUST001,PRD0063,6,38291.68,Commercial Baseline,Low
2026-04-01,CUST001,PRD0063,6,35627.46,Commercial Baseline,Low
2026-05-01,CUST001,PRD0063,7,43118.23,Latest Estimate,Medium
2026-06-01,CUST001,PRD0063,9,55075.67,Commercial Baseline,Medium
2026-07-01,CUST001,PRD0063,6,37400.22,SIOP Review,Medium
2026-08-01,CUST001,PRD0063,6,35704.83,Latest Estimate,Medium
2026-09-01,CUST001,PRD0063,11,69338.8,Latest Estimate,High
2026-10-01,CUST001,PRD0063,9,56879.24,SIOP Review,Medium
2026-11-01,CUST001,PRD0063,5,32056.22,Commercial Baseline,High
2026-12-01,CUST001,PRD0063,2,11799.89,SIOP Review,High
2025-07-01,CUST001,PRD0034,2,20440.12,SIOP Review,High
2025-08-01,CUST001,PRD0034,5,46049.83,Commercial Baseline,High
2025-09-01,CUST001,PRD0034,8,81760.91,SIOP Review,Low
2025-10-01,CUST001,PRD0034,5,48820.89,Latest Estimate,High
2025-11-01,CUST001,PRD0034,5,50928.86,Commercial Baseline,Medium
2025-12-01,CUST001,PRD0034,4,39902.7,Commercial Baseline,Medium
2026-01-01,CUST001,PRD0034,16,152090.07,Commercial Baseline,Medium
2026-02-01,CUST001,PRD0034,3,27668.21,SIOP Review,Low
2026-03-01,CUST001,PRD0034,10,98600.36,SIOP Review,High
2026-04-01,CUST001,PRD0034,6,56430.52,SIOP Review,High
2026-05-01,CUST001,PRD0034,18,161918.19,Latest Estimate,Low
2026-06-01,CUST001,PRD0034,3,27696.86,SIOP Review,High
2026-07-01,CUST001,PRD0034,2,18904.48,SIOP Review,High
2026-08-01,CUST001,PRD0034,6,56465.2,SIOP Review,Medium
2026-09-01,CUST001,PRD0034,4,40507.18,Latest Estimate,Low
2026-10-01,CUST001,PRD0034,5,50633.87,Latest Estimate,Low
2026-11-01,CUST001,PRD0034,5,46432.89,Commercial Baseline,Medium
2026-12-01,CUST001,PRD0034,19,189744.42,Commercial Baseline,Low
2025-07-01,CUST001,PRD0078,0,0.0,Commercial Baseline,Medium
2025-08-01,CUST001,PRD0078,0,0.0,SIOP Review,Medium
2025-09-01,CUST001,PRD0078,0,0.0,Commercial Baseline,Low
2025-10-01,CUST001,PRD0078,0,0.0,Commercial Baseline,Low
2025-11-01,CUST001,PRD0078,0,0.0,SIOP Review,Medium
2025-12-01,CUST001,PRD0078,0,0.0,Commercial Baseline,High
2026-01-01,CUST001,PRD0078,0,0.0,Commercial Baseline,High
2026-02-01,CUST001,PRD0078,0,0.0,Commercial Baseline,Medium
2026-03-01,CUST001,PRD0078,0,0.0,Commercial Baseline,Low
2026-04-01,CUST001,PRD0078,2,23158.27,Commercial Baseline,Medium
2026-05-01,CUST001,PRD0078,0,0.0,Latest Estimate,Medium
2026-06-01,CUST001,PRD0078,1,10715.73,SIOP Review,Medium
2026-07-01,CUST001,PRD0078,0,0.0,Commercial Baseline,Low
2026-08-01,CUST001,PRD0078,12,130205.66,Latest Estimate,Low
2026-09-01,CUST001,PRD0078,12,124446.36,Latest Estimate,Low
2026-10-01,CUST001,PRD0078,0,0.0,SIOP Review,Low
2026-11-01,CUST001,PRD0078,0,0.0,SIOP Review,Medium
2026-12-01,CUST001,PRD0078,0,0.0,SIOP Review,Medium
2025-07-01,CUST001,PRD0112,0,0.0,SIOP Review,Medium
2025-08-01,CUST001,PRD0112,0,0.0,SIOP Review,High
2025-09-01,CUST001,PRD0112,2,45102.33,SIOP Review,High
2025-10-01,CUST001,PRD0112,0,0.0,SIOP Review,High
2025-11-01,CUST001,PRD0112,2,40971.79,Latest Estimate,Medium
2025-12-01,CUST001,PRD0112,0,0.0,Commercial Baseline,Low
2026-01-01,CUST001,PRD0112,2,42020.57,SIOP Review,High
2026-02-01,CUST001,PRD0112,1,22813.41,Latest Estimate,Medium
2026-03-01,CUST001,PRD0112,1,21681.01,Commercial Baseline,High
2026-04-01,CUST001,PRD0112,2,41233.18,Commercial Baseline,Low
2026-05-01,CUST001,PRD0112,2,41699.45,Latest Estimate,High
2026-06-01,CUST001,PRD0112,0,0.0,Commercial Baseline,Medium
2026-07-01,CUST001,PRD0112,0,0.0,Latest Estimate,Low
2026-08-01,CUST001,PRD0112,0,0.0,SIOP Review,Medium
2026-09-01,CUST001,PRD0112,1,23214.68,Commercial Baseline,Low
2026-10-01,CUST001,PRD0112,0,0.0,Commercial Baseline,Medium
2026-11-01,CUST001,PRD0112,0,0.0,SIOP Review,Medium
2026-12-01,CUST001,PRD0112,0,0.0,SIOP Review,Medium
2025-07-01,CUST001,PRD0010,2,16636.53,Latest Estimate,Medium
2025-08-01,CUST001,PRD0010,0,0.0,Latest Estimate,High
2025-09-01,CUST001,PRD0010,1,7775.35,Commercial Baseline,Medium
2025-10-01,CUST001,PRD0010,0,0.0,Latest Estimate,Medium
2025-11-01,CUST001,PRD0010,1,8172.62,Latest Estimate,Medium
2025-12-01,CUST001,PRD0010,1,8180.67,SIOP Review,Medium
2026-01-01,CUST001,PRD0010,1,8018.89,Latest Estimate,Medium
2026-02-01,CUST001,PRD0010,1,8364.9,SIOP Review,Medium
2026-03-01,CUST001,PRD0010,0,0.0,Latest Estimate,Low
2026-04-01,CUST001,PRD0010,0,0.0,Commercial Baseline,Medium
2026-05-01,CUST001,PRD0010,1,8257.84,SIOP Review,Medium
2026-06-01,CUST001,PRD0010,1,7684.69,Commercial Baseline,High
2026-07-01,CUST001,PRD0010,1,7531.78,Latest Estimate,High
2026-08-01,CUST001,PRD0010,1,7991.28,SIOP Review,Low
2026-09-01,CUST001,PRD0010,2,16008.72,SIOP Review,Medium
2026-10-01,CUST001,PRD0010,0,0.0,Commercial Baseline,Low
2026-11-01,CUST001,PRD0010,1,7525.75,Latest Estimate,High
2026-12-01,CUST001,PRD0010,1,8027.37,Latest Estimate,Medium
2025-07-01,CUST001,PRD0003,6,63365.51,SIOP Review,Low
2025-08-01,CUST001,PRD0003,7,68363.11,Latest Estimate,Medium
2025-09-01,CUST001,PRD0003,2,19657.78,Commercial Baseline,Medium
2025-10-01,CUST001,PRD0003,6,61067.04,SIOP Review,Medium
2025-11-01,CUST001,PRD0003,17,177271.16,Latest Estimate,High
2025-12-01,CUST001,PRD0003,5,51130.38,Commercial Baseline,Low
2026-01-01,CUST001,PRD0003,5,54615.18,SIOP Review,Medium
2026-02-01,CUST001,PRD0003,3,31687.37,Latest Estimate,Low
2026-03-01,CUST001,PRD0003,9,87731.56,Commercial Baseline,Medium
2026-04-01,CUST001,PRD0003,7,76868.23,Commercial Baseline,Medium
2026-05-01,CUST001,PRD0003,3,29149.99,SIOP Review,High
2026-06-01,CUST001,PRD0003,18,187818.61,Commercial Baseline,Medium
2026-07-01,CUST001,PRD0003,3,29100.89,Latest Estimate,Low
2026-08-01,CUST001,PRD0003,4,40753.55,Commercial Baseline,High
2026-09-01,CUST001,PRD0003,6,64181.95,SIOP Review,Medium
2026-10-01,CUST001,PRD0003,8,83051.42,Commercial Baseline,Medium
2026-11-01,CUST001,PRD0003,5,54523.94,SIOP Review,Low
2026-12-01,CUST001,PRD0003,3,30904.01,SIOP Review,High
2025-07-01,CUST001,PRD0023,2,9400.52,Commercial Baseline,Medium
2025-08-01,CUST001,PRD0023,2,9392.07,SIOP Review,Medium
2025-09-01,CUST001,PRD0023,3,12873.45,Latest Estimate,Medium
2025-10-01,CUST001,PRD0023,1,4784.39,SIOP Review,Medium
2025-11-01,CUST001,PRD0023,1,4366.35,SIOP Review,Medium
2025-12-01,CUST001,PRD0023,1,4686.67,Latest Estimate,Medium
2026-01-01,CUST001,PRD0023,1,4806.04,SIOP Review,Medium
2026-02-01,CUST001,PRD0023,2,9310.45,Commercial Baseline,Low
2026-03-01,CUST001,PRD0023,0,0.0,Commercial Baseline,Medium
2026-04-01,CUST001,PRD0023,1,4439.17,SIOP Review,Medium
2026-05-01,CUST001,PRD0023,2,9671.66,Latest Estimate,Medium
2026-06-01,CUST001,PRD0023,13,60414.41,SIOP Review,Low
2026-07-01,CUST001,PRD0023,2,9623.15,Commercial Baseline,Low
2026-08-01,CUST001,PRD0023,1,4701.12,Latest Estimate,Low
2026-09-01,CUST001,PRD0023,4,17302.98,Latest Estimate,Medium
2026-10-01,CUST001,PRD0023,0,0.0,Latest Estimate,Medium
2026-11-01,CUST001,PRD0023,1,4693.5,Commercial Baseline,Medium
2026-12-01,CUST001,PRD0023,18,80696.3,Commercial Baseline,High
2025-07-01,CUST001,PRD0108,5,107980.95,Commercial Baseline,Low
2025-08-01,CUST001,PRD0108,3,67295.42,Latest Estimate,Medium
2025-09-01,CUST001,PRD0108,6,131158.18,Commercial Baseline,Medium
2025-10-01,CUST001,PRD0108,5,111238.37,Latest Estimate,Low
2025-11-01,CUST001,PRD0108,7,158501.91,SIOP Review,Medium
2025-12-01,CUST001,PRD0108,2,44117.01,SIOP Review,Medium
2026-01-01,CUST001,PRD0108,6,129038.81,SIOP Review,Medium
2026-02-01,CUST001,PRD0108,5,107479.02,SIOP Review,Medium
2026-03-01,CUST001,PRD0108,4,90922.44,SIOP Review,Medium
2026-04-01,CUST001,PRD0108,7,154587.84,SIOP Review,High
2026-05-01,CUST001,PRD_X0007,3,67365.68,SIOP Review,Medium
2026-06-01,CUST001,PRD0108,6,127468.81,Latest Estimate,Medium
2026-07-01,CUST001,PRD0108,6,136370.29,Commercial Baseline,Medium
2026-08-01,CUST001,PRD0108,3,66924.24,Commercial Baseline,Medium
2026-09-01,CUST001,PRD0108,9,189837.27,SIOP Review,Low
2026-10-01,CUST001,PRD0108,5,107524.06,Latest Estimate,Low
2026-11-01,CUST001,PRD0108,3,67846.92,Latest Estimate,Medium
2026-12-01,CUST001,PRD0108,4,88738.24,SIOP Review,Low
2025-07-01,CUST001,PRD0059,3,77148.84,Latest Estimate,High
2025-08-01,CUST001,PRD0059,1,25567.23,SIOP Review,Low
2025-09-01,CUST001,PRD0059,5,133665.44,Commercial Baseline,Low
2025-10-01,CUST001,PRD0059,6,166016.88,Commercial Baseline,High
2025-11-01,CUST001,PRD0059,4,100782.05,SIOP Review,Medium
2025-12-01,CUST001,PRD0059,4,104864.93,Commercial Baseline,Medium
2026-01-01,CUST001,PRD0059,4,100018.62,Latest Estimate,Low
2026-02-01,CUST001,PRD0059,16,441717.66,SIOP Review,Medium
2026-03-01,CUST001,PRD0059,4,102160.58,SIOP Review,Medium
2026-04-01,CUST001,PRD0059,4,105916.37,SIOP Review,Low
2026-05-01,CUST001,PRD0059,2,51136.93,SIOP Review,High
2026-06-01,CUST001,PRD0059,0,0.0,Latest Estimate,Low
2026-07-01,CUST001,PRD0059,2,55201.85,Latest Estimate,High
2026-08-01,CUST001,PRD0059,4,102661.16,SIOP Review,Low
2026-09-01,CUST001,PRD0059,3,80508.77,Latest Estimate,Low
2026-10-01,CUST001,PRD0059,5,134602.54,Commercial Baseline,High
2026-11-01,CUST001,PRD0059,5,136398.04,Commercial Baseline,High
2026-12-01,CUST001,PRD0059,4,106794.69,Latest Estimate,Low
2025-07-01,CUST001,PRD0064,6,153285.38,SIOP Review,Low
2025-08-01,CUST001,PRD0064,11,260315.34,Latest Estimate,High
2025-09-01,CUST001,PRD0064,14,327769.52,Latest Estimate,Medium
2025-10-01,CUST001,PRD0064,15,382710.36,Commercial Baseline,Medium
2025-11-01,CUST001,PRD0064,7,179910.87,Latest Estimate,Medium
2025-12-01,CUST001,PRD0064,10,234252.92,Commercial Baseline,Medium
2026-01-01,CUST001,PRD0064,7,168180.95,SIOP Review,Low
2026-02-01,CUST001,PRD0064,14,332289.98,Latest Estimate,Low
2026-03-01,CUST001,PRD0064,9,210145.28,Latest Estimate,Medium
2026-04-01,CUST001,PRD0064,13,307166.45,SIOP Review,Low
2026-05-01,CUST001,PRD0064,9,211450.44,SIOP Review,Medium
2026-06-01,CUST001,PRD0064,14,349023.4,Commercial Baseline,Medium
2026-07-01,CUST001,PRD0064,11,279862.12,SIOP Review,Medium
2026-08-01,CUST001,PRD0064,11,273187.96,Latest Estimate,Medium
2026-09-01,CUST001,PRD0064,18,427708.43,Commercial Baseline,High
2026-10-01,CUST001,PRD0064,16,399044.11,Commercial Baseline,Low
2026-11-01,CUST001,PRD0064,7,169877.72,Commercial Baseline,Medium
2026-12-01,CUST001,PRD0064,9,234707.29,Commercial Baseline,Medium
2025-07-01,CUST001,PRD0076,6,126187.05,Latest Estimate,Low
2025-08-01,CUST001,PRD0076,8,158963.13,Latest Estimate,Medium
2025-09-01,CUST001,PRD0076,10,222144.4,Latest Estimate,Medium
2025-10-01,CUST001,PRD0076,9,194193.75,Latest Estimate,Medium
2025-11-01,CUST001,PRD0076,12,258890.91,Commercial Baseline,Medium
2025-12-01,CUST001,PRD0076,5,97999.45,Latest Estimate,Medium
2026-01-01,CUST001,PRD0076,5,107819.96,Commercial Baseline,High
2026-02-01,CUST001,PRD0076,10,216780.31,SIOP Review,Medium
2026-03-01,CUST001,PRD0076,10,197289.97,Latest Estimate,Low
2026-04-01,CUST001,PRD0076,13,273711.77,Latest Estimate,Medium
2026-05-01,CUST001,PRD0076,8,162316.87,Latest Estimate,Medium
2026-06-01,CUST001,PRD0076,7,146879.88,SIOP Review,Medium
2026-07-01,CUST001,PRD0076,9,194291.93,Latest Estimate,Medium
2026-08-01,CUST001,PRD0076,5,98862.01,SIOP Review,Medium
2026-09-01,CUST001,PRD0076,21,425359.67,SIOP Review,Medium
2026-10-01,CUST001,PRD0076,9,181307.18,SIOP Review,Medium
2026-11-01,CUST001,PRD0076,5,108870.56,Latest Estimate,High
2026-12-01,CUST001,PRD0076,6,126918.18,Latest Estimate,Medium
2025-07-01,CUST001,PRD0084,0,0.0,Latest Estimate,Medium
2025-08-01,CUST001,PRD0084,0,0.0,Latest Estimate,Medium
2025-09-01,CUST001,PRD0084,1,37064.07,Latest Estimate,Medium
2025-10-01,CUST001,PRD0084,1,39066.08,SIOP Review,Medium
2025-11-01,CUST001,PRD0084,0,0.0,Latest Estimate,Medium
2025-12-01,CUST001,PRD0084,1,38858.64,SIOP Review,Low
2026-01-01,CUST001,PRD0084,1,35845.41,Commercial Baseline,Medium
2026-02-01,CUST001,PRD0084,0,0.0,Latest Estimate,Medium
2026-03-01,CUST001,PRD0084,0,0.0,Latest Estimate,High
2026-04-01,CUST001,PRD0084,0,0.0,SIOP Review,Medium
2026-05-01,CUST001,PRD0084,0,0.0,Commercial Baseline,Low
2026-06-01,CUST001,PRD0084,0,0.0,Latest Estimate,Medium
2026-07-01,CUST001,PRD0084,0,0.0,Commercial Baseline,Low
2026-08-01,CUST001,PRD0084,10,407126.81,Latest Estimate,Medium
2026-09-01,CUST001,PRD0084,0,0.0,SIOP Review,Medium
2026-10-01,CUST001,PRD0084,0,0.0,Latest Estimate,Medium
2026-11-01,CUST001,PRD0084,0,0.0,Latest Estimate,Low
2026-12-01,CUST001,PRD0084,0,0.0,Latest Estimate,Medium
2025-07-01,CUST001,PRD0057,9,94835.63,Latest Estimate,Medium
2025-08-01,CUST001,PRD0057,9,103483.73,SIOP Review,Low
2025-09-01,CUST001,PRD0057,14,159845.07,SIOP Review,High
2025-10-01,CUST001,PRD0057,10,103358.14,Commercial Baseline,High
2025-11-01,CUST001,PRD0057,7,75179.29,Latest Estimate,High
2025-12-01,CUST001,PRD0057,14,146787.43,Latest Estimate,High
2026-01-01,CUST001,PRD0057,2,20445.06,Latest Estimate,High
2026-02-01,CUST001,PRD0057,10,110557.58,SIOP Review,Medium
2026-03-01,CUST001,PRD0057,8,85841.69,SIOP Review,Medium
2026-04-01,CUST001,PRD0057,6,64173.06,SIOP Review,Medium
2026-05-01,CUST001,PRD0057,6,68648.7,Commercial Baseline,Medium
2026-06-01,CUST001,PRD0057,2,20570.16,Latest Estimate,Low
2026-07-01,CUST001,PRD0057,6,65348.08,Latest Estimate,High
2026-08-01,CUST001,PRD0057,9,92882.73,SIOP Review,Medium
2026-09-01,CUST001,PRD0057,10,108736.73,Commercial Baseline,Medium
2026-10-01,CUST001,PRD0057,12,133325.43,Latest Estimate,Medium
2026-11-01,CUST001,PRD0057,12,135300.16,Commercial Baseline,Medium
2026-12-01,CUST001,PRD0057,1,11182.0,Commercial Baseline,Medium
2025-07-01,CUST001,PRD0087,0,0.0,SIOP Review,Medium
2025-08-01,CUST001,PRD0087,0,0.0,SIOP Review,Medium
2025-09-01,CUST001,PRD0087,1,2214.68,Latest Estimate,Medium
2025-10-01,CUST001,PRD0087,1,2171.83,SIOP Review,Medium
2025-11-01,CUST001,PRD0087,1,2240.73,Commercial Baseline,Low
2025-12-01,CUST001,PRD0087,2,4521.62,Latest Estimate,Low
2026-01-01,CUST001,PRD0087,1,2088.98,Latest Estimate,Medium
2026-02-01,CUST001,PRD0087,0,0.0,Commercial Baseline,Medium
2026-03-01,CUST001,PRD0087,1,2054.26,Commercial Baseline,Medium
2026-04-01,CUST001,PRD0087,8,18230.72,Commercial Baseline,Medium
2026-05-01,CUST001,PRD0087,0,0.0,Commercial Baseline,Medium
2026-06-01,CUST001,PRD0087,0,0.0,Commercial Baseline,Low
2026-07-01,CUST001,PRD0087,1,2188.51,SIOP Review,High
2026-08-01,CUST001,PRD0087,0,0.0,Latest Estimate,High
2026-09-01,CUST001,PRD0087,3,6630.89,Latest Estimate,High
2026-10-01,CUST001,PRD0087,0,0.0,SIOP Review,Medium
2026-11-01,CUST001,PRD0087,0,0.0,Latest Estimate,Medium
2026-12-01,CUST001,PRD0087,0,0.0,SIOP Review,High
2025-07-01,CUST001,PRD0093,1,38089.46,Commercial Baseline,High
2025-08-01,CUST001,PRD0093,2,76179.26,SIOP Review,Medium
2025-09-01,CUST001,PRD0093,1,34558.42,Commercial Baseline,High
2025-10-01,CUST001,PRD0093,1,36400.41,Latest Estimate,High
2025-11-01,CUST001,PRD0093,1,39096.46,Commercial Baseline,Medium
2025-12-01,CUST001,PRD0093,2,77838.13,SIOP Review,Medium
2026-01-01,CUST001,PRD0093,3,112870.08,SIOP Review,Low
2026-02-01,CUST001,PRD0093,2,72372.97,Latest Estimate,High
2026-03-01,CUST001,PRD0093,5,174028.04,SIOP Review,Medium
2026-04-01,CUST001,PRD0093,3,110752.51,Commercial Baseline,Low
2026-05-01,CUST001,PRD0093,2,69196.76,Commercial Baseline,Medium
2026-06-01,CUST001,PRD0093,14,505214.29,Latest Estimate,High
2026-07-01,CUST001,PRD0093,1,38334.4,Latest Estimate,Low
2026-08-01,CUST001,PRD0093,2,76257.64,SIOP Review,Low
2026-09-01,CUST001,PRD0093,1,36913.8,Commercial Baseline,High
2026-10-01,CUST001,PRD_X0015,1,37916.07,Latest Estimate,Medium
2026-11-01,CUST001,PRD0093,3,112342.43,SIOP Review,High
2026-12-01,CUST001,PRD0093,3,104074.14,Commercial Baseline,Medium
2025-07-01,CUST001,PRD0089,1,9873.07,SIOP Review,Medium
2025-08-01,CUST001,PRD0089,2,18096.38,Commercial Baseline,Medium
2025-09-01,CUST001,PRD0089,2,17741.86,SIOP Review,Medium
2025-10-01,CUST001,PRD0089,1,9395.12,Commercial Baseline,High
2025-11-01,CUST001,PRD0089,2,18492.54,SIOP Review,Medium
2025-12-01,CUST001,PRD0089,1,9461.9,Latest Estimate,Medium
2026-01-01,CUST001,PRD0089,1,9626.29,Latest Estimate,Medium
2026-02-01,CUST001,PRD0089,1,9744.45,Commercial Baseline,Medium
2026-03-01,CUST001,PRD0089,2,19885.4,SIOP Review,High
2026-04-01,CUST001,PRD0089,1,10005.71,Commercial Baseline,Medium
2026-05-01,CUST001,PRD0089,2,18941.18,Commercial Baseline,Medium
2026-06-01,CUST001,PRD0089,1,8977.84,Commercial Baseline,Medium
2026-07-01,CUST001,PRD0089,1,9156.7,Commercial Baseline,Medium
2026-08-01,CUST001,PRD0089,2,19906.38,Latest Estimate,Low
2026-09-01,CUST001,PRD0089,13,127263.99,Commercial Baseline,High
2026-10-01,CUST001,PRD0089,0,0.0,SIOP Review,Low
2026-11-01,CUST001,PRD0089,1,9927.86,SIOP Review,Medium
2026-12-01,CUST001,PRD0089,3,29495.15,SIOP Review,Medium
2025-07-01,CUST001,PRD0056,0,0.0,Commercial Baseline,Low
2025-08-01,CUST001,PRD0056,1,33683.59,Commercial Baseline,High
2025-09-01,CUST001,PRD0056,0,0.0,Latest Estimate,Medium
2025-10-01,CUST001,PRD0056,0,0.0,Commercial Baseline,Low
2025-11-01,CUST001,PRD0056,1,33462.98,Latest Estimate,Medium
2025-12-01,CUST001,PRD0056,2,61827.96,Commercial Baseline,Medium
2026-01-01,CUST001,PRD0056,0,0.0,Latest Estimate,Low
2026-02-01,CUST001,PRD0056,0,0.0,Commercial Baseline,High
2026-03-01,CUST001,PRD0056,0,0.0,Latest Estimate,Low
2026-04-01,CUST001,PRD0056,0,0.0,Commercial Baseline,High
2026-05-01,CUST001,PRD0056,0,0.0,Commercial Baseline,High
2026-06-01,CUST001,PRD0056,0,0.0,Commercial Baseline,High
2026-07-01,CUST001,PRD0056,0,0.0,SIOP Review,Medium
2026-08-01,CUST001,PRD0056,0,0.0,SIOP Review,High
2026-09-01,CUST001,PRD0056,0,0.0,SIOP Review,Medium
2026-10-01,CUST001,PRD0056,0,0.0,Commercial Baseline,Low
2026-11-01,CUST001,PRD0056,1,30999.87,SIOP Review,Medium
2026-12-01,CUST001,PRD0056,0,0.0,SIOP Review,Medium
2025-07-01,CUST001,PRD0107,0,0.0,Latest Estimate,Medium
2025-08-01,CUST001,PRD0107,0,0.0,SIOP Review,Low
2025-09-01,CUST001,PRD0107,0,0.0,SIOP Review,High
2025-10-01,CUST001,PRD0107,2,75992.11,Latest Estimate,High
2025-11-01,CUST001,PRD0107,1,39573.37,Latest Estimate,High
2025-12-01,CUST001,PRD0107,0,0.0,Latest Estimate,Medium
2026-01-01,CUST001,PRD0107,2,75180.9,SIOP Review,Medium
2026-02-01,CUST001,PRD0107,1,39912.65,Commercial Baseline,High
2026-03-01,CUST001,PRD0107,3,112802.12,Commercial Baseline,Medium
2026-04-01,CUST001,PRD0107,0,0.0,SIOP Review,Medium
2026-05-01,CUST001,PRD0107,2,76026.41,Commercial Baseline,Medium
2026-06-01,CUST001,PRD0107,1,38794.46,Latest Estimate,Medium
2026-07-01,CUST001,PRD0107,0,0.0,Latest Estimate,Medium
2026-08-01,CUST001,PRD0107,0,0.0,Commercial Baseline,High
2026-09-01,CUST001,PRD0107,2,80941.46,SIOP Review,Low
2026-10-01,CUST001,PRD0107,0,0.0,Latest Estimate,Low
2026-11-01,CUST001,PRD0107,0,0.0,Latest Estimate,Medium
2026-12-01,CUST001,PRD0107,1,39667.67,Commercial Baseline,High
2025-07-01,CUST001,PRD_X0028,10,29316.18,Latest Estimate,Medium
2025-08-01,CUST001,PRD0054,4,10732.47,Commercial Baseline,Low
2025-09-01,CUST001,PRD0054,4,10729.43,Commercial Baseline,Low
2025-10-01,CUST001,PRD0054,5,13919.49,Latest Estimate,High
2025-11-01,CUST001,PRD0054,5,14842.08,SIOP Review,Low
2025-12-01,CUST001,PRD0054,3,8695.79,Latest Estimate,Medium
2026-01-01,CUST001,PRD0054,3,8481.22,Latest Estimate,Medium
2026-02-01,CUST001,PRD0054,0,0.0,Commercial Baseline,High
2026-03-01,CUST001,PRD0054,5,13446.28,Commercial Baseline,Medium
2026-04-01,CUST001,PRD0054,4,11163.56,SIOP Review,High
2026-05-01,CUST001,PRD0054,3,8450.25,SIOP Review,Medium
2026-06-01,CUST001,PRD0054,3,8820.81,Latest Estimate,Low
2026-07-01,CUST001,PRD0054,3,9096.44,Commercial Baseline,Low
2026-08-01,CUST001,PRD0054,3,8936.28,SIOP Review,Medium
2026-09-01,CUST001,PRD0054,4,11872.5,Latest Estimate,High
2026-10-01,CUST001,PRD0054,4,11446.31,Latest Estimate,Medium
2026-11-01,CUST001,PRD0054,3,8242.55,Commercial Baseline,Medium
2026-12-01,CUST001,PRD0054,2,6044.7,Latest Estimate,Low
2025-07-01,CUST001,PRD0005,1,5302.5,Commercial Baseline,High
2025-08-01,CUST001,PRD0005,1,5348.25,SIOP Review,Low
2025-09-01,CUST001,PRD0005,0,0.0,Latest Estimate,High
2025-10-01,CUST001,PRD0005,2,9930.88,Latest Estimate,High
2025-11-01,CUST001,PRD0005,9,48603.18,SIOP Review,High
2025-12-01,CUST001,PRD0005,0,0.0,Commercial Baseline,Low
2026-01-01,CUST001,PRD0005,1,4848.66,Latest Estimate,Medium
2026-02-01,CUST001,PRD0005,1,5117.57,Commercial Baseline,Medium
2026-03-01,CUST001,PRD0005,1,5238.46,Latest Estimate,Low
2026-04-01,CUST001,PRD0005,0,0.0,Latest Estimate,Medium
2026-05-01,CUST001,PRD0005,2,10535.55,Commercial Baseline,Medium
2026-06-01,CUST001,PRD0005,2,10248.78,Commercial Baseline,Low
2026-07-01,CUST001,PRD0005,1,4929.52,SIOP Review,High
2026-08-01,CUST001,PRD0005,1,5026.54,SIOP Review,Low
2026-09-01,CUST001,PRD0005,2,10671.28,SIOP Review,Low
2026-10-01,CUST001,PRD0005,10,50583.2,Latest Estimate,Low
2026-11-01,CUST001,PRD0005,2,10823.73,SIOP Review,Low
2026-12-01,CUST001,PRD0005,0,0.0,SIOP Review,Medium
2025-07-01,CUST001,PRD0099,1,2536.24,SIOP Review,Medium
2025-08-01,CUST001,PRD0099,1,2645.5,Latest Estimate,Low
2025-09-01,CUST001,PRD0099,1,2693.58,SIOP Review,Medium
2025-10-01,CUST001,PRD0099,0,0.0,Commercial Baseline,Medium
2025-11-01,CUST001,PRD0099,1,2549.11,Commercial Baseline,Medium
2025-12-01,CUST001,PRD0099,14,34415.48,SIOP Review,Low
2026-01-01,CUST001,PRD0099,0,0.0,Latest Estimate,Medium
2026-02-01,CUST001,PRD0099,1,2514.6,Latest Estimate,Low
2026-03-01,CUST001,PRD0099,1,2699.65,Commercial Baseline,Medium
2026-04-01,CUST001,PRD0099,1,2458.69,Latest Estimate,Medium
2026-05-01,CUST001,PRD0099,0,0.0,Commercial Baseline,Low
2026-06-01,CUST001,PRD0099,0,0.0,SIOP Review,Medium
2026-07-01,CUST001,PRD0099,1,2790.68,SIOP Review,Medium
2026-08-01,CUST001,PRD0099,0,0.0,Commercial Baseline,High
2026-09-01,CUST001,PRD0099,7,18171.32,Commercial Baseline,Medium
2026-10-01,CUST001,PRD0099,2,5309.1,Latest Estimate,Low
2026-11-01,CUST001,PRD0099,1,2536.02,Commercial Baseline,Low
2026-12-01,CUST001,PRD0099,0,0.0,Commercial Baseline,Medium
2025-07-01,CUST001,PRD0051,2,69868.15,Latest Estimate,Low
2025-08-01,CUST001,PRD0051,0,0.0,SIOP Review,Medium
2025-09-01,CUST001,PRD0051,2,66779.88,SIOP Review,High
2025-10-01,CUST001,PRD0051,2,69540.95,SIOP Review,Medium
2025-11-01,CUST001,PRD0051,1,32589.0,Latest Estimate,Medium
2025-12-01,CUST001,PRD0051,0,0.0,SIOP Review,Low
2026-01-01,CUST001,PRD0051,0,0.0,Commercial Baseline,High
2026-02-01,CUST001,PRD0051,2,65318.37,Commercial Baseline,Medium
2026-03-01,CUST001,PRD0051,1,31816.96,Latest Estimate,Low
2026-04-01,CUST001,PRD0051,1,33297.27,Latest Estimate,Medium
2026-05-01,CUST001,PRD0051,0,0.0,SIOP Review,Medium
2026-06-01,CUST001,PRD0051,1,32733.3,Commercial Baseline,Low
2026-07-01,CUST001,PRD0051,1,36127.17,Latest Estimate,Medium
2026-08-01,CUST001,PRD0051,0,0.0,Latest Estimate,Medium
2026-09-01,CUST001,PRD0051,0,0.0,Latest Estimate,High
2026-10-01,CUST001,PRD0051,14,503960.33,Commercial Baseline,Medium
2026-11-01,CUST001,PRD0051,1,35999.49,Latest Estimate,Medium
2026-12-01,CUST001,PRD0051,0,0.0,Commercial Baseline,Medium
2025-07-01,CUST001,PRD0113,0,0.0,Commercial Baseline,High
2025-08-01,CUST001,PRD0113,1,1676.92,SIOP Review,High
2025-09-01,CUST001,PRD0113,0,0.0,Latest Estimate,Medium
2025-10-01,CUST001,PRD0113,1,1760.69,Commercial Baseline,Medium
2025-11-01,CUST001,PRD0113,0,0.0,Latest Estimate,Medium
2025-12-01,CUST001,PRD0113,1,1751.23,Latest Estimate,Low
2026-01-01,CUST001,PRD0113,0,0.0,Commercial Baseline,Medium
2026-02-01,CUST001,PRD0113,0,0.0,Latest Estimate,Low
2026-03-01,CUST001,PRD0113,2,3635.04,Commercial Baseline,Medium
2026-04-01,CUST001,PRD0113,1,1674.25,SIOP Review,Low
2026-05-01,CUST001,PRD0113,0,0.0,SIOP Review,Medium
2026-06-01,CUST001,PRD0113,0,0.0,Latest Estimate,Low
2026-07-01,CUST001,PRD0113,0,0.0,Commercial Baseline,Low
2026-08-01,CUST001,PRD0113,0,0.0,Commercial Baseline,Low
2026-09-01,CUST001,PRD0113,1,1835.34,SIOP Review,Low
2026-10-01,CUST001,PRD0113,0,0.0,Latest Estimate,Medium
2026-11-01,CUST001,PRD0113,1,1825.56,Latest Estimate,Medium
2026-12-01,CUST001,PRD0113,6,11267.85,Latest Estimate,Low
2025-07-01,CUST002,PRD0047,4,25029.51,Latest Estimate,Medium
2025-08-01,CUST002,PRD0047,3,18508.91,Latest Estimate,High
2025-09-01,CUST002,PRD0047,4,25681.51,Commercial Baseline,Medium
2025-10-01,CUST002,PRD0047,6,36777.13,Latest Estimate,High
2025-11-01,CUST002,PRD0047,6,38332.59,Commercial Baseline,Medium
2025-12-01,CUST002,PRD0047,2,12515.88,Commercial Baseline,High
2026-01-01,CUST002,PRD0047,2,12976.13,Commercial Baseline,Medium
2026-02-01,CUST002,PRD0047,5,30063.58,Commercial Baseline,Medium
2026-03-01,CUST002,PRD0047,6,39258.6,Commercial Baseline,Low
2026-04-01,CUST002,PRD0047,4,25044.85,SIOP Review,Medium
2026-05-01,CUST002,PRD0047,3,18515.82,Commercial Baseline,Medium
2026-06-01,CUST002,PRD0047,4,24014.16,Latest Estimate,Low
2026-07-01,CUST002,PRD0047,17,106567.15,Latest Estimate,Medium
2026-08-01,CUST002,PRD0047,3,19134.17,SIOP Review,Low
2026-09-01,CUST002,PRD0047,20,127716.24,Latest Estimate,Low
2026-10-01,CUST002,PRD0047,5,29791.83,Latest Estimate,Low
2026-11-01,CUST002,PRD0047,4,23616.76,Latest Estimate,Medium
2026-12-01,CUST002,PRD0047,19,122219.67,Latest Estimate,Low
2025-07-01,CUST002,PRD0034,1,9978.07,Latest Estimate,Medium
2025-08-01,CUST002,PRD0034,0,0.0,Commercial Baseline,Medium
2025-09-01,CUST002,PRD0034,0,0.0,Commercial Baseline,Medium
2025-10-01,CUST002,PRD0034,0,0.0,Latest Estimate,Low
2025-11-01,CUST002,PRD0034,0,0.0,Commercial Baseline,Low
2025-12-01,CUST002,PRD0034,11,111014.72,SIOP Review,Medium
2026-01-01,CUST002,PRD0034,0,0.0,Commercial Baseline,High
2026-02-01,CUST002,PRD0034,0,0.0,SIOP Review,Medium
2026-03-01,CUST002,PRD0034,1,9445.25,Commercial Baseline,Medium
2026-04-01,CUST002,PRD0034,0,0.0,Latest Estimate,High
2026-05-01,CUST002,PRD0034,12,108582.53,Commercial Baseline,Medium
2026-06-01,CUST002,PRD0034,0,0.0,Latest Estimate,High
2026-07-01,CUST002,PRD0034,14,139410.86,Latest Estimate,Medium
2026-08-01,CUST002,PRD0034,0,0.0,Commercial Baseline,Low
2026-09-01,CUST002,PRD0034,1,10097.78,Latest Estimate,Low
2026-10-01,CUST002,PRD0034,0,0.0,Latest Estimate,Medium
2026-11-01,CUST002,PRD0034,0,0.0,Commercial Baseline,High
2026-12-01,CUST002,PRD0034,0,0.0,Latest Estimate,Low
2025-07-01,CUST002,PRD0031,15,164427.52,SIOP Review,Medium
2025-08-01,CUST002,PRD0031,6,65991.59,Latest Estimate,Medium
2025-09-01,CUST002,PRD0031,5,53406.34,Latest Estimate,Medium
2025-10-01,CUST002,PRD0031,6,66667.76,Latest Estimate,High
2025-11-01,CUST002,PRD0031,5,51029.52,Commercial Baseline,High
2025-12-01,CUST002,PRD0031,6,68838.63,SIOP Review,Medium
2026-01-01,CUST002,PRD0031,3,33929.63,Commercial Baseline,Medium
2026-02-01,CUST002,PRD0031,7,72889.22,Latest Estimate,Medium
2026-03-01,CUST002,PRD0031,4,45762.94,Latest Estimate,Low
2026-04-01,CUST002,PRD0031,8,86013.68,SIOP Review,High
2026-05-01,CUST002,PRD0031,5,57208.98,Latest Estimate,Low
2026-06-01,CUST002,PRD0031,1,11119.11,SIOP Review,Medium
2026-07-01,CUST002,PRD0031,3,34419.7,SIOP Review,Medium
2026-08-01,CUST002,PRD0031,4,45045.09,Commercial Baseline,Medium
2026-09-01,CUST002,PRD0031,17,177249.75,Commercial Baseline,Medium
2026-10-01,CUST002,PRD0031,6,67501.61,Commercial Baseline,Medium
2026-11-01,CUST002,PRD0031,1,11115.83,Commercial Baseline,Low
2026-12-01,CUST002,PRD0031,3,33275.07,SIOP Review,High
2025-07-01,CUST002,PRD0028,0,0.0,Latest Estimate,Medium
2025-08-01,CUST002,PRD0028,0,0.0,Latest Estimate,Medium
2025-09-01,CUST002,PRD0028,1,7684.87,Commercial Baseline,Low
2025-10-01,CUST002,PRD0028,1,8300.73,Latest Estimate,High
2025-11-01,CUST002,PRD0028,1,8140.49,Latest Estimate,High
2025-12-01,CUST002,PRD0028,0,0.0,Latest Estimate,Low
2026-01-01,CUST002,PRD0028,1,8711.99,Commercial Baseline,Low
2026-02-01,CUST002,PRD0028,1,8090.67,Latest Estimate,Medium
2026-03-01,CUST002,PRD0028,12,96048.56,Latest Estimate,High
2026-04-01,CUST002,PRD0028,0,0.0,Latest Estimate,Low
2026-05-01,CUST002,PRD0028,3,25767.88,Latest Estimate,Medium
2026-06-01,CUST002,PRD0028,0,0.0,SIOP Review,Medium
2026-07-01,CUST002,PRD0028,1,8510.57,Latest Estimate,Medium
2026-08-01,CUST002,PRD0028,0,0.0,Commercial Baseline,High
2026-09-01,CUST002,PRD0028,7,59185.63,SIOP Review,Medium
2026-10-01,CUST002,PRD0028,1,8419.27,Commercial Baseline,Medium
2026-11-01,CUST002,PRD0028,1,8094.13,Commercial Baseline,Medium
2026-12-01,CUST002,PRD0028,1,8389.88,Latest Estimate,Medium
2025-07-01,CUST002,PRD0040,0,0.0,Latest Estimate,Low
2025-08-01,CUST002,PRD0040,0,0.0,SIOP Review,High
2025-09-01,CUST002,PRD0040,0,0.0,Commercial Baseline,Low
2025-10-01,CUST002,PRD0040,2,26548.89,Commercial Baseline,Low
2025-11-01,CUST002,PRD0040,10,131604.72,SIOP Review,Low
2025-12-01,CUST002,PRD0040,0,0.0,SIOP Review,Medium
2026-01-01,CUST002,PRD0040,0,0.0,Commercial Baseline,Medium
2026-02-01,CUST002,PRD0040,0,0.0,Commercial Baseline,High
2026-03-01,CUST002,PRD0040,0,0.0,SIOP Review,High
2026-04-01,CUST002,PRD0040,1,13654.92,Commercial Baseline,Medium
2026-05-01,CUST002,PRD0040,2,28425.11,Commercial Baseline,Medium
2026-06-01,CUST002,PRD0040,0,0.0,Latest Estimate,High
2026-07-01,CUST002,PRD0040,1,14037.22,Latest Estimate,Medium
2026-08-01,CUST002,PRD0040,0,0.0,Latest Estimate,Medium
2026-09-01,CUST002,PRD0040,0,0.0,Latest Estimate,Low
2026-10-01,CUST002,PRD0040,0,0.0,SIOP Review,Low
2026-11-01,CUST002,PRD0040,1,12556.38,SIOP Review,Medium
2026-12-01,CUST002,PRD0040,0,0.0,Latest Estimate,High
2025-07-01,CUST002,PRD0006,6,60616.82,Latest Estimate,High
2025-08-01,CUST002,PRD0006,3,29844.43,Commercial Baseline,Medium
2025-09-01,CUST002,PRD0006,4,37850.36,Latest Estimate,Low
2025-10-01,CUST002,PRD0006,5,51358.57,SIOP Review,Medium
2025-11-01,CUST002,PRD0006,8,82866.04,Commercial Baseline,Medium
2025-12-01,CUST002,PRD0006,3,30830.55,SIOP Review,High
2026-01-01,CUST002,PRD0006,14,142488.54,Latest Estimate,High
2026-02-01,CUST002,PRD0006,3,30302.55,SIOP Review,High
2026-03-01,CUST002,PRD0006,6,61451.56,SIOP Review,Medium
2026-04-01,CUST002,PRD0006,6,57345.86,Latest Estimate,Medium
2026-05-01,CUST002,PRD0006,2,20245.74,Latest Estimate,Low
2026-06-01,CUST002,PRD0006,1,10541.66,Commercial Baseline,Medium
2026-07-01,CUST002,PRD0006,8,75654.4,Latest Estimate,High
2026-08-01,CUST002,PRD0006,4,39932.51,Commercial Baseline,High
2026-09-01,CUST002,PRD0006,4,39336.79,SIOP Review,Low
2026-10-01,CUST002,PRD0006,5,48836.46,SIOP Review,Medium
2026-11-01,CUST002,PRD0006,4,37167.23,SIOP Review,High
2026-12-01,CUST002,PRD0006,5,51735.82,Commercial Baseline,Medium
2025-07-01,CUST002,PRD0118,8,96211.43,Commercial Baseline,Medium
2025-08-01,CUST002,PRD0118,12,144886.86,Latest Estimate,Medium
2025-09-01,CUST002,PRD0118,14,185340.22,Commercial Baseline,High
2025-10-01,CUST002,PRD0118,10,118296.85,Latest Estimate,High
2025-11-01,CUST002,PRD0118,3,40427.79,Commercial Baseline,High
2025-12-01,CUST002,PRD0118,5,59759.73,Latest Estimate,Medium
2026-01-01,CUST002,PRD0118,11,145621.06,Commercial Baseline,Low
2026-02-01,CUST002,PRD0118,7,83443.3,Latest Estimate,Medium
2026-03-01,CUST002,PRD0118,26,309860.91,SIOP Review,Medium
2026-04-01,CUST002,PRD0118,14,177649.87,Latest Estimate,High
2026-05-01,CUST002,PRD0118,16,195072.12,SIOP Review,Medium
2026-06-01,CUST002,PRD0118,18,225995.95,Latest Estimate,Medium
2026-07-01,CUST002,PRD0118,9,119604.76,Latest Estimate,High
2026-08-01,CUST002,PRD0118,10,125074.63,Commercial Baseline,Medium
2026-09-01,CUST002,PRD0118,10,132679.84,Latest Estimate,High
2026-10-01,CUST002,PRD0118,16,213625.03,Commercial Baseline,Low
2026-11-01,CUST002,PRD0118,10,126928.64,Latest Estimate,Medium
2026-12-01,CUST002,PRD0118,15,182333.7,SIOP Review,Medium
2025-07-01,CUST002,PRD0035,3,22505.8,Commercial Baseline,Medium
2025-08-01,CUST002,PRD0035,0,0.0,Commercial Baseline,High
2025-09-01,CUST002,PRD0035,7,52267.76,Commercial Baseline,Medium
2025-10-01,CUST002,PRD0035,7,49208.46,SIOP Review,Medium
2025-11-01,CUST002,PRD0035,2,14533.3,Latest Estimate,Medium
2025-12-01,CUST002,PRD0035,0,0.0,SIOP Review,Low
2026-01-01,CUST002,PRD0035,1,7385.46,Latest Estimate,Medium
2026-02-01,CUST002,PRD0035,0,0.0,Commercial Baseline,High
2026-03-01,CUST002,PRD0035,1,7231.84,SIOP Review,Low
2026-04-01,CUST002,PRD0035,1,7016.47,SIOP Review,Low
2026-05-01,CUST002,PRD0035,0,0.0,Latest Estimate,High
2026-06-01,CUST002,PRD0035,1,6983.57,Commercial Baseline,Low
2026-07-01,CUST002,PRD0035,1,7289.35,Latest Estimate,Medium
2026-08-01,CUST002,PRD0035,1,7005.52,Latest Estimate,High
2026-09-01,CUST002,PRD0035,1,7289.09,Latest Estimate,High
2026-10-01,CUST002,PRD0035,2,14453.9,Commercial Baseline,Medium
2026-11-01,CUST002,PRD0035,2,14940.31,SIOP Review,High
2026-12-01,CUST002,PRD0035,8,58930.42,SIOP Review,Low
2025-07-01,CUST002,PRD0036,8,24520.14,Latest Estimate,Low
2025-08-01,CUST002,PRD0036,4,12698.19,SIOP Review,High
2025-09-01,CUST002,PRD0036,10,29511.61,Commercial Baseline,Medium
2025-10-01,CUST002,PRD0036,12,36525.63,Commercial Baseline,Low
2025-11-01,CUST002,PRD0036,7,21230.88,Latest Estimate,Medium
2025-12-01,CUST002,PRD0036,6,18304.56,Latest Estimate,Medium
2026-01-01,CUST002,PRD0036,10,32701.64,Latest Estimate,Medium
2026-02-01,CUST002,PRD0036,8,23621.55,Commercial Baseline,Medium
2026-03-01,CUST002,PRD0036,13,39683.87,SIOP Review,Low
2026-04-01,CUST002,PRD0036,11,34183.81,Latest Estimate,Medium
2026-05-01,CUST002,PRD0036,8,25665.09,Commercial Baseline,Medium
2026-06-01,CUST002,PRD0036,11,35889.81,SIOP Review,Low
2026-07-01,CUST002,PRD0036,12,38780.51,SIOP Review,Medium
2026-08-01,CUST002,PRD0036,6,18058.83,Commercial Baseline,Medium
2026-09-01,CUST002,PRD0036,11,34085.92,Latest Estimate,Low
2026-10-01,CUST002,PRD0036,8,24051.64,SIOP Review,High
2026-11-01,CUST002,PRD0036,27,82894.03,SIOP Review,Medium
2026-12-01,CUST002,PRD0036,6,18669.23,SIOP Review,High
2025-07-01,CUST002,PRD0112,4,82083.58,Latest Estimate,High
2025-08-01,CUST002,PRD0112,6,136032.59,Latest Estimate,Low
2025-09-01,CUST002,PRD0112,4,88750.49,SIOP Review,High
2025-10-01,CUST002,PRD0112,2,45782.27,Latest Estimate,High
2025-11-01,CUST002,PRD0112,1,22825.7,SIOP Review,Medium
2025-12-01,CUST002,PRD0112,3,67755.39,Latest Estimate,Medium
2026-01-01,CUST002,PRD0112,3,67178.31,Commercial Baseline,Medium
2026-02-01,CUST002,PRD0112,12,275583.64,Latest Estimate,Medium
2026-03-01,CUST002,PRD0112,5,106964.61,SIOP Review,Low
2026-04-01,CUST002,PRD0112,9,188326.45,Latest Estimate,Medium
2026-05-01,CUST002,PRD0112,4,84651.09,Latest Estimate,High
2026-06-01,CUST002,PRD0112,2,43140.69,Commercial Baseline,Medium
2026-07-01,CUST002,PRD0112,4,84598.81,Commercial Baseline,Medium
2026-08-01,CUST002,PRD0112,2,45629.84,Commercial Baseline,Medium
2026-09-01,CUST002,PRD0112,2,41480.48,SIOP Review,Medium
2026-10-01,CUST002,PRD0112,4,89595.39,SIOP Review,Medium
2026-11-01,CUST002,PRD0112,2,43649.86,SIOP Review,High
2026-12-01,CUST002,PRD0112,3,66263.41,SIOP Review,Medium
2025-07-01,CUST002,PRD0023,1,4319.59,Latest Estimate,Low
2025-08-01,CUST002,PRD0023,3,13473.98,SIOP Review,Low
2025-09-01,CUST002,PRD0023,3,13465.17,Latest Estimate,Medium
2025-10-01,CUST002,PRD0023,12,56497.1,Latest Estimate,Medium
2025-11-01,CUST002,PRD0023,2,9264.22,Commercial Baseline,Low
2025-12-01,CUST002,PRD0023,1,4326.11,SIOP Review,High
2026-01-01,CUST002,PRD0023,2,8914.19,Commercial Baseline,Medium
2026-02-01,CUST002,PRD0023,2,8619.91,SIOP Review,Medium
2026-03-01,CUST002,PRD0023,2,8645.47,SIOP Review,Medium
2026-04-01,CUST002,PRD0023,2,9384.03,SIOP Review,Medium
2026-05-01,CUST002,PRD0023,2,9141.09,Commercial Baseline,High
2026-06-01,CUST002,PRD0023,0,0.0,Commercial Baseline,Medium
2026-07-01,CUST002,PRD0023,2,9471.32,SIOP Review,Low
2026-08-01,CUST002,PRD0023,11,48006.39,SIOP Review,Low
2026-09-01,CUST002,PRD0023,2,9236.82,Commercial Baseline,High
2026-10-01,CUST002,PRD0023,11,47695.57,Latest Estimate,Medium
2026-11-01,CUST002,PRD0023,0,0.0,SIOP Review,High
2026-12-01,CUST002,PRD0023,13,62039.88,Latest Estimate,High
2025-07-01,CUST002,PRD0051,2,64736.83,Latest Estimate,Medium
2025-08-01,CUST002,PRD0051,3,108337.12,Latest Estimate,Medium
2025-09-01,CUST002,PRD0051,3,108089.62,SIOP Review,Medium
2025-10-01,CUST002,PRD0051,4,129308.42,Latest Estimate,Low
2025-11-01,CUST002,PRD0051,6,199370.25,Commercial Baseline,Low
2025-12-01,CUST002,PRD0051,3,95837.81,SIOP Review,Medium
2026-01-01,CUST002,PRD0051,2,64156.62,Commercial Baseline,Medium
2026-02-01,CUST002,PRD0051,2,70830.41,Commercial Baseline,Medium
2026-03-01,CUST002,PRD0051,15,508278.17,Latest Estimate,Medium
2026-04-01,CUST002,PRD0051,4,134568.73,Latest Estimate,Medium
2026-05-01,CUST002,PRD0051,3,102177.79,Latest Estimate,High
2026-06-01,CUST002,PRD0051,2,69006.1,Latest Estimate,High
2026-07-01,CUST002,PRD0051,6,215437.95,SIOP Review,High
2026-08-01,CUST002,PRD0051,6,211507.81,Latest Estimate,Medium
2026-09-01,CUST002,PRD0051,14,497062.62,Latest Estimate,Medium
2026-10-01,CUST002,PRD0051,4,132126.87,Commercial Baseline,Medium
2026-11-01,CUST002,PRD0051,4,141493.13,Latest Estimate,Medium
2026-12-01,CUST002,PRD0051,3,96104.22,Commercial Baseline,Medium
2025-07-01,CUST002,PRD0078,5,58161.96,Latest Estimate,Medium
2025-08-01,CUST002,PRD0078,0,0.0,Commercial Baseline,High
2025-09-01,CUST002,PRD0078,0,0.0,Latest Estimate,Low
2025-10-01,CUST002,PRD0078,1,10608.81,Commercial Baseline,Medium
2025-11-01,CUST002,PRD0078,0,0.0,Latest Estimate,Medium
2025-12-01,CUST002,PRD0078,0,0.0,Latest Estimate,Low
2026-01-01,CUST002,PRD0078,0,0.0,Latest Estimate,High
2026-02-01,CUST002,PRD0078,1,11303.3,Commercial Baseline,Low
2026-03-01,CUST002,PRD0078,0,0.0,Commercial Baseline,High
2026-04-01,CUST002,PRD0078,0,0.0,Commercial Baseline,Medium
2026-05-01,CUST002,PRD0078,0,0.0,Latest Estimate,Medium
2026-06-01,CUST002,PRD0078,0,0.0,SIOP Review,Medium
2026-07-01,CUST002,PRD0078,0,0.0,Latest Estimate,High
2026-08-01,CUST002,PRD0078,1,11733.31,Latest Estimate,High
2026-09-01,CUST002,PRD0078,0,0.0,Commercial Baseline,Medium
2026-10-01,CUST002,PRD0078,0,0.0,Latest Estimate,Medium
2026-11-01,CUST002,PRD0078,0,0.0,Commercial Baseline,Medium
2026-12-01,CUST002,PRD0078,0,0.0,SIOP Review,Low
2025-07-01,CUST002,PRD0008,7,40293.7,Commercial Baseline,High
2025-08-01,CUST002,PRD0008,4,24374.04,Latest Estimate,Medium
2025-09-01,CUST002,PRD0008,9,53712.31,Latest Estimate,Low
2025-10-01,CUST002,PRD0008,12,68657.61,Latest Estimate,High
2025-11-01,CUST002,PRD0008,11,60582.39,SIOP Review,Medium
2025-12-01,CUST002,PRD0008,8,46667.93,Latest Estimate,High
2026-01-01,CUST002,PRD0008,7,42000.17,Commercial Baseline,Medium
2026-02-01,CUST002,PRD0008,6,32440.69,Latest Estimate,Low
2026-03-01,CUST002,PRD0008,11,65244.8,Commercial Baseline,Medium
2026-04-01,CUST002,PRD0008,11,66544.79,SIOP Review,High
2026-05-01,CUST002,PRD0008,2,11550.84,Latest Estimate,High
2026-06-01,CUST002,PRD0008,3,16631.8,Latest Estimate,Medium
2026-07-01,CUST002,PRD0008,6,34726.32,Commercial Baseline,Low
2026-08-01,CUST002,PRD0008,5,27973.47,SIOP Review,Medium
2026-09-01,CUST002,PRD0008,13,78368.48,Latest Estimate,Medium
2026-10-01,CUST002,PRD0008,8,43484.69,Commercial Baseline,Medium
2026-11-01,CUST002,PRD0008,10,54559.98,Commercial Baseline,Medium
2026-12-01,CUST002,PRD0008,5,29670.47,Latest Estimate,Medium
2025-07-01,CUST002,PRD0076,0,0.0,Latest Estimate,Medium
2025-08-01,CUST002,PRD0076,8,176065.5,Latest Estimate,High
2025-09-01,CUST002,PRD0076,0,0.0,Latest Estimate,Low
2025-10-01,CUST002,PRD0076,0,0.0,Commercial Baseline,Medium
2025-11-01,CUST002,PRD0076,0,0.0,SIOP Review,High
2025-12-01,CUST002,PRD0076,0,0.0,Commercial Baseline,Low
2026-01-01,CUST002,PRD0076,0,0.0,SIOP Review,Low
2026-02-01,CUST002,PRD0076,0,0.0,Commercial Baseline,Low
2026-03-01,CUST002,PRD0076,0,0.0,SIOP Review,Medium
2026-04-01,CUST002,PRD0076,0,0.0,Latest Estimate,Medium
2026-05-01,CUST002,PRD0076,1,20443.48,Latest Estimate,Low
2026-06-01,CUST002,PRD0076,0,0.0,Latest Estimate,Medium
2026-07-01,CUST002,PRD0076,0,0.0,Commercial Baseline,Low
2026-08-01,CUST002,PRD0076,0,0.0,Latest Estimate,High
2026-09-01,CUST002,PRD0076,0,0.0,Latest Estimate,Medium
2026-10-01,CUST002,PRD0076,0,0.0,SIOP Review,High
2026-11-01,CUST002,PRD0076,1,21433.27,SIOP Review,Medium
2026-12-01,CUST002,PRD0076,1,21812.01,Commercial Baseline,Low
2025-07-01,CUST002,PRD0039,1,11296.23,Latest Estimate,High
2025-08-01,CUST002,PRD0039,0,0.0,Commercial Baseline,High
2025-09-01,CUST002,PRD0039,3,32096.54,SIOP Review,Medium
2025-10-01,CUST002,PRD0039,3,33817.68,Commercial Baseline,Medium
2025-11-01,CUST002,PRD0039,9,92024.22,SIOP Review,Low
2025-12-01,CUST002,PRD0039,1,10702.84,Commercial Baseline,High
2026-01-01,CUST002,PRD0039,16,177104.9,SIOP Review,Low
2026-02-01,CUST002,PRD0039,3,34241.58,Commercial Baseline,High
2026-03-01,CUST002,PRD0039,2,22225.32,Commercial Baseline,Medium
2026-04-01,CUST002,PRD0039,3,34629.48,Commercial Baseline,Low
2026-05-01,CUST002,PRD0039,2,21086.87,Commercial Baseline,Low
2026-06-01,CUST002,PRD0039,3,34437.84,SIOP Review,High
2026-07-01,CUST002,PRD0039,0,0.0,SIOP Review,Low
2026-08-01,CUST002,PRD0039,1,11027.4,SIOP Review,Medium
2026-09-01,CUST002,PRD0039,2,21091.37,Commercial Baseline,Medium
2026-10-01,CUST002,PRD0039,4,42181.72,SIOP Review,Low
2026-11-01,CUST002,PRD0039,2,22643.75,Latest Estimate,Low
2026-12-01,CUST002,PRD0039,7,79341.06,Latest Estimate,High
2025-07-01,CUST002,PRD0101,10,73497.08,SIOP Review,Medium
2025-08-01,CUST002,PRD0101,13,84935.99,Commercial Baseline,Low
2025-09-01,CUST002,PRD0101,14,92808.19,Commercial Baseline,Low
2025-10-01,CUST002,PRD0101,7,49932.37,SIOP Review,Low
2025-11-01,CUST002,PRD0101,10,67183.07,SIOP Review,Medium
2025-12-01,CUST002,PRD0101,10,73728.78,SIOP Review,Medium
2026-01-01,CUST002,PRD0101,18,120162.68,SIOP Review,Medium
2026-02-01,CUST002,PRD0101,8,53384.31,Commercial Baseline,High
2026-03-01,CUST002,PRD0101,14,95437.1,SIOP Review,High
2026-04-01,CUST002,PRD0101,16,111113.2,Commercial Baseline,Low
2026-05-01,CUST002,PRD0101,7,50562.63,Commercial Baseline,High
2026-06-01,CUST002,PRD0101,8,57830.91,SIOP Review,Medium
2026-07-01,CUST002,PRD0101,13,86188.24,SIOP Review,Low
2026-08-01,CUST002,PRD0101,3,21743.22,Latest Estimate,High
2026-09-01,CUST002,PRD0101,13,89320.82,Commercial Baseline,Medium
2026-10-01,CUST002,PRD0101,12,84755.89,Commercial Baseline,Low
2026-11-01,CUST002,PRD0101,10,70989.69,Commercial Baseline,Medium
2026-12-01,CUST002,PRD0101,23,154858.54,Commercial Baseline,Low
2025-07-01,CUST002,PRD0024,2,54324.05,SIOP Review,Medium
2025-08-01,CUST002,PRD0024,16,429135.18,Commercial Baseline,Medium
2025-09-01,CUST002,PRD0024,2,55737.25,Latest Estimate,High
2025-10-01,CUST002,PRD0024,2,53912.18,Commercial Baseline,High
2025-11-01,CUST002,PRD0024,1,26039.22,Latest Estimate,Medium
2025-12-01,CUST002,PRD0024,2,55706.21,Commercial Baseline,Medium
2026-01-01,CUST002,PRD0024,15,400356.79,Commercial Baseline,Medium
2026-02-01,CUST002,PRD0024,3,82049.7,SIOP Review,Medium
2026-03-01,CUST002,PRD0024,4,107037.17,SIOP Review,Low
2026-04-01,CUST002,PRD0024,5,131297.25,Commercial Baseline,Low
2026-05-01,CUST002,PRD0024,2,52413.48,Latest Estimate,Medium
2026-06-01,CUST002,PRD0024,12,298759.57,SIOP Review,Medium
2026-07-01,CUST002,PRD0024,3,80999.99,Latest Estimate,Low
2026-08-01,CUST002,PRD0024,3,80996.72,SIOP Review,Low
2026-09-01,CUST002,PRD0024,5,140389.4,Commercial Baseline,Medium
2026-10-01,CUST002,PRD0024,1,27141.63,Latest Estimate,High
2026-11-01,CUST002,PRD0024,4,105015.57,Commercial Baseline,Medium
2026-12-01,CUST002,PRD0024,1,26473.83,Commercial Baseline,High
2025-07-01,CUST002,PRD0005,2,10283.4,SIOP Review,Medium
2025-08-01,CUST002,PRD0005,3,15402.96,Latest Estimate,Medium
2025-09-01,CUST002,PRD0005,3,16155.22,SIOP Review,Low
2025-10-01,CUST002,PRD0005,3,15159.66,Latest Estimate,Low
2025-11-01,CUST002,PRD0005,3,15652.16,SIOP Review,High
2025-12-01,CUST002,PRD0005,2,10548.87,Commercial Baseline,Medium
2026-01-01,CUST002,PRD0005,1,5019.62,Commercial Baseline,High
2026-02-01,CUST002,PRD0005,2,10355.48,SIOP Review,High
2026-03-01,CUST002,PRD0005,0,0.0,Latest Estimate,Low
2026-04-01,CUST002,PRD0005,1,5234.54,Commercial Baseline,Low
2026-05-01,CUST002,PRD0005,2,10245.92,SIOP Review,High
2026-06-01,CUST002,PRD0005,17,89600.87,Commercial Baseline,High
2026-07-01,CUST002,PRD0005,2,10427.7,SIOP Review,High
2026-08-01,CUST002,PRD0005,5,26814.54,SIOP Review,High
2026-09-01,CUST002,PRD0005,4,21849.03,Latest Estimate,Medium
2026-10-01,CUST002,PRD0005,5,25455.48,Latest Estimate,Medium
2026-11-01,CUST002,PRD0005,2,10032.8,Latest Estimate,Medium
2026-12-01,CUST002,PRD0005,0,0.0,Commercial Baseline,Medium
2025-07-01,CUST002,PRD0022,0,0.0,Commercial Baseline,High
2025-08-01,CUST002,PRD0022,1,1137.29,Commercial Baseline,Medium
2025-09-01,CUST002,PRD0022,1,1090.29,Commercial Baseline,High
2025-10-01,CUST002,PRD0022,2,2189.6,SIOP Review,Medium
2025-11-01,CUST002,PRD0022,2,2283.15,SIOP Review,Low
2025-12-01,CUST002,PRD0022,0,0.0,SIOP Review,Low
2026-01-01,CUST002,PRD0022,1,1168.25,Latest Estimate,Medium
2026-02-01,CUST002,PRD0022,2,2336.15,Latest Estimate,Medium
2026-03-01,CUST002,PRD0022,3,3217.8,Commercial Baseline,High
2026-04-01,CUST002,PRD0022,1,1188.56,SIOP Review,Medium
2026-05-01,CUST002,PRD0022,1,1138.7,Commercial Baseline,High
2026-06-01,CUST002,PRD0022,0,0.0,Commercial Baseline,Medium
2026-07-01,CUST002,PRD0022,0,0.0,SIOP Review,Low
2026-08-01,CUST002,PRD0022,2,2239.85,Latest Estimate,Low
2026-09-01,CUST002,PRD0022,2,2345.65,SIOP Review,High
2026-10-01,CUST002,PRD0022,0,0.0,Latest Estimate,High
2026-11-01,CUST002,PRD0022,15,16130.62,SIOP Review,Low
2026-12-01,CUST002,PRD0022,0,0.0,Latest Estimate,Low
2025-07-01,CUST002,PRD0111,2,21191.16,SIOP Review,High
2025-08-01,CUST002,PRD0111,5,59672.31,Commercial Baseline,Medium
2025-09-01,CUST002,PRD0111,3,35592.43,Latest Estimate,High
2025-10-01,CUST002,PRD0111,3,33799.26,Commercial Baseline,High
2025-11-01,CUST002,PRD0111,4,44880.38,Latest Estimate,Medium
2025-12-01,CUST002,PRD0111,2,23493.01,SIOP Review,Medium
2026-01-01,CUST002,PRD0111,0,0.0,Commercial Baseline,Medium
2026-02-01,CUST002,PRD0111,2,22945.53,Commercial Baseline,High
2026-03-01,CUST002,PRD0111,7,82455.02,Commercial Baseline,Medium
2026-04-01,CUST002,PRD0111,6,67037.7,SIOP Review,Low
2026-05-01,CUST002,PRD0111,5,56455.18,SIOP Review,Medium
2026-06-01,CUST002,PRD0111,7,75898.17,Latest Estimate,Medium
2026-07-01,CUST002,PRD0111,6,68134.47,SIOP Review,High
2026-08-01,CUST002,PRD0111,11,124826.72,Latest Estimate,Medium
2026-09-01,CUST002,PRD0111,6,65070.18,Commercial Baseline,Medium
2026-10-01,CUST002,PRD0111,4,47757.52,Latest Estimate,Medium
2026-11-01,CUST002,PRD0111,5,55575.43,SIOP Review,High
2026-12-01,CUST002,PRD0111,13,141211.85,Commercial Baseline,Medium
2025-07-01,CUST002,PRD0062,2,34000.12,Commercial Baseline,High
2025-08-01,CUST002,PRD0062,4,67715.84,SIOP Review,Medium
2025-09-01,CUST002,PRD0062,5,85965.45,Commercial Baseline,Medium
2025-10-01,CUST002,PRD0062,6,102877.07,SIOP Review,Medium
2025-11-01,CUST002,PRD0062,4,71267.57,Commercial Baseline,Low
2025-12-01,CUST002,PRD0062,3,50960.0,Latest Estimate,Medium
2026-01-01,CUST002,PRD0062,4,71038.1,Commercial Baseline,Medium
2026-02-01,CUST002,PRD0062,4,66299.36,Commercial Baseline,High
2026-03-01,CUST002,PRD0062,2,34607.2,SIOP Review,Medium
2026-04-01,CUST002,PRD0062,6,105714.76,SIOP Review,Low
2026-05-01,CUST002,PRD0062,4,65826.12,SIOP Review,Medium
2026-06-01,CUST002,PRD0062,4,69605.02,SIOP Review,Low
2026-07-01,CUST002,PRD0062,7,115329.41,Latest Estimate,High
2026-08-01,CUST002,PRD0062,4,69400.88,Latest Estimate,Medium
2026-09-01,CUST002,PRD0062,5,91143.96,SIOP Review,High
2026-10-01,CUST002,PRD0062,5,91311.4,SIOP Review,High
2026-11-01,CUST002,PRD0062,5,90807.24,Latest Estimate,High
2026-12-01,CUST002,PRD0062,11,201439.53,Commercial Baseline,Medium
2025-07-01,CUST002,PRD0052,9,93336.47,SIOP Review,Medium
2025-08-01,CUST002,PRD0052,15,163585.45,Latest Estimate,Low
2025-09-01,CUST002,PRD0052,9,91181.72,SIOP Review,Medium
2025-10-01,CUST002,PRD0052,13,130891.83,Latest Estimate,Medium
2025-11-01,CUST002,PRD0052,2,21874.72,SIOP Review,Low
2025-12-01,CUST002,PRD0052,20,204992.25,Latest Estimate,Medium
2026-01-01,CUST002,PRD0052,9,99896.16,Commercial Baseline,Low
2026-02-01,CUST002,PRD0052,13,132151.23,Latest Estimate,High
2026-03-01,CUST002,PRD0052,11,119985.09,SIOP Review,Low
2026-04-01,CUST002,PRD0052,16,178284.84,SIOP Review,Medium
2026-05-01,CUST002,PRD0052,10,109233.28,SIOP Review,Medium
2026-06-01,CUST002,PRD0052,25,266061.29,Latest Estimate,Medium
2026-07-01,CUST002,PRD0052,13,128902.61,Latest Estimate,Low
2026-08-01,CUST002,PRD0052,3,29973.22,SIOP Review,Medium
2026-09-01,CUST002,PRD0052,13,132165.83,SIOP Review,Medium
2026-10-01,CUST002,PRD0052,10,106513.22,Commercial Baseline,Medium
2026-11-01,CUST002,PRD0052,8,88920.62,Commercial Baseline,Low
2026-12-01,CUST002,PRD0052,8,88723.14,Latest Estimate,Low
2025-07-01,CUST002,PRD0073,8,256438.51,Latest Estimate,Low
2025-08-01,CUST002,PRD0073,6,188322.37,Commercial Baseline,Medium
2025-09-01,CUST002,PRD0073,6,186224.36,SIOP Review,Low
2025-10-01,CUST002,PRD0073,10,308226.87,Latest Estimate,Medium
2025-11-01,CUST002,PRD0073,4,127303.05,Latest Estimate,Low
2025-12-01,CUST002,PRD0073,18,587948.62,Latest Estimate,Medium
2026-01-01,CUST002,PRD0073,5,159257.43,Latest Estimate,Medium
2026-02-01,CUST002,PRD0073,7,231116.08,Latest Estimate,High
2026-03-01,CUST002,PRD0073,8,269128.45,Latest Estimate,Low
2026-04-01,CUST002,PRD0073,6,204365.44,SIOP Review,Medium
2026-05-01,CUST002,PRD0073,5,163948.16,SIOP Review,High
2026-06-01,CUST002,PRD0073,4,133317.85,Latest Estimate,High
2026-07-01,CUST002,PRD0073,4,123181.6,Latest Estimate,Medium
2026-08-01,CUST002,PRD0073,3,91872.26,Commercial Baseline,Medium
2026-09-01,CUST002,PRD0073,5,170305.51,Latest Estimate,High
2026-10-01,CUST002,PRD0073,12,406645.98,Latest Estimate,Medium
2026-11-01,CUST002,PRD0073,7,211053.14,Latest Estimate,Medium
2026-12-01,CUST002,PRD0073,4,121800.96,Commercial Baseline,Low
2025-07-01,CUST002,PRD0027,14,93495.97,SIOP Review,High
2025-08-01,CUST002,PRD0027,3,21425.14,Latest Estimate,High
2025-09-01,CUST002,PRD0027,1,7060.18,Commercial Baseline,Medium
2025-10-01,CUST002,PRD0027,0,0.0,Commercial Baseline,Medium
2025-11-01,CUST002,PRD0027,1,6552.75,Commercial Baseline,Low
2025-12-01,CUST002,PRD0027,0,0.0,Latest Estimate,Medium
2026-01-01,CUST002,PRD0027,1,6857.57,Latest Estimate,Low
2026-02-01,CUST002,PRD0027,9,62869.17,Commercial Baseline,High
2026-03-01,CUST002,PRD0027,1,6664.24,SIOP Review,Medium
2026-04-01,CUST002,PRD0027,0,0.0,SIOP Review,Low
2026-05-01,CUST002,PRD0027,11,79165.81,Latest Estimate,High
2026-06-01,CUST002,PRD0027,2,12836.79,Commercial Baseline,High
2026-07-01,CUST002,PRD0027,1,6416.86,Commercial Baseline,Medium
2026-08-01,CUST002,PRD0027,12,81791.66,Commercial Baseline,High
2026-09-01,CUST002,PRD0027,0,0.0,SIOP Review,Low
2026-10-01,CUST002,PRD0027,0,0.0,Latest Estimate,Medium
2026-11-01,CUST002,PRD0027,0,0.0,Latest Estimate,High
2026-12-01,CUST002,PRD0027,1,6873.69,Commercial Baseline,Medium
2025-07-01,CUST002,PRD0010,5,39811.78,SIOP Review,High
2025-08-01,CUST002,PRD0010,11,82000.47,Commercial Baseline,Medium
2025-09-01,CUST002,PRD0010,13,107233.98,Latest Estimate,High
2025-10-01,CUST002,PRD0010,8,59230.79,Latest Estimate,Medium
2025-11-01,CUST002,PRD0010,15,124307.45,SIOP Review,High
2025-12-01,CUST002,PRD0010,15,120444.09,Latest Estimate,Medium
2026-01-01,CUST002,PRD0010,12,97961.57,Latest Estimate,Medium
2026-02-01,CUST002,PRD0010,12,100182.0,SIOP Review,Medium
2026-03-01,CUST002,PRD0010,10,78540.47,SIOP Review,Medium
2026-04-01,CUST002,PRD0010,15,121060.45,Commercial Baseline,High
2026-05-01,CUST002,PRD0010,8,59833.79,Latest Estimate,Medium
2026-06-01,CUST002,PRD0010,14,112090.0,Latest Estimate,High
2026-07-01,CUST002,PRD0010,13,97823.49,SIOP Review,Medium
2026-08-01,CUST002,PRD0010,8,59651.54,Commercial Baseline,Medium
2026-09-01,CUST002,PRD0010,11,82369.6,Latest Estimate,Medium
2026-10-01,CUST002,PRD0010,9,69873.45,Commercial Baseline,Medium
2026-11-01,CUST002,PRD0010,20,150510.5,SIOP Review,High
2026-12-01,CUST002,PRD0010,11,89223.3,Commercial Baseline,Low
2025-07-01,CUST002,PRD0116,0,0.0,SIOP Review,Low
2025-08-01,CUST002,PRD0116,0,0.0,Commercial Baseline,Medium
2025-09-01,CUST002,PRD0116,1,14915.89,Latest Estimate,Medium
2025-10-01,CUST002,PRD0116,0,0.0,SIOP Review,Low
2025-11-01,CUST002,PRD0116,2,32882.1,Latest Estimate,Medium
2025-12-01,CUST002,PRD0116,1,15117.08,SIOP Review,Medium
2026-01-01,CUST002,PRD0116,16,263440.46,SIOP Review,Low
2026-02-01,CUST002,PRD0116,2,29408.35,SIOP Review,Low
2026-03-01,CUST002,PRD0116,2,31652.97,SIOP Review,Low
2026-04-01,CUST002,PRD0116,1,15921.15,SIOP Review,Medium
2026-05-01,CUST002,PRD0116,10,150470.64,SIOP Review,Low
2026-06-01,CUST002,PRD0116,1,14861.37,Commercial Baseline,Low
2026-07-01,CUST002,PRD0116,0,0.0,Commercial Baseline,High
2026-08-01,CUST002,PRD0116,1,16010.13,Latest Estimate,Low
2026-09-01,CUST002,PRD0116,2,32063.88,Latest Estimate,Medium
2026-10-01,CUST002,PRD0116,0,0.0,Latest Estimate,High
2026-11-01,CUST002,PRD0116,0,0.0,SIOP Review,Medium
2026-12-01,CUST002,PRD0116,1,15152.1,SIOP Review,Low
2025-07-01,CUST002,PRD0080,5,29930.53,Commercial Baseline,High
2025-08-01,CUST002,PRD0080,4,22699.49,Latest Estimate,Low
2025-09-01,CUST002,PRD0080,6,32795.5,SIOP Review,Low
2025-10-01,CUST002,PRD0080,9,54241.96,Latest Estimate,High
2025-11-01,CUST002,PRD0080,5,28320.92,Latest Estimate,Medium
2025-12-01,CUST002,PRD0080,6,35019.89,Commercial Baseline,Medium
2026-01-01,CUST002,PRD0080,5,28734.01,SIOP Review,High
2026-02-01,CUST002,PRD0080,15,86682.12,Latest Estimate,Medium
2026-03-01,CUST002,PRD0080,12,73745.74,Latest Estimate,Medium
2026-04-01,CUST002,PRD0080,5,30866.74,SIOP Review,Medium
2026-05-01,CUST002,PRD0080,1,6174.39,SIOP Review,High
2026-06-01,CUST002,PRD0080,8,46791.39,SIOP Review,Medium
2026-07-01,CUST002,PRD0080,8,47790.1,SIOP Review,Medium
2026-08-01,CUST002,PRD0080,6,34161.75,Commercial Baseline,Medium
2026-09-01,CUST002,PRD0080,7,41946.49,Commercial Baseline,Low
2026-10-01,CUST002,PRD0080,5,28459.56,SIOP Review,Low
2026-11-01,CUST002,PRD0080,7,38219.1,Latest Estimate,Low
2026-12-01,CUST002,PRD0080,5,27573.23,Commercial Baseline,Low
2025-07-01,CUST002,PRD0064,9,238382.45,Commercial Baseline,Medium
2025-08-01,CUST002,PRD0064,1,24240.92,SIOP Review,High
2025-09-01,CUST002,PRD0064,14,327040.73,Latest Estimate,Medium
2025-10-01,CUST002,PRD0064,11,267371.78,SIOP Review,Low
2025-11-01,CUST002,PRD0064,3,76347.67,Commercial Baseline,High
2025-12-01,CUST002,PRD0064,0,0.0,Latest Estimate,Medium
2026-01-01,CUST002,PRD0064,8,197117.58,Latest Estimate,Low
2026-02-01,CUST002,PRD0064,13,316919.61,Latest Estimate,Medium
2026-03-01,CUST002,PRD0064,12,306151.84,Latest Estimate,Medium
2026-04-01,CUST002,PRD0064,8,209408.69,SIOP Review,Low
2026-05-01,CUST002,PRD0064,7,165250.98,SIOP Review,Medium
2026-06-01,CUST002,PRD0064,8,198313.51,Latest Estimate,Low
2026-07-01,CUST002,PRD0064,11,269195.42,Commercial Baseline,Medium
2026-08-01,CUST002,PRD0064,6,155860.39,Commercial Baseline,Low
2026-09-01,CUST002,PRD0064,12,287822.86,SIOP Review,Low
2026-10-01,CUST002,PRD0064,9,235779.67,Commercial Baseline,Low
2026-11-01,CUST002,PRD0064,15,370118.22,Latest Estimate,Medium
2026-12-01,CUST002,PRD0064,22,533654.66,Latest Estimate,Low
2025-07-01,CUST002,PRD0001,1,41715.76,Latest Estimate,Medium
2025-08-01,CUST002,PRD0001,0,0.0,SIOP Review,Medium
2025-09-01,CUST002,PRD0001,6,235250.92,SIOP Review,Low
2025-10-01,CUST002,PRD0001,2,78315.79,SIOP Review,Low
2025-11-01,CUST002,PRD0001,1,38458.98,Latest Estimate,Medium
2025-12-01,CUST002,PRD0001,1,39691.96,Latest Estimate,Medium
2026-01-01,CUST002,PRD0001,0,0.0,SIOP Review,Medium
2026-02-01,CUST002,PRD0001,0,0.0,SIOP Review,Medium
2026-03-01,CUST002,PRD0001,2,82053.06,Commercial Baseline,Medium
2026-04-01,CUST002,PRD0001,1,38227.06,Latest Estimate,Medium
2026-05-01,CUST002,PRD0001,1,39063.16,SIOP Review,Medium
2026-06-01,CUST002,PRD0001,0,0.0,Commercial Baseline,High
2026-07-01,CUST002,PRD0001,7,283660.97,Latest Estimate,Medium
2026-08-01,CUST002,PRD0001,0,0.0,SIOP Review,Low
2026-09-01,CUST002,PRD0001,7,282996.39,SIOP Review,Low
2026-10-01,CUST002,PRD0001,1,37127.83,Latest Estimate,High
2026-11-01,CUST002,PRD0001,0,0.0,Commercial Baseline,High
2026-12-01,CUST002,PRD0001,0,0.0,Commercial Baseline,Low
2025-07-01,CUST002,PRD0029,3,35541.75,SIOP Review,High
2025-08-01,CUST002,PRD0029,2,22678.23,Commercial Baseline,Low
2025-09-01,CUST002,PRD0029,4,43867.06,SIOP Review,Low
2025-10-01,CUST002,PRD0029,5,58730.82,SIOP Review,Medium
2025-11-01,CUST002,PRD0029,3,33157.04,Latest Estimate,Medium
2025-12-01,CUST002,PRD0029,12,143420.08,Commercial Baseline,Medium
2026-01-01,CUST002,PRD0029,4,44058.1,Commercial Baseline,Medium
2026-02-01,CUST002,PRD0029,3,33951.96,Commercial Baseline,Medium
2026-03-01,CUST002,PRD0029,1,11675.92,Latest Estimate,Medium
2026-04-01,CUST002,PRD0029,17,198251.62,Latest Estimate,High
2026-05-01,CUST002,PRD0029,2,22291.5,Commercial Baseline,High
2026-06-01,CUST002,PRD0029,1,11054.38,Latest Estimate,Low
2026-07-01,CUST002,PRD0029,2,22379.53,SIOP Review,Medium
2026-08-01,CUST002,PRD0029,0,0.0,Latest Estimate,Low
2026-09-01,CUST002,PRD0029,3,35564.06,SIOP Review,Medium
2026-10-01,CUST002,PRD0029,13,148229.45,Commercial Baseline,High
2026-11-01,CUST002,PRD0029,4,47678.48,SIOP Review,Low
2026-12-01,CUST002,PRD0029,1,11969.46,Commercial Baseline,Medium
2025-07-01,CUST002,PRD0063,8,50970.14,Latest Estimate,Medium
2025-08-01,CUST002,PRD0063,8,52434.99,Commercial Baseline,Medium
2025-09-01,CUST002,PRD0063,9,54853.59,SIOP Review,Medium
2025-10-01,CUST002,PRD0063,8,51730.6,Latest Estimate,Low
2025-11-01,CUST002,PRD0063,14,88764.84,Latest Estimate,Medium
2025-12-01,CUST002,PRD0063,11,70607.07,Latest Estimate,Low
2026-01-01,CUST002,PRD0063,10,60944.95,Latest Estimate,Medium
2026-02-01,CUST002,PRD0063,10,59751.23,Latest Estimate,High
2026-03-01,CUST002,PRD0063,4,26339.09,Commercial Baseline,Medium
2026-04-01,CUST002,PRD0063,10,59016.22,Commercial Baseline,Low
2026-05-01,CUST002,PRD0063,2,12383.65,Commercial Baseline,Low
2026-06-01,CUST002,PRD0063,10,65170.09,Commercial Baseline,High
2026-07-01,CUST002,PRD0063,5,29731.32,Latest Estimate,Medium
2026-08-01,CUST002,PRD0063,8,47406.92,Commercial Baseline,Medium
2026-09-01,CUST002,PRD0063,11,71866.39,Latest Estimate,Low
2026-10-01,CUST002,PRD0063,9,55595.59,Latest Estimate,Low
2026-11-01,CUST002,PRD0063,9,56721.29,Commercial Baseline,Low
2026-12-01,CUST002,PRD0063,6,39343.26,Latest Estimate,Medium
2025-07-01,CUST002,PRD0099,0,0.0,Commercial Baseline,Low
2025-08-01,CUST002,PRD0099,0,0.0,Commercial Baseline,Medium
2025-09-01,CUST002,PRD0099,0,0.0,SIOP Review,High
2025-10-01,CUST002,PRD0099,2,5515.06,Commercial Baseline,High
2025-11-01,CUST002,PRD0099,1,2652.39,SIOP Review,Medium
2025-12-01,CUST002,PRD0099,1,2560.82,SIOP Review,Medium
2026-01-01,CUST002,PRD0099,0,0.0,Commercial Baseline,Medium
2026-02-01,CUST002,PRD0099,1,2521.52,Commercial Baseline,High
2026-03-01,CUST002,PRD0099,0,0.0,Commercial Baseline,Medium
2026-04-01,CUST002,PRD0099,1,2588.98,SIOP Review,Low
2026-05-01,CUST002,PRD0099,3,8178.82,Latest Estimate,Medium
2026-06-01,CUST002,PRD0099,2,5420.33,Latest Estimate,Medium
2026-07-01,CUST002,PRD0099,0,0.0,Latest Estimate,Low
2026-08-01,CUST002,PRD0099,1,2625.88,Latest Estimate,Low
2026-09-01,CUST002,PRD0099,1,2539.19,SIOP Review,Low
2026-10-01,CUST002,PRD0099,0,0.0,SIOP Review,Medium
2026-11-01,CUST002,PRD0099,1,2761.08,Latest Estimate,Medium
2026-12-01,CUST002,PRD0099,2,5581.63,Commercial Baseline,Medium
2025-07-01,CUST002,PRD0045,0,0.0,Commercial Baseline,Medium
2025-08-01,CUST002,PRD0045,10,67594.39,Latest Estimate,High
2025-09-01,CUST002,PRD0045,0,0.0,SIOP Review,High
2025-10-01,CUST002,PRD0045,0,0.0,SIOP Review,High
2025-11-01,CUST002,PRD0045,0,0.0,SIOP Review,Medium
2025-12-01,CUST002,PRD0045,0,0.0,Commercial Baseline,High
2026-01-01,CUST002,PRD0045,0,0.0,Latest Estimate,High
2026-02-01,CUST002,PRD0045,0,0.0,Commercial Baseline,Medium
2026-03-01,CUST002,PRD0045,0,0.0,Latest Estimate,Low
2026-04-01,CUST002,PRD0045,0,0.0,Latest Estimate,Medium
2026-05-01,CUST002,PRD0045,0,0.0,Commercial Baseline,Medium
2026-06-01,CUST002,PRD0045,0,0.0,SIOP Review,High
2026-07-01,CUST002,PRD0045,0,0.0,Commercial Baseline,High
2026-08-01,CUST002,PRD0045,1,6276.91,Commercial Baseline,Medium
2026-09-01,CUST002,PRD0045,0,0.0,Commercial Baseline,Medium
2026-10-01,CUST002,PRD_X0002,15,102723.88,Latest Estimate,Medium
2026-11-01,CUST002,PRD0045,0,0.0,SIOP Review,Medium
2026-12-01,CUST002,PRD0045,2,12448.08,Commercial Baseline,High
2025-07-01,CUST002,PRD0015,2,82703.52,Latest Estimate,Low
2025-08-01,CUST002,PRD0015,18,719166.33,Commercial Baseline,High
2025-09-01,CUST002,PRD0015,4,148740.35,Commercial Baseline,Low
2025-10-01,CUST002,PRD0015,1,39255.26,Commercial Baseline,Medium
2025-11-01,CUST002,PRD0015,1,39809.62,Latest Estimate,Medium
2025-12-01,CUST002,PRD0015,2,82141.76,SIOP Review,Medium
2026-01-01,CUST002,PRD0015,1,38996.16,Commercial Baseline,High
2026-02-01,CUST002,PRD0015,3,124113.62,Latest Estimate,Low
2026-03-01,CUST002,PRD0015,2,80474.28,Commercial Baseline,Medium
2026-04-01,CUST002,PRD0015,1,38816.78,Commercial Baseline,High
2026-05-01,CUST002,PRD0015,1,38843.4,Commercial Baseline,Medium
2026-06-01,CUST002,PRD0015,2,79494.72,Commercial Baseline,Medium
2026-07-01,CUST002,PRD0015,2,73564.21,SIOP Review,Medium
2026-08-01,CUST002,PRD0015,0,0.0,Commercial Baseline,Low
2026-09-01,CUST002,PRD0015,3,112106.16,Commercial Baseline,Low
2026-10-01,CUST002,PRD0015,2,76178.36,Latest Estimate,Medium
2026-11-01,CUST002,PRD0015,2,82770.76,Latest Estimate,Low
2026-12-01,CUST002,PRD0015,2,75138.71,SIOP Review,Low
2025-07-01,CUST002,PRD0059,14,350655.65,Latest Estimate,Medium
2025-08-01,CUST002,PRD0059,7,174281.76,SIOP Review,Medium
2025-09-01,CUST002,PRD0059,10,263306.62,Latest Estimate,High
2025-10-01,CUST002,PRD0059,9,229885.79,Latest Estimate,Medium
2025-11-01,CUST002,PRD0059,10,266151.82,Commercial Baseline,Medium
2025-12-01,CUST002,PRD0059,7,174200.85,Latest Estimate,High
2026-01-01,CUST002,PRD0059,8,211401.01,Commercial Baseline,Low
2026-02-01,CUST002,PRD0059,11,300009.17,Latest Estimate,Medium
2026-03-01,CUST002,PRD0059,10,258246.36,Latest Estimate,Medium
2026-04-01,CUST002,PRD0059,8,207759.4,Commercial Baseline,Low
2026-05-01,CUST002,PRD0059,5,128481.58,SIOP Review,Low
2026-06-01,CUST002,PRD0059,7,189821.31,Commercial Baseline,High
2026-07-01,CUST002,PRD0059,8,205770.11,SIOP Review,Medium
2026-08-01,CUST002,PRD0059,8,210173.59,Latest Estimate,Medium
2026-09-01,CUST002,PRD0059,8,216580.32,Latest Estimate,High
2026-10-01,CUST002,PRD0059,3,80894.08,Latest Estimate,Medium
2026-11-01,CUST002,PRD0059,8,215491.92,Commercial Baseline,Medium
2026-12-01,CUST002,PRD0059,4,110685.87,Commercial Baseline,Medium
2025-07-01,CUST002,PRD0071,3,3559.19,Latest Estimate,Medium
2025-08-01,CUST002,PRD0071,0,0.0,Latest Estimate,Medium
2025-09-01,CUST002,PRD0071,0,0.0,Commercial Baseline,Medium
2025-10-01,CUST002,PRD0071,0,0.0,Latest Estimate,Medium
2025-11-01,CUST002,PRD0071,1,1126.71,Latest Estimate,High
2025-12-01,CUST002,PRD0071,2,2254.15,Latest Estimate,Low
2026-01-01,CUST002,PRD0071,0,0.0,Commercial Baseline,Medium
2026-02-01,CUST002,PRD0071,15,17067.18,Latest Estimate,Medium
2026-03-01,CUST002,PRD0071,1,1091.93,Latest Estimate,Low
2026-04-01,CUST002,PRD0071,0,0.0,SIOP Review,Low
2026-05-01,CUST002,PRD0071,0,0.0,Latest Estimate,High
2026-06-01,CUST002,PRD0071,0,0.0,SIOP Review,Medium
2026-07-01,CUST002,PRD0071,1,1176.35,Commercial Baseline,Low
2026-08-01,CUST002,PRD0071,0,0.0,Latest Estimate,Medium
2026-09-01,CUST002,PRD0071,2,2283.83,SIOP Review,Medium
2026-10-01,CUST002,PRD0071,16,17660.12,Latest Estimate,High
2026-11-01,CUST002,PRD0071,0,0.0,SIOP Review,Medium
2026-12-01,CUST002,PRD0071,5,6066.17,Commercial Baseline,Medium
2025-07-01,CUST002,PRD0104,14,89243.96,SIOP Review,Low
2025-08-01,CUST002,PRD0104,1,6211.71,Commercial Baseline,Medium
2025-09-01,CUST002,PRD0104,1,6255.21,Latest Estimate,High
2025-10-01,CUST002,PRD0104,1,6136.24,SIOP Review,High
2025-11-01,CUST002,PRD0104,3,17236.74,SIOP Review,High
2025-12-01,CUST002,PRD0104,1,5870.26,Latest Estimate,Medium
2026-01-01,CUST002,PRD0104,1,5709.18,SIOP Review,High
2026-02-01,CUST002,PRD0104,2,12040.51,Commercial Baseline,Medium
2026-03-01,CUST002,PRD0104,2,12481.58,SIOP Review,Medium
2026-04-01,CUST002,PRD0104,0,0.0,SIOP Review,Medium
2026-05-01,CUST002,PRD0104,0,0.0,Latest Estimate,Medium
2026-06-01,CUST002,PRD0104,1,5785.65,Commercial Baseline,Medium
2026-07-01,CUST002,PRD0104,1,6301.34,SIOP Review,High
2026-08-01,CUST002,PRD0104,1,5911.1,Latest Estimate,High
2026-09-01,CUST002,PRD0104,6,34125.91,SIOP Review,High
2026-10-01,CUST002,PRD0104,0,0.0,Latest Estimate,High
2026-11-01,CUST002,PRD0104,0,0.0,SIOP Review,Low
2026-12-01,CUST002,PRD0104,1,5846.44,SIOP Review,High
2025-07-01,CUST002,PRD0097,8,6622.89,Latest Estimate,Medium
2025-08-01,CUST002,PRD0097,0,0.0,Latest Estimate,High
2025-09-01,CUST002,PRD0097,1,895.01,SIOP Review,Low
2025-10-01,CUST002,PRD0097,0,0.0,Latest Estimate,Medium
2025-11-01,CUST002,PRD0097,1,811.67,Latest Estimate,Medium
2025-12-01,CUST002,PRD0097,1,868.16,Commercial Baseline,Medium
2026-01-01,CUST002,PRD0097,0,0.0,Commercial Baseline,High
2026-02-01,CUST002,PRD0097,0,0.0,SIOP Review,Medium
2026-03-01,CUST002,PRD0097,1,851.74,SIOP Review,High
2026-04-01,CUST002,PRD0097,0,0.0,Latest Estimate,High
2026-05-01,CUST002,PRD0097,0,0.0,SIOP Review,Medium
2026-06-01,CUST002,PRD0097,2,1634.67,Commercial Baseline,Medium
2026-07-01,CUST002,PRD0097,0,0.0,Latest Estimate,Medium
2026-08-01,CUST002,PRD0097,0,0.0,SIOP Review,Medium
2026-09-01,CUST002,PRD0097,0,0.0,SIOP Review,Medium
2026-10-01,CUST002,PRD0097,15,13216.81,Latest Estimate,Medium
2026-11-01,CUST002,PRD0097,0,0.0,Latest Estimate,High
2026-12-01,CUST002,PRD0097,0,0.0,Latest Estimate,Medium
2025-07-01,CUST002,PRD0007,15,73896.41,Commercial Baseline,Medium
2025-08-01,CUST002,PRD0007,1,4947.91,Commercial Baseline,High
2025-09-01,CUST002,PRD0007,0,0.0,Latest Estimate,High
2025-10-01,CUST002,PRD0007,3,14831.85,Latest Estimate,Medium
2025-11-01,CUST002,PRD0007,1,4665.85,SIOP Review,High
2025-12-01,CUST002,PRD0007,0,0.0,Commercial Baseline,Medium
2026-01-01,CUST002,PRD0007,5,23648.08,Latest Estimate,Medium
2026-02-01,CUST002,PRD0007,0,0.0,Commercial Baseline,High
2026-03-01,CUST002,PRD0007,0,0.0,SIOP Review,Medium
2026-04-01,CUST002,PRD0007,2,9712.86,Latest Estimate,High
2026-05-01,CUST002,PRD0007,2,10319.62,Latest Estimate,Medium
2026-06-01,CUST002,PRD0007,0,0.0,SIOP Review,Medium
2026-07-01,CUST002,PRD0007,1,4781.29,Commercial Baseline,Medium
2026-08-01,CUST002,PRD0007,2,9989.0,Commercial Baseline,Medium
2026-09-01,CUST002,PRD0007,1,4740.06,Latest Estimate,Medium
2026-10-01,CUST002,PRD0007,9,42877.97,SIOP Review,Medium
2026-11-01,CUST002,PRD0007,1,4650.2,Commercial Baseline,High
2026-12-01,CUST002,PRD0007,1,4907.1,Latest Estimate,High
2025-07-01,CUST002,PRD0114,10,28063.37,Latest Estimate,Medium
2025-08-01,CUST002,PRD0114,9,24973.99,Latest Estimate,Medium
2025-09-01,CUST002,PRD0114,24,59928.24,Latest Estimate,High
2025-10-01,CUST002,PRD0114,15,38468.79,SIOP Review,Medium
2025-11-01,CUST002,PRD0114,10,25757.66,Commercial Baseline,Medium
2025-12-01,CUST002,PRD0114,10,27384.77,SIOP Review,Low
2026-01-01,CUST002,PRD0114,13,33314.05,SIOP Review,Medium
2026-02-01,CUST002,PRD0114,15,40871.88,Latest Estimate,Medium
2026-03-01,CUST002,PRD0114,13,34849.7,Commercial Baseline,Low
2026-04-01,CUST002,PRD0114,14,35173.83,SIOP Review,Low
2026-05-01,CUST002,PRD0114,11,27958.4,SIOP Review,High
2026-06-01,CUST002,PRD0114,17,42320.77,Latest Estimate,Low
2026-07-01,CUST002,PRD0114,8,22297.19,Commercial Baseline,High
2026-08-01,CUST002,PRD0114,6,15090.09,SIOP Review,Medium
2026-09-01,CUST002,PRD0114,12,29827.83,SIOP Review,Medium
2026-10-01,CUST002,PRD0114,9,22437.7,Commercial Baseline,Medium
2026-11-01,CUST002,PRD0114,9,23705.6,Commercial Baseline,Low
2026-12-01,CUST002,PRD0114,5,13563.97,Commercial Baseline,Low
2025-07-01,CUST002,PRD0087,0,0.0,Latest Estimate,Low
2025-08-01,CUST002,PRD0087,0,0.0,Commercial Baseline,Medium
2025-09-01,CUST002,PRD0087,11,25285.45,SIOP Review,High
2025-10-01,CUST002,PRD0087,3,6931.99,SIOP Review,High
2025-11-01,CUST002,PRD0087,0,0.0,Latest Estimate,Medium
2025-12-01,CUST002,PRD0087,1,2052.33,SIOP Review,Medium
2026-01-01,CUST002,PRD0087,0,0.0,Latest Estimate,Medium
2026-02-01,CUST002,PRD0087,0,0.0,Commercial Baseline,Medium
2026-03-01,CUST002,PRD0087,2,4408.89,Latest Estimate,Medium
2026-04-01,CUST002,PRD0087,2,4507.46,SIOP Review,Medium
2026-05-01,CUST002,PRD0087,2,4216.91,Commercial Baseline,Medium
2026-06-01,CUST002,PRD0087,0,0.0,Commercial Baseline,Medium
2026-07-01,CUST002,PRD0087,1,2072.0,SIOP Review,Low
2026-08-01,CUST002,PRD0087,1,2136.68,Latest Estimate,High
2026-09-01,CUST002,PRD0087,7,15171.28,Commercial Baseline,High
2026-10-01,CUST002,PRD0087,0,0.0,Latest Estimate,Medium
2026-11-01,CUST002,PRD0087,0,0.0,SIOP Review,Medium
2026-12-01,CUST002,PRD0087,0,0.0,Commercial Baseline,High
2025-07-01,CUST002,PRD0014,0,0.0,SIOP Review,Medium
2025-08-01,CUST002,PRD0014,0,0.0,Commercial Baseline,Low
2025-09-01,CUST002,PRD0014,0,0.0,SIOP Review,Medium
2025-10-01,CUST002,PRD0014,0,0.0,Latest Estimate,High
2025-11-01,CUST002,PRD0014,0,0.0,Latest Estimate,Medium
2025-12-01,CUST002,PRD0014,0,0.0,SIOP Review,High
2026-01-01,CUST002,PRD0014,1,45713.76,SIOP Review,Medium
2026-02-01,CUST002,PRD0014,12,492401.48,Commercial Baseline,Low
2026-03-01,CUST002,PRD0014,0,0.0,SIOP Review,Low
2026-04-01,CUST002,PRD0014,0,0.0,Commercial Baseline,High
2026-05-01,CUST002,PRD0014,0,0.0,Latest Estimate,Medium
2026-06-01,CUST002,PRD0014,0,0.0,Latest Estimate,Medium
2026-07-01,CUST002,PRD0014,0,0.0,SIOP Review,Medium
2026-08-01,CUST002,PRD0014,0,0.0,Commercial Baseline,Low
2026-09-01,CUST002,PRD0014,0,0.0,Latest Estimate,Medium
2026-10-01,CUST002,PRD0014,11,486026.62,Commercial Baseline,Medium
2026-11-01,CUST002,PRD0014,0,0.0,SIOP Review,Medium
2026-12-01,CUST002,PRD0014,14,598201.44,Latest Estimate,High
2025-07-01,CUST002,PRD0018,0,0.0,SIOP Review,Medium
2025-08-01,CUST002,PRD0018,2,2343.98,Latest Estimate,Medium
2025-09-01,CUST002,PRD0018,3,3309.4,Latest Estimate,Low
2025-10-01,CUST002,PRD0018,2,2293.03,Commercial Baseline,Medium
2025-11-01,CUST002,PRD0018,2,2355.14,Commercial Baseline,Low
2025-12-01,CUST002,PRD0018,2,2288.04,Commercial Baseline,Medium
2026-01-01,CUST002,PRD0018,3,3261.55,Commercial Baseline,Low
2026-02-01,CUST002,PRD0018,2,2217.22,Latest Estimate,Low
2026-03-01,CUST002,PRD0018,2,2290.72,Latest Estimate,High
2026-04-01,CUST002,PRD0018,1,1108.89,Commercial Baseline,Low
2026-05-01,CUST002,PRD0018,2,2294.53,Commercial Baseline,High
2026-06-01,CUST002,PRD0018,1,1110.03,Commercial Baseline,Low
2026-07-01,CUST002,PRD0018,2,2278.55,SIOP Review,High
2026-08-01,CUST002,PRD0018,2,2272.0,SIOP Review,Medium
2026-09-01,CUST002,PRD0018,2,2212.97,SIOP Review,Medium
2026-10-01,CUST002,PRD0018,0,0.0,SIOP Review,Medium
2026-11-01,CUST002,PRD0018,2,2171.12,SIOP Review,Medium
2026-12-01,CUST002,PRD0018,3,3280.03,Commercial Baseline,Medium
2025-07-01,CUST002,PRD0083,1,3932.29,Commercial Baseline,Medium
2025-08-01,CUST002,PRD0083,1,4316.11,Latest Estimate,Low
2025-09-01,CUST002,PRD0083,2,8512.63,SIOP Review,Medium
2025-10-01,CUST002,PRD0083,2,8194.64,Latest Estimate,Medium
2025-11-01,CUST002,PRD0083,0,0.0,Commercial Baseline,High
2025-12-01,CUST002,PRD0083,0,0.0,Latest Estimate,Medium
2026-01-01,CUST002,PRD0083,0,0.0,Commercial Baseline,Medium
2026-02-01,CUST002,PRD0083,0,0.0,Commercial Baseline,Low
2026-03-01,CUST002,PRD0083,1,3960.62,Latest Estimate,Medium
2026-04-01,CUST002,PRD0083,1,3817.76,SIOP Review,Medium
2026-05-01,CUST002,PRD0083,2,8336.45,Latest Estimate,Low
2026-06-01,CUST002,PRD0083,11,45112.34,SIOP Review,Medium
2026-07-01,CUST002,PRD0083,1,4273.57,Commercial Baseline,Medium
2026-08-01,CUST002,PRD0083,0,0.0,SIOP Review,Medium
2026-09-01,CUST002,PRD0083,1,3861.1,SIOP Review,Low
2026-10-01,CUST002,PRD0083,2,8659.71,SIOP Review,Medium
2026-11-01,CUST002,PRD0083,0,0.0,Commercial Baseline,Low
2026-12-01,CUST002,PRD0083,1,3917.86,Latest Estimate,Medium
2025-07-01,CUST002,PRD0011,2,80440.77,Latest Estimate,Medium
2025-08-01,CUST002,PRD0011,0,0.0,Latest Estimate,Low
2025-09-01,CUST002,PRD0011,0,0.0,Latest Estimate,Low
2025-10-01,CUST002,PRD0011,1,41362.53,SIOP Review,High
2025-11-01,CUST002,PRD0011,1,40478.57,Latest Estimate,Medium
2025-12-01,CUST002,PRD0011,14,552284.33,Latest Estimate,Medium
2026-01-01,CUST002,PRD0011,1,39880.1,SIOP Review,Low
2026-02-01,CUST002,PRD0011,1,39348.95,Commercial Baseline,Medium
2026-03-01,CUST002,PRD0011,2,80135.25,Latest Estimate,Medium
2026-04-01,CUST002,PRD0011,1,39319.76,Latest Estimate,Low
2026-05-01,CUST002,PRD0011,2,77544.81,SIOP Review,High
2026-06-01,CUST002,PRD0011,0,0.0,Latest Estimate,Medium
2026-07-01,CUST002,PRD0011,0,0.0,Latest Estimate,Medium
2026-08-01,CUST002,PRD0011,0,0.0,SIOP Review,High
2026-09-01,CUST002,PRD0011,1,38295.65,Commercial Baseline,Low
2026-10-01,CUST002,PRD0011,1,39986.31,Commercial Baseline,High
2026-11-01,CUST002,PRD0011,0,0.0,Latest Estimate,High
2026-12-01,CUST002,PRD0011,2,79306.03,Latest Estimate,High
2025-07-01,CUST002,PRD0107,0,0.0,Latest Estimate,Medium
2025-08-01,CUST002,PRD0107,0,0.0,Latest Estimate,Medium
2025-09-01,CUST002,PRD0107,1,36087.04,SIOP Review,Medium
2025-10-01,CUST002,PRD0107,0,0.0,Latest Estimate,Medium
2025-11-01,CUST002,PRD0107,1,38172.55,SIOP Review,Medium
2025-12-01,CUST002,PRD0107,2,76349.92,SIOP Review,Medium
2026-01-01,CUST002,PRD0107,0,0.0,SIOP Review,Low
2026-02-01,CUST002,PRD0107,2,72752.69,Commercial Baseline,Medium
2026-03-01,CUST002,PRD0107,11,406627.96,Latest Estimate,Low
2026-04-01,CUST002,PRD0107,15,546257.95,Latest Estimate,Medium
2026-05-01,CUST002,PRD0107,0,0.0,Latest Estimate,Medium
2026-06-01,CUST002,PRD0107,1,39517.43,SIOP Review,High
2026-07-01,CUST002,PRD0107,0,0.0,Latest Estimate,High
2026-08-01,CUST002,PRD0107,2,79531.73,Commercial Baseline,Medium
2026-09-01,CUST002,PRD0107,12,473245.72,Commercial Baseline,Low
2026-10-01,CUST002,PRD0107,7,272289.68,Latest Estimate,High
2026-11-01,CUST002,PRD0107,1,39839.38,Latest Estimate,Medium
2026-12-01,CUST002,PRD0107,0,0.0,SIOP Review,High
2025-07-01,CUST002,PRD0074,1,34649.75,Latest Estimate,Medium
2025-08-01,CUST002,PRD0074,1,33539.93,Latest Estimate,High
2025-09-01,CUST002,PRD0074,3,100116.92,Commercial Baseline,High
2025-10-01,CUST002,PRD0074,0,0.0,Commercial Baseline,Low
2025-11-01,CUST002,PRD0074,0,0.0,Commercial Baseline,Medium
2025-12-01,CUST002,PRD0074,0,0.0,SIOP Review,Medium
2026-01-01,CUST002,PRD0074,0,0.0,SIOP Review,High
2026-02-01,CUST002,PRD0074,0,0.0,SIOP Review,Medium
2026-03-01,CUST002,PRD0074,1,34444.47,Commercial Baseline,Medium
2026-04-01,CUST002,PRD0074,1,33721.15,SIOP Review,High
2026-05-01,CUST002,PRD0074,2,63739.41,Commercial Baseline,Low
2026-06-01,CUST002,PRD0074,2,65018.79,Commercial Baseline,Medium
2026-07-01,CUST002,PRD0074,0,0.0,SIOP Review,Medium
2026-08-01,CUST002,PRD0074,1,34039.6,SIOP Review,Medium
2026-09-01,CUST002,PRD0074,0,0.0,Commercial Baseline,Medium
2026-10-01,CUST002,PRD0074,0,0.0,Commercial Baseline,Medium
2026-11-01,CUST002,PRD0074,0,0.0,Latest Estimate,Low
2026-12-01,CUST002,PRD0074,10,327808.04,Latest Estimate,Medium
2025-07-01,CUST002,PRD0038,0,0.0,Latest Estimate,Medium
2025-08-01,CUST002,PRD0038,0,0.0,Commercial Baseline,High
2025-09-01,CUST002,PRD0038,0,0.0,SIOP Review,Medium
2025-10-01,CUST002,PRD0038,0,0.0,SIOP Review,Medium
2025-11-01,CUST002,PRD0038,0,0.0,Commercial Baseline,Medium
2025-12-01,CUST002,PRD0038,1,50017.16,Latest Estimate,Medium
2026-01-01,CUST002,PRD0038,0,0.0,Commercial Baseline,Low
2026-02-01,CUST002,PRD0038,0,0.0,SIOP Review,High
2026-03-01,CUST002,PRD0038,0,0.0,Commercial Baseline,Medium
2026-04-01,CUST002,PRD0038,0,0.0,Latest Estimate,Medium
2026-05-01,CUST002,PRD0038,1,51670.71,SIOP Review,High
2026-06-01,CUST002,PRD0038,1,51210.38,Latest Estimate,Medium
2026-07-01,CUST002,PRD0038,0,0.0,Commercial Baseline,Low
2026-08-01,CUST002,PRD0038,0,0.0,Commercial Baseline,Medium
2026-09-01,CUST002,PRD0038,0,0.0,SIOP Review,Low
2026-10-01,CUST002,PRD0038,1,52698.34,Commercial Baseline,Low
2026-11-01,CUST002,PRD0038,0,0.0,SIOP Review,High
2026-12-01,CUST002,PRD0038,0,0.0,SIOP Review,Medium
2025-07-01,CUST002,PRD0020,0,0.0,SIOP Review,Medium
2025-08-01,CUST002,PRD0020,1,17009.5,Latest Estimate,Low
2025-09-01,CUST002,PRD_X0020,2,32393.58,SIOP Review,Medium
2025-10-01,CUST002,PRD0020,2,34290.3,SIOP Review,Low
2025-11-01,CUST002,PRD0020,0,0.0,SIOP Review,Low
2025-12-01,CUST002,PRD0020,0,0.0,SIOP Review,Medium
2026-01-01,CUST002,PRD0020,0,0.0,SIOP Review,Medium
2026-02-01,CUST002,PRD0020,0,0.0,Latest Estimate,Low
2026-03-01,CUST002,PRD0020,1,16472.54,SIOP Review,Medium
2026-04-01,CUST002,PRD0020,0,0.0,Commercial Baseline,Medium
2026-05-01,CUST002,PRD0020,1,16164.24,Latest Estimate,Medium
2026-06-01,CUST002,PRD0020,2,31306.95,SIOP Review,High
2026-07-01,CUST002,PRD0020,0,0.0,Latest Estimate,High
2026-08-01,CUST002,PRD0020,3,48674.76,Latest Estimate,Medium
2026-09-01,CUST002,PRD0020,2,33610.22,SIOP Review,Medium
2026-10-01,CUST002,PRD0020,0,0.0,Latest Estimate,Low
2026-11-01,CUST002,PRD0020,1,16277.66,Latest Estimate,Low
2026-12-01,CUST002,PRD0020,1,15928.78,Latest Estimate,Medium
2025-07-01,CUST002,PRD0060,5,97233.28,Latest Estimate,Medium
2025-08-01,CUST002,PRD0060,3,54744.63,SIOP Review,Low
2025-09-01,CUST002,PRD0060,5,94110.52,Commercial Baseline,High
2025-10-01,CUST002,PRD0060,2,35720.84,Commercial Baseline,Medium
2025-11-01,CUST002,PRD0060,3,58350.08,Latest Estimate,Low
2025-12-01,CUST002,PRD0060,3,57068.94,Latest Estimate,High
2026-01-01,CUST002,PRD0060,4,73718.58,Commercial Baseline,Low
2026-02-01,CUST002,PRD0060,3,57356.86,Latest Estimate,Medium
2026-03-01,CUST002,PRD0060,5,92563.91,Commercial Baseline,High
2026-04-01,CUST002,PRD0060,3,57121.1,Commercial Baseline,Medium
2026-05-01,CUST002,PRD0060,6,113054.24,Commercial Baseline,High
2026-06-01,CUST002,PRD0060,5,88160.9,Latest Estimate,Medium
2026-07-01,CUST002,PRD0060,10,179022.96,Commercial Baseline,Low
2026-08-01,CUST002,PRD0060,18,322408.88,Latest Estimate,High
2026-09-01,CUST002,PRD0060,4,71603.31,Latest Estimate,High
2026-10-01,CUST002,PRD0060,11,212277.83,SIOP Review,Low
2026-11-01,CUST002,PRD0060,15,266292.0,Commercial Baseline,Medium
2026-12-01,CUST002,PRD0060,2,37470.79,SIOP Review,Low
2025-07-01,CUST002,PRD0079,6,55796.33,SIOP Review,Medium
2025-08-01,CUST002,PRD0079,2,18278.95,Latest Estimate,Medium
2025-09-01,CUST002,PRD0079,3,27910.82,Commercial Baseline,Low
2025-10-01,CUST002,PRD0079,4,39321.69,Latest Estimate,Medium
2025-11-01,CUST002,PRD0079,7,67078.53,SIOP Review,Medium
2025-12-01,CUST002,PRD0079,3,28052.06,Latest Estimate,Medium
2026-01-01,CUST002,PRD0079,5,48273.63,Commercial Baseline,Medium
2026-02-01,CUST002,PRD0079,2,20293.03,Commercial Baseline,High
2026-03-01,CUST002,PRD0079,4,36374.85,Commercial Baseline,Medium
2026-04-01,CUST002,PRD0079,6,55615.21,Commercial Baseline,Medium
2026-05-01,CUST002,PRD0079,2,19034.13,Commercial Baseline,Medium
2026-06-01,CUST002,PRD0079,3,28236.26,Latest Estimate,Low
2026-07-01,CUST002,PRD0079,18,172079.12,Commercial Baseline,Low
2026-08-01,CUST002,PRD0079,4,39674.56,SIOP Review,Medium
2026-09-01,CUST002,PRD0079,3,28253.77,SIOP Review,Low
2026-10-01,CUST002,PRD0079,7,71785.97,Commercial Baseline,Medium
2026-11-01,CUST002,PRD0079,3,30828.97,Commercial Baseline,Medium
2026-12-01,CUST002,PRD0079,2,19138.8,SIOP Review,Medium
2025-07-01,CUST002,PRD0100,11,28233.71,Commercial Baseline,Medium
2025-08-01,CUST002,PRD0100,8,21979.38,Commercial Baseline,High
2025-09-01,CUST002,PRD0100,11,28194.0,Latest Estimate,Low
2025-10-01,CUST002,PRD0100,12,30396.81,Latest Estimate,Medium
2025-11-01,CUST002,PRD0100,13,36061.6,SIOP Review,Low
2025-12-01,CUST002,PRD0100,8,20441.23,SIOP Review,High
2026-01-01,CUST002,PRD0100,12,33358.44,Commercial Baseline,High
2026-02-01,CUST002,PRD0100,13,36459.5,Commercial Baseline,Low
2026-03-01,CUST002,PRD0100,12,32892.1,Commercial Baseline,Medium
2026-04-01,CUST002,PRD0100,5,12725.96,Latest Estimate,Low
2026-05-01,CUST002,PRD0100,7,18888.08,SIOP Review,Medium
2026-06-01,CUST002,PRD0100,9,22925.94,SIOP Review,High
2026-07-01,CUST002,PRD0100,3,8162.77,Latest Estimate,Low
2026-08-01,CUST002,PRD0100,12,30146.61,SIOP Review,Medium
2026-09-01,CUST002,PRD0100,7,17369.25,Latest Estimate,Medium
2026-10-01,CUST002,PRD0100,12,31123.82,Commercial Baseline,Low
2026-11-01,CUST002,PRD0100,11,30480.21,Commercial Baseline,Low
2026-12-01,CUST002,PRD0100,9,24509.12,SIOP Review,High
2025-07-01,CUST002,PRD0044,4,125408.97,Latest Estimate,High
2025-08-01,CUST002,PRD0044,4,139704.58,SIOP Review,Low
2025-09-01,CUST002,PRD0044,4,138690.98,Latest Estimate,Low
2025-10-01,CUST002,PRD0044,16,550143.18,SIOP Review,Low
2025-11-01,CUST002,PRD0044,7,227325.52,SIOP Review,Low
2025-12-01,CUST002,PRD0044,3,103423.97,SIOP Review,Medium
2026-01-01,CUST002,PRD0044,3,101316.21,Commercial Baseline,Medium
2026-02-01,CUST002,PRD0044,0,0.0,SIOP Review,Medium
2026-03-01,CUST002,PRD0044,20,684089.48,Commercial Baseline,High
2026-04-01,CUST002,PRD0044,4,134376.86,Latest Estimate,Low
2026-05-01,CUST002,PRD0044,5,158496.21,SIOP Review,Medium
2026-06-01,CUST002,PRD0044,9,287260.05,SIOP Review,High
2026-07-01,CUST002,PRD0044,3,95781.32,Commercial Baseline,Low
2026-08-01,CUST002,PRD0044,3,104000.56,Commercial Baseline,High
2026-09-01,CUST002,PRD0044,6,202551.4,Commercial Baseline,High
2026-10-01,CUST002,PRD0044,4,135246.32,Commercial Baseline,Medium
2026-11-01,CUST002,PRD0044,8,267405.22,Commercial Baseline,Medium
2026-12-01,CUST002,PRD0044,4,134891.95,Commercial Baseline,Low
2025-07-01,CUST002,PRD0120,8,97098.57,Latest Estimate,High
2025-08-01,CUST002,PRD0120,11,121997.25,Commercial Baseline,High
2025-09-01,CUST002,PRD0120,5,55316.16,SIOP Review,High
2025-10-01,CUST002,PRD0120,8,89048.22,SIOP Review,Medium
2025-11-01,CUST002,PRD0120,11,127273.38,Commercial Baseline,High
2025-12-01,CUST002,PRD0120,4,44812.73,Commercial Baseline,High
2026-01-01,CUST002,PRD0120,9,104126.57,Commercial Baseline,Medium
2026-02-01,CUST002,PRD0120,5,56977.93,Commercial Baseline,Medium
2026-03-01,CUST002,PRD0120,9,100510.86,Commercial Baseline,Medium
2026-04-01,CUST002,PRD0120,10,113600.57,Commercial Baseline,Medium
2026-05-01,CUST002,PRD0120,13,142659.24,SIOP Review,Medium
2026-06-01,CUST002,PRD0120,6,69775.31,SIOP Review,Medium
2026-07-01,CUST002,PRD0120,7,81132.8,Latest Estimate,Medium
2026-08-01,CUST002,PRD0120,8,90327.72,Commercial Baseline,High
2026-09-01,CUST002,PRD0120,6,68437.42,Latest Estimate,Low
2026-10-01,CUST002,PRD0120,12,143786.04,SIOP Review,Medium
2026-11-01,CUST002,PRD0120,9,100069.21,Commercial Baseline,Medium
2026-12-01,CUST002,PRD0120,5,59130.59,Commercial Baseline,Medium
2025-07-01,CUST002,PRD0058,4,12702.34,SIOP Review,Medium
2025-08-01,CUST002,PRD0058,6,19987.73,SIOP Review,Medium
2025-09-01,CUST002,PRD0058,8,27246.68,Latest Estimate,High
2025-10-01,CUST002,PRD0058,12,38276.28,Commercial Baseline,Low
2025-11-01,CUST002,PRD0058,7,21040.37,Latest Estimate,Medium
2025-12-01,CUST002,PRD0058,9,29436.12,Commercial Baseline,Low
2026-01-01,CUST002,PRD0058,6,19398.1,Commercial Baseline,High
2026-02-01,CUST002,PRD0058,8,24135.49,Latest Estimate,Medium
2026-03-01,CUST002,PRD0058,5,16721.8,SIOP Review,Medium
2026-04-01,CUST002,PRD0058,18,55950.2,SIOP Review,Medium
2026-05-01,CUST002,PRD0058,1,3044.91,Latest Estimate,High
2026-06-01,CUST002,PRD0058,12,38116.18,Commercial Baseline,Low
2026-07-01,CUST002,PRD0058,16,52795.75,Latest Estimate,Medium
2026-08-01,CUST002,PRD0058,20,62921.55,SIOP Review,Low
2026-09-01,CUST002,PRD0058,21,63073.18,Latest Estimate,High
2026-10-01,CUST002,PRD0058,8,24942.59,Latest Estimate,High
2026-11-01,CUST002,PRD0058,5,14986.46,Latest Estimate,Low
2026-12-01,CUST002,PRD0058,11,33502.47,Commercial Baseline,Low
2025-07-01,CUST003,PRD0017,2,13876.74,Commercial Baseline,Low
2025-08-01,CUST003,PRD0017,3,19391.81,Latest Estimate,Low
2025-09-01,CUST003,PRD0017,4,25918.27,SIOP Review,Low
2025-10-01,CUST003,PRD0017,4,26257.13,Latest Estimate,Medium
2025-11-01,CUST003,PRD0017,2,13179.67,SIOP Review,Medium
2025-12-01,CUST003,PRD0017,5,31604.72,Latest Estimate,Medium
2026-01-01,CUST003,PRD_X0023,9,61673.62,Latest Estimate,Low
2026-02-01,CUST003,PRD0017,4,25481.24,Commercial Baseline,Medium
2026-03-01,CUST003,PRD0017,2,14161.0,Commercial Baseline,High
2026-04-01,CUST003,PRD0017,3,20099.71,Latest Estimate,Low
2026-05-01,CUST003,PRD0017,1,6644.8,SIOP Review,Medium
2026-06-01,CUST003,PRD0017,3,19130.68,Commercial Baseline,Medium
2026-07-01,CUST003,PRD0017,3,19129.89,Commercial Baseline,Medium
2026-08-01,CUST003,PRD0017,2,13053.63,Latest Estimate,Low
2026-09-01,CUST003,PRD0017,2,13844.44,SIOP Review,Medium
2026-10-01,CUST003,PRD0017,1,6487.51,SIOP Review,Low
2026-11-01,CUST003,PRD0017,3,19285.5,SIOP Review,High
2026-12-01,CUST003,PRD0017,2,12569.28,Commercial Baseline,Medium
2025-07-01,CUST003,PRD0081,10,12474.84,Commercial Baseline,Medium
2025-08-01,CUST003,PRD0081,11,12440.04,Latest Estimate,High
2025-09-01,CUST003,PRD0081,22,27674.98,Latest Estimate,Medium
2025-10-01,CUST003,PRD0081,24,28288.31,SIOP Review,Medium
2025-11-01,CUST003,PRD0081,15,18932.22,SIOP Review,Medium
2025-12-01,CUST003,PRD0081,8,8946.64,SIOP Review,Medium
2026-01-01,CUST003,PRD0081,17,19466.99,Latest Estimate,Medium
2026-02-01,CUST003,PRD0081,4,5044.15,Commercial Baseline,Low
2026-03-01,CUST003,PRD0081,12,14717.77,Latest Estimate,Medium
2026-04-01,CUST003,PRD0081,12,13909.53,Commercial Baseline,Medium
2026-05-01,CUST003,PRD0081,10,11873.54,SIOP Review,Medium
2026-06-01,CUST003,PRD0081,14,16246.72,Commercial Baseline,Medium
2026-07-01,CUST003,PRD0081,12,14177.34,Commercial Baseline,High
2026-08-01,CUST003,PRD0081,5,6101.45,SIOP Review,Medium
2026-09-01,CUST003,PRD0081,18,22390.37,SIOP Review,Low
2026-10-01,CUST003,PRD0081,9,10867.92,SIOP Review,High
2026-11-01,CUST003,PRD0081,12,13835.92,Latest Estimate,Medium
2026-12-01,CUST003,PRD0081,6,7439.22,Latest Estimate,Medium
2025-07-01,CUST003,PRD0112,6,136478.14,SIOP Review,High
2025-08-01,CUST003,PRD0112,0,0.0,Commercial Baseline,Medium
2025-09-01,CUST003,PRD0112,0,0.0,Latest Estimate,High
2025-10-01,CUST003,PRD0112,0,0.0,Latest Estimate,Medium
2025-11-01,CUST003,PRD0112,0,0.0,SIOP Review,Medium
2025-12-01,CUST003,PRD0112,0,0.0,Commercial Baseline,Low
2026-01-01,CUST003,PRD0112,1,21253.64,Commercial Baseline,Low
2026-02-01,CUST003,PRD0112,0,0.0,SIOP Review,Medium
2026-03-01,CUST003,PRD0112,0,0.0,Latest Estimate,High
2026-04-01,CUST003,PRD0112,0,0.0,Latest Estimate,Medium
2026-05-01,CUST003,PRD0112,0,0.0,Latest Estimate,Medium
2026-06-01,CUST003,PRD0112,0,0.0,Commercial Baseline,High
2026-07-01,CUST003,PRD0112,6,136654.15,Commercial Baseline,Medium
2026-08-01,CUST003,PRD0112,1,22771.75,SIOP Review,Medium
2026-09-01,CUST003,PRD0112,0,0.0,Commercial Baseline,Low
2026-10-01,CUST003,PRD0112,1,21591.41,SIOP Review,High
2026-11-01,CUST003,PRD0112,2,41465.52,Latest Estimate,High
2026-12-01,CUST003,PRD0112,5,105121.02,Commercial Baseline,Medium
2025-07-01,CUST003,PRD0031,0,0.0,Commercial Baseline,Low
2025-08-01,CUST003,PRD0031,0,0.0,Commercial Baseline,Medium
2025-09-01,CUST003,PRD0031,0,0.0,Latest Estimate,High
2025-10-01,CUST003,PRD0031,3,32761.41,SIOP Review,High
2025-11-01,CUST003,PRD0031,2,22313.94,Commercial Baseline,Medium
2025-12-01,CUST003,PRD0031,1,10958.69,Commercial Baseline,Medium
2026-01-01,CUST003,PRD0031,2,21971.7,Latest Estimate,Medium
2026-02-01,CUST003,PRD0031,1,11387.3,Latest Estimate,Low
2026-03-01,CUST003,PRD0031,3,31697.02,Commercial Baseline,Low
2026-04-01,CUST003,PRD0031,9,97884.03,Latest Estimate,High
2026-05-01,CUST003,PRD0031,0,0.0,Commercial Baseline,Medium
2026-06-01,CUST003,PRD0031,0,0.0,Commercial Baseline,High
2026-07-01,CUST003,PRD0031,2,21913.8,Commercial Baseline,Medium
2026-08-01,CUST003,PRD0031,1,11043.17,Latest Estimate,High
2026-09-01,CUST003,PRD0031,1,10368.94,SIOP Review,Medium
2026-10-01,CUST003,PRD0031,13,141416.34,Commercial Baseline,Low
2026-11-01,CUST003,PRD0031,14,148483.93,SIOP Review,High
2026-12-01,CUST003,PRD0031,1,10794.89,Commercial Baseline,Medium
2025-07-01,CUST003,PRD0048,2,12395.0,SIOP Review,Medium
2025-08-01,CUST003,PRD0048,2,13565.11,SIOP Review,Low
2025-09-01,CUST003,PRD0048,4,25630.2,SIOP Review,High
2025-10-01,CUST003,PRD0048,2,13297.13,Commercial Baseline,High
2025-11-01,CUST003,PRD0048,3,19361.44,Latest Estimate,Low
2025-12-01,CUST003,PRD0048,1,6804.17,SIOP Review,Medium
2026-01-01,CUST003,PRD0048,3,19284.13,SIOP Review,Medium
2026-02-01,CUST003,PRD0048,3,18260.09,Commercial Baseline,Medium
2026-03-01,CUST003,PRD0048,3,20319.98,Latest Estimate,Medium
2026-04-01,CUST003,PRD0048,4,24863.29,Commercial Baseline,Low
2026-05-01,CUST003,PRD0048,1,6327.88,SIOP Review,Low
2026-06-01,CUST003,PRD0048,1,6091.63,Commercial Baseline,High
2026-07-01,CUST003,PRD0048,1,6351.5,Commercial Baseline,Low
2026-08-01,CUST003,PRD0048,1,6395.56,Commercial Baseline,High
2026-09-01,CUST003,PRD0048,2,13099.65,SIOP Review,Medium
2026-10-01,CUST003,PRD0048,3,20271.14,Commercial Baseline,Medium
2026-11-01,CUST003,PRD0048,3,19078.59,Commercial Baseline,Medium
2026-12-01,CUST003,PRD0048,4,25759.84,Commercial Baseline,High
2025-07-01,CUST003,PRD0028,11,95384.62,SIOP Review,High
2025-08-01,CUST003,PRD0028,5,40036.82,Latest Estimate,Low
2025-09-01,CUST003,PRD0028,16,137861.11,SIOP Review,Low
2025-10-01,CUST003,PRD0028,17,140756.91,Latest Estimate,High
2025-11-01,CUST003,PRD0028,6,48296.58,Latest Estimate,Low
2025-12-01,CUST003,PRD0028,9,76629.59,SIOP Review,Medium
2026-01-01,CUST003,PRD0028,10,84873.68,SIOP Review,Medium
2026-02-01,CUST003,PRD0028,13,105287.27,SIOP Review,High
2026-03-01,CUST003,PRD0028,14,107477.05,Commercial Baseline,Low
2026-04-01,CUST003,PRD0028,15,122141.5,SIOP Review,High
2026-05-01,CUST003,PRD0028,12,104513.77,Commercial Baseline,High
2026-06-01,CUST003,PRD0028,4,30852.37,Commercial Baseline,High
2026-07-01,CUST003,PRD0028,5,42381.07,SIOP Review,Medium
2026-08-01,CUST003,PRD0028,18,153805.43,Latest Estimate,Medium
2026-09-01,CUST003,PRD0028,11,86027.21,Commercial Baseline,Medium
2026-10-01,CUST003,PRD0028,7,59149.92,Latest Estimate,High
2026-11-01,CUST003,PRD0028,17,139376.71,SIOP Review,Low
2026-12-01,CUST003,PRD0028,9,72946.5,Commercial Baseline,Low
2025-07-01,CUST003,PRD0099,6,15724.93,Commercial Baseline,Medium
2025-08-01,CUST003,PRD0099,5,12641.32,Latest Estimate,High
2025-09-01,CUST003,PRD0099,5,12499.28,Latest Estimate,High
2025-10-01,CUST003,PRD0099,10,27434.35,Latest Estimate,Low
2025-11-01,CUST003,PRD0099,13,34243.51,Latest Estimate,High
2025-12-01,CUST003,PRD0099,10,25370.1,Commercial Baseline,Medium
2026-01-01,CUST003,PRD0099,8,20606.25,Commercial Baseline,Medium
2026-02-01,CUST003,PRD0099,3,7964.77,Latest Estimate,Low
2026-03-01,CUST003,PRD0099,12,31247.59,SIOP Review,Low
2026-04-01,CUST003,PRD0099,9,24215.51,Latest Estimate,Medium
2026-05-01,CUST003,PRD0099,7,18626.87,SIOP Review,High
2026-06-01,CUST003,PRD0099,8,20599.15,Commercial Baseline,High
2026-07-01,CUST003,PRD0099,10,25395.76,Latest Estimate,Medium
2026-08-01,CUST003,PRD0099,4,10075.6,Commercial Baseline,High
2026-09-01,CUST003,PRD0099,9,22668.04,Latest Estimate,Medium
2026-10-01,CUST003,PRD0099,8,21419.73,SIOP Review,Low
2026-11-01,CUST003,PRD0099,8,20672.46,SIOP Review,High
2026-12-01,CUST003,PRD0099,8,22311.74,Commercial Baseline,High
2025-07-01,CUST003,PRD0040,1,13478.42,Commercial Baseline,Medium
2025-08-01,CUST003,PRD0040,1,13494.67,Latest Estimate,Medium
2025-09-01,CUST003,PRD0040,1,13271.5,Latest Estimate,Low
2025-10-01,CUST003,PRD0040,1,14026.11,Commercial Baseline,Medium
2025-11-01,CUST003,PRD0040,1,14208.97,Latest Estimate,Low
2025-12-01,CUST003,PRD0040,1,14240.82,SIOP Review,Medium
2026-01-01,CUST003,PRD0040,0,0.0,Latest Estimate,Low
2026-02-01,CUST003,PRD0040,0,0.0,Commercial Baseline,Medium
2026-03-01,CUST003,PRD0040,1,13307.89,Commercial Baseline,Medium
2026-04-01,CUST003,PRD0040,0,0.0,SIOP Review,Medium
2026-05-01,CUST003,PRD0040,1,12972.51,SIOP Review,High
2026-06-01,CUST003,PRD0040,1,14019.7,SIOP Review,Medium
2026-07-01,CUST003,PRD0040,0,0.0,Latest Estimate,Low
2026-08-01,CUST003,PRD0040,0,0.0,Commercial Baseline,High
2026-09-01,CUST003,PRD0040,11,149658.53,Latest Estimate,Medium
2026-10-01,CUST003,PRD0040,0,0.0,Latest Estimate,Medium
2026-11-01,CUST003,PRD0040,2,26782.24,Latest Estimate,Low
2026-12-01,CUST003,PRD0040,2,27059.63,SIOP Review,Medium
2025-07-01,CUST003,PRD0093,1,38410.81,Commercial Baseline,Medium
2025-08-01,CUST003,PRD0093,1,37936.54,SIOP Review,High
2025-09-01,CUST003,PRD0093,1,35279.26,Latest Estimate,Medium
2025-10-01,CUST003,PRD0093,1,35467.87,SIOP Review,Medium
2025-11-01,CUST003,PRD0093,0,0.0,Commercial Baseline,High
2025-12-01,CUST003,PRD0093,1,34493.05,Latest Estimate,High
2026-01-01,CUST003,PRD0093,3,103752.09,Commercial Baseline,Low
2026-02-01,CUST003,PRD0093,1,38917.23,Latest Estimate,Medium
2026-03-01,CUST003,PRD0093,2,77658.88,SIOP Review,Medium
2026-04-01,CUST003,PRD0093,2,71648.6,Latest Estimate,Low
2026-05-01,CUST003,PRD0093,1,39084.43,Commercial Baseline,Medium
2026-06-01,CUST003,PRD0093,1,39085.81,Commercial Baseline,Medium
2026-07-01,CUST003,PRD0093,2,75232.71,SIOP Review,Medium
2026-08-01,CUST003,PRD0093,2,69530.62,Latest Estimate,Medium
2026-09-01,CUST003,PRD0093,3,113296.13,Commercial Baseline,Medium
2026-10-01,CUST003,PRD0093,2,74548.76,Latest Estimate,Medium
2026-11-01,CUST003,PRD0093,1,38211.92,Commercial Baseline,Medium
2026-12-01,CUST003,PRD0093,1,35664.55,Commercial Baseline,High
2025-07-01,CUST003,PRD0107,1,39230.5,Latest Estimate,Medium
2025-08-01,CUST003,PRD0107,0,0.0,SIOP Review,Medium
2025-09-01,CUST003,PRD0107,11,431793.8,SIOP Review,Medium
2025-10-01,CUST003,PRD_X0004,1,38561.77,Latest Estimate,Medium
2025-11-01,CUST003,PRD0107,0,0.0,Commercial Baseline,Low
2025-12-01,CUST003,PRD0107,0,0.0,SIOP Review,Medium
2026-01-01,CUST003,PRD0107,1,38480.31,SIOP Review,Low
2026-02-01,CUST003,PRD0107,1,39999.25,SIOP Review,Low
2026-03-01,CUST003,PRD0107,0,0.0,Commercial Baseline,High
2026-04-01,CUST003,PRD0107,0,0.0,Commercial Baseline,High
2026-05-01,CUST003,PRD0107,0,0.0,Latest Estimate,High
2026-06-01,CUST003,PRD0107,0,0.0,Commercial Baseline,Low
2026-07-01,CUST003,PRD0107,0,0.0,Commercial Baseline,Low
2026-08-01,CUST003,PRD0107,0,0.0,Latest Estimate,Medium
2026-09-01,CUST003,PRD0107,7,273174.38,Commercial Baseline,Medium
2026-10-01,CUST003,PRD0107,0,0.0,SIOP Review,Low
2026-11-01,CUST003,PRD0107,0,0.0,Latest Estimate,Low
2026-12-01,CUST003,PRD0107,0,0.0,Commercial Baseline,High
2025-07-01,CUST003,PRD0109,5,155908.01,Commercial Baseline,Medium
2025-08-01,CUST003,PRD0109,3,90912.13,Commercial Baseline,Medium
2025-09-01,CUST003,PRD0109,6,195729.85,Latest Estimate,Medium
2025-10-01,CUST003,PRD0109,4,125928.49,Commercial Baseline,Medium
2025-11-01,CUST003,PRD0109,3,94483.51,SIOP Review,Low
2025-12-01,CUST003,PRD0109,0,0.0,Latest Estimate,Medium
2026-01-01,CUST003,PRD0109,6,190098.96,Latest Estimate,High
2026-02-01,CUST003,PRD0109,3,92219.13,Latest Estimate,Low
2026-03-01,CUST003,PRD0109,5,152306.87,SIOP Review,Medium
2026-04-01,CUST003,PRD0109,19,582158.63,Latest Estimate,Medium
2026-05-01,CUST003,PRD0109,3,94468.25,SIOP Review,High
2026-06-01,CUST003,PRD0109,2,62458.7,SIOP Review,Medium
2026-07-01,CUST003,PRD0109,5,148946.64,Latest Estimate,Medium
2026-08-01,CUST003,PRD0109,4,132207.9,Latest Estimate,Medium
2026-09-01,CUST003,PRD0109,4,119867.22,Commercial Baseline,Medium
2026-10-01,CUST003,PRD0109,4,122834.56,Commercial Baseline,Medium
2026-11-01,CUST003,PRD0109,2,61869.69,SIOP Review,High
2026-12-01,CUST003,PRD0109,5,154785.63,Latest Estimate,Medium
2025-07-01,CUST003,PRD0006,0,0.0,Commercial Baseline,Medium
2025-08-01,CUST003,PRD0006,0,0.0,Commercial Baseline,Low
2025-09-01,CUST003,PRD0006,1,9782.8,Latest Estimate,High
2025-10-01,CUST003,PRD0006,11,107668.9,SIOP Review,Medium
2025-11-01,CUST003,PRD0006,1,9829.23,Commercial Baseline,Low
2025-12-01,CUST003,PRD0006,0,0.0,Commercial Baseline,Low
2026-01-01,CUST003,PRD0006,6,60098.03,Commercial Baseline,Medium
2026-02-01,CUST003,PRD0006,0,0.0,Commercial Baseline,Medium
2026-03-01,CUST003,PRD0006,2,21002.32,Commercial Baseline,High
2026-04-01,CUST003,PRD0006,2,20342.96,SIOP Review,Low
2026-05-01,CUST003,PRD0006,1,9320.71,SIOP Review,Medium
2026-06-01,CUST003,PRD0006,0,0.0,Latest Estimate,High
2026-07-01,CUST003,PRD0006,1,10398.52,SIOP Review,Medium
2026-08-01,CUST003,PRD0006,0,0.0,SIOP Review,Low
2026-09-01,CUST003,PRD0006,2,19062.21,SIOP Review,Low
2026-10-01,CUST003,PRD0006,1,9823.16,Commercial Baseline,Medium
2026-11-01,CUST003,PRD0006,0,0.0,SIOP Review,Low
2026-12-01,CUST003,PRD0006,14,134505.8,Latest Estimate,Low
2025-07-01,CUST003,PRD0119,3,2296.64,SIOP Review,Medium
2025-08-01,CUST003,PRD0119,8,6415.99,SIOP Review,Medium
2025-09-01,CUST003,PRD0119,3,2288.41,SIOP Review,Low
2025-10-01,CUST003,PRD0119,6,4777.75,SIOP Review,Medium
2025-11-01,CUST003,PRD0119,7,5706.99,Commercial Baseline,High
2025-12-01,CUST003,PRD0119,9,6845.32,Latest Estimate,High
2026-01-01,CUST003,PRD0119,5,3944.57,Latest Estimate,Medium
2026-02-01,CUST003,PRD0119,5,3983.89,Commercial Baseline,Medium
2026-03-01,CUST003,PRD0119,5,4021.46,Commercial Baseline,High
2026-04-01,CUST003,PRD0119,7,5273.42,SIOP Review,Medium
2026-05-01,CUST003,PRD0119,5,3760.07,Latest Estimate,Low
2026-06-01,CUST003,PRD0119,3,2444.08,Latest Estimate,Medium
2026-07-01,CUST003,PRD0119,4,3073.91,Latest Estimate,Low
2026-08-01,CUST003,PRD0119,3,2320.51,Commercial Baseline,High
2026-09-01,CUST003,PRD0119,6,4952.05,Commercial Baseline,Medium
2026-10-01,CUST003,PRD0119,4,3258.87,Latest Estimate,Medium
2026-11-01,CUST003,PRD0119,0,0.0,SIOP Review,Medium
2026-12-01,CUST003,PRD0119,5,3929.49,Commercial Baseline,Low
2025-07-01,CUST003,PRD0002,0,0.0,SIOP Review,High
2025-08-01,CUST003,PRD0002,1,20451.66,SIOP Review,Medium
2025-09-01,CUST003,PRD0002,1,20675.3,Latest Estimate,High
2025-10-01,CUST003,PRD0002,2,44573.63,SIOP Review,High
2025-11-01,CUST003,PRD0002,0,0.0,SIOP Review,Medium
2025-12-01,CUST003,PRD0002,2,44363.08,Commercial Baseline,Medium
2026-01-01,CUST003,PRD0002,0,0.0,Latest Estimate,Low
2026-02-01,CUST003,PRD0002,0,0.0,SIOP Review,Medium
2026-03-01,CUST003,PRD0002,0,0.0,Commercial Baseline,High
2026-04-01,CUST003,PRD0002,1,21943.07,SIOP Review,Low
2026-05-01,CUST003,PRD0002,0,0.0,Commercial Baseline,Medium
2026-06-01,CUST003,PRD0002,1,20271.54,Commercial Baseline,High
2026-07-01,CUST003,PRD0002,0,0.0,SIOP Review,High
2026-08-01,CUST003,PRD0002,2,42944.43,Commercial Baseline,High
2026-09-01,CUST003,PRD0002,0,0.0,Commercial Baseline,Medium
2026-10-01,CUST003,PRD0002,1,20799.91,SIOP Review,Medium
2026-11-01,CUST003,PRD0002,1,20886.24,Latest Estimate,High
2026-12-01,CUST003,PRD0002,0,0.0,SIOP Review,Low
2025-07-01,CUST003,PRD0072,3,30420.2,Commercial Baseline,High
2025-08-01,CUST003,PRD0072,5,48796.13,SIOP Review,Medium
2025-09-01,CUST003,PRD0072,8,84012.14,Commercial Baseline,Low
2025-10-01,CUST003,PRD0072,3,29418.6,Latest Estimate,High
2025-11-01,CUST003,PRD0072,5,51357.17,Latest Estimate,High
2025-12-01,CUST003,PRD0072,13,130078.62,Commercial Baseline,Low
2026-01-01,CUST003,PRD0072,4,42576.98,Commercial Baseline,High
2026-02-01,CUST003,PRD0072,5,54126.6,Latest Estimate,Medium
2026-03-01,CUST003,PRD0072,6,63838.91,Latest Estimate,Medium
2026-04-01,CUST003,PRD0072,4,41956.4,SIOP Review,Medium
2026-05-01,CUST003,PRD0072,7,70303.1,Commercial Baseline,High
2026-06-01,CUST003,PRD0072,4,43911.86,Latest Estimate,High
2026-07-01,CUST003,PRD0072,5,51382.63,SIOP Review,Medium
2026-08-01,CUST003,PRD0072,17,177708.12,Latest Estimate,Medium
2026-09-01,CUST003,PRD0072,6,66157.57,SIOP Review,Low
2026-10-01,CUST003,PRD0072,6,61281.05,Latest Estimate,High
2026-11-01,CUST003,PRD0072,0,0.0,SIOP Review,High
2026-12-01,CUST003,PRD0072,6,61354.92,Latest Estimate,Medium
2025-07-01,CUST003,PRD0114,3,7685.39,Commercial Baseline,Low
2025-08-01,CUST003,PRD0114,5,13677.65,Latest Estimate,Low
2025-09-01,CUST003,PRD0114,2,5277.8,Commercial Baseline,High
2025-10-01,CUST003,PRD0114,4,11177.54,SIOP Review,Medium
2025-11-01,CUST003,PRD0114,2,5331.41,Commercial Baseline,Low
2025-12-01,CUST003,PRD0114,2,5517.93,Latest Estimate,Medium
2026-01-01,CUST003,PRD0114,4,9866.64,SIOP Review,Low
2026-02-01,CUST003,PRD0114,2,4969.75,Latest Estimate,Medium
2026-03-01,CUST003,PRD0114,2,4965.29,Commercial Baseline,Low
2026-04-01,CUST003,PRD0114,4,11101.02,Commercial Baseline,High
2026-05-01,CUST003,PRD0114,3,8374.92,Latest Estimate,Medium
2026-06-01,CUST003,PRD0114,3,8193.77,SIOP Review,Medium
2026-07-01,CUST003,PRD0114,3,7870.9,Latest Estimate,Medium
2026-08-01,CUST003,PRD0114,2,5058.84,Latest Estimate,High
2026-09-01,CUST003,PRD0114,3,7400.71,Latest Estimate,Low
2026-10-01,CUST003,PRD0114,3,8311.63,SIOP Review,Low
2026-11-01,CUST003,PRD0114,3,7414.52,Commercial Baseline,Medium
2026-12-01,CUST003,PRD0114,4,10195.11,Commercial Baseline,High
2025-07-01,CUST003,PRD_X0003,0,0.0,Latest Estimate,Medium
2025-08-01,CUST003,PRD0057,0,0.0,Latest Estimate,High
2025-09-01,CUST003,PRD0057,0,0.0,Latest Estimate,High
2025-10-01,CUST003,PRD0057,0,0.0,Commercial Baseline,Medium
2025-11-01,CUST003,PRD0057,0,0.0,SIOP Review,Medium
2025-12-01,CUST003,PRD0057,0,0.0,Commercial Baseline,Medium
2026-01-01,CUST003,PRD0057,1,10452.83,SIOP Review,High
2026-02-01,CUST003,PRD0057,0,0.0,Latest Estimate,Low
2026-03-01,CUST003,PRD0057,0,0.0,SIOP Review,Medium
2026-04-01,CUST003,PRD0057,0,0.0,Latest Estimate,Medium
2026-05-01,CUST003,PRD0057,0,0.0,Latest Estimate,Low
2026-06-01,CUST003,PRD0057,0,0.0,SIOP Review,Medium
2026-07-01,CUST003,PRD0057,0,0.0,SIOP Review,Medium
2026-08-01,CUST003,PRD0057,0,0.0,Latest Estimate,High
2026-09-01,CUST003,PRD0057,0,0.0,SIOP Review,High
2026-10-01,CUST003,PRD0057,0,0.0,Commercial Baseline,Medium
2026-11-01,CUST003,PRD0057,0,0.0,Latest Estimate,High
2026-12-01,CUST003,PRD0057,0,0.0,SIOP Review,Medium
2025-07-01,CUST003,PRD0085,13,111840.02,Latest Estimate,Low
2025-08-01,CUST003,PRD0085,6,51701.55,Latest Estimate,High
2025-09-01,CUST003,PRD0085,12,102598.9,SIOP Review,High
2025-10-01,CUST003,PRD0085,16,152506.14,Latest Estimate,High
2025-11-01,CUST003,PRD0085,10,95536.29,Latest Estimate,Medium
2025-12-01,CUST003,PRD0085,13,120418.37,Latest Estimate,Medium
2026-01-01,CUST003,PRD0085,9,84715.85,SIOP Review,High
2026-02-01,CUST003,PRD0085,12,107129.12,Commercial Baseline,Medium
2026-03-01,CUST003,PRD0085,12,104261.87,Latest Estimate,Medium
2026-04-01,CUST003,PRD0085,17,160617.54,Commercial Baseline,Low
2026-05-01,CUST003,PRD0085,6,57256.95,Latest Estimate,Low
2026-06-01,CUST003,PRD0085,11,94013.46,Commercial Baseline,Low
2026-07-01,CUST003,PRD0085,9,82471.44,Latest Estimate,High
2026-08-01,CUST003,PRD0085,8,68567.87,Latest Estimate,Low
2026-09-01,CUST003,PRD0085,12,103977.37,Commercial Baseline,Medium
2026-10-01,CUST003,PRD0085,9,81539.59,Commercial Baseline,Medium
2026-11-01,CUST003,PRD0085,9,80819.01,Commercial Baseline,High
2026-12-01,CUST003,PRD0085,9,81828.73,Latest Estimate,High
2025-07-01,CUST003,PRD0103,4,32204.4,Latest Estimate,Medium
2025-08-01,CUST003,PRD0103,2,14533.91,Latest Estimate,Medium
2025-09-01,CUST003,PRD0103,5,37452.31,Latest Estimate,High
2025-10-01,CUST003,PRD0103,5,38444.35,Commercial Baseline,Medium
2025-11-01,CUST003,PRD0103,2,16409.54,Latest Estimate,Low
2025-12-01,CUST003,PRD0103,3,24370.16,SIOP Review,Medium
2026-01-01,CUST003,PRD0103,4,30018.05,Commercial Baseline,High
2026-02-01,CUST003,PRD0103,3,23008.7,Latest Estimate,High
2026-03-01,CUST003,PRD0103,1,8029.41,Latest Estimate,Medium
2026-04-01,CUST003,PRD0103,3,21786.81,Commercial Baseline,Medium
2026-05-01,CUST003,PRD0103,3,22451.37,Commercial Baseline,Medium
2026-06-01,CUST003,PRD0103,4,31527.19,SIOP Review,Low
2026-07-01,CUST003,PRD0103,5,39528.91,Commercial Baseline,High
2026-08-01,CUST003,PRD0103,4,30437.61,Commercial Baseline,High
2026-09-01,CUST003,PRD0103,6,49400.55,Commercial Baseline,Medium
2026-10-01,CUST003,PRD0103,5,40044.45,Latest Estimate,Low
2026-11-01,CUST003,PRD0103,2,15441.55,Commercial Baseline,Medium
2026-12-01,CUST003,PRD0103,3,24227.59,SIOP Review,Medium
2025-07-01,CUST003,PRD0086,7,33914.46,Commercial Baseline,High
2025-08-01,CUST003,PRD0086,11,53580.54,Commercial Baseline,Medium
2025-09-01,CUST003,PRD0086,9,40825.01,SIOP Review,High
2025-10-01,CUST003,PRD0086,10,50245.57,Latest Estimate,Low
2025-11-01,CUST003,PRD0086,8,39744.45,SIOP Review,Low
2025-12-01,CUST003,PRD0086,4,18735.84,Latest Estimate,Medium
2026-01-01,CUST003,PRD0086,20,95508.8,SIOP Review,Low
2026-02-01,CUST003,PRD0086,5,22896.36,SIOP Review,Low
2026-03-01,CUST003,PRD0086,14,66302.15,SIOP Review,Medium
2026-04-01,CUST003,PRD0086,12,60472.09,SIOP Review,Medium
2026-05-01,CUST003,PRD0086,8,36500.16,SIOP Review,High
2026-06-01,CUST003,PRD0086,21,95340.3,Commercial Baseline,Low
2026-07-01,CUST003,PRD0086,7,34118.98,Commercial Baseline,Medium
2026-08-01,CUST003,PRD0086,5,25157.79,Latest Estimate,Medium
2026-09-01,CUST003,PRD0086,20,98102.52,SIOP Review,Medium
2026-10-01,CUST003,PRD0086,14,69998.66,Commercial Baseline,Medium
2026-11-01,CUST003,PRD0086,1,4785.44,SIOP Review,Low
2026-12-01,CUST003,PRD0086,7,34095.08,Commercial Baseline,Medium
2025-07-01,CUST003,PRD0087,3,6942.56,SIOP Review,Medium
2025-08-01,CUST003,PRD0087,7,15678.67,Commercial Baseline,Medium
2025-09-01,CUST003,PRD0087,5,10474.99,Commercial Baseline,High
2025-10-01,CUST003,PRD0087,4,9119.3,Latest Estimate,Low
2025-11-01,CUST003,PRD0087,5,10909.4,Latest Estimate,High
2025-12-01,CUST003,PRD0087,1,2050.2,Commercial Baseline,Low
2026-01-01,CUST003,PRD0087,7,15491.22,Latest Estimate,Medium
2026-02-01,CUST003,PRD0087,4,8242.09,Commercial Baseline,Medium
2026-03-01,CUST003,PRD0087,6,13145.07,Latest Estimate,Medium
2026-04-01,CUST003,PRD0087,4,8542.46,SIOP Review,Medium
2026-05-01,CUST003,PRD0087,5,10763.92,SIOP Review,High
2026-06-01,CUST003,PRD0087,5,11146.35,Commercial Baseline,Medium
2026-07-01,CUST003,PRD0087,6,13385.67,SIOP Review,High
2026-08-01,CUST003,PRD0087,5,10707.15,SIOP Review,Medium
2026-09-01,CUST003,PRD0087,3,6851.03,Latest Estimate,Medium
2026-10-01,CUST003,PRD0087,6,13756.41,Commercial Baseline,High
2026-11-01,CUST003,PRD0087,5,11360.55,Latest Estimate,Medium
2026-12-01,CUST003,PRD0087,3,6606.2,SIOP Review,High
2025-07-01,CUST003,PRD0058,5,15498.21,Latest Estimate,High
2025-08-01,CUST003,PRD0058,4,12591.04,Commercial Baseline,Medium
2025-09-01,CUST003,PRD0058,6,18016.57,SIOP Review,High
2025-10-01,CUST003,PRD0058,5,16875.66,Commercial Baseline,Medium
2025-11-01,CUST003,PRD0058,11,34763.61,Commercial Baseline,High
2025-12-01,CUST003,PRD0058,3,9531.9,Commercial Baseline,Medium
2026-01-01,CUST003,PRD0058,7,21227.93,Latest Estimate,High
2026-02-01,CUST003,PRD0058,5,14996.19,Latest Estimate,Low
2026-03-01,CUST003,PRD0058,13,44318.1,Commercial Baseline,Medium
2026-04-01,CUST003,PRD0058,6,18334.4,Commercial Baseline,Low
2026-05-01,CUST003,PRD0058,3,9950.04,SIOP Review,Medium
2026-06-01,CUST003,PRD0058,3,9860.65,SIOP Review,Medium
2026-07-01,CUST003,PRD0058,6,20406.2,Commercial Baseline,Low
2026-08-01,CUST003,PRD0058,3,9656.65,Commercial Baseline,Medium
2026-09-01,CUST003,PRD0058,7,23743.87,SIOP Review,Medium
2026-10-01,CUST003,PRD0058,4,12440.63,Latest Estimate,Medium
2026-11-01,CUST003,PRD0058,6,19492.71,Latest Estimate,Medium
2026-12-01,CUST003,PRD0058,5,15449.99,Commercial Baseline,Low
2025-07-01,CUST003,PRD0044,7,237042.96,SIOP Review,Medium
2025-08-01,CUST003,PRD0044,5,162513.8,SIOP Review,Medium
2025-09-01,CUST003,PRD0044,4,135485.84,Latest Estimate,Medium
2025-10-01,CUST003,PRD0044,7,233930.42,SIOP Review,Low
2025-11-01,CUST003,PRD0044,15,475706.69,SIOP Review,Medium
2025-12-01,CUST003,PRD0044,6,198672.46,SIOP Review,Low
2026-01-01,CUST003,PRD0044,3,99317.15,SIOP Review,Low
2026-02-01,CUST003,PRD0044,8,262462.63,Commercial Baseline,Medium
2026-03-01,CUST003,PRD0044,5,160673.9,Commercial Baseline,Low
2026-04-01,CUST003,PRD0044,6,205382.38,Latest Estimate,Low
2026-05-01,CUST003,PRD0044,2,63003.67,Latest Estimate,High
2026-06-01,CUST003,PRD0044,6,197373.12,Commercial Baseline,Medium
2026-07-01,CUST003,PRD0044,4,130433.3,Latest Estimate,Medium
2026-08-01,CUST003,PRD0044,17,603368.62,Latest Estimate,Medium
2026-09-01,CUST003,PRD0044,6,212177.23,SIOP Review,Low
2026-10-01,CUST003,PRD0044,8,266194.2,Latest Estimate,Low
2026-11-01,CUST003,PRD0044,5,167926.3,SIOP Review,Medium
2026-12-01,CUST003,PRD0044,0,0.0,Commercial Baseline,High
2025-07-01,CUST003,PRD0113,3,5565.05,Latest Estimate,High
2025-08-01,CUST003,PRD0113,4,7225.94,SIOP Review,High
2025-09-01,CUST003,PRD0113,4,6653.03,Commercial Baseline,Medium
2025-10-01,CUST003,PRD0113,4,7247.62,SIOP Review,Low
2025-11-01,CUST003,PRD0113,17,28475.56,Commercial Baseline,Medium
2025-12-01,CUST003,PRD0113,13,22770.94,Commercial Baseline,Medium
2026-01-01,CUST003,PRD0113,4,7164.31,SIOP Review,Medium
2026-02-01,CUST003,PRD0113,6,10095.84,Latest Estimate,High
2026-03-01,CUST003,PRD0113,4,7457.37,SIOP Review,Medium
2026-04-01,CUST003,PRD0113,5,9199.45,SIOP Review,High
2026-05-01,CUST003,PRD0113,2,3380.07,SIOP Review,Medium
2026-06-01,CUST003,PRD0113,2,3630.75,Commercial Baseline,Medium
2026-07-01,CUST003,PRD0113,3,5081.87,Latest Estimate,Low
2026-08-01,CUST003,PRD0113,3,5641.44,Commercial Baseline,High
2026-09-01,CUST003,PRD0113,4,7083.69,SIOP Review,Medium
2026-10-01,CUST003,PRD0113,4,6881.45,Latest Estimate,Low
2026-11-01,CUST003,PRD0113,2,3308.04,Latest Estimate,High
2026-12-01,CUST003,PRD0113,2,3451.86,Commercial Baseline,Medium
2025-07-01,CUST003,PRD0027,2,14291.91,SIOP Review,Medium
2025-08-01,CUST003,PRD0027,2,13893.8,Latest Estimate,Low
2025-09-01,CUST003,PRD0027,4,25361.46,SIOP Review,Medium
2025-10-01,CUST003,PRD0027,6,39154.54,Commercial Baseline,Medium
2025-11-01,CUST003,PRD0027,3,21077.74,Commercial Baseline,High
2025-12-01,CUST003,PRD0027,1,6749.84,Commercial Baseline,Low
2026-01-01,CUST003,PRD0027,1,6366.88,SIOP Review,High
2026-02-01,CUST003,PRD0027,3,20947.84,Commercial Baseline,High
2026-03-01,CUST003,PRD0027,16,112676.19,SIOP Review,Medium
2026-04-01,CUST003,PRD0027,3,20346.5,SIOP Review,Medium
2026-05-01,CUST003,PRD0027,2,13806.42,Latest Estimate,Medium
2026-06-01,CUST003,PRD0027,2,12907.97,SIOP Review,Medium
2026-07-01,CUST003,PRD0027,4,28112.21,SIOP Review,Medium
2026-08-01,CUST003,PRD0027,3,20125.86,SIOP Review,Low
2026-09-01,CUST003,PRD0027,4,28328.91,Commercial Baseline,High
2026-10-01,CUST003,PRD0027,2,13573.06,SIOP Review,High
2026-11-01,CUST003,PRD0027,4,27926.27,SIOP Review,High
2026-12-01,CUST003,PRD0027,1,6863.15,Latest Estimate,Medium
2025-07-01,CUST003,PRD0039,0,0.0,Latest Estimate,High
2025-08-01,CUST003,PRD0039,0,0.0,Latest Estimate,Medium
2025-09-01,CUST003,PRD0039,15,172315.32,Latest Estimate,High
2025-10-01,CUST003,PRD0039,14,160327.06,SIOP Review,Low
2025-11-01,CUST003,PRD0039,1,10483.5,SIOP Review,High
2025-12-01,CUST003,PRD0039,0,0.0,Latest Estimate,Medium
2026-01-01,CUST003,PRD0039,1,10374.35,Commercial Baseline,Low
2026-02-01,CUST003,PRD0039,0,0.0,SIOP Review,Medium
2026-03-01,CUST003,PRD0039,0,0.0,Commercial Baseline,Medium
2026-04-01,CUST003,PRD0039,0,0.0,Latest Estimate,Medium
2026-05-01,CUST003,PRD0039,1,10943.43,SIOP Review,High
2026-06-01,CUST003,PRD0039,1,11363.74,Latest Estimate,Medium
2026-07-01,CUST003,PRD0039,0,0.0,Commercial Baseline,Medium
2026-08-01,CUST003,PRD0039,2,20743.03,SIOP Review,High
2026-09-01,CUST003,PRD0039,2,21201.81,SIOP Review,Low
2026-10-01,CUST003,PRD0039,1,10297.97,Latest Estimate,Medium
2026-11-01,CUST003,PRD0039,0,0.0,SIOP Review,Medium
2026-12-01,CUST003,PRD0039,0,0.0,SIOP Review,High
2025-07-01,CUST003,PRD0026,5,52750.98,Latest Estimate,Medium
2025-08-01,CUST003,PRD0026,5,57506.93,SIOP Review,Medium
2025-09-01,CUST003,PRD0026,24,248613.52,Commercial Baseline,High
2025-10-01,CUST003,PRD0026,14,151876.81,Commercial Baseline,Low
2025-11-01,CUST003,PRD0026,5,54591.81,Latest Estimate,High
2025-12-01,CUST003,PRD0026,9,96728.96,Latest Estimate,High
2026-01-01,CUST003,PRD0026,5,54906.58,Commercial Baseline,Medium
2026-02-01,CUST003,PRD0026,12,130699.26,Commercial Baseline,Low
2026-03-01,CUST003,PRD0026,13,148224.29,SIOP Review,Medium
2026-04-01,CUST003,PRD0026,11,113918.47,Commercial Baseline,High
2026-05-01,CUST003,PRD0026,6,63149.16,SIOP Review,Medium
2026-06-01,CUST003,PRD0026,9,102396.76,Latest Estimate,High
2026-07-01,CUST003,PRD0026,8,91745.84,Commercial Baseline,High
2026-08-01,CUST003,PRD0026,7,81932.6,Commercial Baseline,Medium
2026-09-01,CUST003,PRD0026,12,135846.92,SIOP Review,Low
2026-10-01,CUST003,PRD0026,5,54295.0,Commercial Baseline,Medium
2026-11-01,CUST003,PRD0026,8,88070.28,SIOP Review,Low
2026-12-01,CUST003,PRD0026,5,57084.01,SIOP Review,Low
2025-07-01,CUST003,PRD0003,20,214821.6,SIOP Review,Low
2025-08-01,CUST003,PRD0003,7,74156.93,Commercial Baseline,High
2025-09-01,CUST003,PRD0003,8,82769.21,Latest Estimate,High
2025-10-01,CUST003,PRD0003,7,70415.9,Commercial Baseline,Medium
2025-11-01,CUST003,PRD0003,12,124832.65,SIOP Review,Medium
2025-12-01,CUST003,PRD0003,12,123817.08,SIOP Review,High
2026-01-01,CUST003,PRD0003,10,110072.21,Commercial Baseline,Medium
2026-02-01,CUST003,PRD0003,5,52774.42,Commercial Baseline,Medium
2026-03-01,CUST003,PRD0003,9,94857.4,Latest Estimate,Low
2026-04-01,CUST003,PRD0003,5,55096.33,Commercial Baseline,Medium
2026-05-01,CUST003,PRD0003,9,97826.49,Commercial Baseline,Medium
2026-06-01,CUST003,PRD0003,7,71182.95,Latest Estimate,Medium
2026-07-01,CUST003,PRD0003,8,77714.99,Commercial Baseline,Medium
2026-08-01,CUST003,PRD0003,12,119976.66,Latest Estimate,High
2026-09-01,CUST003,PRD0003,10,103130.02,Latest Estimate,Medium
2026-10-01,CUST003,PRD0003,9,88599.06,SIOP Review,Low
2026-11-01,CUST003,PRD0003,6,65518.98,Latest Estimate,Medium
2026-12-01,CUST003,PRD0003,9,93310.92,Latest Estimate,Medium
2025-07-01,CUST003,PRD0004,4,25827.49,SIOP Review,Low
2025-08-01,CUST003,PRD0004,2,12316.68,Latest Estimate,Medium
2025-09-01,CUST003,PRD0004,21,132880.85,Latest Estimate,High
2025-10-01,CUST003,PRD0004,7,46624.73,Commercial Baseline,High
2025-11-01,CUST003,PRD0004,2,12401.77,SIOP Review,Medium
2025-12-01,CUST003,PRD0004,4,25389.17,Commercial Baseline,Medium
2026-01-01,CUST003,PRD0004,2,12673.71,Latest Estimate,Low
2026-02-01,CUST003,PRD0004,2,12890.79,SIOP Review,Medium
2026-03-01,CUST003,PRD0004,6,38987.49,SIOP Review,Low
2026-04-01,CUST003,PRD0004,3,20413.54,Commercial Baseline,Medium
2026-05-01,CUST003,PRD0004,3,18373.82,Latest Estimate,Low
2026-06-01,CUST003,PRD0004,4,27070.28,Commercial Baseline,High
2026-07-01,CUST003,PRD0004,14,88066.63,SIOP Review,High
2026-08-01,CUST003,PRD0004,15,93905.8,SIOP Review,High
2026-09-01,CUST003,PRD0004,15,95673.04,SIOP Review,Medium
2026-10-01,CUST003,PRD0004,3,19397.17,Latest Estimate,Low
2026-11-01,CUST003,PRD0004,5,30401.37,Latest Estimate,Low
2026-12-01,CUST003,PRD0004,2,13062.07,Latest Estimate,Medium
2025-07-01,CUST003,PRD0100,2,5216.24,SIOP Review,Medium
2025-08-01,CUST003,PRD0100,3,7989.9,SIOP Review,High
2025-09-01,CUST003,PRD0100,5,12395.74,SIOP Review,High
2025-10-01,CUST003,PRD0100,13,34816.65,Latest Estimate,Low
2025-11-01,CUST003,PRD0100,5,13406.46,Latest Estimate,Medium
2025-12-01,CUST003,PRD0100,6,15972.94,Latest Estimate,Low
2026-01-01,CUST003,PRD0100,5,13269.05,SIOP Review,Low
2026-02-01,CUST003,PRD0100,5,12597.49,Commercial Baseline,High
2026-03-01,CUST003,PRD0100,6,16599.59,Latest Estimate,Low
2026-04-01,CUST003,PRD0100,5,12447.82,Latest Estimate,Medium
2026-05-01,CUST003,PRD0100,4,10092.02,Latest Estimate,Medium
2026-06-01,CUST003,PRD0100,6,16714.47,Latest Estimate,High
2026-07-01,CUST003,PRD0100,2,4978.54,Latest Estimate,Medium
2026-08-01,CUST003,PRD0100,14,36210.74,Latest Estimate,High
2026-09-01,CUST003,PRD0100,6,16903.43,Commercial Baseline,Medium
2026-10-01,CUST003,PRD0100,3,7881.81,SIOP Review,High
2026-11-01,CUST003,PRD0100,4,11005.08,Commercial Baseline,Low
2026-12-01,CUST003,PRD0100,4,10362.99,Commercial Baseline,Medium
2025-07-01,CUST003,PRD0063,7,41610.44,SIOP Review,Medium
2025-08-01,CUST003,PRD0063,7,45148.31,SIOP Review,Medium
2025-09-01,CUST003,PRD0063,12,72468.18,Commercial Baseline,Medium
2025-10-01,CUST003,PRD0063,22,146218.86,Latest Estimate,Low
2025-11-01,CUST003,PRD0063,8,52137.59,Commercial Baseline,Medium
2025-12-01,CUST003,PRD0063,1,6678.66,Commercial Baseline,Medium
2026-01-01,CUST003,PRD0063,6,37828.58,Commercial Baseline,Low
2026-02-01,CUST003,PRD0063,5,31131.21,SIOP Review,High
2026-03-01,CUST003,PRD_X0025,4,25562.91,SIOP Review,Medium
2026-04-01,CUST003,PRD0063,8,50297.69,SIOP Review,High
2026-05-01,CUST003,PRD0063,11,72785.25,Commercial Baseline,High
2026-06-01,CUST003,PRD0063,7,43522.72,SIOP Review,Low
2026-07-01,CUST003,PRD0063,9,55162.15,Commercial Baseline,High
2026-08-01,CUST003,PRD0063,8,48306.07,Commercial Baseline,Medium
2026-09-01,CUST003,PRD0063,7,46329.45,Latest Estimate,Medium
2026-10-01,CUST003,PRD0063,8,48471.18,Latest Estimate,High
2026-11-01,CUST003,PRD0063,12,70783.28,Latest Estimate,Low
2026-12-01,CUST003,PRD0063,6,37015.43,Latest Estimate,Medium
2025-07-01,CUST003,PRD0061,1,7486.51,Latest Estimate,Medium
2025-08-01,CUST003,PRD0061,10,80398.2,SIOP Review,Medium
2025-09-01,CUST003,PRD0061,12,99988.02,SIOP Review,Medium
2025-10-01,CUST003,PRD0061,0,0.0,Latest Estimate,Medium
2025-11-01,CUST003,PRD0061,0,0.0,SIOP Review,Medium
2025-12-01,CUST003,PRD0061,2,16687.77,SIOP Review,Medium
2026-01-01,CUST003,PRD0061,0,0.0,SIOP Review,Low
2026-02-01,CUST003,PRD0061,0,0.0,Commercial Baseline,Low
2026-03-01,CUST003,PRD0061,0,0.0,SIOP Review,Low
2026-04-01,CUST003,PRD0061,1,8180.51,SIOP Review,High
2026-05-01,CUST003,PRD0061,0,0.0,Latest Estimate,Medium
2026-06-01,CUST003,PRD0061,2,16459.34,SIOP Review,Low
2026-07-01,CUST003,PRD0061,0,0.0,Latest Estimate,High
2026-08-01,CUST003,PRD0061,0,0.0,Commercial Baseline,Medium
2026-09-01,CUST003,PRD0061,1,8385.32,Latest Estimate,Medium
2026-10-01,CUST003,PRD0061,1,8165.96,Latest Estimate,High
2026-11-01,CUST003,PRD0061,0,0.0,SIOP Review,High
2026-12-01,CUST003,PRD0061,0,0.0,SIOP Review,High
2025-07-01,CUST003,PRD0052,4,41324.3,SIOP Review,Medium
2025-08-01,CUST003,PRD0052,5,55093.45,Commercial Baseline,Medium
2025-09-01,CUST003,PRD0052,7,76044.54,Commercial Baseline,Medium
2025-10-01,CUST003,PRD0052,3,31949.41,Commercial Baseline,Medium
2025-11-01,CUST003,PRD0052,4,44515.59,SIOP Review,Medium
2025-12-01,CUST003,PRD0052,0,0.0,SIOP Review,High
2026-01-01,CUST003,PRD0052,3,30838.39,SIOP Review,Low
2026-02-01,CUST003,PRD0052,3,29805.95,Commercial Baseline,Medium
2026-03-01,CUST003,PRD0052,15,166112.32,SIOP Review,High
2026-04-01,CUST003,PRD0052,9,90825.09,SIOP Review,Low
2026-05-01,CUST003,PRD0052,6,60451.68,Commercial Baseline,Low
2026-06-01,CUST003,PRD0052,6,65871.71,SIOP Review,High
2026-07-01,CUST003,PRD0052,6,65669.84,Latest Estimate,Medium
2026-08-01,CUST003,PRD0052,3,31512.08,SIOP Review,Low
2026-09-01,CUST003,PRD0052,6,66501.68,Latest Estimate,Medium
2026-10-01,CUST003,PRD0052,13,142015.64,SIOP Review,Medium
2026-11-01,CUST003,PRD0052,7,78344.0,SIOP Review,Medium
2026-12-01,CUST003,PRD0052,6,61508.89,Latest Estimate,High
2025-07-01,CUST003,PRD0115,10,79595.07,SIOP Review,High
2025-08-01,CUST003,PRD0115,10,83544.72,Commercial Baseline,Medium
2025-09-01,CUST003,PRD0115,12,97033.23,SIOP Review,High
2025-10-01,CUST003,PRD0115,8,65788.87,Commercial Baseline,Medium
2025-11-01,CUST003,PRD0115,9,70574.13,Latest Estimate,High
2025-12-01,CUST003,PRD0115,9,69267.43,Commercial Baseline,Medium
2026-01-01,CUST003,PRD0115,18,137953.57,SIOP Review,High
2026-02-01,CUST003,PRD0115,7,54652.97,Latest Estimate,Medium
2026-03-01,CUST003,PRD0115,13,96507.04,Commercial Baseline,High
2026-04-01,CUST003,PRD0115,11,82046.44,Commercial Baseline,Low
2026-05-01,CUST003,PRD0115,5,39080.05,Latest Estimate,High
2026-06-01,CUST003,PRD0115,13,97206.11,Commercial Baseline,High
2026-07-01,CUST003,PRD0115,8,59337.44,Latest Estimate,High
2026-08-01,CUST003,PRD0115,6,46198.45,SIOP Review,Medium
2026-09-01,CUST003,PRD0115,23,182483.29,Commercial Baseline,Medium
2026-10-01,CUST003,PRD0115,12,98590.86,Latest Estimate,Medium
2026-11-01,CUST003,PRD0115,17,128432.56,Latest Estimate,Medium
2026-12-01,CUST003,PRD0115,18,133647.27,Commercial Baseline,Low
2025-07-01,CUST003,PRD0111,2,22850.51,SIOP Review,Low
2025-08-01,CUST003,PRD0111,0,0.0,Commercial Baseline,Medium
2025-09-01,CUST003,PRD0111,1,10703.47,SIOP Review,High
2025-10-01,CUST003,PRD0111,1,10629.91,Commercial Baseline,Medium
2025-11-01,CUST003,PRD0111,0,0.0,SIOP Review,High
2025-12-01,CUST003,PRD0111,2,21560.18,Latest Estimate,Medium
2026-01-01,CUST003,PRD0111,2,21050.46,SIOP Review,Medium
2026-02-01,CUST003,PRD0111,2,22675.26,Commercial Baseline,Medium
2026-03-01,CUST003,PRD0111,2,21237.91,Latest Estimate,Low
2026-04-01,CUST003,PRD0111,1,10645.66,Commercial Baseline,Medium
2026-05-01,CUST003,PRD0111,0,0.0,Latest Estimate,Medium
2026-06-01,CUST003,PRD0111,0,0.0,Commercial Baseline,Medium
2026-07-01,CUST003,PRD0111,1,11696.31,SIOP Review,Medium
2026-08-01,CUST003,PRD0111,2,21591.69,Commercial Baseline,High
2026-09-01,CUST003,PRD0111,0,0.0,Commercial Baseline,Medium
2026-10-01,CUST003,PRD0111,2,22455.62,SIOP Review,Medium
2026-11-01,CUST003,PRD0111,0,0.0,SIOP Review,Medium
2026-12-01,CUST003,PRD0111,2,22285.47,Latest Estimate,High
2025-07-01,CUST003,PRD0023,1,4473.08,Latest Estimate,High
2025-08-01,CUST003,PRD0023,3,13411.56,Commercial Baseline,Medium
2025-09-01,CUST003,PRD0023,1,4499.09,SIOP Review,Low
2025-10-01,CUST003,PRD0023,0,0.0,SIOP Review,Medium
2025-11-01,CUST003,PRD0023,1,4294.84,SIOP Review,High
2025-12-01,CUST003,PRD0023,2,8834.54,SIOP Review,Medium
2026-01-01,CUST003,PRD0023,2,8706.96,SIOP Review,Medium
2026-02-01,CUST003,PRD0023,3,13478.59,Latest Estimate,Medium
2026-03-01,CUST003,PRD0023,2,9348.15,Latest Estimate,High
2026-04-01,CUST003,PRD0023,1,4635.47,Latest Estimate,Medium
2026-05-01,CUST003,PRD0023,1,4800.08,SIOP Review,High
2026-06-01,CUST003,PRD0023,1,4348.42,Commercial Baseline,Medium
2026-07-01,CUST003,PRD0023,1,4642.05,SIOP Review,Medium
2026-08-01,CUST003,PRD0023,2,9167.86,Commercial Baseline,Medium
2026-09-01,CUST003,PRD0023,2,9169.61,Latest Estimate,High
2026-10-01,CUST003,PRD0023,4,18408.69,SIOP Review,Low
2026-11-01,CUST003,PRD0023,1,4538.37,Latest Estimate,Medium
2026-12-01,CUST003,PRD0023,2,9411.5,Latest Estimate,Low
2025-07-01,CUST003,PRD0083,7,28581.52,Commercial Baseline,High
2025-08-01,CUST003,PRD0083,6,24546.94,Commercial Baseline,High
2025-09-01,CUST003,PRD0083,7,27493.42,Commercial Baseline,High
2025-10-01,CUST003,PRD0083,13,54983.36,Commercial Baseline,Low
2025-11-01,CUST003,PRD0083,4,17309.74,Latest Estimate,Low
2025-12-01,CUST003,PRD0083,7,27238.87,Latest Estimate,Medium
2026-01-01,CUST003,PRD0083,4,17352.6,SIOP Review,Medium
2026-02-01,CUST003,PRD0083,4,15901.46,SIOP Review,High
2026-03-01,CUST003,PRD0083,7,29508.19,Latest Estimate,Medium
2026-04-01,CUST003,PRD0083,8,33527.09,SIOP Review,High
2026-05-01,CUST003,PRD0083,5,20308.63,Latest Estimate,Medium
2026-06-01,CUST003,PRD0083,19,80822.15,SIOP Review,Low
2026-07-01,CUST003,PRD0083,5,20954.39,SIOP Review,Medium
2026-08-01,CUST003,PRD0083,4,15455.34,SIOP Review,High
2026-09-01,CUST003,PRD0083,6,24660.17,Commercial Baseline,Medium
2026-10-01,CUST003,PRD0083,6,23254.93,Commercial Baseline,High
2026-11-01,CUST003,PRD0083,6,22988.44,SIOP Review,Medium
2026-12-01,CUST003,PRD0083,6,23769.94,Latest Estimate,Low
2025-07-01,CUST003,PRD0091,1,780.21,Latest Estimate,High
2025-08-01,CUST003,PRD0091,1,826.85,Commercial Baseline,Medium
2025-09-01,CUST003,PRD0091,14,11411.25,Latest Estimate,Medium
2025-10-01,CUST003,PRD0091,1,764.0,Commercial Baseline,High
2025-11-01,CUST003,PRD0091,9,7681.29,Commercial Baseline,Low
2025-12-01,CUST003,PRD0091,1,860.52,Latest Estimate,Low
2026-01-01,CUST003,PRD0091,1,852.45,Commercial Baseline,Low
2026-02-01,CUST003,PRD0091,0,0.0,SIOP Review,High
2026-03-01,CUST003,PRD0091,2,1521.84,Commercial Baseline,Low
2026-04-01,CUST003,PRD0091,0,0.0,Commercial Baseline,Medium
2026-05-01,CUST003,PRD0091,0,0.0,Commercial Baseline,Low
2026-06-01,CUST003,PRD0091,0,0.0,SIOP Review,Low
2026-07-01,CUST003,PRD0091,0,0.0,Latest Estimate,Low
2026-08-01,CUST003,PRD0091,0,0.0,Commercial Baseline,Low
2026-09-01,CUST003,PRD0091,0,0.0,SIOP Review,Low
2026-10-01,CUST003,PRD0091,2,1543.46,Latest Estimate,Low
2026-11-01,CUST003,PRD0091,0,0.0,Commercial Baseline,Medium
2026-12-01,CUST003,PRD0091,0,0.0,Commercial Baseline,Medium
2025-07-01,CUST003,PRD0008,5,27376.41,Latest Estimate,High
2025-08-01,CUST003,PRD0008,8,44883.46,Commercial Baseline,High
2025-09-01,CUST003,PRD0008,13,72095.97,SIOP Review,High
2025-10-01,CUST003,PRD0008,11,62288.68,SIOP Review,Medium
2025-11-01,CUST003,PRD0008,24,143479.68,Commercial Baseline,Low
2025-12-01,CUST003,PRD0008,8,46087.31,Latest Estimate,Low
2026-01-01,CUST003,PRD0008,8,49089.89,Commercial Baseline,Medium
2026-02-01,CUST003,PRD0008,7,38325.6,SIOP Review,Low
2026-03-01,CUST003,PRD0008,14,77690.93,Commercial Baseline,High
2026-04-01,CUST003,PRD0008,13,74247.34,Latest Estimate,Medium
2026-05-01,CUST003,PRD0008,7,39511.43,Commercial Baseline,Medium
2026-06-01,CUST003,PRD0008,12,70543.8,Latest Estimate,Medium
2026-07-01,CUST003,PRD0008,10,55983.5,Latest Estimate,Low
2026-08-01,CUST003,PRD0008,9,51626.57,Latest Estimate,Medium
2026-09-01,CUST003,PRD0008,4,22716.33,SIOP Review,Medium
2026-10-01,CUST003,PRD0008,11,59495.66,Commercial Baseline,Medium
2026-11-01,CUST003,PRD0008,7,39813.89,SIOP Review,Medium
2026-12-01,CUST003,PRD0008,11,61691.36,Commercial Baseline,Medium
2025-07-01,CUST003,PRD0007,7,34297.73,Latest Estimate,Medium
2025-08-01,CUST003,PRD0007,7,32583.87,SIOP Review,Low
2025-09-01,CUST003,PRD0007,5,25970.1,Latest Estimate,Medium
2025-10-01,CUST003,PRD0007,10,47820.68,SIOP Review,High
2025-11-01,CUST003,PRD0007,9,44724.64,Commercial Baseline,Low
2025-12-01,CUST003,PRD0007,21,110724.92,SIOP Review,High
2026-01-01,CUST003,PRD0007,7,36869.94,Commercial Baseline,High
2026-02-01,CUST003,PRD0007,7,33104.07,SIOP Review,High
2026-03-01,CUST003,PRD0007,11,53518.9,Latest Estimate,Medium
2026-04-01,CUST003,PRD0007,12,56766.19,Commercial Baseline,Medium
2026-05-01,CUST003,PRD0007,17,84029.81,Commercial Baseline,Medium
2026-06-01,CUST003,PRD0007,9,45272.41,Latest Estimate,Medium
2026-07-01,CUST003,PRD0007,23,110664.75,Latest Estimate,Low
2026-08-01,CUST003,PRD0007,8,41712.07,Commercial Baseline,Low
2026-09-01,CUST003,PRD0007,22,104803.39,SIOP Review,Medium
2026-10-01,CUST003,PRD0007,8,40434.4,Latest Estimate,Medium
2026-11-01,CUST003,PRD0007,8,38602.32,Latest Estimate,Medium
2026-12-01,CUST003,PRD0007,7,34987.76,Commercial Baseline,High
2025-07-01,CUST003,PRD0069,10,75358.88,Commercial Baseline,Medium
2025-08-01,CUST003,PRD0069,11,77066.1,Latest Estimate,Medium
2025-09-01,CUST003,PRD0069,12,89388.17,Latest Estimate,Low
2025-10-01,CUST003,PRD0069,13,90771.91,SIOP Review,High
2025-11-01,CUST003,PRD0069,10,68567.55,Commercial Baseline,Medium
2025-12-01,CUST003,PRD0069,7,50504.18,Latest Estimate,Medium
2026-01-01,CUST003,PRD0069,12,91895.15,Latest Estimate,Low
2026-02-01,CUST003,PRD0069,10,69492.85,Latest Estimate,Low
2026-03-01,CUST003,PRD0069,11,80507.4,Latest Estimate,High
2026-04-01,CUST003,PRD0069,11,83579.42,Commercial Baseline,High
2026-05-01,CUST003,PRD0069,9,65294.37,SIOP Review,High
2026-06-01,CUST003,PRD0069,9,65631.08,SIOP Review,Low
2026-07-01,CUST003,PRD0069,7,51995.18,SIOP Review,High
2026-08-01,CUST003,PRD0069,9,61033.64,SIOP Review,Medium
2026-09-01,CUST003,PRD0069,15,107084.3,SIOP Review,Low
2026-10-01,CUST003,PRD0069,9,63906.79,SIOP Review,High
2026-11-01,CUST003,PRD0069,10,71529.58,Commercial Baseline,Low
2026-12-01,CUST003,PRD0069,13,89321.19,SIOP Review,Low
2025-07-01,CUST003,PRD0045,0,0.0,Commercial Baseline,Medium
2025-08-01,CUST003,PRD0045,2,13159.07,Latest Estimate,Medium
2025-09-01,CUST003,PRD0045,3,18538.63,Latest Estimate,High
2025-10-01,CUST003,PRD0045,4,25192.36,SIOP Review,Medium
2025-11-01,CUST003,PRD0045,10,66135.17,Commercial Baseline,Medium
2025-12-01,CUST003,PRD0045,3,18572.49,SIOP Review,Low
2026-01-01,CUST003,PRD0045,2,12300.54,Commercial Baseline,Medium
2026-02-01,CUST003,PRD0045,1,6838.68,SIOP Review,Low
2026-03-01,CUST003,PRD0045,2,13514.67,Latest Estimate,Low
2026-04-01,CUST003,PRD0045,3,20242.28,Latest Estimate,High
2026-05-01,CUST003,PRD0045,2,12191.61,Commercial Baseline,Medium
2026-06-01,CUST003,PRD0045,2,13134.72,SIOP Review,Medium
2026-07-01,CUST003,PRD0045,0,0.0,Latest Estimate,Medium
2026-08-01,CUST003,PRD0045,3,18704.68,SIOP Review,Low
2026-09-01,CUST003,PRD0045,2,12398.04,Latest Estimate,Low
2026-10-01,CUST003,PRD0045,2,12255.32,SIOP Review,Medium
2026-11-01,CUST003,PRD0045,6,38324.79,Latest Estimate,Medium
2026-12-01,CUST003,PRD0045,0,0.0,Commercial Baseline,Medium
2025-07-01,CUST003,PRD0095,4,43942.19,SIOP Review,Medium
2025-08-01,CUST003,PRD0095,5,54826.09,Commercial Baseline,Medium
2025-09-01,CUST003,PRD0095,7,69314.98,Latest Estimate,Medium
2025-10-01,CUST003,PRD0095,14,138628.54,Commercial Baseline,Low
2025-11-01,CUST003,PRD0095,6,62119.23,Commercial Baseline,High
2025-12-01,CUST003,PRD0095,5,49782.53,Commercial Baseline,Low
2026-01-01,CUST003,PRD0095,5,53649.56,SIOP Review,Low
2026-02-01,CUST003,PRD0095,5,50465.3,SIOP Review,High
2026-03-01,CUST003,PRD0095,5,49639.99,Latest Estimate,Medium
2026-04-01,CUST003,PRD0095,3,31990.66,Commercial Baseline,High
2026-05-01,CUST003,PRD0095,2,20303.37,SIOP Review,Medium
2026-06-01,CUST003,PRD0095,3,33546.51,Commercial Baseline,Medium
2026-07-01,CUST003,PRD0095,6,62875.51,Latest Estimate,Low
2026-08-01,CUST003,PRD0095,5,51787.8,SIOP Review,Medium
2026-09-01,CUST003,PRD0095,7,70017.69,SIOP Review,Medium
2026-10-01,CUST003,PRD0095,4,42734.27,Commercial Baseline,Low
2026-11-01,CUST003,PRD0095,2,20835.61,SIOP Review,Medium
2026-12-01,CUST003,PRD0095,7,75213.2,Latest Estimate,High
2025-07-01,CUST003,PRD0079,2,18298.31,Latest Estimate,Medium
2025-08-01,CUST003,PRD0079,2,18218.6,Latest Estimate,Low
2025-09-01,CUST003,PRD0079,1,9350.18,Latest Estimate,Low
2025-10-01,CUST003,PRD0079,0,0.0,Latest Estimate,High
2025-11-01,CUST003,PRD0079,2,19158.68,SIOP Review,Medium
2025-12-01,CUST003,PRD0079,1,9290.28,SIOP Review,Low
2026-01-01,CUST003,PRD0079,7,66622.47,Latest Estimate,Medium
2026-02-01,CUST003,PRD0079,0,0.0,Commercial Baseline,High
2026-03-01,CUST003,PRD0079,1,9433.0,Commercial Baseline,Low
2026-04-01,CUST003,PRD0079,9,86508.95,SIOP Review,Medium
2026-05-01,CUST003,PRD0079,0,0.0,Commercial Baseline,Low
2026-06-01,CUST003,PRD0079,0,0.0,SIOP Review,High
2026-07-01,CUST003,PRD0079,0,0.0,Latest Estimate,Medium
2026-08-01,CUST003,PRD0079,1,9871.39,Commercial Baseline,High
2026-09-01,CUST003,PRD0079,0,0.0,Commercial Baseline,Medium
2026-10-01,CUST003,PRD0079,7,70157.83,Latest Estimate,Low
2026-11-01,CUST003,PRD0079,1,9579.83,SIOP Review,Medium
2026-12-01,CUST003,PRD0079,0,0.0,Commercial Baseline,Medium
2025-07-01,CUST003,PRD0054,1,2799.72,SIOP Review,Medium
2025-08-01,CUST003,PRD0054,0,0.0,SIOP Review,Medium
2025-09-01,CUST003,PRD0054,0,0.0,SIOP Review,Medium
2025-10-01,CUST003,PRD0054,0,0.0,Latest Estimate,High
2025-11-01,CUST003,PRD0054,1,2789.27,SIOP Review,Low
2025-12-01,CUST003,PRD0054,12,34986.54,SIOP Review,Low
2026-01-01,CUST003,PRD0054,2,5676.43,SIOP Review,Medium
2026-02-01,CUST003,PRD0054,0,0.0,Latest Estimate,Low
2026-03-01,CUST003,PRD0054,2,6018.43,Latest Estimate,High
2026-04-01,CUST003,PRD0054,0,0.0,Latest Estimate,Medium
2026-05-01,CUST003,PRD0054,0,0.0,Latest Estimate,Medium
2026-06-01,CUST003,PRD0054,0,0.0,Latest Estimate,Low
2026-07-01,CUST003,PRD0054,0,0.0,Commercial Baseline,Medium
2026-08-01,CUST003,PRD0054,2,5582.07,SIOP Review,High
2026-09-01,CUST003,PRD0054,0,0.0,Latest Estimate,Low
2026-10-01,CUST003,PRD0054,0,0.0,SIOP Review,High
2026-11-01,CUST003,PRD0054,1,2875.99,Latest Estimate,Low
2026-12-01,CUST003,PRD0054,0,0.0,Latest Estimate,Medium
2025-07-01,CUST003,PRD0089,0,0.0,Commercial Baseline,Medium
2025-08-01,CUST003,PRD0089,2,19162.18,Commercial Baseline,Low
2025-09-01,CUST003,PRD0089,2,17736.81,SIOP Review,High
2025-10-01,CUST003,PRD0089,0,0.0,Commercial Baseline,High
2025-11-01,CUST003,PRD0089,1,9830.8,Latest Estimate,High
2025-12-01,CUST003,PRD0089,2,17856.5,Commercial Baseline,Medium
2026-01-01,CUST003,PRD0089,18,169653.33,Latest Estimate,Medium
2026-02-01,CUST003,PRD0089,1,9792.05,Latest Estimate,Medium
2026-03-01,CUST003,PRD0089,1,9343.46,Latest Estimate,High
2026-04-01,CUST003,PRD0089,15,134909.13,Latest Estimate,High
2026-05-01,CUST003,PRD0089,0,0.0,Commercial Baseline,Medium
2026-06-01,CUST003,PRD0089,1,9100.41,SIOP Review,High
2026-07-01,CUST003,PRD0089,11,109063.28,SIOP Review,Low
2026-08-01,CUST003,PRD0089,0,0.0,SIOP Review,Medium
2026-09-01,CUST003,PRD0089,1,9053.75,Commercial Baseline,Low
2026-10-01,CUST003,PRD0089,10,91477.29,Commercial Baseline,High
2026-11-01,CUST003,PRD0089,0,0.0,Latest Estimate,Low
2026-12-01,CUST003,PRD0089,2,17699.42,Latest Estimate,Low
2025-07-01,CUST003,PRD0033,2,19458.71,Commercial Baseline,Medium
2025-08-01,CUST003,PRD0033,3,31627.48,SIOP Review,Low
2025-09-01,CUST003,PRD0033,2,20406.63,Commercial Baseline,Medium
2025-10-01,CUST003,PRD0033,1,9657.82,SIOP Review,High
2025-11-01,CUST003,PRD0033,2,20380.89,Commercial Baseline,Low
2025-12-01,CUST003,PRD0033,4,40195.98,SIOP Review,High
2026-01-01,CUST003,PRD0033,2,19926.61,SIOP Review,Low
2026-02-01,CUST003,PRD0033,3,31759.0,Commercial Baseline,Medium
2026-03-01,CUST003,PRD0033,5,49515.66,Latest Estimate,Medium
2026-04-01,CUST003,PRD0033,2,19016.34,Commercial Baseline,Low
2026-05-01,CUST003,PRD0033,1,10418.51,SIOP Review,Low
2026-06-01,CUST003,PRD0033,4,40483.56,SIOP Review,High
2026-07-01,CUST003,PRD0033,1,10242.15,Commercial Baseline,High
2026-08-01,CUST003,PRD0033,9,92831.74,Commercial Baseline,Medium
2026-09-01,CUST003,PRD0033,5,48539.82,Latest Estimate,Low
2026-10-01,CUST003,PRD0033,3,29776.82,SIOP Review,Medium
2026-11-01,CUST003,PRD0033,2,21330.27,Latest Estimate,Medium
2026-12-01,CUST003,PRD0033,2,19762.05,Latest Estimate,Medium
2025-07-01,CUST003,PRD0082,0,0.0,Commercial Baseline,Medium
2025-08-01,CUST003,PRD0082,1,1865.55,SIOP Review,High
2025-09-01,CUST003,PRD0082,0,0.0,Commercial Baseline,Low
2025-10-01,CUST003,PRD0082,0,0.0,Commercial Baseline,Medium
2025-11-01,CUST003,PRD0082,1,1894.8,Latest Estimate,Medium
2025-12-01,CUST003,PRD0082,0,0.0,SIOP Review,Low
2026-01-01,CUST003,PRD0082,1,2035.11,SIOP Review,Low
2026-02-01,CUST003,PRD0082,1,1799.49,Latest Estimate,High
2026-03-01,CUST003,PRD0082,16,32483.36,Commercial Baseline,Low
2026-04-01,CUST003,PRD0082,0,0.0,Commercial Baseline,Medium
2026-05-01,CUST003,PRD0082,2,4058.41,Commercial Baseline,Low
2026-06-01,CUST003,PRD0082,0,0.0,Commercial Baseline,Medium
2026-07-01,CUST003,PRD0082,2,4059.26,Commercial Baseline,Low
2026-08-01,CUST003,PRD0082,2,3627.62,SIOP Review,Low
2026-09-01,CUST003,PRD0082,1,2013.57,Commercial Baseline,Medium
2026-10-01,CUST003,PRD0082,1,1871.22,Commercial Baseline,Low
2026-11-01,CUST003,PRD0082,0,0.0,SIOP Review,High
2026-12-01,CUST003,PRD0082,2,3907.44,Latest Estimate,High
2025-07-01,CUST003,PRD0034,0,0.0,Latest Estimate,High
2025-08-01,CUST003,PRD0034,0,0.0,SIOP Review,High
2025-09-01,CUST003,PRD0034,0,0.0,Commercial Baseline,Medium
2025-10-01,CUST003,PRD0034,2,18630.94,Commercial Baseline,Medium
2025-11-01,CUST003,PRD0034,2,20332.85,Latest Estimate,High
2025-12-01,CUST003,PRD0034,2,18877.88,SIOP Review,Medium
2026-01-01,CUST003,PRD0034,1,9708.31,SIOP Review,Medium
2026-02-01,CUST003,PRD0034,0,0.0,SIOP Review,Low
2026-03-01,CUST003,PRD0034,0,0.0,Commercial Baseline,Medium
2026-04-01,CUST003,PRD0034,1,9784.87,Commercial Baseline,Low
2026-05-01,CUST003,PRD0034,1,9102.62,Commercial Baseline,High
2026-06-01,CUST003,PRD0034,0,0.0,SIOP Review,Low
2026-07-01,CUST003,PRD0034,1,9684.59,Latest Estimate,Medium
2026-08-01,CUST003,PRD0034,1,10040.74,SIOP Review,High
2026-09-01,CUST003,PRD0034,2,18762.87,Latest Estimate,Medium
2026-10-01,CUST003,PRD0034,0,0.0,Latest Estimate,Medium
2026-11-01,CUST003,PRD0034,2,18192.97,SIOP Review,High
2026-12-01,CUST003,PRD0034,1,10105.35,Latest Estimate,High
2025-07-01,CUST003,PRD0098,6,7755.12,Commercial Baseline,Low
2025-08-01,CUST003,PRD0098,2,2865.33,Latest Estimate,Medium
2025-09-01,CUST003,PRD0098,6,8414.85,Commercial Baseline,Medium
2025-10-01,CUST003,PRD0098,4,5295.27,Latest Estimate,Medium
2025-11-01,CUST003,PRD0098,7,8858.41,Commercial Baseline,Medium
2025-12-01,CUST003,PRD0098,15,20733.66,Commercial Baseline,Medium
2026-01-01,CUST003,PRD0098,10,13690.33,Latest Estimate,Medium
2026-02-01,CUST003,PRD0098,3,4231.37,SIOP Review,Low
2026-03-01,CUST003,PRD0098,4,5680.81,Latest Estimate,Medium
2026-04-01,CUST003,PRD0098,7,9250.9,SIOP Review,Medium
2026-05-01,CUST003,PRD0098,2,2600.93,Commercial Baseline,Low
2026-06-01,CUST003,PRD0098,6,7650.38,Commercial Baseline,Low
2026-07-01,CUST003,PRD0098,2,2725.29,Latest Estimate,Low
2026-08-01,CUST003,PRD0098,4,5631.69,SIOP Review,Low
2026-09-01,CUST003,PRD0098,7,9270.25,SIOP Review,Low
2026-10-01,CUST003,PRD0098,8,11363.97,Latest Estimate,Medium
2026-11-01,CUST003,PRD0098,4,5094.96,SIOP Review,Medium
2026-12-01,CUST003,PRD0098,4,5354.64,Commercial Baseline,Medium
2025-07-01,CUST003,PRD0073,1,32082.76,Commercial Baseline,Medium
2025-08-01,CUST003,PRD0073,2,65523.74,SIOP Review,Low
2025-09-01,CUST003,PRD0073,0,0.0,SIOP Review,Medium
2025-10-01,CUST003,PRD0073,4,133929.22,SIOP Review,Medium
2025-11-01,CUST003,PRD0073,3,90287.89,SIOP Review,Medium
2025-12-01,CUST003,PRD0073,2,66086.15,Commercial Baseline,High
2026-01-01,CUST003,PRD0073,1,32049.31,Commercial Baseline,Low
2026-02-01,CUST003,PRD0073,2,68139.79,Latest Estimate,Medium
2026-03-01,CUST003,PRD0073,3,102350.87,Latest Estimate,Medium
2026-04-01,CUST003,PRD0073,3,99327.11,Commercial Baseline,High
2026-05-01,CUST003,PRD0073,2,60709.68,SIOP Review,High
2026-06-01,CUST003,PRD0073,1,33695.97,Latest Estimate,Medium
2026-07-01,CUST003,PRD0073,1,33729.86,Latest Estimate,Medium
2026-08-01,CUST003,PRD0073,17,537214.8,Latest Estimate,Medium
2026-09-01,CUST003,PRD0073,1,30713.26,SIOP Review,High
2026-10-01,CUST003,PRD0073,2,66830.89,Latest Estimate,Low
2026-11-01,CUST003,PRD0073,0,0.0,SIOP Review,Medium
2026-12-01,CUST003,PRD0073,1,32243.42,Latest Estimate,Low
2025-07-01,CUST003,PRD0051,3,102786.5,Commercial Baseline,Medium
2025-08-01,CUST003,PRD0051,5,172571.17,SIOP Review,High
2025-09-01,CUST003,PRD0051,5,169768.94,SIOP Review,Low
2025-10-01,CUST003,PRD0051,6,195532.94,Latest Estimate,Medium
2025-11-01,CUST003,PRD0051,5,179257.44,Latest Estimate,Medium
2025-12-01,CUST003,PRD0051,3,101127.73,SIOP Review,Medium
2026-01-01,CUST003,PRD0051,2,71961.04,Commercial Baseline,Medium
2026-02-01,CUST003,PRD0051,4,133243.6,Commercial Baseline,High
2026-03-01,CUST003,PRD0051,5,170424.22,Commercial Baseline,Low
2026-04-01,CUST003,PRD0051,5,166779.2,Commercial Baseline,Low
2026-05-01,CUST003,PRD0051,3,104626.35,Commercial Baseline,High
2026-06-01,CUST003,PRD0051,3,107085.43,SIOP Review,High
2026-07-01,CUST003,PRD0051,5,175926.7,Latest Estimate,Medium
2026-08-01,CUST003,PRD0051,9,314959.02,Commercial Baseline,Medium
2026-09-01,CUST003,PRD0051,4,141834.44,Commercial Baseline,High
2026-10-01,CUST003,PRD0051,4,137155.37,Commercial Baseline,High
2026-11-01,CUST003,PRD0051,2,65117.36,Commercial Baseline,Medium
2026-12-01,CUST003,PRD0051,2,65380.23,Commercial Baseline,Low
2025-07-01,CUST003,PRD0120,5,58546.3,Commercial Baseline,Low
2025-08-01,CUST003,PRD0120,5,60943.96,Commercial Baseline,High
2025-09-01,CUST003,PRD0120,5,60887.01,SIOP Review,Medium
2025-10-01,CUST003,PRD0120,4,49566.65,Latest Estimate,Medium
2025-11-01,CUST003,PRD0120,7,86088.71,Latest Estimate,Low
2025-12-01,CUST003,PRD0120,4,48451.2,SIOP Review,High
2026-01-01,CUST003,PRD0120,9,104139.56,SIOP Review,Medium
2026-02-01,CUST003,PRD0120,14,164876.54,SIOP Review,Medium
2026-03-01,CUST003,PRD0120,5,56410.68,SIOP Review,Low
2026-04-01,CUST003,PRD0120,7,83641.96,Latest Estimate,High
2026-05-01,CUST003,PRD0120,2,24179.46,SIOP Review,Medium
2026-06-01,CUST003,PRD0120,7,82639.45,Commercial Baseline,Medium
2026-07-01,CUST003,PRD0120,2,24506.79,SIOP Review,Medium
2026-08-01,CUST003,PRD0120,1,11546.06,SIOP Review,Medium
2026-09-01,CUST003,PRD0120,6,69909.55,SIOP Review,High
2026-10-01,CUST003,PRD0120,19,234161.67,SIOP Review,Medium
2026-11-01,CUST003,PRD0120,6,73057.55,Latest Estimate,Medium
2026-12-01,CUST003,PRD0120,8,95511.52,SIOP Review,Medium
2025-07-01,CUST004,PRD0079,0,0.0,Commercial Baseline,Medium
2025-08-01,CUST004,PRD0079,0,0.0,Commercial Baseline,Medium
2025-09-01,CUST004,PRD0079,1,9906.15,Latest Estimate,Medium
2025-10-01,CUST004,PRD0079,0,0.0,Latest Estimate,Medium
2025-11-01,CUST004,PRD0079,0,0.0,Commercial Baseline,Medium
2025-12-01,CUST004,PRD0079,1,9766.69,SIOP Review,Medium
2026-01-01,CUST004,PRD0079,0,0.0,Latest Estimate,High
2026-02-01,CUST004,PRD0079,0,0.0,Commercial Baseline,Medium
2026-03-01,CUST004,PRD0079,0,0.0,Commercial Baseline,Medium
2026-04-01,CUST004,PRD0079,0,0.0,Commercial Baseline,Medium
2026-05-01,CUST004,PRD0079,14,141107.77,Latest Estimate,Low
2026-06-01,CUST004,PRD0079,0,0.0,Commercial Baseline,High
2026-07-01,CUST004,PRD0079,0,0.0,Latest Estimate,Medium
2026-08-01,CUST004,PRD0079,0,0.0,SIOP Review,Medium
2026-09-01,CUST004,PRD0079,0,0.0,Commercial Baseline,High
2026-10-01,CUST004,PRD0079,0,0.0,Commercial Baseline,Low
2026-11-01,CUST004,PRD0079,0,0.0,Latest Estimate,Medium
2026-12-01,CUST004,PRD0079,0,0.0,Commercial Baseline,Medium
2025-07-01,CUST004,PRD0109,2,66526.6,Latest Estimate,High
2025-08-01,CUST004,PRD0109,2,58670.0,Latest Estimate,Low
2025-09-01,CUST004,PRD0109,1,31040.05,Commercial Baseline,Medium
2025-10-01,CUST004,PRD0109,2,63438.23,Commercial Baseline,High
2025-11-01,CUST004,PRD0109,1,29410.05,SIOP Review,Medium
2025-12-01,CUST004,PRD0109,0,0.0,Latest Estimate,High
2026-01-01,CUST004,PRD0109,0,0.0,Commercial Baseline,Medium
2026-02-01,CUST004,PRD0109,2,65318.01,Latest Estimate,Low
2026-03-01,CUST004,PRD0109,2,63927.29,Latest Estimate,Medium
2026-04-01,CUST004,PRD0109,13,412884.55,Commercial Baseline,High
2026-05-01,CUST004,PRD0109,1,31536.36,Latest Estimate,Medium
2026-06-01,CUST004,PRD0109,2,60641.0,SIOP Review,Medium
2026-07-01,CUST004,PRD0109,2,63509.03,Commercial Baseline,Low
2026-08-01,CUST004,PRD0109,0,0.0,Commercial Baseline,Medium
2026-09-01,CUST004,PRD0109,2,65506.38,Commercial Baseline,Medium
2026-10-01,CUST004,PRD0109,2,65768.59,SIOP Review,Medium
2026-11-01,CUST004,PRD0109,17,557145.52,Latest Estimate,High
2026-12-01,CUST004,PRD0109,1,32047.94,Commercial Baseline,Medium
2025-07-01,CUST004,PRD0061,0,0.0,SIOP Review,Medium
2025-08-01,CUST004,PRD0061,0,0.0,SIOP Review,Low
2025-09-01,CUST004,PRD0061,0,0.0,SIOP Review,Medium
2025-10-01,CUST004,PRD0061,0,0.0,Commercial Baseline,High
2025-11-01,CUST004,PRD0061,0,0.0,Commercial Baseline,High
2025-12-01,CUST004,PRD0061,1,7471.08,SIOP Review,High
2026-01-01,CUST004,PRD0061,0,0.0,Commercial Baseline,Medium
2026-02-01,CUST004,PRD0061,1,7923.26,SIOP Review,High
2026-03-01,CUST004,PRD0061,1,8006.84,Latest Estimate,Low
2026-04-01,CUST004,PRD0061,0,0.0,SIOP Review,Medium
2026-05-01,CUST004,PRD0061,0,0.0,Latest Estimate,High
2026-06-01,CUST004,PRD0061,0,0.0,Latest Estimate,High
2026-07-01,CUST004,PRD0061,0,0.0,Latest Estimate,Medium
2026-08-01,CUST004,PRD0061,0,0.0,SIOP Review,High
2026-09-01,CUST004,PRD0061,0,0.0,SIOP Review,Low
2026-10-01,CUST004,PRD0061,0,0.0,Commercial Baseline,Medium
2026-11-01,CUST004,PRD0061,0,0.0,Commercial Baseline,Medium
2026-12-01,CUST004,PRD0061,0,0.0,Latest Estimate,Low
2025-07-01,CUST004,PRD0099,0,0.0,Commercial Baseline,Low
2025-08-01,CUST004,PRD0099,10,24912.0,Commercial Baseline,Medium
2025-09-01,CUST004,PRD0099,0,0.0,Commercial Baseline,Medium
2025-10-01,CUST004,PRD0099,0,0.0,SIOP Review,Medium
2025-11-01,CUST004,PRD0099,0,0.0,Commercial Baseline,High
2025-12-01,CUST004,PRD0099,1,2704.96,Latest Estimate,High
2026-01-01,CUST004,PRD0099,0,0.0,Latest Estimate,Low
2026-02-01,CUST004,PRD0099,1,2697.33,Commercial Baseline,High
2026-03-01,CUST004,PRD0099,0,0.0,Latest Estimate,High
2026-04-01,CUST004,PRD0099,0,0.0,Commercial Baseline,Low
2026-05-01,CUST004,PRD0099,0,0.0,Commercial Baseline,High
2026-06-01,CUST004,PRD0099,0,0.0,SIOP Review,Medium
2026-07-01,CUST004,PRD0099,0,0.0,Latest Estimate,Medium
2026-08-01,CUST004,PRD0099,0,0.0,Commercial Baseline,Medium
2026-09-01,CUST004,PRD0099,0,0.0,Latest Estimate,Medium
2026-10-01,CUST004,PRD0099,0,0.0,SIOP Review,Medium
2026-11-01,CUST004,PRD0099,0,0.0,SIOP Review,Low
2026-12-01,CUST004,PRD0099,0,0.0,SIOP Review,Low
2025-07-01,CUST004,PRD0005,0,0.0,Latest Estimate,High
2025-08-01,CUST004,PRD0005,2,10816.83,Commercial Baseline,Medium
2025-09-01,CUST004,PRD0005,2,10793.51,SIOP Review,Medium
2025-10-01,CUST004,PRD0005,2,10176.71,SIOP Review,Medium
2025-11-01,CUST004,PRD0005,1,5191.28,Latest Estimate,Medium
2025-12-01,CUST004,PRD0005,2,9737.03,Latest Estimate,Medium
2026-01-01,CUST004,PRD0005,2,10963.85,Latest Estimate,High
2026-02-01,CUST004,PRD0005,3,15122.66,SIOP Review,High
2026-03-01,CUST004,PRD0005,2,9675.35,Latest Estimate,Low
2026-04-01,CUST004,PRD0005,15,76769.19,Commercial Baseline,Medium
2026-05-01,CUST004,PRD0005,2,10073.13,Commercial Baseline,Low
2026-06-01,CUST004,PRD0005,3,16516.61,Latest Estimate,High
2026-07-01,CUST004,PRD0005,2,9710.94,SIOP Review,High
2026-08-01,CUST004,PRD0005,4,20802.65,Latest Estimate,High
2026-09-01,CUST004,PRD0005,0,0.0,Latest Estimate,Medium
2026-10-01,CUST004,PRD0005,10,52024.41,SIOP Review,Medium
2026-11-01,CUST004,PRD0005,1,5353.78,Latest Estimate,Medium
2026-12-01,CUST004,PRD0005,2,9869.9,Latest Estimate,Low
2025-07-01,CUST004,PRD0063,0,0.0,Commercial Baseline,Low
2025-08-01,CUST004,PRD0063,1,5908.54,Latest Estimate,Medium
2025-09-01,CUST004,PRD0063,0,0.0,Commercial Baseline,Medium
2025-10-01,CUST004,PRD0063,1,6292.3,Commercial Baseline,Low
2025-11-01,CUST004,PRD0063,0,0.0,SIOP Review,Low
2025-12-01,CUST004,PRD0063,0,0.0,Latest Estimate,High
2026-01-01,CUST004,PRD0063,0,0.0,SIOP Review,High
2026-02-01,CUST004,PRD0063,0,0.0,SIOP Review,Low
2026-03-01,CUST004,PRD0063,0,0.0,Commercial Baseline,Medium
2026-04-01,CUST004,PRD0063,3,18608.25,SIOP Review,High
2026-05-01,CUST004,PRD0063,0,0.0,Commercial Baseline,Low
2026-06-01,CUST004,PRD0063,2,12541.9,Latest Estimate,Medium
2026-07-01,CUST004,PRD0063,0,0.0,Commercial Baseline,Medium
2026-08-01,CUST004,PRD0063,1,6670.95,SIOP Review,Medium
2026-09-01,CUST004,PRD0063,0,0.0,SIOP Review,Medium
2026-10-01,CUST004,PRD0063,1,6046.12,Latest Estimate,Low
2026-11-01,CUST004,PRD0063,2,13132.1,Latest Estimate,Low
2026-12-01,CUST004,PRD0063,2,13336.93,Commercial Baseline,Low
2025-07-01,CUST004,PRD0004,7,44678.6,SIOP Review,Medium
2025-08-01,CUST004,PRD0004,0,0.0,Commercial Baseline,Low
2025-09-01,CUST004,PRD0004,0,0.0,Commercial Baseline,Medium
2025-10-01,CUST004,PRD0004,16,107972.84,SIOP Review,Medium
2025-11-01,CUST004,PRD0004,14,94168.02,Commercial Baseline,High
2025-12-01,CUST004,PRD0004,0,0.0,Latest Estimate,Medium
2026-01-01,CUST004,PRD0004,0,0.0,SIOP Review,Medium
2026-02-01,CUST004,PRD0004,2,13590.9,Latest Estimate,Low
2026-03-01,CUST004,PRD0004,2,12415.29,Latest Estimate,Medium
2026-04-01,CUST004,PRD0004,2,12590.7,SIOP Review,Low
2026-05-01,CUST004,PRD0004,0,0.0,Commercial Baseline,Medium
2026-06-01,CUST004,PRD0004,1,6762.75,Latest Estimate,Medium
2026-07-01,CUST004,PRD0004,1,6784.97,Commercial Baseline,Medium
2026-08-01,CUST004,PRD0004,0,0.0,Commercial Baseline,Low
2026-09-01,CUST004,PRD0004,0,0.0,SIOP Review,Low
2026-10-01,CUST004,PRD0004,0,0.0,Latest Estimate,Medium
2026-11-01,CUST004,PRD0004,0,0.0,Latest Estimate,Medium
2026-12-01,CUST004,PRD0004,13,84851.98,Latest Estimate,Medium
2025-07-01,CUST004,PRD0057,0,0.0,Latest Estimate,High
2025-08-01,CUST004,PRD0057,0,0.0,Latest Estimate,Low
2025-09-01,CUST004,PRD0057,0,0.0,Commercial Baseline,High
2025-10-01,CUST004,PRD0057,0,0.0,Commercial Baseline,Medium
2025-11-01,CUST004,PRD0057,0,0.0,Commercial Baseline,Low
2025-12-01,CUST004,PRD0057,0,0.0,Latest Estimate,High
2026-01-01,CUST004,PRD0057,7,72556.36,Latest Estimate,Medium
2026-02-01,CUST004,PRD0057,0,0.0,Latest Estimate,Medium
2026-03-01,CUST004,PRD0057,0,0.0,SIOP Review,Low
2026-04-01,CUST004,PRD0057,1,10940.06,Latest Estimate,Medium
2026-05-01,CUST004,PRD0057,0,0.0,Latest Estimate,Medium
2026-06-01,CUST004,PRD0057,0,0.0,Commercial Baseline,Low
2026-07-01,CUST004,PRD0057,0,0.0,Commercial Baseline,Medium
2026-08-01,CUST004,PRD0057,0,0.0,SIOP Review,Medium
2026-09-01,CUST004,PRD0057,0,0.0,SIOP Review,Low
2026-10-01,CUST004,PRD0057,0,0.0,SIOP Review,Medium
2026-11-01,CUST004,PRD0057,0,0.0,SIOP Review,Low
2026-12-01,CUST004,PRD0057,0,0.0,SIOP Review,Low
2025-07-01,CUST004,PRD0058,3,9663.81,Latest Estimate,Low
2025-08-01,CUST004,PRD0058,3,9573.9,SIOP Review,Medium
2025-09-01,CUST004,PRD0058,4,13639.15,Latest Estimate,Low
2025-10-01,CUST004,PRD0058,3,10021.85,SIOP Review,Low
2025-11-01,CUST004,PRD0058,17,52348.79,SIOP Review,Medium
2025-12-01,CUST004,PRD0058,1,3071.65,Latest Estimate,Medium
2026-01-01,CUST004,PRD0058,5,15778.36,SIOP Review,High
2026-02-01,CUST004,PRD0058,3,10162.17,SIOP Review,Medium
2026-03-01,CUST004,PRD0058,3,9661.44,Commercial Baseline,Medium
2026-04-01,CUST004,PRD0058,2,6046.47,Latest Estimate,Medium
2026-05-01,CUST004,PRD0058,2,6184.48,SIOP Review,Medium
2026-06-01,CUST004,PRD0058,2,6519.27,Commercial Baseline,Medium
2026-07-01,CUST004,PRD0058,4,13228.75,SIOP Review,High
2026-08-01,CUST004,PRD0058,3,9998.4,Latest Estimate,Medium
2026-09-01,CUST004,PRD0058,4,12154.99,Latest Estimate,High
2026-10-01,CUST004,PRD0058,3,9755.54,Latest Estimate,Low
2026-11-01,CUST004,PRD0058,1,3116.27,SIOP Review,Medium
2026-12-01,CUST004,PRD0058,2,6139.42,Latest Estimate,Medium
2025-07-01,CUST004,PRD0008,9,50770.87,Commercial Baseline,Medium
2025-08-01,CUST004,PRD0008,10,59561.51,Latest Estimate,Medium
2025-09-01,CUST004,PRD0008,6,36117.51,Commercial Baseline,Medium
2025-10-01,CUST004,PRD0008,7,41943.19,Latest Estimate,High
2025-11-01,CUST004,PRD0008,9,54149.06,SIOP Review,High
2025-12-01,CUST004,PRD0008,12,66960.33,Commercial Baseline,Medium
2026-01-01,CUST004,PRD0008,15,84620.33,Commercial Baseline,High
2026-02-01,CUST004,PRD0008,10,55921.69,SIOP Review,High
2026-03-01,CUST004,PRD0008,10,57238.32,Latest Estimate,Medium
2026-04-01,CUST004,PRD0008,8,45541.82,Commercial Baseline,High
2026-05-01,CUST004,PRD0008,18,104845.2,Commercial Baseline,Medium
2026-06-01,CUST004,PRD0008,3,18204.52,Commercial Baseline,Low
2026-07-01,CUST004,PRD0008,12,71807.47,Latest Estimate,High
2026-08-01,CUST004,PRD0008,9,51123.67,SIOP Review,High
2026-09-01,CUST004,PRD0008,9,48989.03,Latest Estimate,High
2026-10-01,CUST004,PRD0008,13,76717.84,SIOP Review,High
2026-11-01,CUST004,PRD0008,8,47192.14,Commercial Baseline,Medium
2026-12-01,CUST004,PRD0008,7,42800.58,SIOP Review,High
2025-07-01,CUST004,PRD0064,6,145120.11,Commercial Baseline,Medium
2025-08-01,CUST004,PRD0064,16,393759.42,Latest Estimate,Medium
2025-09-01,CUST004,PRD0064,9,230360.86,SIOP Review,Medium
2025-10-01,CUST004,PRD0064,12,296337.27,SIOP Review,Medium
2025-11-01,CUST004,PRD0064,15,395973.02,Commercial Baseline,Medium
2025-12-01,CUST004,PRD0064,21,547560.24,Latest Estimate,Medium
2026-01-01,CUST004,PRD0064,18,429172.85,SIOP Review,Medium
2026-02-01,CUST004,PRD0064,0,0.0,Latest Estimate,High
2026-03-01,CUST004,PRD0064,12,301730.34,Latest Estimate,High
2026-04-01,CUST004,PRD0064,9,234929.11,Latest Estimate,High
2026-05-01,CUST004,PRD0064,11,281843.68,Commercial Baseline,Low
2026-06-01,CUST004,PRD0064,13,338581.06,Commercial Baseline,High
2026-07-01,CUST004,PRD0064,6,158542.65,Latest Estimate,Medium
2026-08-01,CUST004,PRD0064,17,431302.43,Latest Estimate,Medium
2026-09-01,CUST004,PRD0064,16,396417.58,Latest Estimate,High
2026-10-01,CUST004,PRD0064,18,421941.68,Commercial Baseline,High
2026-11-01,CUST004,PRD0064,9,231396.64,Commercial Baseline,Medium
2026-12-01,CUST004,PRD0064,11,266161.45,Latest Estimate,Medium
2025-07-01,CUST004,PRD0114,2,5426.96,Commercial Baseline,Low
2025-08-01,CUST004,PRD0114,4,10792.71,Commercial Baseline,Medium
2025-09-01,CUST004,PRD0114,6,15781.32,Latest Estimate,Low
2025-10-01,CUST004,PRD0114,8,20334.43,Commercial Baseline,High
2025-11-01,CUST004,PRD0114,3,8313.26,Commercial Baseline,High
2025-12-01,CUST004,PRD0114,8,20797.7,SIOP Review,High
2026-01-01,CUST004,PRD0114,2,5552.9,Latest Estimate,High
2026-02-01,CUST004,PRD0114,4,10229.33,SIOP Review,Medium
2026-03-01,CUST004,PRD0114,4,11159.79,Latest Estimate,Medium
2026-04-01,CUST004,PRD0114,4,10352.07,Commercial Baseline,High
2026-05-01,CUST004,PRD0114,4,11061.05,Commercial Baseline,High
2026-06-01,CUST004,PRD0114,1,2610.64,SIOP Review,Medium
2026-07-01,CUST004,PRD0114,20,52222.23,SIOP Review,Low
2026-08-01,CUST004,PRD0114,5,13096.68,Commercial Baseline,Medium
2026-09-01,CUST004,PRD0114,7,17763.37,Commercial Baseline,Low
2026-10-01,CUST004,PRD0114,7,17403.24,Commercial Baseline,Low
2026-11-01,CUST004,PRD0114,14,36321.19,SIOP Review,Medium
2026-12-01,CUST004,PRD0114,4,10264.48,SIOP Review,Medium
2025-07-01,CUST004,PRD0034,0,0.0,SIOP Review,Medium
2025-08-01,CUST004,PRD0034,1,9208.04,Commercial Baseline,Medium
2025-09-01,CUST004,PRD0034,18,182328.87,Latest Estimate,Low
2025-10-01,CUST004,PRD0034,2,18056.44,SIOP Review,Low
2025-11-01,CUST004,PRD0034,7,69328.17,SIOP Review,Medium
2025-12-01,CUST004,PRD0034,0,0.0,Latest Estimate,High
2026-01-01,CUST004,PRD0034,3,27328.99,SIOP Review,Medium
2026-02-01,CUST004,PRD0034,0,0.0,SIOP Review,High
2026-03-01,CUST004,PRD0034,1,9544.41,Commercial Baseline,High
2026-04-01,CUST004,PRD0034,2,19640.9,SIOP Review,High
2026-05-01,CUST004,PRD0034,1,10058.04,SIOP Review,Medium
2026-06-01,CUST004,PRD0034,0,0.0,SIOP Review,Medium
2026-07-01,CUST004,PRD0034,1,9451.97,Latest Estimate,Low
2026-08-01,CUST004,PRD0034,2,18375.41,Commercial Baseline,Medium
2026-09-01,CUST004,PRD0034,3,28812.57,SIOP Review,Low
2026-10-01,CUST004,PRD0034,2,20065.14,Latest Estimate,Medium
2026-11-01,CUST004,PRD0034,1,9066.15,Commercial Baseline,Medium
2026-12-01,CUST004,PRD0034,7,67541.26,SIOP Review,Low
2025-07-01,CUST004,PRD0115,1,7938.01,Commercial Baseline,Medium
2025-08-01,CUST004,PRD0115,3,24396.82,SIOP Review,Medium
2025-09-01,CUST004,PRD0115,3,22507.21,Commercial Baseline,Medium
2025-10-01,CUST004,PRD0115,4,30642.41,Commercial Baseline,Medium
2025-11-01,CUST004,PRD0115,3,24102.14,SIOP Review,Low
2025-12-01,CUST004,PRD0115,2,16279.09,Latest Estimate,High
2026-01-01,CUST004,PRD0115,0,0.0,Commercial Baseline,Medium
2026-02-01,CUST004,PRD0115,4,30319.6,SIOP Review,Low
2026-03-01,CUST004,PRD0115,3,23697.89,Commercial Baseline,Medium
2026-04-01,CUST004,PRD0115,3,25105.97,SIOP Review,Low
2026-05-01,CUST004,PRD0115,1,8168.44,SIOP Review,Medium
2026-06-01,CUST004,PRD0115,5,39367.11,Latest Estimate,Medium
2026-07-01,CUST004,PRD0115,2,16404.82,Latest Estimate,Medium
2026-08-01,CUST004,PRD0115,4,32268.96,Commercial Baseline,Medium
2026-09-01,CUST004,PRD0115,5,38709.14,Latest Estimate,Low
2026-10-01,CUST004,PRD0115,3,23176.6,Latest Estimate,Medium
2026-11-01,CUST004,PRD0115,3,23924.6,SIOP Review,Low
2026-12-01,CUST004,PRD0115,3,24322.24,Commercial Baseline,Low
2025-07-01,CUST004,PRD0048,2,12819.77,SIOP Review,Medium
2025-08-01,CUST004,PRD0048,1,6916.48,Commercial Baseline,Medium
2025-09-01,CUST004,PRD0048,2,12793.96,SIOP Review,Medium
2025-10-01,CUST004,PRD0048,2,13603.73,Latest Estimate,Low
2025-11-01,CUST004,PRD0048,2,13701.53,SIOP Review,Low
2025-12-01,CUST004,PRD0048,3,19001.87,SIOP Review,Low
2026-01-01,CUST004,PRD0048,2,12770.85,Commercial Baseline,Low
2026-02-01,CUST004,PRD0048,2,12710.36,Commercial Baseline,Medium
2026-03-01,CUST004,PRD0048,15,98028.07,Latest Estimate,Low
2026-04-01,CUST004,PRD0048,2,13212.69,Latest Estimate,High
2026-05-01,CUST004,PRD0048,1,6348.5,SIOP Review,High
2026-06-01,CUST004,PRD0048,2,13367.65,Commercial Baseline,Medium
2026-07-01,CUST004,PRD0048,1,6556.88,Commercial Baseline,Low
2026-08-01,CUST004,PRD0048,3,20639.27,Latest Estimate,Medium
2026-09-01,CUST004,PRD0048,2,12305.16,Latest Estimate,Low
2026-10-01,CUST004,PRD0048,8,54895.17,Latest Estimate,High
2026-11-01,CUST004,PRD0048,2,12195.22,Latest Estimate,Medium
2026-12-01,CUST004,PRD0048,1,6295.2,Latest Estimate,Low
2025-07-01,CUST004,PRD0073,0,0.0,Latest Estimate,Low
2025-08-01,CUST004,PRD0073,1,32030.02,Latest Estimate,High
2025-09-01,CUST004,PRD0073,3,96958.19,SIOP Review,Medium
2025-10-01,CUST004,PRD0073,12,390988.85,SIOP Review,Low
2025-11-01,CUST004,PRD0073,1,30525.56,Latest Estimate,Medium
2025-12-01,CUST004,PRD0073,1,33119.88,Latest Estimate,High
2026-01-01,CUST004,PRD0073,2,60277.92,Latest Estimate,High
2026-02-01,CUST004,PRD0073,2,62122.24,SIOP Review,High
2026-03-01,CUST004,PRD0073,2,63758.02,Commercial Baseline,Medium
2026-04-01,CUST004,PRD0073,1,30313.38,SIOP Review,Medium
2026-05-01,CUST004,PRD0073,3,102315.16,Latest Estimate,Low
2026-06-01,CUST004,PRD0073,0,0.0,Latest Estimate,High
2026-07-01,CUST004,PRD0073,2,60127.95,Commercial Baseline,Medium
2026-08-01,CUST004,PRD0073,12,401807.41,SIOP Review,Medium
2026-09-01,CUST004,PRD0073,0,0.0,SIOP Review,Low
2026-10-01,CUST004,PRD0073,3,90124.41,Commercial Baseline,Medium
2026-11-01,CUST004,PRD0073,0,0.0,SIOP Review,Medium
2026-12-01,CUST004,PRD0073,3,94274.98,Commercial Baseline,Medium
2025-07-01,CUST004,PRD0084,2,76085.61,SIOP Review,Medium
2025-08-01,CUST004,PRD0084,4,162964.71,Latest Estimate,Medium
2025-09-01,CUST004,PRD0084,7,265385.99,Commercial Baseline,Medium
2025-10-01,CUST004,PRD0084,7,251609.51,Commercial Baseline,Low
2025-11-01,CUST004,PRD0084,6,215248.09,SIOP Review,High
2025-12-01,CUST004,PRD0084,1,37214.39,SIOP Review,Low
2026-01-01,CUST004,PRD0084,5,179562.25,SIOP Review,Low
2026-02-01,CUST004,PRD0084,2,78960.05,Latest Estimate,Medium
2026-03-01,CUST004,PRD0084,5,193382.15,SIOP Review,Low
2026-04-01,CUST004,PRD0084,4,158384.24,SIOP Review,High
2026-05-01,CUST004,PRD0084,6,221974.4,SIOP Review,Medium
2026-06-01,CUST004,PRD0084,2,77542.7,Commercial Baseline,High
2026-07-01,CUST004,PRD0084,2,74971.58,Commercial Baseline,Medium
2026-08-01,CUST004,PRD0084,5,188990.31,Commercial Baseline,Medium
2026-09-01,CUST004,PRD0084,8,311701.24,Latest Estimate,High
2026-10-01,CUST004,PRD0084,4,149950.1,Latest Estimate,Medium
2026-11-01,CUST004,PRD0084,4,162099.31,Latest Estimate,Medium
2026-12-01,CUST004,PRD0084,4,146492.95,Commercial Baseline,Low
2025-07-01,CUST004,PRD0033,0,0.0,Latest Estimate,Medium
2025-08-01,CUST004,PRD0033,0,0.0,Latest Estimate,High
2025-09-01,CUST004,PRD0033,0,0.0,SIOP Review,Medium
2025-10-01,CUST004,PRD0033,1,10095.22,SIOP Review,Medium
2025-11-01,CUST004,PRD0033,0,0.0,Commercial Baseline,Low
2025-12-01,CUST004,PRD0033,0,0.0,Commercial Baseline,High
2026-01-01,CUST004,PRD0033,0,0.0,Latest Estimate,Medium
2026-02-01,CUST004,PRD0033,1,10289.27,SIOP Review,Medium
2026-03-01,CUST004,PRD0033,0,0.0,Commercial Baseline,Medium
2026-04-01,CUST004,PRD0033,0,0.0,Commercial Baseline,High
2026-05-01,CUST004,PRD0033,0,0.0,Latest Estimate,High
2026-06-01,CUST004,PRD0033,1,9811.37,SIOP Review,High
2026-07-01,CUST004,PRD0033,0,0.0,SIOP Review,Medium
2026-08-01,CUST004,PRD0033,1,10173.33,SIOP Review,High
2026-09-01,CUST004,PRD0033,1,9438.84,Commercial Baseline,Medium
2026-10-01,CUST004,PRD0033,2,20887.62,Commercial Baseline,Low
2026-11-01,CUST004,PRD0033,10,101265.41,Latest Estimate,Medium
2026-12-01,CUST004,PRD0033,1,9740.92,Commercial Baseline,Medium
2025-07-01,CUST004,PRD0002,5,106460.94,SIOP Review,High
2025-08-01,CUST004,PRD0002,3,59341.86,Latest Estimate,Medium
2025-09-01,CUST004,PRD0002,3,65556.46,Latest Estimate,Low
2025-10-01,CUST004,PRD0002,7,152757.24,Commercial Baseline,Medium
2025-11-01,CUST004,PRD0002,4,88132.38,SIOP Review,Medium
2025-12-01,CUST004,PRD0002,4,88249.46,SIOP Review,High
2026-01-01,CUST004,PRD0002,7,143789.08,SIOP Review,High
2026-02-01,CUST004,PRD0002,4,82370.84,Latest Estimate,Medium
2026-03-01,CUST004,PRD0002,6,125850.92,SIOP Review,High
2026-04-01,CUST004,PRD0002,5,100122.57,Commercial Baseline,Low
2026-05-01,CUST004,PRD0002,2,43113.81,SIOP Review,Low
2026-06-01,CUST004,PRD0002,2,43081.51,Latest Estimate,Medium
2026-07-01,CUST004,PRD0002,2,40135.54,Latest Estimate,Medium
2026-08-01,CUST004,PRD0002,6,120688.68,Commercial Baseline,Medium
2026-09-01,CUST004,PRD0002,9,192833.86,Latest Estimate,Medium
2026-10-01,CUST004,PRD0002,5,110034.27,Latest Estimate,High
2026-11-01,CUST004,PRD0002,1,19891.71,Commercial Baseline,High
2026-12-01,CUST004,PRD0002,6,122154.38,Latest Estimate,Medium
2025-07-01,CUST004,PRD0007,2,9787.98,SIOP Review,Low
2025-08-01,CUST004,PRD0007,5,25876.63,Commercial Baseline,Low
2025-09-01,CUST004,PRD0007,5,24388.74,Commercial Baseline,Medium
2025-10-01,CUST004,PRD0007,5,25757.97,Latest Estimate,Medium
2025-11-01,CUST004,PRD0007,3,14449.32,Latest Estimate,Medium
2025-12-01,CUST004,PRD0007,7,35515.26,Commercial Baseline,Medium
2026-01-01,CUST004,PRD0007,3,14757.59,SIOP Review,Medium
2026-02-01,CUST004,PRD0007,3,13985.5,Commercial Baseline,Medium
2026-03-01,CUST004,PRD0007,4,20607.22,Commercial Baseline,Medium
2026-04-01,CUST004,PRD0007,8,41069.7,Latest Estimate,High
2026-05-01,CUST004,PRD0007,4,20625.11,Commercial Baseline,Medium
2026-06-01,CUST004,PRD0007,4,20701.13,SIOP Review,Low
2026-07-01,CUST004,PRD0007,0,0.0,Commercial Baseline,Medium
2026-08-01,CUST004,PRD0007,5,25111.69,SIOP Review,Low
2026-09-01,CUST004,PRD0007,8,42021.88,Latest Estimate,Medium
2026-10-01,CUST004,PRD0007,6,31163.29,SIOP Review,Medium
2026-11-01,CUST004,PRD0007,5,24039.56,Latest Estimate,High
2026-12-01,CUST004,PRD0007,5,24330.73,SIOP Review,High
2025-07-01,CUST004,PRD0083,8,31685.82,Latest Estimate,High
2025-08-01,CUST004,PRD0083,12,48315.72,SIOP Review,Medium
2025-09-01,CUST004,PRD0083,7,27603.65,Commercial Baseline,Medium
2025-10-01,CUST004,PRD0083,13,52037.47,Commercial Baseline,Medium
2025-11-01,CUST004,PRD0083,5,20047.98,Latest Estimate,Low
2025-12-01,CUST004,PRD0083,10,40310.73,Commercial Baseline,Medium
2026-01-01,CUST004,PRD0083,8,31248.18,Commercial Baseline,Medium
2026-02-01,CUST004,PRD0083,8,31814.57,SIOP Review,Low
2026-03-01,CUST004,PRD0083,12,48642.17,Latest Estimate,Low
2026-04-01,CUST004,PRD0083,18,78086.94,Latest Estimate,High
2026-05-01,CUST004,PRD0083,8,34684.52,Commercial Baseline,Medium
2026-06-01,CUST004,PRD0083,3,12363.96,Commercial Baseline,Medium
2026-07-01,CUST004,PRD0083,7,28217.4,Commercial Baseline,High
2026-08-01,CUST004,PRD0083,24,102142.09,Commercial Baseline,Low
2026-09-01,CUST004,PRD0083,15,62515.97,Commercial Baseline,Low
2026-10-01,CUST004,PRD0083,14,53697.3,SIOP Review,High
2026-11-01,CUST004,PRD0083,5,20385.51,SIOP Review,Medium
2026-12-01,CUST004,PRD0083,7,27882.55,Latest Estimate,Low
2025-07-01,CUST004,PRD0038,2,103461.72,Commercial Baseline,High
2025-08-01,CUST004,PRD0038,1,53871.64,SIOP Review,Medium
2025-09-01,CUST004,PRD0038,2,110522.69,SIOP Review,High
2025-10-01,CUST004,PRD0038,6,314064.75,Commercial Baseline,Medium
2025-11-01,CUST004,PRD0038,1,54723.24,Commercial Baseline,Medium
2025-12-01,CUST004,PRD0038,2,99467.74,Commercial Baseline,Low
2026-01-01,CUST004,PRD0038,0,0.0,SIOP Review,Medium
2026-02-01,CUST004,PRD0038,0,0.0,Commercial Baseline,Medium
2026-03-01,CUST004,PRD0038,0,0.0,Commercial Baseline,Medium
2026-04-01,CUST004,PRD0038,2,98752.56,Latest Estimate,Low
2026-05-01,CUST004,PRD0038,0,0.0,SIOP Review,High
2026-06-01,CUST004,PRD0038,0,0.0,Commercial Baseline,High
2026-07-01,CUST004,PRD0038,2,103153.19,Latest Estimate,High
2026-08-01,CUST004,PRD0038,0,0.0,Latest Estimate,Medium
2026-09-01,CUST004,PRD0038,2,105404.28,Latest Estimate,High
2026-10-01,CUST004,PRD0038,0,0.0,Commercial Baseline,Medium
2026-11-01,CUST004,PRD0038,0,0.0,SIOP Review,Medium
2026-12-01,CUST004,PRD0038,0,0.0,SIOP Review,Low
2025-07-01,CUST004,PRD0051,0,0.0,Commercial Baseline,Medium
2025-08-01,CUST004,PRD0051,0,0.0,SIOP Review,Medium
2025-09-01,CUST004,PRD0051,0,0.0,SIOP Review,Medium
2025-10-01,CUST004,PRD0051,0,0.0,SIOP Review,Medium
2025-11-01,CUST004,PRD0051,0,0.0,Latest Estimate,Medium
2025-12-01,CUST004,PRD0051,0,0.0,SIOP Review,Medium
2026-01-01,CUST004,PRD0051,0,0.0,Latest Estimate,Low
2026-02-01,CUST004,PRD0051,0,0.0,Latest Estimate,High
2026-03-01,CUST004,PRD0051,0,0.0,SIOP Review,Low
2026-04-01,CUST004,PRD0051,0,0.0,Commercial Baseline,Low
2026-05-01,CUST004,PRD0051,0,0.0,SIOP Review,Medium
2026-06-01,CUST004,PRD0051,0,0.0,Commercial Baseline,Medium
2026-07-01,CUST004,PRD0051,0,0.0,Commercial Baseline,High
2026-08-01,CUST004,PRD0051,0,0.0,SIOP Review,High
2026-09-01,CUST004,PRD0051,0,0.0,Latest Estimate,High
2026-10-01,CUST004,PRD0051,0,0.0,Commercial Baseline,High
2026-11-01,CUST004,PRD0051,0,0.0,Latest Estimate,High
2026-12-01,CUST004,PRD0051,1,32046.99,SIOP Review,Medium
2025-07-01,CUST004,PRD0015,0,0.0,SIOP Review,Low
2025-08-01,CUST004,PRD0015,0,0.0,SIOP Review,Medium
2025-09-01,CUST004,PRD0015,2,76863.52,SIOP Review,Medium
2025-10-01,CUST004,PRD0015,0,0.0,SIOP Review,High
2025-11-01,CUST004,PRD0015,0,0.0,Latest Estimate,Medium
2025-12-01,CUST004,PRD0015,1,36566.14,SIOP Review,Low
2026-01-01,CUST004,PRD0015,1,39744.65,Commercial Baseline,Medium
2026-02-01,CUST004,PRD0015,0,0.0,Commercial Baseline,High
2026-03-01,CUST004,PRD0015,10,393044.62,Commercial Baseline,Medium
2026-04-01,CUST004,PRD0015,0,0.0,Latest Estimate,High
2026-05-01,CUST004,PRD0015,0,0.0,SIOP Review,Medium
2026-06-01,CUST004,PRD0015,8,317649.65,SIOP Review,Medium
2026-07-01,CUST004,PRD0015,0,0.0,Commercial Baseline,Medium
2026-08-01,CUST004,PRD0015,0,0.0,Commercial Baseline,High
2026-09-01,CUST004,PRD0015,14,526988.71,SIOP Review,Medium
2026-10-01,CUST004,PRD0015,0,0.0,Commercial Baseline,Low
2026-11-01,CUST004,PRD0015,0,0.0,Commercial Baseline,High
2026-12-01,CUST004,PRD0015,0,0.0,SIOP Review,Medium
2025-07-01,CUST004,PRD0093,3,107830.34,Commercial Baseline,Medium
2025-08-01,CUST004,PRD_X0008,3,106968.46,Commercial Baseline,Medium
2025-09-01,CUST004,PRD0093,0,0.0,Latest Estimate,Low
2025-10-01,CUST004,PRD0093,4,144439.97,Latest Estimate,High
2025-11-01,CUST004,PRD0093,3,110452.51,Commercial Baseline,Medium
2025-12-01,CUST004,PRD0093,14,516413.91,Commercial Baseline,Medium
2026-01-01,CUST004,PRD0093,2,72634.82,SIOP Review,Low
2026-02-01,CUST004,PRD0093,2,71397.24,Commercial Baseline,Medium
2026-03-01,CUST004,PRD0093,2,70068.73,Latest Estimate,High
2026-04-01,CUST004,PRD0093,3,109265.79,SIOP Review,High
2026-05-01,CUST004,PRD0093,2,71943.72,Latest Estimate,High
2026-06-01,CUST004,PRD0093,1,37694.88,Commercial Baseline,Low
2026-07-01,CUST004,PRD0093,1,35574.86,Commercial Baseline,Medium
2026-08-01,CUST004,PRD0093,1,36501.25,Latest Estimate,High
2026-09-01,CUST004,PRD0093,1,39194.63,SIOP Review,Low
2026-10-01,CUST004,PRD0093,3,107800.56,SIOP Review,Low
2026-11-01,CUST004,PRD0093,0,0.0,Commercial Baseline,Low
2026-12-01,CUST004,PRD0093,1,39246.61,SIOP Review,Low
2025-07-01,CUST004,PRD0069,18,134427.31,Latest Estimate,Medium
2025-08-01,CUST004,PRD0069,3,22231.62,SIOP Review,High
2025-09-01,CUST004,PRD0069,4,28762.45,Latest Estimate,High
2025-10-01,CUST004,PRD0069,5,37818.66,SIOP Review,Medium
2025-11-01,CUST004,PRD0069,3,20629.38,Latest Estimate,High
2025-12-01,CUST004,PRD0069,2,14199.43,Latest Estimate,Medium
2026-01-01,CUST004,PRD0069,3,22124.99,Commercial Baseline,Low
2026-02-01,CUST004,PRD0069,5,34889.64,Latest Estimate,High
2026-03-01,CUST004,PRD0069,3,22583.31,SIOP Review,Medium
2026-04-01,CUST004,PRD0069,4,30528.4,Latest Estimate,High
2026-05-01,CUST004,PRD0069,5,37351.9,SIOP Review,Low
2026-06-01,CUST004,PRD0069,4,30184.21,SIOP Review,High
2026-07-01,CUST004,PRD0069,17,117782.76,Latest Estimate,High
2026-08-01,CUST004,PRD0069,4,27780.13,SIOP Review,Medium
2026-09-01,CUST004,PRD0069,6,40807.07,Commercial Baseline,Low
2026-10-01,CUST004,PRD0069,3,22347.71,SIOP Review,Low
2026-11-01,CUST004,PRD0069,5,36782.83,Commercial Baseline,High
2026-12-01,CUST004,PRD0069,5,37912.14,Commercial Baseline,Medium
2025-07-01,CUST004,PRD0056,1,31571.69,Commercial Baseline,Medium
2025-08-01,CUST004,PRD0056,1,34500.29,SIOP Review,Medium
2025-09-01,CUST004,PRD0056,0,0.0,SIOP Review,Medium
2025-10-01,CUST004,PRD0056,2,66878.14,Commercial Baseline,High
2025-11-01,CUST004,PRD0056,0,0.0,SIOP Review,Medium
2025-12-01,CUST004,PRD0056,0,0.0,Commercial Baseline,Medium
2026-01-01,CUST004,PRD0056,0,0.0,SIOP Review,Medium
2026-02-01,CUST004,PRD0056,0,0.0,Latest Estimate,Medium
2026-03-01,CUST004,PRD0056,0,0.0,Commercial Baseline,Low
2026-04-01,CUST004,PRD0056,2,64168.31,SIOP Review,Medium
2026-05-01,CUST004,PRD0056,0,0.0,SIOP Review,Medium
2026-06-01,CUST004,PRD0056,0,0.0,SIOP Review,High
2026-07-01,CUST004,PRD0056,0,0.0,Latest Estimate,Medium
2026-08-01,CUST004,PRD0056,14,484309.54,Commercial Baseline,Low
2026-09-01,CUST004,PRD0056,1,34384.76,Commercial Baseline,Medium
2026-10-01,CUST004,PRD0056,1,34651.08,Commercial Baseline,Medium
2026-11-01,CUST004,PRD0056,0,0.0,Latest Estimate,High
2026-12-01,CUST004,PRD0056,0,0.0,Commercial Baseline,Medium
2025-07-01,CUST004,PRD0085,1,8602.49,Commercial Baseline,High
2025-08-01,CUST004,PRD0085,0,0.0,SIOP Review,Medium
2025-09-01,CUST004,PRD0085,1,8613.12,Latest Estimate,Low
2025-10-01,CUST004,PRD0085,1,8421.67,Commercial Baseline,Low
2025-11-01,CUST004,PRD0085,1,8491.87,Commercial Baseline,Medium
2025-12-01,CUST004,PRD0085,2,18510.4,Latest Estimate,Low
2026-01-01,CUST004,PRD0085,2,17657.11,SIOP Review,Low
2026-02-01,CUST004,PRD0085,2,18039.76,Latest Estimate,Medium
2026-03-01,CUST004,PRD0085,9,79870.63,Commercial Baseline,High
2026-04-01,CUST004,PRD0085,0,0.0,Commercial Baseline,Medium
2026-05-01,CUST004,PRD0085,1,8695.29,Commercial Baseline,Low
2026-06-01,CUST004,PRD0085,2,18488.57,Commercial Baseline,High
2026-07-01,CUST004,PRD0085,0,0.0,Commercial Baseline,Medium
2026-08-01,CUST004,PRD0085,10,89939.33,SIOP Review,Medium
2026-09-01,CUST004,PRD0085,2,18051.67,Latest Estimate,Low
2026-10-01,CUST004,PRD0085,0,0.0,SIOP Review,Medium
2026-11-01,CUST004,PRD0085,0,0.0,Commercial Baseline,Medium
2026-12-01,CUST004,PRD0085,1,9021.87,Latest Estimate,Low
2025-07-01,CUST004,PRD0017,10,67300.34,SIOP Review,High
2025-08-01,CUST004,PRD0017,8,50095.58,Commercial Baseline,Medium
2025-09-01,CUST004,PRD0017,11,74000.27,Latest Estimate,Medium
2025-10-01,CUST004,PRD0017,10,64352.74,Commercial Baseline,High
2025-11-01,CUST004,PRD0017,10,69785.32,SIOP Review,Medium
2025-12-01,CUST004,PRD0017,3,20262.94,Commercial Baseline,Medium
2026-01-01,CUST004,PRD0017,1,7033.79,Commercial Baseline,Low
2026-02-01,CUST004,PRD0017,6,38528.96,Latest Estimate,High
2026-03-01,CUST004,PRD0017,13,91321.09,SIOP Review,Medium
2026-04-01,CUST004,PRD0017,11,73015.44,Latest Estimate,Low
2026-05-01,CUST004,PRD0017,15,97471.51,SIOP Review,Medium
2026-06-01,CUST004,PRD0017,7,44630.21,Commercial Baseline,Medium
2026-07-01,CUST004,PRD0017,5,34205.5,Commercial Baseline,Medium
2026-08-01,CUST004,PRD0017,5,35334.27,SIOP Review,High
2026-09-01,CUST004,PRD0017,10,69249.22,SIOP Review,Medium
2026-10-01,CUST004,PRD0017,16,103396.63,Commercial Baseline,Medium
2026-11-01,CUST004,PRD0017,9,61017.92,SIOP Review,High
2026-12-01,CUST004,PRD0017,13,92118.22,SIOP Review,Medium
2025-07-01,CUST004,PRD0052,12,132888.91,Commercial Baseline,Low
2025-08-01,CUST004,PRD0052,11,118198.62,Latest Estimate,Low
2025-09-01,CUST004,PRD0052,10,107921.37,Latest Estimate,Medium
2025-10-01,CUST004,PRD0052,8,84388.32,SIOP Review,Low
2025-11-01,CUST004,PRD0052,4,39645.04,Commercial Baseline,High
2025-12-01,CUST004,PRD0052,4,42260.61,SIOP Review,High
2026-01-01,CUST004,PRD0052,12,130288.73,Latest Estimate,Medium
2026-02-01,CUST004,PRD0052,12,123115.25,Commercial Baseline,Low
2026-03-01,CUST004,PRD0052,10,107205.37,Commercial Baseline,Medium
2026-04-01,CUST004,PRD0052,14,150746.8,Commercial Baseline,Low
2026-05-01,CUST004,PRD0052,7,78415.85,Commercial Baseline,High
2026-06-01,CUST004,PRD0052,6,60899.48,SIOP Review,Low
2026-07-01,CUST004,PRD0052,7,74813.13,Commercial Baseline,Low
2026-08-01,CUST004,PRD0052,15,159280.59,Commercial Baseline,Medium
2026-09-01,CUST004,PRD0052,10,109160.08,SIOP Review,Medium
2026-10-01,CUST004,PRD0052,12,128311.25,Latest Estimate,Medium
2026-11-01,CUST004,PRD0052,11,113787.6,SIOP Review,High
2026-12-01,CUST004,PRD0052,1,10562.9,SIOP Review,Low
2025-07-01,CUST004,PRD0003,4,39661.24,Commercial Baseline,Medium
2025-08-01,CUST004,PRD0003,5,53722.39,SIOP Review,Medium
2025-09-01,CUST004,PRD0003,7,73161.13,Latest Estimate,Low
2025-10-01,CUST004,PRD0003,5,52754.11,SIOP Review,Medium
2025-11-01,CUST004,PRD0003,4,42250.7,SIOP Review,Medium
2025-12-01,CUST004,PRD0003,2,20703.39,Latest Estimate,Medium
2026-01-01,CUST004,PRD0003,12,119143.91,Commercial Baseline,Low
2026-02-01,CUST004,PRD0003,5,51784.29,Commercial Baseline,Low
2026-03-01,CUST004,PRD0003,4,43430.67,Latest Estimate,Medium
2026-04-01,CUST004,PRD0003,3,30312.28,Commercial Baseline,High
2026-05-01,CUST004,PRD0003,3,32071.05,Latest Estimate,Medium
2026-06-01,CUST004,PRD0003,3,31866.39,Commercial Baseline,High
2026-07-01,CUST004,PRD0003,3,30078.39,Latest Estimate,Low
2026-08-01,CUST004,PRD0003,3,30070.9,SIOP Review,Medium
2026-09-01,CUST004,PRD0003,4,42436.19,Commercial Baseline,Medium
2026-10-01,CUST004,PRD0003,6,61576.41,Commercial Baseline,Medium
2026-11-01,CUST004,PRD0003,5,48599.43,Latest Estimate,Medium
2026-12-01,CUST004,PRD0003,5,53989.85,Commercial Baseline,Low
2025-07-01,CUST004,PRD0062,2,34271.18,Commercial Baseline,Medium
2025-08-01,CUST004,PRD0062,2,33940.05,Commercial Baseline,High
2025-09-01,CUST004,PRD0062,2,34880.65,SIOP Review,Low
2025-10-01,CUST004,PRD0062,1,18395.35,SIOP Review,Low
2025-11-01,CUST004,PRD0062,1,17786.27,SIOP Review,Medium
2025-12-01,CUST004,PRD0062,2,32783.03,Latest Estimate,Medium
2026-01-01,CUST004,PRD0062,1,16956.64,Latest Estimate,Low
2026-02-01,CUST004,PRD0062,2,35951.28,Commercial Baseline,Low
2026-03-01,CUST004,PRD0062,3,54709.8,Commercial Baseline,Medium
2026-04-01,CUST004,PRD0062,0,0.0,Latest Estimate,Medium
2026-05-01,CUST004,PRD0062,1,16385.12,Latest Estimate,High
2026-06-01,CUST004,PRD0062,1,17797.43,SIOP Review,Medium
2026-07-01,CUST004,PRD0062,1,17209.15,Commercial Baseline,Medium
2026-08-01,CUST004,PRD0062,2,35322.19,Commercial Baseline,Medium
2026-09-01,CUST004,PRD0062,2,33005.51,SIOP Review,Medium
2026-10-01,CUST004,PRD0062,2,32797.65,Latest Estimate,Medium
2026-11-01,CUST004,PRD0062,3,49583.66,Commercial Baseline,High
2026-12-01,CUST004,PRD0062,1,16395.93,Commercial Baseline,Medium
2025-07-01,CUST004,PRD0042,2,9784.63,SIOP Review,High
2025-08-01,CUST004,PRD0042,1,4866.54,Commercial Baseline,Medium
2025-09-01,CUST004,PRD0042,1,4587.97,Latest Estimate,Low
2025-10-01,CUST004,PRD0042,1,4950.94,Commercial Baseline,Low
2025-11-01,CUST004,PRD0042,1,5040.19,Commercial Baseline,Medium
2025-12-01,CUST004,PRD0042,1,4882.5,Latest Estimate,Low
2026-01-01,CUST004,PRD0042,0,0.0,SIOP Review,Low
2026-02-01,CUST004,PRD0042,0,0.0,Latest Estimate,Low
2026-03-01,CUST004,PRD0042,0,0.0,Commercial Baseline,Medium
2026-04-01,CUST004,PRD0042,1,5166.67,Commercial Baseline,Medium
2026-05-01,CUST004,PRD0042,0,0.0,Latest Estimate,Medium
2026-06-01,CUST004,PRD0042,0,0.0,Commercial Baseline,Low
2026-07-01,CUST004,PRD0042,0,0.0,Latest Estimate,Low
2026-08-01,CUST004,PRD0042,1,5174.76,SIOP Review,High
2026-09-01,CUST004,PRD0042,1,4840.64,Commercial Baseline,High
2026-10-01,CUST004,PRD0042,1,5036.63,Latest Estimate,Low
2026-11-01,CUST004,PRD0042,1,4957.84,Latest Estimate,Medium
2026-12-01,CUST004,PRD0042,0,0.0,SIOP Review,Medium
2025-07-01,CUST004,PRD0041,4,72335.4,Commercial Baseline,High
2025-08-01,CUST004,PRD0041,5,93481.86,SIOP Review,High
2025-09-01,CUST004,PRD0041,3,55916.22,Commercial Baseline,Low
2025-10-01,CUST004,PRD0041,8,146440.46,Commercial Baseline,Medium
2025-11-01,CUST004,PRD0041,3,53841.15,SIOP Review,Medium
2025-12-01,CUST004,PRD0041,2,35320.56,Commercial Baseline,High
2026-01-01,CUST004,PRD0041,11,195475.84,Latest Estimate,Medium
2026-02-01,CUST004,PRD0041,8,154308.62,Commercial Baseline,Medium
2026-03-01,CUST004,PRD0041,6,108189.4,Latest Estimate,Medium
2026-04-01,CUST004,PRD0041,3,55943.28,Latest Estimate,High
2026-05-01,CUST004,PRD0041,7,123934.2,SIOP Review,High
2026-06-01,CUST004,PRD0041,6,104840.32,Commercial Baseline,Medium
2026-07-01,CUST004,PRD0041,4,79071.06,SIOP Review,Medium
2026-08-01,CUST004,PRD0041,5,95223.07,SIOP Review,Medium
2026-09-01,CUST004,PRD0041,5,95974.36,Latest Estimate,Medium
2026-10-01,CUST004,PRD0041,6,111898.92,Latest Estimate,High
2026-11-01,CUST004,PRD0041,5,91807.41,SIOP Review,Medium
2026-12-01,CUST004,PRD0041,16,288768.95,Commercial Baseline,Low
2025-07-01,CUST004,PRD0023,0,0.0,SIOP Review,Medium
2025-08-01,CUST004,PRD0023,0,0.0,Latest Estimate,Medium
2025-09-01,CUST004,PRD0023,2,9282.87,SIOP Review,Medium
2025-10-01,CUST004,PRD0023,1,4489.11,Latest Estimate,High
2025-11-01,CUST004,PRD0023,0,0.0,Commercial Baseline,Medium
2025-12-01,CUST004,PRD0023,0,0.0,SIOP Review,High
2026-01-01,CUST004,PRD0023,0,0.0,SIOP Review,Low
2026-02-01,CUST004,PRD0023,0,0.0,SIOP Review,Low
2026-03-01,CUST004,PRD0023,0,0.0,Commercial Baseline,Medium
2026-04-01,CUST004,PRD0023,0,0.0,Latest Estimate,Medium
2026-05-01,CUST004,PRD0023,0,0.0,SIOP Review,High
2026-06-01,CUST004,PRD0023,0,0.0,Commercial Baseline,Medium
2026-07-01,CUST004,PRD0023,0,0.0,SIOP Review,High
2026-08-01,CUST004,PRD0023,0,0.0,Latest Estimate,High
2026-09-01,CUST004,PRD0023,0,0.0,Latest Estimate,Medium
2026-10-01,CUST004,PRD0023,0,0.0,SIOP Review,Medium
2026-11-01,CUST004,PRD0023,0,0.0,Latest Estimate,Medium
2026-12-01,CUST004,PRD0023,0,0.0,SIOP Review,Medium
2025-07-01,CUST004,PRD0068,1,10133.63,Commercial Baseline,Medium
2025-08-01,CUST004,PRD0068,2,21725.91,Commercial Baseline,Low
2025-09-01,CUST004,PRD0068,0,0.0,Commercial Baseline,Medium
2025-10-01,CUST004,PRD0068,0,0.0,Commercial Baseline,High
2025-11-01,CUST004,PRD0068,1,10989.28,Commercial Baseline,Low
2025-12-01,CUST004,PRD0068,1,10831.72,Latest Estimate,Medium
2026-01-01,CUST004,PRD0068,0,0.0,Latest Estimate,Medium
2026-02-01,CUST004,PRD0068,0,0.0,SIOP Review,Medium
2026-03-01,CUST004,PRD0068,0,0.0,Commercial Baseline,Medium
2026-04-01,CUST004,PRD0068,3,31278.15,Commercial Baseline,Low
2026-05-01,CUST004,PRD0068,0,0.0,Latest Estimate,Medium
2026-06-01,CUST004,PRD0068,3,31768.81,SIOP Review,Low
2026-07-01,CUST004,PRD0068,0,0.0,Latest Estimate,Medium
2026-08-01,CUST004,PRD0068,2,21641.97,SIOP Review,High
2026-09-01,CUST004,PRD0068,2,20881.68,Commercial Baseline,Low
2026-10-01,CUST004,PRD0068,2,20165.41,SIOP Review,High
2026-11-01,CUST004,PRD0068,0,0.0,SIOP Review,High
2026-12-01,CUST004,PRD0068,2,21598.24,SIOP Review,Medium
2025-07-01,CUST004,PRD0044,0,0.0,Latest Estimate,High
2025-08-01,CUST004,PRD0044,9,291093.19,Commercial Baseline,Medium
2025-09-01,CUST004,PRD0044,0,0.0,Latest Estimate,High
2025-10-01,CUST004,PRD0044,1,31575.3,SIOP Review,Low
2025-11-01,CUST004,PRD0044,0,0.0,Commercial Baseline,Low
2025-12-01,CUST004,PRD0044,1,35303.93,SIOP Review,Medium
2026-01-01,CUST004,PRD0044,1,35613.65,Latest Estimate,High
2026-02-01,CUST004,PRD0044,0,0.0,Commercial Baseline,Medium
2026-03-01,CUST004,PRD0044,0,0.0,Commercial Baseline,Medium
2026-04-01,CUST004,PRD0044,0,0.0,SIOP Review,High
2026-05-01,CUST004,PRD0044,0,0.0,Latest Estimate,Medium
2026-06-01,CUST004,PRD0044,0,0.0,SIOP Review,Low
2026-07-01,CUST004,PRD0044,0,0.0,Commercial Baseline,High
2026-08-01,CUST004,PRD0044,0,0.0,Commercial Baseline,High
2026-09-01,CUST004,PRD0044,0,0.0,SIOP Review,Medium
2026-10-01,CUST004,PRD0044,0,0.0,Commercial Baseline,High
2026-11-01,CUST004,PRD0044,0,0.0,Latest Estimate,High
2026-12-01,CUST004,PRD0044,0,0.0,SIOP Review,Low
2025-07-01,CUST004,PRD0011,0,0.0,SIOP Review,Medium
2025-08-01,CUST004,PRD0011,0,0.0,SIOP Review,Medium
2025-09-01,CUST004,PRD0011,0,0.0,Latest Estimate,High
2025-10-01,CUST004,PRD0011,1,41516.26,SIOP Review,Medium
2025-11-01,CUST004,PRD0011,0,0.0,Commercial Baseline,Medium
2025-12-01,CUST004,PRD0011,2,82840.18,Commercial Baseline,Medium
2026-01-01,CUST004,PRD0011,0,0.0,SIOP Review,Medium
2026-02-01,CUST004,PRD0011,0,0.0,Commercial Baseline,High
2026-03-01,CUST004,PRD0011,0,0.0,Latest Estimate,Medium
2026-04-01,CUST004,PRD0011,0,0.0,Commercial Baseline,Medium
2026-05-01,CUST004,PRD0011,0,0.0,Latest Estimate,Medium
2026-06-01,CUST004,PRD0011,0,0.0,SIOP Review,Medium
2026-07-01,CUST004,PRD0011,0,0.0,Latest Estimate,High
2026-08-01,CUST004,PRD0011,0,0.0,Commercial Baseline,Medium
2026-09-01,CUST004,PRD0011,0,0.0,Latest Estimate,High
2026-10-01,CUST004,PRD0011,0,0.0,Commercial Baseline,Medium
2026-11-01,CUST004,PRD0011,0,0.0,SIOP Review,High
2026-12-01,CUST004,PRD0011,1,37375.17,Latest Estimate,Low
2025-07-01,CUST004,PRD0054,5,14506.58,Latest Estimate,Medium
2025-08-01,CUST004,PRD0054,5,14101.64,SIOP Review,High
2025-09-01,CUST004,PRD0054,5,14705.85,SIOP Review,Low
2025-10-01,CUST004,PRD0054,7,19545.79,Latest Estimate,Medium
2025-11-01,CUST004,PRD0054,4,11623.01,Commercial Baseline,Medium
2025-12-01,CUST004,PRD0054,5,14297.03,Commercial Baseline,High
2026-01-01,CUST004,PRD0054,2,5634.01,Commercial Baseline,Low
2026-02-01,CUST004,PRD0054,6,17483.53,Commercial Baseline,High
2026-03-01,CUST004,PRD0054,6,17848.64,Commercial Baseline,Low
2026-04-01,CUST004,PRD0054,6,16822.53,Commercial Baseline,High
2026-05-01,CUST004,PRD0054,7,19446.14,SIOP Review,Low
2026-06-01,CUST004,PRD0054,5,13571.68,Commercial Baseline,Low
2026-07-01,CUST004,PRD0054,7,20486.54,Commercial Baseline,Medium
2026-08-01,CUST004,PRD0054,5,14110.01,Latest Estimate,Low
2026-09-01,CUST004,PRD0054,6,17680.53,Latest Estimate,High
2026-10-01,CUST004,PRD0054,3,8265.27,Commercial Baseline,Low
2026-11-01,CUST004,PRD0054,7,20063.91,SIOP Review,Medium
2026-12-01,CUST004,PRD0054,5,14179.65,SIOP Review,Medium
2025-07-01,CUST004,PRD0031,5,55886.43,Latest Estimate,Medium
2025-08-01,CUST004,PRD0031,5,50598.85,Commercial Baseline,Low
2025-09-01,CUST004,PRD0031,1,10261.37,SIOP Review,Low
2025-10-01,CUST004,PRD0031,5,54867.63,Latest Estimate,Medium
2025-11-01,CUST004,PRD0031,5,55833.47,Latest Estimate,High
2025-12-01,CUST004,PRD0031,4,42746.25,Commercial Baseline,Medium
2026-01-01,CUST004,PRD0031,19,203338.56,Commercial Baseline,Medium
2026-02-01,CUST004,PRD0031,3,33571.78,Latest Estimate,Low
2026-03-01,CUST004,PRD0031,5,57332.45,Commercial Baseline,Medium
2026-04-01,CUST004,PRD0031,3,32953.04,SIOP Review,High
2026-05-01,CUST004,PRD0031,5,52143.42,Latest Estimate,Medium
2026-06-01,CUST004,PRD0031,4,43878.56,SIOP Review,Medium
2026-07-01,CUST004,PRD0031,6,64042.62,SIOP Review,Medium
2026-08-01,CUST004,PRD0031,4,43290.71,Commercial Baseline,High
2026-09-01,CUST004,PRD0031,6,61495.59,Commercial Baseline,Low
2026-10-01,CUST004,PRD0031,3,34372.36,Commercial Baseline,Low
2026-11-01,CUST004,PRD0031,4,40498.97,Latest Estimate,High
2026-12-01,CUST004,PRD0031,5,56370.83,SIOP Review,Medium
2025-07-01,CUST004,PRD0027,0,0.0,SIOP Review,High
2025-08-01,CUST004,PRD0027,0,0.0,SIOP Review,Low
2025-09-01,CUST004,PRD0027,0,0.0,Commercial Baseline,High
2025-10-01,CUST004,PRD0027,0,0.0,Latest Estimate,High
2025-11-01,CUST004,PRD0027,0,0.0,SIOP Review,Low
2025-12-01,CUST004,PRD0027,0,0.0,Latest Estimate,Medium
2026-01-01,CUST004,PRD0027,0,0.0,Commercial Baseline,High
2026-02-01,CUST004,PRD0027,1,7041.45,Commercial Baseline,Medium
2026-03-01,CUST004,PRD0027,1,6643.19,Latest Estimate,Medium
2026-04-01,CUST004,PRD0027,0,0.0,Latest Estimate,Low
2026-05-01,CUST004,PRD0027,1,6683.21,SIOP Review,Low
2026-06-01,CUST004,PRD0027,0,0.0,Commercial Baseline,Medium
2026-07-01,CUST004,PRD0027,0,0.0,Commercial Baseline,Medium
2026-08-01,CUST004,PRD0027,0,0.0,Commercial Baseline,Medium
2026-09-01,CUST004,PRD0027,0,0.0,Commercial Baseline,Low
2026-10-01,CUST004,PRD0027,1,6786.36,Commercial Baseline,Medium
2026-11-01,CUST004,PRD0027,0,0.0,Commercial Baseline,Medium
2026-12-01,CUST004,PRD0027,0,0.0,SIOP Review,Medium
2025-07-01,CUST004,PRD0110,1,6731.78,SIOP Review,Medium
2025-08-01,CUST004,PRD0110,1,5923.03,Commercial Baseline,Low
2025-09-01,CUST004,PRD0110,11,66380.7,SIOP Review,Medium
2025-10-01,CUST004,PRD0110,1,5978.12,Latest Estimate,Medium
2025-11-01,CUST004,PRD0110,0,0.0,SIOP Review,Medium
2025-12-01,CUST004,PRD0110,15,97875.81,SIOP Review,Medium
2026-01-01,CUST004,PRD0110,10,66519.79,Commercial Baseline,Low
2026-02-01,CUST004,PRD0110,2,12979.5,SIOP Review,Medium
2026-03-01,CUST004,PRD0110,2,11920.39,Commercial Baseline,High
2026-04-01,CUST004,PRD0110,14,84448.83,Commercial Baseline,Medium
2026-05-01,CUST004,PRD0110,2,11846.31,Commercial Baseline,Medium
2026-06-01,CUST004,PRD0110,1,6645.5,Latest Estimate,Medium
2026-07-01,CUST004,PRD0110,1,6395.3,SIOP Review,Medium
2026-08-01,CUST004,PRD0110,2,12767.37,Latest Estimate,Low
2026-09-01,CUST004,PRD0110,2,12538.97,SIOP Review,High
2026-10-01,CUST004,PRD0110,0,0.0,Latest Estimate,Medium
2026-11-01,CUST004,PRD0110,11,67659.55,SIOP Review,Low
2026-12-01,CUST004,PRD0110,1,6242.64,SIOP Review,High
2025-07-01,CUST004,PRD0106,2,26786.53,Latest Estimate,Medium
2025-08-01,CUST004,PRD0106,2,26112.59,Latest Estimate,Low
2025-09-01,CUST004,PRD0106,2,27237.45,Latest Estimate,Medium
2025-10-01,CUST004,PRD0106,3,41791.26,SIOP Review,Low
2025-11-01,CUST004,PRD0106,3,42156.98,SIOP Review,High
2025-12-01,CUST004,PRD0106,3,42505.42,Commercial Baseline,Low
2026-01-01,CUST004,PRD0106,2,26328.01,Commercial Baseline,Medium
2026-02-01,CUST004,PRD0106,3,42906.16,Latest Estimate,Low
2026-03-01,CUST004,PRD0106,2,27392.53,SIOP Review,Medium
2026-04-01,CUST004,PRD0106,5,72660.66,Latest Estimate,Low
2026-05-01,CUST004,PRD0106,4,58659.12,Commercial Baseline,Medium
2026-06-01,CUST004,PRD0106,2,28184.31,Latest Estimate,Medium
2026-07-01,CUST004,PRD0106,3,40407.37,Commercial Baseline,Medium
2026-08-01,CUST004,PRD0106,3,42327.46,Commercial Baseline,High
2026-09-01,CUST004,PRD0106,2,27197.89,Commercial Baseline,Low
2026-10-01,CUST004,PRD0106,4,53493.76,Latest Estimate,Low
2026-11-01,CUST004,PRD0106,3,40564.4,Latest Estimate,Low
2026-12-01,CUST004,PRD0106,2,27884.77,Commercial Baseline,High
2025-07-01,CUST004,PRD0060,0,0.0,Commercial Baseline,Medium
2025-08-01,CUST004,PRD0060,0,0.0,Latest Estimate,Medium
2025-09-01,CUST004,PRD0060,0,0.0,Latest Estimate,Medium
2025-10-01,CUST004,PRD0060,0,0.0,SIOP Review,High
2025-11-01,CUST004,PRD0060,0,0.0,SIOP Review,Medium
2025-12-01,CUST004,PRD0060,9,175196.39,SIOP Review,High
2026-01-01,CUST004,PRD0060,1,19487.04,Latest Estimate,Low
2026-02-01,CUST004,PRD0060,0,0.0,Latest Estimate,Medium
2026-03-01,CUST004,PRD0060,1,17698.71,Commercial Baseline,Medium
2026-04-01,CUST004,PRD0060,0,0.0,Commercial Baseline,Low
2026-05-01,CUST004,PRD0060,0,0.0,SIOP Review,Low
2026-06-01,CUST004,PRD0060,13,235089.46,SIOP Review,High
2026-07-01,CUST004,PRD0060,0,0.0,Latest Estimate,Medium
2026-08-01,CUST004,PRD0060,12,219511.17,Commercial Baseline,Low
2026-09-01,CUST004,PRD0060,0,0.0,SIOP Review,Medium
2026-10-01,CUST004,PRD0060,0,0.0,SIOP Review,High
2026-11-01,CUST004,PRD0060,2,36288.3,Latest Estimate,High
2026-12-01,CUST004,PRD0060,0,0.0,Latest Estimate,Medium
2025-07-01,CUST004,PRD0078,0,0.0,Latest Estimate,High
2025-08-01,CUST004,PRD0078,0,0.0,SIOP Review,Medium
2025-09-01,CUST004,PRD0078,2,20854.18,Latest Estimate,Low
2025-10-01,CUST004,PRD0078,1,11032.55,SIOP Review,Medium
2025-11-01,CUST004,PRD0078,0,0.0,Latest Estimate,Medium
2025-12-01,CUST004,PRD0078,0,0.0,Latest Estimate,Medium
2026-01-01,CUST004,PRD0078,1,11744.39,SIOP Review,High
2026-02-01,CUST004,PRD0078,0,0.0,Latest Estimate,High
2026-03-01,CUST004,PRD0078,2,21529.28,Commercial Baseline,Medium
2026-04-01,CUST004,PRD0078,2,23105.48,Latest Estimate,Low
2026-05-01,CUST004,PRD0078,0,0.0,SIOP Review,Medium
2026-06-01,CUST004,PRD0078,0,0.0,Latest Estimate,Low
2026-07-01,CUST004,PRD0078,0,0.0,SIOP Review,Medium
2026-08-01,CUST004,PRD0078,1,11445.81,Latest Estimate,High
2026-09-01,CUST004,PRD0078,0,0.0,SIOP Review,Medium
2026-10-01,CUST004,PRD0078,2,21336.49,SIOP Review,Low
2026-11-01,CUST004,PRD0078,0,0.0,Latest Estimate,Low
2026-12-01,CUST004,PRD0078,1,11566.97,SIOP Review,High
2025-07-01,CUST004,PRD0001,1,38736.1,Commercial Baseline,Low
2025-08-01,CUST004,PRD0001,0,0.0,SIOP Review,Medium
2025-09-01,CUST004,PRD0001,0,0.0,Commercial Baseline,Medium
2025-10-01,CUST004,PRD0001,0,0.0,Latest Estimate,Medium
2025-11-01,CUST004,PRD0001,0,0.0,Commercial Baseline,Medium
2025-12-01,CUST004,PRD0001,0,0.0,Commercial Baseline,High
2026-01-01,CUST004,PRD0001,0,0.0,Latest Estimate,Medium
2026-02-01,CUST004,PRD0001,0,0.0,SIOP Review,Medium
2026-03-01,CUST004,PRD0001,0,0.0,Commercial Baseline,Medium
2026-04-01,CUST004,PRD0001,1,37486.14,SIOP Review,Medium
2026-05-01,CUST004,PRD0001,1,38723.99,SIOP Review,High
2026-06-01,CUST004,PRD0001,0,0.0,Commercial Baseline,Low
2026-07-01,CUST004,PRD0001,0,0.0,SIOP Review,Medium
2026-08-01,CUST004,PRD0001,0,0.0,Latest Estimate,Medium
2026-09-01,CUST004,PRD0001,0,0.0,Latest Estimate,Medium
2026-10-01,CUST004,PRD0001,0,0.0,Latest Estimate,Medium
2026-11-01,CUST004,PRD0001,0,0.0,SIOP Review,Low
2026-12-01,CUST004,PRD0001,0,0.0,Commercial Baseline,Medium
2025-07-01,CUST004,PRD0024,2,54340.3,Commercial Baseline,Medium
2025-08-01,CUST004,PRD0024,0,0.0,Latest Estimate,Medium
2025-09-01,CUST004,PRD0024,1,25996.08,SIOP Review,Medium
2025-10-01,CUST004,PRD0024,12,305434.81,SIOP Review,High
2025-11-01,CUST004,PRD0024,2,53620.28,Latest Estimate,Medium
2025-12-01,CUST004,PRD0024,1,25467.19,Latest Estimate,Medium
2026-01-01,CUST004,PRD0024,0,0.0,Commercial Baseline,Medium
2026-02-01,CUST004,PRD0024,1,26138.69,Commercial Baseline,Medium
2026-03-01,CUST004,PRD0024,0,0.0,Latest Estimate,Medium
2026-04-01,CUST004,PRD0024,0,0.0,Latest Estimate,Low
2026-05-01,CUST004,PRD0024,1,26667.05,SIOP Review,Medium
2026-06-01,CUST004,PRD0024,2,52203.92,SIOP Review,Low
2026-07-01,CUST004,PRD0024,0,0.0,Commercial Baseline,Medium
2026-08-01,CUST004,PRD0024,1,25316.3,Commercial Baseline,Medium
2026-09-01,CUST004,PRD0024,0,0.0,SIOP Review,High
2026-10-01,CUST004,PRD0024,0,0.0,SIOP Review,Medium
2026-11-01,CUST004,PRD0024,0,0.0,Latest Estimate,Medium
2026-12-01,CUST004,PRD0024,0,0.0,Commercial Baseline,Medium
2025-07-01,CUST004,PRD0089,5,49162.57,Commercial Baseline,Low
2025-08-01,CUST004,PRD0089,2,17971.28,SIOP Review,Low
2025-09-01,CUST004,PRD0089,8,71744.82,Commercial Baseline,High
2025-10-01,CUST004,PRD0089,3,27398.87,SIOP Review,Low
2025-11-01,CUST004,PRD0089,4,38767.03,Latest Estimate,High
2025-12-01,CUST004,PRD0089,7,69175.85,Commercial Baseline,Low
2026-01-01,CUST004,PRD0089,4,37703.49,Latest Estimate,Low
2026-02-01,CUST004,PRD0089,5,49964.39,Commercial Baseline,High
2026-03-01,CUST004,PRD0089,8,72857.18,Latest Estimate,High
2026-04-01,CUST004,PRD0089,5,47503.67,Commercial Baseline,Medium
2026-05-01,CUST004,PRD0089,4,39174.89,Commercial Baseline,High
2026-06-01,CUST004,PRD0089,5,49780.15,SIOP Review,Medium
2026-07-01,CUST004,PRD0089,4,36840.47,SIOP Review,High
2026-08-01,CUST004,PRD0089,3,28393.74,Latest Estimate,Medium
2026-09-01,CUST004,PRD0089,4,35228.63,Commercial Baseline,Medium
2026-10-01,CUST004,PRD0089,6,56260.87,SIOP Review,Low
2026-11-01,CUST004,PRD0089,5,47101.13,Latest Estimate,High
2026-12-01,CUST004,PRD0089,4,35910.85,SIOP Review,Medium
2025-07-01,CUST004,PRD0095,1,10933.97,Commercial Baseline,High
2025-08-01,CUST004,PRD0095,4,39751.6,Latest Estimate,High
2025-09-01,CUST004,PRD0095,14,154402.67,Commercial Baseline,High
2025-10-01,CUST004,PRD0095,19,205971.12,SIOP Review,Low
2025-11-01,CUST004,PRD0095,5,53603.1,SIOP Review,Medium
2025-12-01,CUST004,PRD0095,4,44684.74,Latest Estimate,Medium
2026-01-01,CUST004,PRD0095,4,40409.05,Commercial Baseline,Medium
2026-02-01,CUST004,PRD0095,4,44834.64,Commercial Baseline,Medium
2026-03-01,CUST004,PRD0095,6,59726.29,SIOP Review,Low
2026-04-01,CUST004,PRD0095,7,74685.51,Latest Estimate,Medium
2026-05-01,CUST004,PRD0095,9,94385.04,Latest Estimate,High
2026-06-01,CUST004,PRD0095,4,44294.78,SIOP Review,Medium
2026-07-01,CUST004,PRD0095,6,66859.36,SIOP Review,Medium
2026-08-01,CUST004,PRD0095,13,131936.78,Latest Estimate,Medium
2026-09-01,CUST004,PRD0095,5,50241.91,SIOP Review,High
2026-10-01,CUST004,PRD0095,3,29741.64,Commercial Baseline,Low
2026-11-01,CUST004,PRD0095,8,79283.95,SIOP Review,Low
2026-12-01,CUST004,PRD0095,5,52608.32,Latest Estimate,Medium
2025-07-01,CUST004,PRD0107,10,388264.77,Latest Estimate,High
2025-08-01,CUST004,PRD0107,0,0.0,Latest Estimate,Medium
2025-09-01,CUST004,PRD0107,5,202179.32,Commercial Baseline,High
2025-10-01,CUST004,PRD0107,0,0.0,Latest Estimate,High
2025-11-01,CUST004,PRD0107,0,0.0,SIOP Review,Medium
2025-12-01,CUST004,PRD0107,1,37622.47,Latest Estimate,High
2026-01-01,CUST004,PRD0107,0,0.0,SIOP Review,Medium
2026-02-01,CUST004,PRD0107,0,0.0,SIOP Review,Low
2026-03-01,CUST004,PRD0107,0,0.0,SIOP Review,Low
2026-04-01,CUST004,PRD0107,0,0.0,SIOP Review,Low
2026-05-01,CUST004,PRD0107,2,80352.92,Latest Estimate,Medium
2026-06-01,CUST004,PRD0107,0,0.0,SIOP Review,High
2026-07-01,CUST004,PRD0107,0,0.0,Commercial Baseline,Medium
2026-08-01,CUST004,PRD0107,0,0.0,SIOP Review,Medium
2026-09-01,CUST004,PRD0107,0,0.0,Latest Estimate,High
2026-10-01,CUST004,PRD0107,0,0.0,SIOP Review,Low
2026-11-01,CUST004,PRD0107,0,0.0,SIOP Review,Medium
2026-12-01,CUST004,PRD0107,0,0.0,SIOP Review,High
2025-07-01,CUST004,PRD0039,2,21963.01,Commercial Baseline,Medium
2025-08-01,CUST004,PRD0039,3,33827.41,SIOP Review,Medium
2025-09-01,CUST004,PRD0039,5,57349.36,Commercial Baseline,Low
2025-10-01,CUST004,PRD0039,3,32774.93,Latest Estimate,Low
2025-11-01,CUST004,PRD0039,3,34391.3,Latest Estimate,Medium
2025-12-01,CUST004,PRD0039,2,22704.16,Commercial Baseline,Medium
2026-01-01,CUST004,PRD0039,2,22270.56,Commercial Baseline,High
2026-02-01,CUST004,PRD0039,4,41882.94,SIOP Review,Low
2026-03-01,CUST004,PRD0039,3,33365.89,SIOP Review,Medium
2026-04-01,CUST004,PRD0039,3,33193.41,SIOP Review,Medium
2026-05-01,CUST004,PRD0039,5,56815.33,Latest Estimate,High
2026-06-01,CUST004,PRD0039,3,32902.81,Commercial Baseline,Medium
2026-07-01,CUST004,PRD0039,5,54286.55,Latest Estimate,Medium
2026-08-01,CUST004,PRD0039,2,21911.81,SIOP Review,Medium
2026-09-01,CUST004,PRD0039,3,34555.1,Commercial Baseline,High
2026-10-01,CUST004,PRD0039,4,45978.94,Latest Estimate,High
2026-11-01,CUST004,PRD0039,5,53997.25,SIOP Review,Medium
2026-12-01,CUST004,PRD0039,2,21899.02,SIOP Review,Medium
2025-07-01,CUST004,PRD0010,0,0.0,SIOP Review,High
2025-08-01,CUST004,PRD0010,0,0.0,SIOP Review,High
2025-09-01,CUST004,PRD0010,0,0.0,SIOP Review,Low
2025-10-01,CUST004,PRD0010,1,7384.18,Latest Estimate,Medium
2025-11-01,CUST004,PRD0010,0,0.0,Commercial Baseline,Medium
2025-12-01,CUST004,PRD0010,0,0.0,Latest Estimate,High
2026-01-01,CUST004,PRD0010,0,0.0,SIOP Review,High
2026-02-01,CUST004,PRD0010,3,23733.17,Commercial Baseline,Low
2026-03-01,CUST004,PRD0010,1,7674.64,SIOP Review,High
2026-04-01,CUST004,PRD0010,1,7814.26,Latest Estimate,Medium
2026-05-01,CUST004,PRD0010,10,78015.5,SIOP Review,Medium
2026-06-01,CUST004,PRD0010,2,16203.73,Commercial Baseline,Low
2026-07-01,CUST004,PRD0010,13,100425.5,SIOP Review,Low
2026-08-01,CUST004,PRD0010,0,0.0,Commercial Baseline,High
2026-09-01,CUST004,PRD0010,2,16662.11,Commercial Baseline,Medium
2026-10-01,CUST004,PRD0010,13,108791.23,Commercial Baseline,High
2026-11-01,CUST004,PRD0010,1,7672.5,SIOP Review,Medium
2026-12-01,CUST004,PRD0010,1,8266.98,Commercial Baseline,Medium
2025-07-01,CUST004,PRD0104,1,6359.14,Latest Estimate,High
2025-08-01,CUST004,PRD0104,2,12639.75,SIOP Review,High
2025-09-01,CUST004,PRD0104,2,12361.45,Latest Estimate,Medium
2025-10-01,CUST004,PRD0104,1,5985.62,SIOP Review,High
2025-11-01,CUST004,PRD0104,5,29089.15,Latest Estimate,Medium
2025-12-01,CUST004,PRD0104,2,11494.07,Commercial Baseline,High
2026-01-01,CUST004,PRD0104,0,0.0,Latest Estimate,Medium
2026-02-01,CUST004,PRD0104,1,6418.58,Latest Estimate,Medium
2026-03-01,CUST004,PRD0104,1,6236.34,Latest Estimate,Medium
2026-04-01,CUST004,PRD0104,2,11430.55,Commercial Baseline,Low
2026-05-01,CUST004,PRD0104,1,5819.67,Latest Estimate,High
2026-06-01,CUST004,PRD0104,2,12537.61,Commercial Baseline,Medium
2026-07-01,CUST004,PRD0104,0,0.0,SIOP Review,High
2026-08-01,CUST004,PRD0104,0,0.0,SIOP Review,High
2026-09-01,CUST004,PRD0104,0,0.0,SIOP Review,Medium
2026-10-01,CUST004,PRD0104,1,6106.61,Latest Estimate,High
2026-11-01,CUST004,PRD0104,2,12176.14,SIOP Review,High
2026-12-01,CUST004,PRD0104,0,0.0,SIOP Review,Low
2025-07-01,CUST004,PRD0116,0,0.0,Latest Estimate,Medium
2025-08-01,CUST004,PRD0116,0,0.0,Latest Estimate,Medium
2025-09-01,CUST004,PRD0116,0,0.0,Latest Estimate,Medium
2025-10-01,CUST004,PRD0116,0,0.0,SIOP Review,High
2025-11-01,CUST004,PRD0116,10,150176.64,Latest Estimate,Medium
2025-12-01,CUST004,PRD0116,0,0.0,Commercial Baseline,Medium
2026-01-01,CUST004,PRD0116,0,0.0,Commercial Baseline,Medium
2026-02-01,CUST004,PRD0116,0,0.0,Commercial Baseline,Medium
2026-03-01,CUST004,PRD0116,7,106806.02,SIOP Review,Medium
2026-04-01,CUST004,PRD0116,0,0.0,Latest Estimate,Medium
2026-05-01,CUST004,PRD0116,1,16584.83,Latest Estimate,Low
2026-06-01,CUST004,PRD0116,0,0.0,SIOP Review,Low
2026-07-01,CUST004,PRD0116,0,0.0,SIOP Review,High
2026-08-01,CUST004,PRD0116,1,15379.91,SIOP Review,High
2026-09-01,CUST004,PRD0116,0,0.0,SIOP Review,High
2026-10-01,CUST004,PRD0116,0,0.0,Commercial Baseline,Medium
2026-11-01,CUST004,PRD0116,0,0.0,Latest Estimate,Medium
2026-12-01,CUST004,PRD0116,0,0.0,Latest Estimate,High
2025-07-01,CUST004,PRD0118,1,12222.77,Latest Estimate,Medium
2025-08-01,CUST004,PRD0118,0,0.0,Latest Estimate,Medium
2025-09-01,CUST004,PRD0118,12,142412.75,Latest Estimate,Medium
2025-10-01,CUST004,PRD0118,0,0.0,Latest Estimate,Low
2025-11-01,CUST004,PRD0118,0,0.0,Commercial Baseline,Medium
2025-12-01,CUST004,PRD0118,2,25321.6,Commercial Baseline,High
2026-01-01,CUST004,PRD0118,0,0.0,Commercial Baseline,Medium
2026-02-01,CUST004,PRD0118,0,0.0,Commercial Baseline,Low
2026-03-01,CUST004,PRD0118,0,0.0,Commercial Baseline,High
2026-04-01,CUST004,PRD0118,0,0.0,SIOP Review,High
2026-05-01,CUST004,PRD0118,0,0.0,Latest Estimate,High
2026-06-01,CUST004,PRD0118,10,133563.7,SIOP Review,High
2026-07-01,CUST004,PRD0118,0,0.0,SIOP Review,Medium
2026-08-01,CUST004,PRD0118,0,0.0,SIOP Review,Medium
2026-09-01,CUST004,PRD0118,0,0.0,Commercial Baseline,High
2026-10-01,CUST004,PRD0118,0,0.0,Commercial Baseline,High
2026-11-01,CUST004,PRD0118,0,0.0,SIOP Review,Low
2026-12-01,CUST004,PRD0118,0,0.0,Commercial Baseline,Medium
2025-07-01,CUST004,PRD0087,0,0.0,Commercial Baseline,High
2025-08-01,CUST004,PRD0087,0,0.0,Latest Estimate,Medium
2025-09-01,CUST004,PRD0087,1,2065.48,Commercial Baseline,Medium
2025-10-01,CUST004,PRD0087,0,0.0,SIOP Review,High
2025-11-01,CUST004,PRD0087,0,0.0,Commercial Baseline,Medium
2025-12-01,CUST004,PRD0087,1,2147.79,Latest Estimate,Medium
2026-01-01,CUST004,PRD0087,0,0.0,SIOP Review,Low
2026-02-01,CUST004,PRD0087,1,2245.35,Latest Estimate,Medium
2026-03-01,CUST004,PRD0087,2,4495.85,SIOP Review,Medium
2026-04-01,CUST004,PRD0087,10,22038.22,SIOP Review,Medium
2026-05-01,CUST004,PRD0087,0,0.0,Commercial Baseline,Medium
2026-06-01,CUST004,PRD0087,2,4126.56,Latest Estimate,Low
2026-07-01,CUST004,PRD0087,0,0.0,SIOP Review,Low
2026-08-01,CUST004,PRD0087,2,4236.77,SIOP Review,Medium
2026-09-01,CUST004,PRD0087,2,4590.5,SIOP Review,Medium
2026-10-01,CUST004,PRD0087,2,4125.3,Latest Estimate,Low
2026-11-01,CUST004,PRD0087,2,4248.31,Latest Estimate,Medium
2026-12-01,CUST004,PRD0087,0,0.0,SIOP Review,High
2025-07-01,CUST004,PRD0072,1,10313.41,Commercial Baseline,High
2025-08-01,CUST004,PRD0072,2,20582.33,Commercial Baseline,High
2025-09-01,CUST004,PRD0072,1,9884.67,Commercial Baseline,Medium
2025-10-01,CUST004,PRD0072,3,32774.27,Latest Estimate,Medium
2025-11-01,CUST004,PRD0072,9,94770.91,SIOP Review,Low
2025-12-01,CUST004,PRD0072,0,0.0,Latest Estimate,Low
2026-01-01,CUST004,PRD0072,0,0.0,Latest Estimate,High
2026-02-01,CUST004,PRD0072,0,0.0,Commercial Baseline,Low
2026-03-01,CUST004,PRD0072,1,10527.42,Latest Estimate,Medium
2026-04-01,CUST004,PRD0072,8,79899.2,SIOP Review,Medium
2026-05-01,CUST004,PRD0072,3,30934.68,Latest Estimate,High
2026-06-01,CUST004,PRD0072,2,22144.98,Latest Estimate,Low
2026-07-01,CUST004,PRD0072,1,10021.96,Latest Estimate,Low
2026-08-01,CUST004,PRD0072,0,0.0,SIOP Review,Medium
2026-09-01,CUST004,PRD0072,11,117773.6,Commercial Baseline,Low
2026-10-01,CUST004,PRD0072,1,11064.89,SIOP Review,Medium
2026-11-01,CUST004,PRD0072,0,0.0,Latest Estimate,High
2026-12-01,CUST004,PRD0072,0,0.0,Latest Estimate,High
2025-07-01,CUST004,PRD0047,5,32614.9,SIOP Review,Medium
2025-08-01,CUST004,PRD0047,11,71447.45,Latest Estimate,Medium
2025-09-01,CUST004,PRD0047,10,62286.2,Latest Estimate,Low
2025-10-01,CUST004,PRD0047,10,66146.16,Latest Estimate,Low
2025-11-01,CUST004,PRD0047,5,33089.88,Commercial Baseline,Medium
2025-12-01,CUST004,PRD0047,13,81773.61,SIOP Review,Medium
2026-01-01,CUST004,PRD0047,10,58354.38,Latest Estimate,Medium
2026-02-01,CUST004,PRD0047,9,56787.05,SIOP Review,High
2026-03-01,CUST004,PRD0047,9,59636.83,Commercial Baseline,Medium
2026-04-01,CUST004,PRD0047,8,46979.98,SIOP Review,Low
2026-05-01,CUST004,PRD0047,7,45215.34,Latest Estimate,High
2026-06-01,CUST004,PRD0047,5,29388.64,Latest Estimate,Low
2026-07-01,CUST004,PRD0047,6,36400.29,Commercial Baseline,High
2026-08-01,CUST004,PRD0047,7,43811.13,SIOP Review,Medium
2026-09-01,CUST004,PRD0047,9,56456.91,Latest Estimate,Medium
2026-10-01,CUST004,PRD0047,14,85352.82,Latest Estimate,Low
2026-11-01,CUST004,PRD0047,9,58642.85,SIOP Review,Medium
2026-12-01,CUST004,PRD0047,5,31358.25,SIOP Review,Medium
2025-07-01,CUST004,PRD0080,2,12045.59,Latest Estimate,High
2025-08-01,CUST004,PRD0080,6,37022.71,SIOP Review,Medium
2025-09-01,CUST004,PRD0080,5,29322.79,Commercial Baseline,High
2025-10-01,CUST004,PRD0080,3,18315.96,Latest Estimate,Medium
2025-11-01,CUST004,PRD0080,13,77561.93,SIOP Review,Medium
2025-12-01,CUST004,PRD0080,4,23331.0,SIOP Review,High
2026-01-01,CUST004,PRD0080,4,23211.78,Latest Estimate,Medium
2026-02-01,CUST004,PRD0080,3,16842.55,Commercial Baseline,Medium
2026-03-01,CUST004,PRD0080,5,28504.72,Commercial Baseline,High
2026-04-01,CUST004,PRD0080,5,27336.39,SIOP Review,Medium
2026-05-01,CUST004,PRD0080,3,18022.85,SIOP Review,Medium
2026-06-01,CUST004,PRD0080,3,17158.99,Commercial Baseline,Low
2026-07-01,CUST004,PRD0080,3,18346.92,Commercial Baseline,High
2026-08-01,CUST004,PRD0080,1,5528.71,SIOP Review,High
2026-09-01,CUST004,PRD0080,7,38477.14,Latest Estimate,Medium
2026-10-01,CUST004,PRD0080,3,18020.68,SIOP Review,Medium
2026-11-01,CUST004,PRD0080,2,11410.13,SIOP Review,Medium
2026-12-01,CUST004,PRD0080,5,29095.05,Commercial Baseline,High
2025-07-01,CUST004,PRD0045,10,68628.48,Commercial Baseline,High
2025-08-01,CUST004,PRD0045,2,13755.52,Commercial Baseline,Medium
2025-09-01,CUST004,PRD0045,10,66225.19,SIOP Review,Medium
2025-10-01,CUST004,PRD0045,18,114168.32,SIOP Review,High
2025-11-01,CUST004,PRD0045,18,110199.34,SIOP Review,Medium
2025-12-01,CUST004,PRD0045,10,66979.57,Commercial Baseline,High
2026-01-01,CUST004,PRD0045,11,67650.1,Commercial Baseline,High
2026-02-01,CUST004,PRD0045,6,40326.82,SIOP Review,Medium
2026-03-01,CUST004,PRD0045,7,47870.77,SIOP Review,High
2026-04-01,CUST004,PRD0045,25,155183.31,Commercial Baseline,Low
2026-05-01,CUST004,PRD0045,3,19507.3,Commercial Baseline,Medium
2026-06-01,CUST004,PRD0045,14,92800.13,SIOP Review,Low
2026-07-01,CUST004,PRD0045,10,65179.33,Commercial Baseline,High
2026-08-01,CUST004,PRD0045,16,97161.69,Latest Estimate,High
2026-09-01,CUST004,PRD0045,14,93028.65,Latest Estimate,Medium
2026-10-01,CUST004,PRD0045,16,98378.64,Commercial Baseline,Medium
2026-11-01,CUST004,PRD0045,9,58768.45,SIOP Review,Medium
2026-12-01,CUST004,PRD0045,14,96198.12,Latest Estimate,High
2025-07-01,CUST004,PRD0100,4,10584.17,Commercial Baseline,Low
2025-08-01,CUST004,PRD0100,3,8383.05,Latest Estimate,Low
2025-09-01,CUST004,PRD0100,4,10529.6,Latest Estimate,Medium
2025-10-01,CUST004,PRD0100,3,7750.15,Commercial Baseline,Medium
2025-11-01,CUST004,PRD0100,3,7640.33,Commercial Baseline,Medium
2025-12-01,CUST004,PRD0100,4,11148.72,Latest Estimate,High
2026-01-01,CUST004,PRD0100,3,7467.77,Commercial Baseline,High
2026-02-01,CUST004,PRD0100,14,39293.55,Commercial Baseline,Medium
2026-03-01,CUST004,PRD0100,4,10359.64,SIOP Review,Low
2026-04-01,CUST004,PRD0100,3,7667.82,SIOP Review,Medium
2026-05-01,CUST004,PRD0100,3,7718.56,Latest Estimate,Medium
2026-06-01,CUST004,PRD0100,3,7782.95,Commercial Baseline,Medium
2026-07-01,CUST004,PRD0100,2,5505.5,Latest Estimate,Medium
2026-08-01,CUST004,PRD0100,2,5401.1,Latest Estimate,Low
2026-09-01,CUST004,PRD0100,4,11115.33,SIOP Review,Medium
2026-10-01,CUST004,PRD0100,4,11205.51,SIOP Review,Low
2026-11-01,CUST004,PRD0100,4,11112.94,Latest Estimate,Low
2026-12-01,CUST004,PRD0100,2,5543.89,SIOP Review,Low
2025-07-01,CUST004,PRD0108,10,225981.22,SIOP Review,Low
2025-08-01,CUST004,PRD0108,7,148045.02,Commercial Baseline,Medium
2025-09-01,CUST004,PRD0108,14,305192.11,Commercial Baseline,Medium
2025-10-01,CUST004,PRD0108,25,531587.74,SIOP Review,Medium
2025-11-01,CUST004,PRD0108,9,185232.18,Latest Estimate,Medium
2025-12-01,CUST004,PRD0108,7,143519.69,SIOP Review,High
2026-01-01,CUST004,PRD0108,14,308252.23,SIOP Review,Low
2026-02-01,CUST004,PRD0108,22,474119.05,Commercial Baseline,Medium
2026-03-01,CUST004,PRD0108,11,224674.99,Latest Estimate,Low
2026-04-01,CUST004,PRD0108,14,286207.7,Commercial Baseline,High
2026-05-01,CUST004,PRD0108,11,240291.05,SIOP Review,Low
2026-06-01,CUST004,PRD0108,10,211879.32,Latest Estimate,Medium
2026-07-01,CUST004,PRD0108,7,159386.54,SIOP Review,Low
2026-08-01,CUST004,PRD0108,9,189991.91,Latest Estimate,Medium
2026-09-01,CUST004,PRD0108,23,471833.29,Latest Estimate,High
2026-10-01,CUST004,PRD0108,25,558452.79,Commercial Baseline,High
2026-11-01,CUST004,PRD0108,12,241885.31,Latest Estimate,High
2026-12-01,CUST004,PRD0108,10,219539.81,SIOP Review,Medium
2025-07-01,CUST005,PRD0007,10,48137.56,SIOP Review,Medium
2025-08-01,CUST005,PRD0007,16,76216.41,SIOP Review,Medium
2025-09-01,CUST005,PRD0007,12,57051.41,Latest Estimate,Medium
2025-10-01,CUST005,PRD0007,18,93330.85,SIOP Review,Medium
2025-11-01,CUST005,PRD0007,5,24624.88,Commercial Baseline,Low
2025-12-01,CUST005,PRD0007,17,86722.04,Commercial Baseline,High
2026-01-01,CUST005,PRD0007,10,46634.67,SIOP Review,Medium
2026-02-01,CUST005,PRD0007,3,14754.31,SIOP Review,Medium
2026-03-01,CUST005,PRD0007,10,49478.44,Commercial Baseline,Medium
2026-04-01,CUST005,PRD0007,10,49991.94,SIOP Review,Low
2026-05-01,CUST005,PRD0007,15,78111.43,SIOP Review,High
2026-06-01,CUST005,PRD0007,12,57279.07,Commercial Baseline,High
2026-07-01,CUST005,PRD0007,7,33143.62,SIOP Review,High
2026-08-01,CUST005,PRD0007,10,52506.13,Latest Estimate,Medium
2026-09-01,CUST005,PRD0007,5,25823.42,SIOP Review,Medium
2026-10-01,CUST005,PRD0007,14,71736.79,Commercial Baseline,Low
2026-11-01,CUST005,PRD0007,16,82747.4,Latest Estimate,Low
2026-12-01,CUST005,PRD0007,25,121003.18,Latest Estimate,Medium
2025-07-01,CUST005,PRD0096,3,4184.44,Commercial Baseline,Medium
2025-08-01,CUST005,PRD0096,2,3081.32,Latest Estimate,Low
2025-09-01,CUST005,PRD0096,2,2867.13,SIOP Review,Medium
2025-10-01,CUST005,PRD0096,2,3083.02,Commercial Baseline,Medium
2025-11-01,CUST005,PRD0096,2,3143.6,SIOP Review,High
2025-12-01,CUST005,PRD0096,3,4236.84,Latest Estimate,Medium
2026-01-01,CUST005,PRD0096,3,4731.47,Latest Estimate,High
2026-02-01,CUST005,PRD0096,1,1566.31,Latest Estimate,High
2026-03-01,CUST005,PRD0096,3,4354.27,Latest Estimate,Medium
2026-04-01,CUST005,PRD0096,5,7438.82,Latest Estimate,Medium
2026-05-01,CUST005,PRD0096,1,1398.5,Commercial Baseline,Medium
2026-06-01,CUST005,PRD0096,3,4440.46,Latest Estimate,High
2026-07-01,CUST005,PRD0096,2,3067.39,Commercial Baseline,Medium
2026-08-01,CUST005,PRD0096,2,3007.67,Commercial Baseline,High
2026-09-01,CUST005,PRD0096,2,3048.39,Latest Estimate,Medium
2026-10-01,CUST005,PRD0096,2,2816.51,SIOP Review,Low
2026-11-01,CUST005,PRD0096,3,4619.58,Latest Estimate,High
2026-12-01,CUST005,PRD0096,3,4643.08,Commercial Baseline,Low
2025-07-01,CUST005,PRD0120,0,0.0,Latest Estimate,High
2025-08-01,CUST005,PRD0120,1,12120.09,SIOP Review,High
2025-09-01,CUST005,PRD0120,1,11090.81,SIOP Review,High
2025-10-01,CUST005,PRD0120,2,23605.01,SIOP Review,Low
2025-11-01,CUST005,PRD0120,1,11230.7,Commercial Baseline,High
2025-12-01,CUST005,PRD0120,0,0.0,SIOP Review,Medium
2026-01-01,CUST005,PRD0120,0,0.0,Commercial Baseline,High
2026-02-01,CUST005,PRD0120,0,0.0,Latest Estimate,Medium
2026-03-01,CUST005,PRD0120,1,11807.65,SIOP Review,Medium
2026-04-01,CUST005,PRD0120,0,0.0,Latest Estimate,Medium
2026-05-01,CUST005,PRD0120,1,11279.59,Commercial Baseline,Medium
2026-06-01,CUST005,PRD0120,2,22173.73,Latest Estimate,Medium
2026-07-01,CUST005,PRD0120,0,0.0,SIOP Review,Medium
2026-08-01,CUST005,PRD0120,0,0.0,SIOP Review,High
2026-09-01,CUST005,PRD0120,0,0.0,Commercial Baseline,Medium
2026-10-01,CUST005,PRD0120,0,0.0,SIOP Review,Medium
2026-11-01,CUST005,PRD0120,0,0.0,Commercial Baseline,Low
2026-12-01,CUST005,PRD0120,5,57048.41,Latest Estimate,High
2025-07-01,CUST005,PRD0111,4,43132.45,Latest Estimate,Medium
2025-08-01,CUST005,PRD0111,2,21847.95,SIOP Review,Medium
2025-09-01,CUST005,PRD0111,5,57002.5,SIOP Review,Low
2025-10-01,CUST005,PRD0111,4,44436.0,Commercial Baseline,Low
2025-11-01,CUST005,PRD0111,3,32721.16,Latest Estimate,Medium
2025-12-01,CUST005,PRD0111,3,33890.6,Commercial Baseline,Medium
2026-01-01,CUST005,PRD0111,3,32630.2,SIOP Review,Medium
2026-02-01,CUST005,PRD0111,6,67206.82,Commercial Baseline,Medium
2026-03-01,CUST005,PRD0111,3,34702.01,Latest Estimate,Medium
2026-04-01,CUST005,PRD0111,5,59292.93,Commercial Baseline,Medium
2026-05-01,CUST005,PRD0111,3,33863.84,SIOP Review,Medium
2026-06-01,CUST005,PRD0111,6,66757.5,Latest Estimate,Medium
2026-07-01,CUST005,PRD0111,6,65987.36,Latest Estimate,High
2026-08-01,CUST005,PRD0111,4,45536.89,Latest Estimate,Low
2026-09-01,CUST005,PRD0111,11,115995.82,Latest Estimate,High
2026-10-01,CUST005,PRD0111,8,93217.33,Latest Estimate,Medium
2026-11-01,CUST005,PRD0111,4,43274.71,SIOP Review,High
2026-12-01,CUST005,PRD0111,6,64426.11,Commercial Baseline,Medium
2025-07-01,CUST005,PRD0098,0,0.0,Commercial Baseline,Low
2025-08-01,CUST005,PRD0098,0,0.0,SIOP Review,Medium
2025-09-01,CUST005,PRD0098,0,0.0,Latest Estimate,Low
2025-10-01,CUST005,PRD0098,1,1336.05,SIOP Review,Medium
2025-11-01,CUST005,PRD0098,0,0.0,Commercial Baseline,High
2025-12-01,CUST005,PRD0098,1,1296.34,SIOP Review,Low
2026-01-01,CUST005,PRD0098,1,1385.16,Latest Estimate,Medium
2026-02-01,CUST005,PRD0098,0,0.0,SIOP Review,Low
2026-03-01,CUST005,PRD0098,9,11580.03,Latest Estimate,Medium
2026-04-01,CUST005,PRD0098,0,0.0,Latest Estimate,High
2026-05-01,CUST005,PRD0098,8,10848.33,SIOP Review,Low
2026-06-01,CUST005,PRD0098,0,0.0,Latest Estimate,Medium
2026-07-01,CUST005,PRD0098,1,1267.07,Commercial Baseline,Low
2026-08-01,CUST005,PRD0098,0,0.0,SIOP Review,High
2026-09-01,CUST005,PRD0098,2,2727.37,SIOP Review,Low
2026-10-01,CUST005,PRD0098,1,1372.27,Latest Estimate,Low
2026-11-01,CUST005,PRD0098,1,1330.99,SIOP Review,Medium
2026-12-01,CUST005,PRD0098,1,1281.77,Latest Estimate,Medium
2025-07-01,CUST005,PRD0047,4,25443.71,Commercial Baseline,High
2025-08-01,CUST005,PRD0047,9,57114.84,Latest Estimate,Medium
2025-09-01,CUST005,PRD0047,5,32517.02,Latest Estimate,Medium
2025-10-01,CUST005,PRD0047,11,69432.92,Commercial Baseline,Medium
2025-11-01,CUST005,PRD0047,6,35307.94,Commercial Baseline,Medium
2025-12-01,CUST005,PRD0047,4,23827.84,Commercial Baseline,Low
2026-01-01,CUST005,PRD0047,1,6039.85,Latest Estimate,Low
2026-02-01,CUST005,PRD0047,3,19488.92,SIOP Review,Low
2026-03-01,CUST005,PRD0047,8,50207.4,SIOP Review,Medium
2026-04-01,CUST005,PRD0047,5,30157.39,Commercial Baseline,High
2026-05-01,CUST005,PRD0047,4,26376.67,Commercial Baseline,High
2026-06-01,CUST005,PRD0047,5,32131.31,Latest Estimate,Low
2026-07-01,CUST005,PRD0047,2,12610.75,SIOP Review,Low
2026-08-01,CUST005,PRD0047,1,6222.87,Commercial Baseline,Medium
2026-09-01,CUST005,PRD0047,22,129270.17,Commercial Baseline,Low
2026-10-01,CUST005,PRD0047,7,41519.9,Latest Estimate,Medium
2026-11-01,CUST005,PRD0047,6,36026.81,Commercial Baseline,Medium
2026-12-01,CUST005,PRD0047,3,18896.15,Latest Estimate,High
2025-07-01,CUST005,PRD0056,1,33910.66,Latest Estimate,Medium
2025-08-01,CUST005,PRD0056,0,0.0,Latest Estimate,Low
2025-09-01,CUST005,PRD0056,1,33239.69,Latest Estimate,High
2025-10-01,CUST005,PRD0056,0,0.0,SIOP Review,Medium
2025-11-01,CUST005,PRD0056,5,170657.79,SIOP Review,Low
2025-12-01,CUST005,PRD0056,0,0.0,SIOP Review,Low
2026-01-01,CUST005,PRD0056,1,31619.91,Latest Estimate,High
2026-02-01,CUST005,PRD0056,0,0.0,Latest Estimate,Low
2026-03-01,CUST005,PRD0056,0,0.0,Latest Estimate,Medium
2026-04-01,CUST005,PRD0056,0,0.0,SIOP Review,Medium
2026-05-01,CUST005,PRD0056,0,0.0,Latest Estimate,Medium
2026-06-01,CUST005,PRD0056,0,0.0,Commercial Baseline,High
2026-07-01,CUST005,PRD0056,0,0.0,SIOP Review,Medium
2026-08-01,CUST005,PRD0056,0,0.0,SIOP Review,Low
2026-09-01,CUST005,PRD0056,0,0.0,Commercial Baseline,Low
2026-10-01,CUST005,PRD0056,0,0.0,Latest Estimate,High
2026-11-01,CUST005,PRD0056,0,0.0,Latest Estimate,Medium
2026-12-01,CUST005,PRD0056,0,0.0,Latest Estimate,Low
2025-07-01,CUST005,PRD0097,4,3581.92,SIOP Review,Medium
2025-08-01,CUST005,PRD0097,4,3433.43,Commercial Baseline,High
2025-09-01,CUST005,PRD0097,7,5922.77,Latest Estimate,Low
2025-10-01,CUST005,PRD0097,4,3500.5,Latest Estimate,High
2025-11-01,CUST005,PRD0097,5,3991.67,SIOP Review,High
2025-12-01,CUST005,PRD0097,5,4340.86,SIOP Review,High
2026-01-01,CUST005,PRD0097,4,3212.13,SIOP Review,High
2026-02-01,CUST005,PRD0097,4,3176.24,SIOP Review,Medium
2026-03-01,CUST005,PRD0097,3,2638.33,SIOP Review,Low
2026-04-01,CUST005,PRD0097,6,5326.41,SIOP Review,Medium
2026-05-01,CUST005,PRD0097,4,3221.15,Commercial Baseline,Medium
2026-06-01,CUST005,PRD0097,6,4959.62,Latest Estimate,High
2026-07-01,CUST005,PRD0097,4,3524.55,Latest Estimate,Medium
2026-08-01,CUST005,PRD0097,3,2657.17,SIOP Review,Medium
2026-09-01,CUST005,PRD0097,14,11058.7,SIOP Review,Medium
2026-10-01,CUST005,PRD0097,7,6114.49,Commercial Baseline,Low
2026-11-01,CUST005,PRD0097,2,1650.52,Latest Estimate,Medium
2026-12-01,CUST005,PRD0097,3,2416.34,Commercial Baseline,Medium
2025-07-01,CUST005,PRD0116,1,16371.39,SIOP Review,Medium
2025-08-01,CUST005,PRD0116,1,15044.64,Commercial Baseline,Medium
2025-09-01,CUST005,PRD0116,7,113592.08,Latest Estimate,High
2025-10-01,CUST005,PRD0116,0,0.0,Commercial Baseline,High
2025-11-01,CUST005,PRD0116,1,14891.83,SIOP Review,Low
2025-12-01,CUST005,PRD0116,0,0.0,Commercial Baseline,High
2026-01-01,CUST005,PRD0116,1,15585.68,Latest Estimate,Low
2026-02-01,CUST005,PRD0116,0,0.0,Commercial Baseline,High
2026-03-01,CUST005,PRD0116,1,15283.92,SIOP Review,High
2026-04-01,CUST005,PRD0116,1,15966.63,SIOP Review,High
2026-05-01,CUST005,PRD0116,0,0.0,Commercial Baseline,High
2026-06-01,CUST005,PRD0116,1,16013.41,Latest Estimate,Medium
2026-07-01,CUST005,PRD0116,1,15859.14,SIOP Review,Medium
2026-08-01,CUST005,PRD0116,2,29924.27,Latest Estimate,Medium
2026-09-01,CUST005,PRD0116,1,16558.23,Latest Estimate,Medium
2026-10-01,CUST005,PRD0116,1,15258.11,Commercial Baseline,Medium
2026-11-01,CUST005,PRD0116,0,0.0,SIOP Review,Medium
2026-12-01,CUST005,PRD0116,10,154824.92,SIOP Review,High
2025-07-01,CUST005,PRD0033,7,70562.85,SIOP Review,Medium
2025-08-01,CUST005,PRD0033,3,30853.19,Latest Estimate,High
2025-09-01,CUST005,PRD0033,20,195671.88,Commercial Baseline,Medium
2025-10-01,CUST005,PRD0033,7,69186.67,SIOP Review,Medium
2025-11-01,CUST005,PRD0033,7,69242.57,Commercial Baseline,Low
2025-12-01,CUST005,PRD0033,6,58561.31,Commercial Baseline,Medium
2026-01-01,CUST005,PRD0033,11,103329.46,SIOP Review,Low
2026-02-01,CUST005,PRD0033,3,29243.86,Commercial Baseline,High
2026-03-01,CUST005,PRD0033,7,68098.92,Commercial Baseline,Medium
2026-04-01,CUST005,PRD0033,19,199228.32,Commercial Baseline,Low
2026-05-01,CUST005,PRD0033,4,38766.23,SIOP Review,High
2026-06-01,CUST005,PRD0033,3,29816.66,Latest Estimate,High
2026-07-01,CUST005,PRD0033,13,135321.45,SIOP Review,Medium
2026-08-01,CUST005,PRD0033,5,50790.63,SIOP Review,Medium
2026-09-01,CUST005,PRD0033,6,60570.44,SIOP Review,Low
2026-10-01,CUST005,PRD0033,4,40233.51,Commercial Baseline,High
2026-11-01,CUST005,PRD0033,4,42362.3,Commercial Baseline,Low
2026-12-01,CUST005,PRD0033,4,40585.46,SIOP Review,Medium
2025-07-01,CUST005,PRD0085,0,0.0,SIOP Review,Low
2025-08-01,CUST005,PRD0085,2,17291.65,Commercial Baseline,Medium
2025-09-01,CUST005,PRD0085,2,17416.78,Commercial Baseline,High
2025-10-01,CUST005,PRD0085,15,129618.55,Commercial Baseline,Medium
2025-11-01,CUST005,PRD0085,1,9014.64,SIOP Review,High
2025-12-01,CUST005,PRD0085,0,0.0,SIOP Review,Medium
2026-01-01,CUST005,PRD0085,2,17761.54,SIOP Review,High
2026-02-01,CUST005,PRD0085,17,162047.35,SIOP Review,Medium
2026-03-01,CUST005,PRD0085,4,34159.02,Commercial Baseline,Medium
2026-04-01,CUST005,PRD0085,5,46852.43,Commercial Baseline,High
2026-05-01,CUST005,PRD0085,2,18649.89,SIOP Review,Medium
2026-06-01,CUST005,PRD0085,1,9229.06,Commercial Baseline,Medium
2026-07-01,CUST005,PRD0085,2,18624.37,Latest Estimate,High
2026-08-01,CUST005,PRD0085,2,18350.16,Commercial Baseline,High
2026-09-01,CUST005,PRD0085,9,81318.69,Commercial Baseline,Low
2026-10-01,CUST005,PRD0085,4,34778.87,SIOP Review,Medium
2026-11-01,CUST005,PRD0085,3,27229.98,Latest Estimate,Low
2026-12-01,CUST005,PRD0085,1,9009.36,SIOP Review,High
2025-07-01,CUST005,PRD0095,6,59280.47,SIOP Review,Medium
2025-08-01,CUST005,PRD0095,6,64661.04,SIOP Review,Low
2025-09-01,CUST005,PRD0095,4,43695.43,SIOP Review,Low
2025-10-01,CUST005,PRD0095,7,72828.99,SIOP Review,Medium
2025-11-01,CUST005,PRD0095,6,65684.9,Latest Estimate,Medium
2025-12-01,CUST005,PRD0095,2,20388.79,Commercial Baseline,Medium
2026-01-01,CUST005,PRD0095,1,10126.52,SIOP Review,Medium
2026-02-01,CUST005,PRD0095,4,41523.79,Latest Estimate,High
2026-03-01,CUST005,PRD0095,5,52580.92,SIOP Review,Medium
2026-04-01,CUST005,PRD0095,6,62013.84,Latest Estimate,High
2026-05-01,CUST005,PRD0095,6,63040.71,Latest Estimate,Low
2026-06-01,CUST005,PRD0095,5,50711.44,Latest Estimate,Low
2026-07-01,CUST005,PRD0095,5,50430.63,SIOP Review,Medium
2026-08-01,CUST005,PRD0095,3,32024.04,Commercial Baseline,High
2026-09-01,CUST005,PRD0095,5,49428.32,Commercial Baseline,Low
2026-10-01,CUST005,PRD0095,4,39944.16,SIOP Review,Low
2026-11-01,CUST005,PRD0095,3,33523.46,SIOP Review,Medium
2026-12-01,CUST005,PRD0095,4,40797.02,Latest Estimate,Low
2025-07-01,CUST005,PRD0061,2,14987.0,SIOP Review,Medium
2025-08-01,CUST005,PRD0061,1,8119.47,Commercial Baseline,Medium
2025-09-01,CUST005,PRD0061,2,15963.81,Commercial Baseline,Medium
2025-10-01,CUST005,PRD0061,0,0.0,Latest Estimate,Low
2025-11-01,CUST005,PRD0061,0,0.0,Commercial Baseline,High
2025-12-01,CUST005,PRD0061,1,8401.89,Latest Estimate,High
2026-01-01,CUST005,PRD0061,2,15731.45,SIOP Review,Medium
2026-02-01,CUST005,PRD0061,2,15144.22,SIOP Review,High
2026-03-01,CUST005,PRD0061,0,0.0,SIOP Review,High
2026-04-01,CUST005,PRD0061,0,0.0,Latest Estimate,Medium
2026-05-01,CUST005,PRD0061,0,0.0,SIOP Review,High
2026-06-01,CUST005,PRD0061,8,64768.02,SIOP Review,Low
2026-07-01,CUST005,PRD0061,1,8038.29,Commercial Baseline,High
2026-08-01,CUST005,PRD0061,14,109628.28,SIOP Review,High
2026-09-01,CUST005,PRD0061,0,0.0,SIOP Review,Low
2026-10-01,CUST005,PRD0061,14,108458.61,Latest Estimate,High
2026-11-01,CUST005,PRD0061,1,8392.01,Latest Estimate,Medium
2026-12-01,CUST005,PRD0061,1,8372.06,Commercial Baseline,High
2025-07-01,CUST005,PRD0086,2,9319.69,SIOP Review,High
2025-08-01,CUST005,PRD0086,4,19795.8,SIOP Review,High
2025-09-01,CUST005,PRD0086,4,19442.59,Latest Estimate,High
2025-10-01,CUST005,PRD0086,1,4696.86,Latest Estimate,Medium
2025-11-01,CUST005,PRD0086,4,20261.58,Latest Estimate,Medium
2025-12-01,CUST005,PRD0086,2,9626.56,SIOP Review,Medium
2026-01-01,CUST005,PRD0086,2,9095.47,SIOP Review,Medium
2026-02-01,CUST005,PRD0086,1,4640.17,Latest Estimate,Low
2026-03-01,CUST005,PRD0086,2,9728.85,SIOP Review,Medium
2026-04-01,CUST005,PRD0086,3,14816.17,SIOP Review,Medium
2026-05-01,CUST005,PRD0086,3,14261.56,Latest Estimate,Low
2026-06-01,CUST005,PRD0086,2,9675.5,Commercial Baseline,Medium
2026-07-01,CUST005,PRD0086,3,14304.21,SIOP Review,Medium
2026-08-01,CUST005,PRD0086,3,14750.66,Commercial Baseline,High
2026-09-01,CUST005,PRD0086,3,13679.99,SIOP Review,Low
2026-10-01,CUST005,PRD0086,3,14468.77,Commercial Baseline,Medium
2026-11-01,CUST005,PRD0086,3,14013.04,Latest Estimate,Medium
2026-12-01,CUST005,PRD0086,3,14194.82,Commercial Baseline,Medium
2025-07-01,CUST005,PRD0081,4,4836.53,SIOP Review,Medium
2025-08-01,CUST005,PRD0081,5,5781.86,SIOP Review,High
2025-09-01,CUST005,PRD0081,5,6329.54,SIOP Review,High
2025-10-01,CUST005,PRD0081,8,9196.75,Commercial Baseline,High
2025-11-01,CUST005,PRD0081,6,6913.21,SIOP Review,Medium
2025-12-01,CUST005,PRD0081,7,8547.59,Latest Estimate,Medium
2026-01-01,CUST005,PRD0081,5,5572.38,Latest Estimate,High
2026-02-01,CUST005,PRD0081,4,4744.31,Latest Estimate,Low
2026-03-01,CUST005,PRD0081,5,5787.81,Latest Estimate,Medium
2026-04-01,CUST005,PRD0081,4,4731.0,Latest Estimate,High
2026-05-01,CUST005,PRD0081,5,6202.96,SIOP Review,Low
2026-06-01,CUST005,PRD0081,6,6867.17,SIOP Review,High
2026-07-01,CUST005,PRD0081,6,7107.27,Latest Estimate,Medium
2026-08-01,CUST005,PRD0081,3,3344.26,SIOP Review,Medium
2026-09-01,CUST005,PRD0081,5,6118.98,Latest Estimate,High
2026-10-01,CUST005,PRD0081,6,7370.7,Commercial Baseline,High
2026-11-01,CUST005,PRD0081,7,8516.64,Commercial Baseline,Medium
2026-12-01,CUST005,PRD0081,6,6889.67,Latest Estimate,High
2025-07-01,CUST005,PRD0036,1,3090.56,SIOP Review,Medium
2025-08-01,CUST005,PRD0036,0,0.0,SIOP Review,Low
2025-09-01,CUST005,PRD0036,0,0.0,SIOP Review,High
2025-10-01,CUST005,PRD0036,13,41680.35,Commercial Baseline,High
2025-11-01,CUST005,PRD0036,0,0.0,Latest Estimate,Medium
2025-12-01,CUST005,PRD0036,0,0.0,SIOP Review,Medium
2026-01-01,CUST005,PRD0036,1,2974.74,Latest Estimate,Medium
2026-02-01,CUST005,PRD0036,1,3186.91,Latest Estimate,Medium
2026-03-01,CUST005,PRD0036,1,3202.25,SIOP Review,Medium
2026-04-01,CUST005,PRD0036,0,0.0,Latest Estimate,Medium
2026-05-01,CUST005,PRD0036,0,0.0,Commercial Baseline,High
2026-06-01,CUST005,PRD_X0024,0,0.0,Commercial Baseline,Medium
2026-07-01,CUST005,PRD0036,1,3096.24,Latest Estimate,High
2026-08-01,CUST005,PRD0036,1,2995.46,Latest Estimate,Low
2026-09-01,CUST005,PRD0036,0,0.0,SIOP Review,Medium
2026-10-01,CUST005,PRD0036,1,3250.67,Latest Estimate,Medium
2026-11-01,CUST005,PRD0036,9,29557.36,Commercial Baseline,High
2026-12-01,CUST005,PRD0036,0,0.0,Commercial Baseline,Medium
2025-07-01,CUST005,PRD0115,10,75340.28,Latest Estimate,Low
2025-08-01,CUST005,PRD0115,1,7994.87,Latest Estimate,High
2025-09-01,CUST005,PRD0115,0,0.0,Commercial Baseline,Medium
2025-10-01,CUST005,PRD0115,1,8362.31,SIOP Review,Medium
2025-11-01,CUST005,PRD0115,17,136535.55,Commercial Baseline,Medium
2025-12-01,CUST005,PRD0115,0,0.0,Commercial Baseline,Medium
2026-01-01,CUST005,PRD0115,0,0.0,Latest Estimate,Medium
2026-02-01,CUST005,PRD0115,0,0.0,SIOP Review,Low
2026-03-01,CUST005,PRD0115,14,105203.95,Commercial Baseline,High
2026-04-01,CUST005,PRD0115,1,7500.46,Commercial Baseline,Medium
2026-05-01,CUST005,PRD0115,0,0.0,Commercial Baseline,Medium
2026-06-01,CUST005,PRD0115,0,0.0,SIOP Review,Medium
2026-07-01,CUST005,PRD0115,1,7869.78,SIOP Review,Medium
2026-08-01,CUST005,PRD0115,0,0.0,Latest Estimate,Medium
2026-09-01,CUST005,PRD0115,1,7707.28,Latest Estimate,Low
2026-10-01,CUST005,PRD0115,2,14915.21,Commercial Baseline,High
2026-11-01,CUST005,PRD0115,1,8265.65,SIOP Review,Medium
2026-12-01,CUST005,PRD0115,2,15948.26,Commercial Baseline,Medium
2025-07-01,CUST005,PRD0110,1,6266.82,Latest Estimate,Low
2025-08-01,CUST005,PRD0110,0,0.0,Commercial Baseline,Medium
2025-09-01,CUST005,PRD0110,2,13044.43,Latest Estimate,Medium
2025-10-01,CUST005,PRD0110,1,6137.12,Latest Estimate,High
2025-11-01,CUST005,PRD0110,0,0.0,SIOP Review,Medium
2025-12-01,CUST005,PRD0110,1,6015.94,Latest Estimate,Medium
2026-01-01,CUST005,PRD0110,0,0.0,SIOP Review,Medium
2026-02-01,CUST005,PRD0110,10,59429.35,SIOP Review,Medium
2026-03-01,CUST005,PRD0110,0,0.0,Commercial Baseline,Medium
2026-04-01,CUST005,PRD0110,2,12681.53,Commercial Baseline,Low
2026-05-01,CUST005,PRD0110,0,0.0,SIOP Review,Medium
2026-06-01,CUST005,PRD0110,0,0.0,Latest Estimate,High
2026-07-01,CUST005,PRD0110,1,6069.47,SIOP Review,Low
2026-08-01,CUST005,PRD0110,0,0.0,Commercial Baseline,Medium
2026-09-01,CUST005,PRD0110,1,6413.33,Latest Estimate,Low
2026-10-01,CUST005,PRD0110,5,32539.87,SIOP Review,Medium
2026-11-01,CUST005,PRD0110,0,0.0,Latest Estimate,High
2026-12-01,CUST005,PRD0110,0,0.0,Latest Estimate,Low
2025-07-01,CUST005,PRD0006,3,30876.44,Latest Estimate,High
2025-08-01,CUST005,PRD0006,5,48496.56,Latest Estimate,Medium
2025-09-01,CUST005,PRD0006,6,59131.4,SIOP Review,Medium
2025-10-01,CUST005,PRD0006,6,61777.28,SIOP Review,Medium
2025-11-01,CUST005,PRD0006,5,47352.49,Commercial Baseline,High
2025-12-01,CUST005,PRD0006,5,47639.08,Commercial Baseline,Medium
2026-01-01,CUST005,PRD0006,6,57202.72,Commercial Baseline,High
2026-02-01,CUST005,PRD0006,1,10096.62,Commercial Baseline,Low
2026-03-01,CUST005,PRD0006,3,28751.58,SIOP Review,Medium
2026-04-01,CUST005,PRD0006,10,105190.0,SIOP Review,High
2026-05-01,CUST005,PRD0006,6,59968.56,Latest Estimate,Medium
2026-06-01,CUST005,PRD0006,0,0.0,Latest Estimate,High
2026-07-01,CUST005,PRD0006,3,29793.04,Latest Estimate,Medium
2026-08-01,CUST005,PRD0006,1,9662.61,Latest Estimate,Low
2026-09-01,CUST005,PRD0006,8,77219.91,Commercial Baseline,High
2026-10-01,CUST005,PRD0006,6,62704.83,Latest Estimate,High
2026-11-01,CUST005,PRD0006,2,20403.43,SIOP Review,Medium
2026-12-01,CUST005,PRD0006,3,29975.53,Commercial Baseline,Medium
2025-07-01,CUST005,PRD0084,0,0.0,Latest Estimate,Medium
2025-08-01,CUST005,PRD0084,0,0.0,Commercial Baseline,Low
2025-09-01,CUST005,PRD0084,0,0.0,Commercial Baseline,Low
2025-10-01,CUST005,PRD0084,1,36852.0,Commercial Baseline,Medium
2025-11-01,CUST005,PRD0084,0,0.0,Latest Estimate,Medium
2025-12-01,CUST005,PRD0084,0,0.0,SIOP Review,Medium
2026-01-01,CUST005,PRD0084,0,0.0,Commercial Baseline,High
2026-02-01,CUST005,PRD0084,0,0.0,Commercial Baseline,Medium
2026-03-01,CUST005,PRD0084,0,0.0,SIOP Review,High
2026-04-01,CUST005,PRD0084,0,0.0,SIOP Review,Medium
2026-05-01,CUST005,PRD0084,0,0.0,Commercial Baseline,Medium
2026-06-01,CUST005,PRD0084,0,0.0,SIOP Review,Medium
2026-07-01,CUST005,PRD0084,0,0.0,Commercial Baseline,Medium
2026-08-01,CUST005,PRD0084,0,0.0,Latest Estimate,Medium
2026-09-01,CUST005,PRD0084,0,0.0,Latest Estimate,Medium
2026-10-01,CUST005,PRD0084,0,0.0,Latest Estimate,High
2026-11-01,CUST005,PRD0084,0,0.0,SIOP Review,High
2026-12-01,CUST005,PRD0084,0,0.0,SIOP Review,Medium
2025-07-01,CUST005,PRD0112,2,44410.47,SIOP Review,Medium
2025-08-01,CUST005,PRD0112,1,21379.11,SIOP Review,High
2025-09-01,CUST005,PRD0112,2,40950.6,Commercial Baseline,High
2025-10-01,CUST005,PRD0112,3,66330.96,Commercial Baseline,High
2025-11-01,CUST005,PRD0112,1,21639.48,Latest Estimate,Low
2025-12-01,CUST005,PRD0112,4,83173.6,Latest Estimate,Medium
2026-01-01,CUST005,PRD0112,2,42278.68,Latest Estimate,Medium
2026-02-01,CUST005,PRD0112,0,0.0,Commercial Baseline,Medium
2026-03-01,CUST005,PRD0112,3,65497.63,Latest Estimate,Medium
2026-04-01,CUST005,PRD0112,13,290852.0,Commercial Baseline,Medium
2026-05-01,CUST005,PRD0112,0,0.0,Latest Estimate,Medium
2026-06-01,CUST005,PRD0112,1,21143.95,SIOP Review,Medium
2026-07-01,CUST005,PRD0112,1,22983.71,Latest Estimate,High
2026-08-01,CUST005,PRD0112,2,44610.87,Latest Estimate,Medium
2026-09-01,CUST005,PRD0112,3,67132.63,Commercial Baseline,Medium
2026-10-01,CUST005,PRD0112,1,22870.33,Commercial Baseline,High
2026-11-01,CUST005,PRD0112,1,22269.55,Latest Estimate,Medium
2026-12-01,CUST005,PRD0112,1,21627.87,Commercial Baseline,Medium
2025-07-01,CUST005,PRD0080,10,57686.3,Commercial Baseline,Medium
2025-08-01,CUST005,PRD0080,8,44589.77,Commercial Baseline,Medium
2025-09-01,CUST005,PRD0080,14,80853.08,SIOP Review,Low
2025-10-01,CUST005,PRD0080,16,88690.39,Commercial Baseline,Medium
2025-11-01,CUST005,PRD0080,11,64233.71,Latest Estimate,Low
2025-12-01,CUST005,PRD0080,9,51743.19,Latest Estimate,Low
2026-01-01,CUST005,PRD0080,8,45451.5,Latest Estimate,Low
2026-02-01,CUST005,PRD0080,10,61894.52,Commercial Baseline,Medium
2026-03-01,CUST005,PRD0080,9,55091.37,SIOP Review,Medium
2026-04-01,CUST005,PRD0080,6,34864.84,Latest Estimate,Low
2026-05-01,CUST005,PRD0080,8,44093.24,SIOP Review,Low
2026-06-01,CUST005,PRD0080,6,36021.52,Latest Estimate,Low
2026-07-01,CUST005,PRD0080,14,77493.82,Commercial Baseline,Medium
2026-08-01,CUST005,PRD0080,4,24488.51,Latest Estimate,Medium
2026-09-01,CUST005,PRD0080,5,29466.24,SIOP Review,Medium
2026-10-01,CUST005,PRD0080,7,41808.92,SIOP Review,High
2026-11-01,CUST005,PRD0080,9,51112.62,Latest Estimate,Medium
2026-12-01,CUST005,PRD0080,13,76897.49,SIOP Review,Medium
2025-07-01,CUST005,PRD0031,8,90826.47,Commercial Baseline,Low
2025-08-01,CUST005,PRD0031,2,21835.25,SIOP Review,Medium
2025-09-01,CUST005,PRD0031,1,10487.98,SIOP Review,Medium
2025-10-01,CUST005,PRD0031,0,0.0,SIOP Review,Medium
2025-11-01,CUST005,PRD0031,1,11216.36,Commercial Baseline,High
2025-12-01,CUST005,PRD0031,1,10584.95,Commercial Baseline,Medium
2026-01-01,CUST005,PRD0031,1,11453.13,SIOP Review,Low
2026-02-01,CUST005,PRD0031,1,10295.14,SIOP Review,Medium
2026-03-01,CUST005,PRD0031,0,0.0,Commercial Baseline,Medium
2026-04-01,CUST005,PRD0031,1,11345.6,Latest Estimate,Low
2026-05-01,CUST005,PRD0031,1,10101.06,SIOP Review,High
2026-06-01,CUST005,PRD0031,2,20297.77,Latest Estimate,Low
2026-07-01,CUST005,PRD0031,0,0.0,Commercial Baseline,Low
2026-08-01,CUST005,PRD0031,3,32186.74,Latest Estimate,Medium
2026-09-01,CUST005,PRD0031,2,22421.14,Latest Estimate,Medium
2026-10-01,CUST005,PRD0031,0,0.0,Commercial Baseline,Medium
2026-11-01,CUST005,PRD0031,0,0.0,Commercial Baseline,High
2026-12-01,CUST005,PRD0031,1,11241.49,SIOP Review,Medium
2025-07-01,CUST005,PRD0068,2,19539.47,SIOP Review,Medium
2025-08-01,CUST005,PRD0068,2,20171.89,Latest Estimate,Medium
2025-09-01,CUST005,PRD0068,1,10504.59,Commercial Baseline,Low
2025-10-01,CUST005,PRD0068,1,10888.19,Latest Estimate,Low
2025-11-01,CUST005,PRD0068,1,10783.51,Commercial Baseline,Low
2025-12-01,CUST005,PRD0068,2,19969.12,SIOP Review,Medium
2026-01-01,CUST005,PRD0068,1,10763.01,Commercial Baseline,Medium
2026-02-01,CUST005,PRD0068,1,10774.26,Latest Estimate,Medium
2026-03-01,CUST005,PRD0068,17,184255.74,SIOP Review,Low
2026-04-01,CUST005,PRD0068,3,33212.84,Commercial Baseline,High
2026-05-01,CUST005,PRD0068,2,19712.71,SIOP Review,Low
2026-06-01,CUST005,PRD0068,1,10739.58,SIOP Review,Low
2026-07-01,CUST005,PRD0068,2,21824.24,Commercial Baseline,Medium
2026-08-01,CUST005,PRD0068,2,21950.73,Latest Estimate,High
2026-09-01,CUST005,PRD0068,3,30701.81,Latest Estimate,Low
2026-10-01,CUST005,PRD0068,3,31642.39,SIOP Review,Low
2026-11-01,CUST005,PRD0068,1,10047.52,Latest Estimate,Medium
2026-12-01,CUST005,PRD0068,8,88460.93,Latest Estimate,Medium
2025-07-01,CUST005,PRD0106,5,69833.81,Latest Estimate,Medium
2025-08-01,CUST005,PRD0106,2,28091.23,SIOP Review,Medium
2025-09-01,CUST005,PRD0106,6,77562.4,Latest Estimate,Medium
2025-10-01,CUST005,PRD0106,4,51817.73,SIOP Review,Medium
2025-11-01,CUST005,PRD0106,6,87816.81,SIOP Review,Medium
2025-12-01,CUST005,PRD0106,2,27078.38,Commercial Baseline,High
2026-01-01,CUST005,PRD0106,6,77333.6,SIOP Review,High
2026-02-01,CUST005,PRD0106,0,0.0,Latest Estimate,Medium
2026-03-01,CUST005,PRD0106,3,41057.19,Latest Estimate,Medium
2026-04-01,CUST005,PRD0106,5,71212.94,Latest Estimate,High
2026-05-01,CUST005,PRD0106,17,232228.07,Commercial Baseline,Low
2026-06-01,CUST005,PRD0106,15,217036.45,Commercial Baseline,High
2026-07-01,CUST005,PRD0106,13,187121.09,Commercial Baseline,Low
2026-08-01,CUST005,PRD0106,2,25929.7,Commercial Baseline,Medium
2026-09-01,CUST005,PRD0106,3,38760.68,Latest Estimate,High
2026-10-01,CUST005,PRD0106,5,68795.03,SIOP Review,Low
2026-11-01,CUST005,PRD0106,5,70652.11,Latest Estimate,Medium
2026-12-01,CUST005,PRD0106,5,65287.8,Latest Estimate,Medium
2025-07-01,CUST005,PRD0029,3,33294.25,SIOP Review,Low
2025-08-01,CUST005,PRD0029,2,22338.02,Latest Estimate,Medium
2025-09-01,CUST005,PRD0029,7,79346.47,Commercial Baseline,Medium
2025-10-01,CUST005,PRD0029,5,55144.84,Commercial Baseline,Medium
2025-11-01,CUST005,PRD0029,4,46930.36,Latest Estimate,High
2025-12-01,CUST005,PRD0029,5,57905.51,Latest Estimate,Medium
2026-01-01,CUST005,PRD0029,4,44528.33,Latest Estimate,Medium
2026-02-01,CUST005,PRD0029,5,57845.92,SIOP Review,High
2026-03-01,CUST005,PRD0029,7,81069.93,SIOP Review,High
2026-04-01,CUST005,PRD0029,8,89348.3,SIOP Review,High
2026-05-01,CUST005,PRD0029,3,34231.27,Latest Estimate,Medium
2026-06-01,CUST005,PRD0029,5,54798.71,Latest Estimate,Medium
2026-07-01,CUST005,PRD0029,3,34836.22,Commercial Baseline,Medium
2026-08-01,CUST005,PRD0029,6,63375.75,Commercial Baseline,Medium
2026-09-01,CUST005,PRD0029,7,80141.84,Commercial Baseline,Medium
2026-10-01,CUST005,PRD0029,6,67377.5,Latest Estimate,Low
2026-11-01,CUST005,PRD0029,0,0.0,Commercial Baseline,Low
2026-12-01,CUST005,PRD0029,3,31864.75,Latest Estimate,High
2025-07-01,CUST005,PRD0091,10,7714.51,Latest Estimate,High
2025-08-01,CUST005,PRD0091,13,10170.13,SIOP Review,Medium
2025-09-01,CUST005,PRD0091,10,8288.33,Latest Estimate,High
2025-10-01,CUST005,PRD0091,13,10539.39,Commercial Baseline,Medium
2025-11-01,CUST005,PRD0091,6,4918.27,SIOP Review,Medium
2025-12-01,CUST005,PRD0091,8,6254.6,Commercial Baseline,Medium
2026-01-01,CUST005,PRD0091,11,8866.69,SIOP Review,Medium
2026-02-01,CUST005,PRD0091,11,8341.19,Commercial Baseline,Medium
2026-03-01,CUST005,PRD0091,9,7612.6,Latest Estimate,Low
2026-04-01,CUST005,PRD0091,6,5156.83,Latest Estimate,High
2026-05-01,CUST005,PRD0091,9,7253.22,Commercial Baseline,Low
2026-06-01,CUST005,PRD0091,3,2484.53,Commercial Baseline,Medium
2026-07-01,CUST005,PRD0091,8,6841.58,Commercial Baseline,Low
2026-08-01,CUST005,PRD0091,8,6477.98,Commercial Baseline,Medium
2026-09-01,CUST005,PRD0091,24,19486.23,Latest Estimate,Medium
2026-10-01,CUST005,PRD0091,10,8316.12,SIOP Review,High
2026-11-01,CUST005,PRD0091,3,2466.29,Commercial Baseline,Medium
2026-12-01,CUST005,PRD0091,1,800.45,SIOP Review,High
2025-07-01,CUST005,PRD0035,0,0.0,SIOP Review,Medium
2025-08-01,CUST005,PRD0035,0,0.0,SIOP Review,Medium
2025-09-01,CUST005,PRD0035,0,0.0,Commercial Baseline,High
2025-10-01,CUST005,PRD0035,0,0.0,SIOP Review,Medium
2025-11-01,CUST005,PRD0035,0,0.0,Commercial Baseline,Low
2025-12-01,CUST005,PRD0035,1,7582.63,Latest Estimate,High
2026-01-01,CUST005,PRD0035,0,0.0,Commercial Baseline,Medium
2026-02-01,CUST005,PRD0035,0,0.0,SIOP Review,Medium
2026-03-01,CUST005,PRD0035,0,0.0,Commercial Baseline,Medium
2026-04-01,CUST005,PRD0035,0,0.0,Commercial Baseline,Medium
2026-05-01,CUST005,PRD0035,0,0.0,SIOP Review,Medium
2026-06-01,CUST005,PRD0035,0,0.0,Commercial Baseline,High
2026-07-01,CUST005,PRD0035,0,0.0,SIOP Review,Medium
2026-08-01,CUST005,PRD0035,8,61893.19,Commercial Baseline,Medium
2026-09-01,CUST005,PRD0035,0,0.0,Commercial Baseline,Medium
2026-10-01,CUST005,PRD0035,0,0.0,Commercial Baseline,High
2026-11-01,CUST005,PRD0035,0,0.0,Commercial Baseline,Medium
2026-12-01,CUST005,PRD0035,0,0.0,Latest Estimate,Low
2025-07-01,CUST005,PRD0040,0,0.0,Commercial Baseline,Low
2025-08-01,CUST005,PRD0040,0,0.0,SIOP Review,Low
2025-09-01,CUST005,PRD0040,15,207928.38,Commercial Baseline,Medium
2025-10-01,CUST005,PRD0040,7,89726.43,Latest Estimate,Low
2025-11-01,CUST005,PRD0040,0,0.0,Latest Estimate,Medium
2025-12-01,CUST005,PRD0040,0,0.0,Commercial Baseline,Medium
2026-01-01,CUST005,PRD0040,0,0.0,SIOP Review,Low
2026-02-01,CUST005,PRD0040,0,0.0,Latest Estimate,Low
2026-03-01,CUST005,PRD0040,0,0.0,Commercial Baseline,High
2026-04-01,CUST005,PRD0040,0,0.0,SIOP Review,High
2026-05-01,CUST005,PRD0040,0,0.0,SIOP Review,Medium
2026-06-01,CUST005,PRD0040,0,0.0,Commercial Baseline,Low
2026-07-01,CUST005,PRD0040,0,0.0,Latest Estimate,Low
2026-08-01,CUST005,PRD0040,0,0.0,Commercial Baseline,Medium
2026-09-01,CUST005,PRD0040,1,13222.44,Latest Estimate,Medium
2026-10-01,CUST005,PRD0040,0,0.0,Commercial Baseline,High
2026-11-01,CUST005,PRD0040,0,0.0,Latest Estimate,Low
2026-12-01,CUST005,PRD0040,0,0.0,Commercial Baseline,Medium
2025-07-01,CUST005,PRD0034,0,0.0,Latest Estimate,High
2025-08-01,CUST005,PRD0034,0,0.0,Latest Estimate,Low
2025-09-01,CUST005,PRD0034,0,0.0,Commercial Baseline,Medium
2025-10-01,CUST005,PRD0034,0,0.0,Latest Estimate,Medium
2025-11-01,CUST005,PRD0034,2,18746.64,SIOP Review,Low
2025-12-01,CUST005,PRD0034,0,0.0,Commercial Baseline,Medium
2026-01-01,CUST005,PRD0034,6,54632.19,Commercial Baseline,Medium
2026-02-01,CUST005,PRD0034,0,0.0,SIOP Review,High
2026-03-01,CUST005,PRD0034,0,0.0,SIOP Review,Medium
2026-04-01,CUST005,PRD0034,0,0.0,Commercial Baseline,Medium
2026-05-01,CUST005,PRD0034,0,0.0,Commercial Baseline,High
2026-06-01,CUST005,PRD0034,1,9084.43,Commercial Baseline,Medium
2026-07-01,CUST005,PRD0034,0,0.0,SIOP Review,Medium
2026-08-01,CUST005,PRD0034,0,0.0,Commercial Baseline,High
2026-09-01,CUST005,PRD0034,0,0.0,Latest Estimate,Medium
2026-10-01,CUST005,PRD0034,0,0.0,Latest Estimate,High
2026-11-01,CUST005,PRD0034,0,0.0,SIOP Review,Medium
2026-12-01,CUST005,PRD0034,13,128185.12,SIOP Review,High
2025-07-01,CUST005,PRD0043,1,25825.51,Latest Estimate,Low
2025-08-01,CUST005,PRD0043,9,229669.3,SIOP Review,Low
2025-09-01,CUST005,PRD0043,2,50384.79,SIOP Review,Medium
2025-10-01,CUST005,PRD0043,1,24749.88,Commercial Baseline,Medium
2025-11-01,CUST005,PRD0043,0,0.0,Latest Estimate,Medium
2025-12-01,CUST005,PRD0043,2,49651.88,SIOP Review,Medium
2026-01-01,CUST005,PRD0043,0,0.0,Commercial Baseline,Medium
2026-02-01,CUST005,PRD0043,0,0.0,Commercial Baseline,High
2026-03-01,CUST005,PRD0043,0,0.0,SIOP Review,High
2026-04-01,CUST005,PRD0043,0,0.0,Latest Estimate,Low
2026-05-01,CUST005,PRD0043,0,0.0,SIOP Review,Medium
2026-06-01,CUST005,PRD0043,16,403272.35,Latest Estimate,Medium
2026-07-01,CUST005,PRD0043,1,25128.32,Commercial Baseline,Low
2026-08-01,CUST005,PRD0043,1,24285.28,SIOP Review,High
2026-09-01,CUST005,PRD0043,1,26441.66,Latest Estimate,Low
2026-10-01,CUST005,PRD0043,0,0.0,Latest Estimate,Medium
2026-11-01,CUST005,PRD0043,0,0.0,SIOP Review,Medium
2026-12-01,CUST005,PRD0043,0,0.0,Latest Estimate,High
2025-07-01,CUST005,PRD0017,5,31239.13,SIOP Review,Medium
2025-08-01,CUST005,PRD0017,14,94061.44,Latest Estimate,Medium
2025-09-01,CUST005,PRD0017,6,40470.05,SIOP Review,Low
2025-10-01,CUST005,PRD0017,7,48819.94,Commercial Baseline,Low
2025-11-01,CUST005,PRD0017,4,25286.48,SIOP Review,Medium
2025-12-01,CUST005,PRD0017,2,13092.57,Latest Estimate,Low
2026-01-01,CUST005,PRD0017,6,37987.1,Commercial Baseline,High
2026-02-01,CUST005,PRD0017,5,34480.59,Latest Estimate,Low
2026-03-01,CUST005,PRD0017,13,86650.19,SIOP Review,Medium
2026-04-01,CUST005,PRD0017,5,32324.21,SIOP Review,High
2026-05-01,CUST005,PRD0017,6,42443.27,Commercial Baseline,Medium
2026-06-01,CUST005,PRD0017,2,13913.65,Commercial Baseline,Medium
2026-07-01,CUST005,PRD0017,3,18922.85,Commercial Baseline,Medium
2026-08-01,CUST005,PRD0017,3,20960.99,Latest Estimate,High
2026-09-01,CUST005,PRD0017,6,38153.03,Commercial Baseline,Low
2026-10-01,CUST005,PRD0017,2,13243.76,SIOP Review,High
2026-11-01,CUST005,PRD0017,5,32135.52,Commercial Baseline,Medium
2026-12-01,CUST005,PRD0017,8,56545.29,Commercial Baseline,Low
2025-07-01,CUST005,PRD0042,1,4726.27,SIOP Review,Medium
2025-08-01,CUST005,PRD0042,0,0.0,SIOP Review,Low
2025-09-01,CUST005,PRD0042,1,4897.71,Commercial Baseline,Medium
2025-10-01,CUST005,PRD0042,0,0.0,SIOP Review,Low
2025-11-01,CUST005,PRD0042,0,0.0,SIOP Review,Low
2025-12-01,CUST005,PRD0042,0,0.0,Commercial Baseline,High
2026-01-01,CUST005,PRD0042,1,4612.67,Latest Estimate,High
2026-02-01,CUST005,PRD0042,0,0.0,Latest Estimate,Medium
2026-03-01,CUST005,PRD0042,0,0.0,Commercial Baseline,Medium
2026-04-01,CUST005,PRD0042,0,0.0,SIOP Review,Medium
2026-05-01,CUST005,PRD0042,0,0.0,SIOP Review,Medium
2026-06-01,CUST005,PRD0042,0,0.0,SIOP Review,Low
2026-07-01,CUST005,PRD0042,1,4824.76,Commercial Baseline,Low
2026-08-01,CUST005,PRD0042,0,0.0,Commercial Baseline,Medium
2026-09-01,CUST005,PRD0042,0,0.0,Commercial Baseline,Low
2026-10-01,CUST005,PRD0042,0,0.0,Commercial Baseline,Medium
2026-11-01,CUST005,PRD0042,0,0.0,Latest Estimate,High
2026-12-01,CUST005,PRD0042,0,0.0,SIOP Review,Low
2025-07-01,CUST005,PRD0092,11,188274.13,Latest Estimate,High
2025-08-01,CUST005,PRD0092,5,85212.66,SIOP Review,High
2025-09-01,CUST005,PRD0092,7,118685.12,Commercial Baseline,High
2025-10-01,CUST005,PRD0092,15,229362.41,Commercial Baseline,Low
2025-11-01,CUST005,PRD0092,5,82436.59,Commercial Baseline,Low
2025-12-01,CUST005,PRD0092,9,145219.14,Commercial Baseline,Medium
2026-01-01,CUST005,PRD0092,7,116830.47,SIOP Review,Low
2026-02-01,CUST005,PRD0092,13,218373.32,Latest Estimate,Medium
2026-03-01,CUST005,PRD0092,11,167134.71,Latest Estimate,High
2026-04-01,CUST005,PRD0092,16,266657.73,Commercial Baseline,Medium
2026-05-01,CUST005,PRD0092,5,80760.78,SIOP Review,Medium
2026-06-01,CUST005,PRD0092,5,85222.68,Commercial Baseline,Medium
2026-07-01,CUST005,PRD0092,10,158929.93,SIOP Review,Medium
2026-08-01,CUST005,PRD0092,13,217737.76,Latest Estimate,Medium
2026-09-01,CUST005,PRD0092,7,106365.48,SIOP Review,Medium
2026-10-01,CUST005,PRD0092,14,236858.11,SIOP Review,Low
2026-11-01,CUST005,PRD0092,10,164697.21,SIOP Review,Medium
2026-12-01,CUST005,PRD0092,10,165158.32,Commercial Baseline,Low
2025-07-01,CUST005,PRD0083,2,8438.47,Latest Estimate,Medium
2025-08-01,CUST005,PRD0083,5,21578.7,Commercial Baseline,High
2025-09-01,CUST005,PRD0083,5,20887.86,SIOP Review,High
2025-10-01,CUST005,PRD0083,1,4084.8,Latest Estimate,Medium
2025-11-01,CUST005,PRD0083,2,8670.32,Commercial Baseline,Low
2025-12-01,CUST005,PRD0083,1,4059.34,Commercial Baseline,Low
2026-01-01,CUST005,PRD0083,4,15928.1,Commercial Baseline,Low
2026-02-01,CUST005,PRD0083,3,11921.62,Commercial Baseline,High
2026-03-01,CUST005,PRD0083,3,12876.18,SIOP Review,Low
2026-04-01,CUST005,PRD0083,6,22973.89,Latest Estimate,Medium
2026-05-01,CUST005,PRD0083,2,8079.17,SIOP Review,Medium
2026-06-01,CUST005,PRD0083,3,11651.66,SIOP Review,Medium
2026-07-01,CUST005,PRD0083,14,57631.7,SIOP Review,High
2026-08-01,CUST005,PRD0083,0,0.0,Commercial Baseline,High
2026-09-01,CUST005,PRD0083,4,15962.07,Commercial Baseline,Medium
2026-10-01,CUST005,PRD0083,5,19680.52,Commercial Baseline,High
2026-11-01,CUST005,PRD0083,4,16168.37,Latest Estimate,High
2026-12-01,CUST005,PRD0083,5,19766.37,Latest Estimate,Low
2025-07-01,CUST005,PRD0038,0,0.0,Commercial Baseline,High
2025-08-01,CUST005,PRD0038,0,0.0,Latest Estimate,Medium
2025-09-01,CUST005,PRD0038,1,52431.09,SIOP Review,Low
2025-10-01,CUST005,PRD0038,3,166931.81,Commercial Baseline,Low
2025-11-01,CUST005,PRD0038,1,50905.95,Commercial Baseline,Low
2025-12-01,CUST005,PRD0038,1,55557.61,Latest Estimate,High
2026-01-01,CUST005,PRD0038,1,50363.29,SIOP Review,Low
2026-02-01,CUST005,PRD0038,0,0.0,Commercial Baseline,Medium
2026-03-01,CUST005,PRD0038,0,0.0,Commercial Baseline,Medium
2026-04-01,CUST005,PRD0038,3,164277.28,SIOP Review,Medium
2026-05-01,CUST005,PRD0038,2,107907.71,Commercial Baseline,High
2026-06-01,CUST005,PRD0038,1,49850.62,Latest Estimate,Medium
2026-07-01,CUST005,PRD0038,1,49972.96,Commercial Baseline,Low
2026-08-01,CUST005,PRD0038,1,55542.71,Commercial Baseline,Medium
2026-09-01,CUST005,PRD0038,1,54284.77,Latest Estimate,Medium
2026-10-01,CUST005,PRD0038,6,310192.12,Commercial Baseline,Medium
2026-11-01,CUST005,PRD0038,2,107329.45,SIOP Review,High
2026-12-01,CUST005,PRD0038,1,55721.8,Latest Estimate,Medium
2025-07-01,CUST005,PRD0101,0,0.0,Commercial Baseline,High
2025-08-01,CUST005,PRD0101,1,7116.08,Latest Estimate,Medium
2025-09-01,CUST005,PRD0101,2,13144.38,SIOP Review,Medium
2025-10-01,CUST005,PRD0101,3,20677.16,SIOP Review,Medium
2025-11-01,CUST005,PRD0101,1,6829.09,Latest Estimate,Low
2025-12-01,CUST005,PRD0101,2,14099.16,Latest Estimate,Medium
2026-01-01,CUST005,PRD0101,2,13343.0,Latest Estimate,Medium
2026-02-01,CUST005,PRD0101,1,7243.01,Latest Estimate,Low
2026-03-01,CUST005,PRD0101,1,7064.57,Latest Estimate,Medium
2026-04-01,CUST005,PRD0101,0,0.0,Commercial Baseline,High
2026-05-01,CUST005,PRD0101,1,6955.73,Latest Estimate,High
2026-06-01,CUST005,PRD0101,3,20465.43,SIOP Review,Medium
2026-07-01,CUST005,PRD0101,1,6941.1,SIOP Review,Medium
2026-08-01,CUST005,PRD0101,2,14638.76,Latest Estimate,High
2026-09-01,CUST005,PRD0101,13,87759.86,Commercial Baseline,Low
2026-10-01,CUST005,PRD0101,3,20535.63,Latest Estimate,Medium
2026-11-01,CUST005,PRD0101,1,7167.1,SIOP Review,Medium
2026-12-01,CUST005,PRD0101,2,14444.06,SIOP Review,High
2025-07-01,CUST005,PRD0093,1,38825.08,SIOP Review,High
2025-08-01,CUST005,PRD0093,6,210910.83,Commercial Baseline,Medium
2025-09-01,CUST005,PRD0093,1,38375.79,SIOP Review,Medium
2025-10-01,CUST005,PRD0093,1,34689.02,SIOP Review,Low
2025-11-01,CUST005,PRD0093,0,0.0,Commercial Baseline,Medium
2025-12-01,CUST005,PRD0093,0,0.0,Commercial Baseline,High
2026-01-01,CUST005,PRD0093,1,38299.71,Latest Estimate,High
2026-02-01,CUST005,PRD0093,0,0.0,SIOP Review,Low
2026-03-01,CUST005,PRD0093,1,35591.66,Latest Estimate,Medium
2026-04-01,CUST005,PRD0093,2,75065.72,Latest Estimate,Medium
2026-05-01,CUST005,PRD0093,3,111712.17,Commercial Baseline,Medium
2026-06-01,CUST005,PRD0093,0,0.0,SIOP Review,Medium
2026-07-01,CUST005,PRD0093,0,0.0,Latest Estimate,Medium
2026-08-01,CUST005,PRD0093,0,0.0,SIOP Review,Low
2026-09-01,CUST005,PRD0093,1,36851.56,SIOP Review,Medium
2026-10-01,CUST005,PRD0093,2,69983.74,Commercial Baseline,Medium
2026-11-01,CUST005,PRD0093,2,69187.0,Commercial Baseline,Medium
2026-12-01,CUST005,PRD0093,0,0.0,Commercial Baseline,High
2025-07-01,CUST005,PRD0008,6,35517.66,Latest Estimate,Medium
2025-08-01,CUST005,PRD0008,6,33568.32,SIOP Review,Medium
2025-09-01,CUST005,PRD0008,5,28347.87,Latest Estimate,Low
2025-10-01,CUST005,PRD0008,5,30553.69,SIOP Review,Low
2025-11-01,CUST005,PRD0008,7,40497.78,Latest Estimate,Medium
2025-12-01,CUST005,PRD0008,18,100891.47,Latest Estimate,Medium
2026-01-01,CUST005,PRD0008,4,23123.53,Latest Estimate,Medium
2026-02-01,CUST005,PRD0008,4,24342.03,SIOP Review,High
2026-03-01,CUST005,PRD0008,4,22174.57,Latest Estimate,Medium
2026-04-01,CUST005,PRD0008,6,35704.85,Latest Estimate,High
2026-05-01,CUST005,PRD0008,6,34658.87,Commercial Baseline,High
2026-06-01,CUST005,PRD0008,7,40742.76,Commercial Baseline,Medium
2026-07-01,CUST005,PRD0008,5,28768.49,Commercial Baseline,Low
2026-08-01,CUST005,PRD0008,5,30287.7,Latest Estimate,Medium
2026-09-01,CUST005,PRD0008,8,48359.16,Latest Estimate,High
2026-10-01,CUST005,PRD0008,5,30409.48,SIOP Review,Medium
2026-11-01,CUST005,PRD0008,5,28718.47,Commercial Baseline,Low
2026-12-01,CUST005,PRD0008,4,21555.65,Latest Estimate,Medium
2025-07-01,CUST005,PRD0103,0,0.0,SIOP Review,Low
2025-08-01,CUST005,PRD0103,0,0.0,Commercial Baseline,High
2025-09-01,CUST005,PRD0103,0,0.0,Latest Estimate,High
2025-10-01,CUST005,PRD0103,1,8155.56,SIOP Review,Low
2025-11-01,CUST005,PRD0103,7,55638.11,SIOP Review,Medium
2025-12-01,CUST005,PRD0103,0,0.0,Latest Estimate,Low
2026-01-01,CUST005,PRD0103,0,0.0,Commercial Baseline,High
2026-02-01,CUST005,PRD0103,0,0.0,Latest Estimate,High
2026-03-01,CUST005,PRD0103,1,7784.38,SIOP Review,Medium
2026-04-01,CUST005,PRD0103,1,7859.05,Latest Estimate,Medium
2026-05-01,CUST005,PRD0103,0,0.0,SIOP Review,High
2026-06-01,CUST005,PRD0103,0,0.0,SIOP Review,High
2026-07-01,CUST005,PRD0103,1,7269.39,Latest Estimate,Low
2026-08-01,CUST005,PRD0103,0,0.0,Latest Estimate,Medium
2026-09-01,CUST005,PRD0103,11,81166.05,Commercial Baseline,Low
2026-10-01,CUST005,PRD0103,13,102550.23,SIOP Review,High
2026-11-01,CUST005,PRD0103,0,0.0,Latest Estimate,Medium
2026-12-01,CUST005,PRD0103,0,0.0,SIOP Review,Low
2025-07-01,CUST006,PRD0071,0,0.0,SIOP Review,High
2025-08-01,CUST006,PRD0071,1,1094.97,Latest Estimate,High
2025-09-01,CUST006,PRD0071,0,0.0,SIOP Review,Medium
2025-10-01,CUST006,PRD0071,0,0.0,Commercial Baseline,Low
2025-11-01,CUST006,PRD0071,0,0.0,SIOP Review,Medium
2025-12-01,CUST006,PRD0071,2,2333.03,Latest Estimate,Medium
2026-01-01,CUST006,PRD0071,0,0.0,SIOP Review,High
2026-02-01,CUST006,PRD0071,7,7925.81,Commercial Baseline,Low
2026-03-01,CUST006,PRD0071,0,0.0,Commercial Baseline,Medium
2026-04-01,CUST006,PRD0071,1,1239.9,SIOP Review,Low
2026-05-01,CUST006,PRD0071,15,17692.03,SIOP Review,Medium
2026-06-01,CUST006,PRD0071,14,17042.32,SIOP Review,High
2026-07-01,CUST006,PRD0071,1,1195.9,Latest Estimate,Medium
2026-08-01,CUST006,PRD0071,0,0.0,Commercial Baseline,Medium
2026-09-01,CUST006,PRD0071,0,0.0,Commercial Baseline,Medium
2026-10-01,CUST006,PRD0071,1,1163.44,Commercial Baseline,Low
2026-11-01,CUST006,PRD0071,11,12754.44,Latest Estimate,Medium
2026-12-01,CUST006,PRD0071,1,1107.38,Commercial Baseline,Medium
2025-07-01,CUST006,PRD0011,1,36802.96,Latest Estimate,Low
2025-08-01,CUST006,PRD0011,2,76958.47,SIOP Review,Medium
2025-09-01,CUST006,PRD0011,0,0.0,Commercial Baseline,Medium
2025-10-01,CUST006,PRD0011,10,409837.16,SIOP Review,Medium
2025-11-01,CUST006,PRD0011,0,0.0,Latest Estimate,Medium
2025-12-01,CUST006,PRD0011,0,0.0,SIOP Review,High
2026-01-01,CUST006,PRD0011,1,36990.74,Commercial Baseline,Low
2026-02-01,CUST006,PRD0011,0,0.0,Commercial Baseline,Medium
2026-03-01,CUST006,PRD0011,1,41861.27,SIOP Review,Low
2026-04-01,CUST006,PRD0011,0,0.0,SIOP Review,Medium
2026-05-01,CUST006,PRD0011,1,40503.49,SIOP Review,Medium
2026-06-01,CUST006,PRD0011,2,80743.53,SIOP Review,Medium
2026-07-01,CUST006,PRD0011,2,80798.31,SIOP Review,Low
2026-08-01,CUST006,PRD0011,0,0.0,SIOP Review,High
2026-09-01,CUST006,PRD0011,0,0.0,SIOP Review,Medium
2026-10-01,CUST006,PRD0011,8,314211.44,SIOP Review,Medium
2026-11-01,CUST006,PRD0011,0,0.0,Latest Estimate,High
2026-12-01,CUST006,PRD0011,0,0.0,SIOP Review,Medium
2025-07-01,CUST006,PRD0064,0,0.0,Latest Estimate,Medium
2025-08-01,CUST006,PRD0064,0,0.0,Commercial Baseline,Low
2025-09-01,CUST006,PRD0064,0,0.0,Latest Estimate,Low
2025-10-01,CUST006,PRD0064,1,24170.0,Latest Estimate,Medium
2025-11-01,CUST006,PRD0064,1,25865.74,Commercial Baseline,Medium
2025-12-01,CUST006,PRD0064,0,0.0,Commercial Baseline,High
2026-01-01,CUST006,PRD0064,10,246397.26,Latest Estimate,Medium
2026-02-01,CUST006,PRD0064,0,0.0,SIOP Review,Medium
2026-03-01,CUST006,PRD0064,0,0.0,Latest Estimate,High
2026-04-01,CUST006,PRD0064,2,49161.26,SIOP Review,High
2026-05-01,CUST006,PRD0064,0,0.0,SIOP Review,Low
2026-06-01,CUST006,PRD0064,0,0.0,Latest Estimate,Medium
2026-07-01,CUST006,PRD0064,1,24353.32,SIOP Review,Medium
2026-08-01,CUST006,PRD0064,10,234842.52,Latest Estimate,High
2026-09-01,CUST006,PRD0064,0,0.0,SIOP Review,Medium
2026-10-01,CUST006,PRD0064,1,24179.0,Commercial Baseline,Low
2026-11-01,CUST006,PRD0064,0,0.0,SIOP Review,Medium
2026-12-01,CUST006,PRD0064,1,25024.77,Latest Estimate,Medium
2025-07-01,CUST006,PRD0113,16,29382.67,Commercial Baseline,Medium
2025-08-01,CUST006,PRD0113,12,22478.69,Commercial Baseline,Low
2025-09-01,CUST006,PRD0113,12,20506.75,Commercial Baseline,Low
2025-10-01,CUST006,PRD0113,18,30522.58,Latest Estimate,Medium
2025-11-01,CUST006,PRD0113,16,29384.75,Latest Estimate,Medium
2025-12-01,CUST006,PRD0113,10,17442.34,SIOP Review,Medium
2026-01-01,CUST006,PRD0113,7,12687.31,SIOP Review,Medium
2026-02-01,CUST006,PRD0113,13,21787.65,Commercial Baseline,Medium
2026-03-01,CUST006,PRD0113,14,24244.89,Latest Estimate,Medium
2026-04-01,CUST006,PRD0113,16,29888.12,Latest Estimate,Medium
2026-05-01,CUST006,PRD0113,7,12623.1,SIOP Review,Medium
2026-06-01,CUST006,PRD0113,6,11232.64,Latest Estimate,High
2026-07-01,CUST006,PRD0113,12,22057.69,Latest Estimate,Medium
2026-08-01,CUST006,PRD0113,9,16411.88,SIOP Review,Medium
2026-09-01,CUST006,PRD0113,17,29364.12,Latest Estimate,High
2026-10-01,CUST006,PRD0113,14,25361.62,Latest Estimate,Low
2026-11-01,CUST006,PRD0113,11,18839.85,SIOP Review,Medium
2026-12-01,CUST006,PRD0113,2,3497.88,Commercial Baseline,Medium
2025-07-01,CUST006,PRD0091,5,3859.78,Latest Estimate,Medium
2025-08-01,CUST006,PRD0091,2,1617.44,Latest Estimate,High
2025-09-01,CUST006,PRD0091,6,4929.03,Commercial Baseline,Low
2025-10-01,CUST006,PRD0091,8,6062.81,Latest Estimate,High
2025-11-01,CUST006,PRD0091,19,15019.44,Latest Estimate,Medium
2025-12-01,CUST006,PRD0091,2,1554.58,Latest Estimate,High
2026-01-01,CUST006,PRD0091,7,5938.64,SIOP Review,Low
2026-02-01,CUST006,PRD0091,8,6595.47,SIOP Review,High
2026-03-01,CUST006,PRD0091,6,4716.25,Latest Estimate,Medium
2026-04-01,CUST006,PRD0091,7,5371.49,SIOP Review,High
2026-05-01,CUST006,PRD0091,2,1559.71,Latest Estimate,Medium
2026-06-01,CUST006,PRD0091,13,10242.3,Latest Estimate,Medium
2026-07-01,CUST006,PRD0091,3,2301.27,SIOP Review,Low
2026-08-01,CUST006,PRD0091,6,4952.5,SIOP Review,Medium
2026-09-01,CUST006,PRD0091,8,6299.46,Latest Estimate,Medium
2026-10-01,CUST006,PRD0091,5,3819.57,SIOP Review,Medium
2026-11-01,CUST006,PRD0091,15,11946.65,Latest Estimate,Medium
2026-12-01,CUST006,PRD0091,8,6268.12,Commercial Baseline,Low
2025-07-01,CUST006,PRD0043,18,423545.21,Latest Estimate,Low
2025-08-01,CUST006,PRD0043,8,188505.85,Latest Estimate,Medium
2025-09-01,CUST006,PRD0043,10,262966.26,Commercial Baseline,High
2025-10-01,CUST006,PRD0043,12,304049.87,SIOP Review,High
2025-11-01,CUST006,PRD0043,6,148024.69,SIOP Review,Medium
2025-12-01,CUST006,PRD0043,9,215837.21,SIOP Review,Medium
2026-01-01,CUST006,PRD0043,6,141401.41,SIOP Review,High
2026-02-01,CUST006,PRD0043,7,170470.18,Latest Estimate,Medium
2026-03-01,CUST006,PRD0043,5,130368.03,Latest Estimate,Medium
2026-04-01,CUST006,PRD0043,7,178832.55,Commercial Baseline,Low
2026-05-01,CUST006,PRD0043,4,104485.72,Commercial Baseline,Medium
2026-06-01,CUST006,PRD0043,13,320681.9,SIOP Review,Medium
2026-07-01,CUST006,PRD0043,2,49572.45,Commercial Baseline,Low
2026-08-01,CUST006,PRD0043,7,176452.91,Latest Estimate,Low
2026-09-01,CUST006,PRD0043,11,259675.53,SIOP Review,Medium
2026-10-01,CUST006,PRD0043,16,401469.75,SIOP Review,Medium
2026-11-01,CUST006,PRD0043,1,25853.25,Commercial Baseline,Low
2026-12-01,CUST006,PRD0043,9,228921.29,Commercial Baseline,Low
2025-07-01,CUST006,PRD0058,6,18198.16,Commercial Baseline,Medium
2025-08-01,CUST006,PRD0058,2,6150.28,SIOP Review,Medium
2025-09-01,CUST006,PRD0058,5,15314.63,Latest Estimate,High
2025-10-01,CUST006,PRD0058,7,21711.2,Commercial Baseline,Low
2025-11-01,CUST006,PRD0058,3,10141.24,SIOP Review,High
2025-12-01,CUST006,PRD0058,3,9287.36,Commercial Baseline,High
2026-01-01,CUST006,PRD0058,1,3364.8,SIOP Review,Medium
2026-02-01,CUST006,PRD0058,4,12161.5,Latest Estimate,Medium
2026-03-01,CUST006,PRD0058,7,21012.95,Latest Estimate,Low
2026-04-01,CUST006,PRD0058,8,26193.03,Commercial Baseline,Medium
2026-05-01,CUST006,PRD0058,3,10188.26,SIOP Review,Medium
2026-06-01,CUST006,PRD0058,7,22052.96,SIOP Review,Low
2026-07-01,CUST006,PRD0058,2,6378.47,Commercial Baseline,Medium
2026-08-01,CUST006,PRD0058,5,16658.72,Latest Estimate,Medium
2026-09-01,CUST006,PRD0058,6,18862.49,Latest Estimate,High
2026-10-01,CUST006,PRD0058,8,25734.07,Commercial Baseline,Medium
2026-11-01,CUST006,PRD0058,4,12186.02,SIOP Review,High
2026-12-01,CUST006,PRD0058,6,20415.46,Commercial Baseline,Medium
2025-07-01,CUST006,PRD0081,1,1199.4,SIOP Review,Medium
2025-08-01,CUST006,PRD0081,0,0.0,Latest Estimate,High
2025-09-01,CUST006,PRD0081,15,18811.26,Commercial Baseline,Medium
2025-10-01,CUST006,PRD0081,2,2320.01,Commercial Baseline,High
2025-11-01,CUST006,PRD0081,0,0.0,Latest Estimate,Medium
2025-12-01,CUST006,PRD0081,0,0.0,SIOP Review,Low
2026-01-01,CUST006,PRD0081,0,0.0,SIOP Review,Medium
2026-02-01,CUST006,PRD0081,0,0.0,SIOP Review,High
2026-03-01,CUST006,PRD0081,0,0.0,SIOP Review,Medium
2026-04-01,CUST006,PRD0081,15,18636.15,Commercial Baseline,Low
2026-05-01,CUST006,PRD0081,1,1197.96,Commercial Baseline,Low
2026-06-01,CUST006,PRD0081,2,2284.51,Latest Estimate,Medium
2026-07-01,CUST006,PRD0081,0,0.0,Latest Estimate,Medium
2026-08-01,CUST006,PRD0081,18,21863.23,SIOP Review,High
2026-09-01,CUST006,PRD0081,13,15809.91,Latest Estimate,Medium
2026-10-01,CUST006,PRD0081,0,0.0,Latest Estimate,High
2026-11-01,CUST006,PRD0081,0,0.0,SIOP Review,High
2026-12-01,CUST006,PRD0081,0,0.0,Commercial Baseline,High
2025-07-01,CUST006,PRD0082,11,20864.59,Latest Estimate,Medium
2025-08-01,CUST006,PRD0082,12,22249.0,Latest Estimate,Low
2025-09-01,CUST006,PRD0082,10,19283.76,Latest Estimate,Medium
2025-10-01,CUST006,PRD0082,8,15879.42,Latest Estimate,Low
2025-11-01,CUST006,PRD0082,6,11975.4,SIOP Review,Medium
2025-12-01,CUST006,PRD0082,9,17975.81,SIOP Review,High
2026-01-01,CUST006,PRD0082,3,6082.53,Commercial Baseline,Medium
2026-02-01,CUST006,PRD0082,7,14019.59,SIOP Review,Medium
2026-03-01,CUST006,PRD0082,10,19019.85,Latest Estimate,Medium
2026-04-01,CUST006,PRD0082,10,18121.45,Latest Estimate,Medium
2026-05-01,CUST006,PRD0082,7,13011.93,Latest Estimate,Medium
2026-06-01,CUST006,PRD0082,10,20438.32,SIOP Review,High
2026-07-01,CUST006,PRD0082,12,22478.7,Latest Estimate,High
2026-08-01,CUST006,PRD0082,12,21725.7,SIOP Review,High
2026-09-01,CUST006,PRD0082,15,29756.67,Latest Estimate,High
2026-10-01,CUST006,PRD0082,18,35153.57,Commercial Baseline,Medium
2026-11-01,CUST006,PRD0082,14,28302.22,Commercial Baseline,Medium
2026-12-01,CUST006,PRD0082,9,18346.91,Latest Estimate,Medium
2025-07-01,CUST006,PRD0116,5,73400.12,Latest Estimate,Medium
2025-08-01,CUST006,PRD0116,3,45189.56,Commercial Baseline,Medium
2025-09-01,CUST006,PRD0116,5,74860.89,SIOP Review,High
2025-10-01,CUST006,PRD0116,6,97328.68,Latest Estimate,Medium
2025-11-01,CUST006,PRD0116,2,30176.71,Latest Estimate,Low
2025-12-01,CUST006,PRD0116,5,79773.77,Commercial Baseline,Medium
2026-01-01,CUST006,PRD0116,5,73896.15,SIOP Review,Medium
2026-02-01,CUST006,PRD0116,19,283028.22,Latest Estimate,Low
2026-03-01,CUST006,PRD0116,5,75387.47,SIOP Review,Medium
2026-04-01,CUST006,PRD0116,7,106236.52,Commercial Baseline,Medium
2026-05-01,CUST006,PRD0116,6,88997.64,Latest Estimate,High
2026-06-01,CUST006,PRD0116,5,73277.14,Commercial Baseline,Medium
2026-07-01,CUST006,PRD0116,3,49543.95,Commercial Baseline,High
2026-08-01,CUST006,PRD0116,3,45707.66,Latest Estimate,Low
2026-09-01,CUST006,PRD0116,6,94609.9,Latest Estimate,Low
2026-10-01,CUST006,PRD0116,6,92099.31,SIOP Review,Medium
2026-11-01,CUST006,PRD0116,5,76064.53,Commercial Baseline,Medium
2026-12-01,CUST006,PRD0116,4,64720.2,Latest Estimate,High
2025-07-01,CUST006,PRD0106,0,0.0,SIOP Review,Low
2025-08-01,CUST006,PRD0106,1,14631.2,Commercial Baseline,High
2025-09-01,CUST006,PRD0106,2,26423.52,Commercial Baseline,Medium
2025-10-01,CUST006,PRD0106,15,199551.98,Latest Estimate,Low
2025-11-01,CUST006,PRD0106,1,13385.43,Latest Estimate,Low
2025-12-01,CUST006,PRD0106,0,0.0,Commercial Baseline,High
2026-01-01,CUST006,PRD0106,0,0.0,Latest Estimate,Medium
2026-02-01,CUST006,PRD0106,0,0.0,Latest Estimate,Medium
2026-03-01,CUST006,PRD0106,2,28310.21,SIOP Review,Medium
2026-04-01,CUST006,PRD0106,2,28109.48,Commercial Baseline,Medium
2026-05-01,CUST006,PRD0106,1,13890.26,Latest Estimate,Medium
2026-06-01,CUST006,PRD0106,1,14592.03,Latest Estimate,Medium
2026-07-01,CUST006,PRD0106,1,13059.28,Commercial Baseline,High
2026-08-01,CUST006,PRD0106,1,13076.0,SIOP Review,High
2026-09-01,CUST006,PRD0106,1,13120.7,Latest Estimate,Low
2026-10-01,CUST006,PRD0106,0,0.0,Commercial Baseline,High
2026-11-01,CUST006,PRD0106,2,26594.16,Commercial Baseline,Medium
2026-12-01,CUST006,PRD0106,0,0.0,SIOP Review,Low
2025-07-01,CUST006,PRD0024,5,134654.36,Commercial Baseline,Medium
2025-08-01,CUST006,PRD0024,2,49523.83,Commercial Baseline,Low
2025-09-01,CUST006,PRD0024,23,595767.87,SIOP Review,Medium
2025-10-01,CUST006,PRD0024,8,197838.76,SIOP Review,Medium
2025-11-01,CUST006,PRD0024,9,236350.97,Commercial Baseline,High
2025-12-01,CUST006,PRD0024,9,236027.57,Latest Estimate,High
2026-01-01,CUST006,PRD0024,8,204036.47,Commercial Baseline,High
2026-02-01,CUST006,PRD0024,8,215975.78,Commercial Baseline,Medium
2026-03-01,CUST006,PRD0024,11,305918.28,Commercial Baseline,High
2026-04-01,CUST006,PRD0024,9,236204.59,SIOP Review,High
2026-05-01,CUST006,PRD0024,8,213349.49,Commercial Baseline,Medium
2026-06-01,CUST006,PRD0024,12,311592.45,Commercial Baseline,Medium
2026-07-01,CUST006,PRD0024,17,470087.34,Latest Estimate,Low
2026-08-01,CUST006,PRD0024,22,589126.6,SIOP Review,Low
2026-09-01,CUST006,PRD0024,10,249489.33,SIOP Review,Medium
2026-10-01,CUST006,PRD0024,10,263579.32,Commercial Baseline,Low
2026-11-01,CUST006,PRD0024,3,77801.22,SIOP Review,High
2026-12-01,CUST006,PRD0024,9,239752.53,Commercial Baseline,Low
2025-07-01,CUST006,PRD0114,2,4970.85,Latest Estimate,Low
2025-08-01,CUST006,PRD0114,0,0.0,Latest Estimate,Low
2025-09-01,CUST006,PRD0114,2,5015.22,Commercial Baseline,Low
2025-10-01,CUST006,PRD0114,0,0.0,SIOP Review,Medium
2025-11-01,CUST006,PRD0114,0,0.0,SIOP Review,Low
2025-12-01,CUST006,PRD0114,0,0.0,SIOP Review,High
2026-01-01,CUST006,PRD0114,7,19166.38,SIOP Review,High
2026-02-01,CUST006,PRD0114,0,0.0,SIOP Review,High
2026-03-01,CUST006,PRD0114,1,2695.15,Latest Estimate,Low
2026-04-01,CUST006,PRD0114,0,0.0,Commercial Baseline,Medium
2026-05-01,CUST006,PRD0114,0,0.0,SIOP Review,Medium
2026-06-01,CUST006,PRD0114,1,2486.57,SIOP Review,Medium
2026-07-01,CUST006,PRD0114,0,0.0,SIOP Review,High
2026-08-01,CUST006,PRD0114,0,0.0,Commercial Baseline,Medium
2026-09-01,CUST006,PRD0114,1,2773.02,Latest Estimate,Low
2026-10-01,CUST006,PRD0114,2,5552.5,Commercial Baseline,Medium
2026-11-01,CUST006,PRD0114,0,0.0,Latest Estimate,Medium
2026-12-01,CUST006,PRD0114,0,0.0,SIOP Review,Medium
2025-07-01,CUST006,PRD0018,0,0.0,SIOP Review,Medium
2025-08-01,CUST006,PRD0018,0,0.0,Commercial Baseline,High
2025-09-01,CUST006,PRD0018,0,0.0,Commercial Baseline,Medium
2025-10-01,CUST006,PRD0018,0,0.0,Commercial Baseline,Medium
2025-11-01,CUST006,PRD0018,2,2146.05,Commercial Baseline,High
2025-12-01,CUST006,PRD0018,0,0.0,Commercial Baseline,Low
2026-01-01,CUST006,PRD0018,0,0.0,Commercial Baseline,Medium
2026-02-01,CUST006,PRD0018,3,3632.84,Commercial Baseline,High
2026-03-01,CUST006,PRD0018,1,1147.31,Commercial Baseline,Medium
2026-04-01,CUST006,PRD0018,1,1132.87,SIOP Review,Medium
2026-05-01,CUST006,PRD0018,0,0.0,Latest Estimate,Medium
2026-06-01,CUST006,PRD0018,1,1194.06,Commercial Baseline,Low
2026-07-01,CUST006,PRD0018,1,1150.17,SIOP Review,Medium
2026-08-01,CUST006,PRD0018,1,1107.53,Commercial Baseline,Medium
2026-09-01,CUST006,PRD0018,1,1099.93,Commercial Baseline,Medium
2026-10-01,CUST006,PRD0018,16,17298.46,SIOP Review,Medium
2026-11-01,CUST006,PRD0018,1,1102.02,SIOP Review,Medium
2026-12-01,CUST006,PRD0018,0,0.0,Latest Estimate,High
2025-07-01,CUST006,PRD0059,0,0.0,Latest Estimate,High
2025-08-01,CUST006,PRD0059,2,53134.28,Commercial Baseline,Medium
2025-09-01,CUST006,PRD0059,1,27126.16,SIOP Review,Medium
2025-10-01,CUST006,PRD0059,1,26586.75,Latest Estimate,Medium
2025-11-01,CUST006,PRD0059,1,27493.05,Commercial Baseline,Low
2025-12-01,CUST006,PRD0059,0,0.0,Latest Estimate,Medium
2026-01-01,CUST006,PRD0059,0,0.0,Latest Estimate,Low
2026-02-01,CUST006,PRD0059,2,51497.46,SIOP Review,Medium
2026-03-01,CUST006,PRD0059,1,27700.76,Commercial Baseline,Medium
2026-04-01,CUST006,PRD0059,0,0.0,Latest Estimate,Low
2026-05-01,CUST006,PRD0059,13,349406.41,Latest Estimate,High
2026-06-01,CUST006,PRD0059,0,0.0,Latest Estimate,High
2026-07-01,CUST006,PRD0059,1,24721.45,Commercial Baseline,Low
2026-08-01,CUST006,PRD0059,2,52086.38,Latest Estimate,Low
2026-09-01,CUST006,PRD0059,10,258618.73,SIOP Review,Low
2026-10-01,CUST006,PRD0059,1,27435.2,SIOP Review,Low
2026-11-01,CUST006,PRD0059,2,49046.08,SIOP Review,Low
2026-12-01,CUST006,PRD0059,3,83146.83,Commercial Baseline,High
2025-07-01,CUST006,PRD0054,14,38445.61,Latest Estimate,High
2025-08-01,CUST006,PRD0054,8,22243.17,Latest Estimate,Medium
2025-09-01,CUST006,PRD0054,13,36781.17,SIOP Review,High
2025-10-01,CUST006,PRD0054,13,36130.53,Commercial Baseline,Low
2025-11-01,CUST006,PRD0054,8,22259.37,SIOP Review,High
2025-12-01,CUST006,PRD0054,19,52532.96,SIOP Review,Medium
2026-01-01,CUST006,PRD0054,10,27068.56,SIOP Review,Medium
2026-02-01,CUST006,PRD0054,16,47122.6,SIOP Review,Medium
2026-03-01,CUST006,PRD0054,9,25604.6,SIOP Review,Medium
2026-04-01,CUST006,PRD0054,13,34999.36,SIOP Review,High
2026-05-01,CUST006,PRD0054,6,17528.83,Commercial Baseline,High
2026-06-01,CUST006,PRD0054,10,26874.52,SIOP Review,Low
2026-07-01,CUST006,PRD0054,14,41363.93,Latest Estimate,Low
2026-08-01,CUST006,PRD0054,11,32673.58,Commercial Baseline,Low
2026-09-01,CUST006,PRD0054,15,44387.59,Commercial Baseline,Medium
2026-10-01,CUST006,PRD0054,12,35018.86,Latest Estimate,High
2026-11-01,CUST006,PRD0054,9,24845.78,SIOP Review,High
2026-12-01,CUST006,PRD0054,10,28284.85,SIOP Review,Medium
2025-07-01,CUST006,PRD0041,1,18150.85,SIOP Review,Medium
2025-08-01,CUST006,PRD0041,0,0.0,Latest Estimate,Medium
2025-09-01,CUST006,PRD0041,2,35521.36,SIOP Review,Medium
2025-10-01,CUST006,PRD0041,0,0.0,SIOP Review,Medium
2025-11-01,CUST006,PRD0041,0,0.0,Latest Estimate,Medium
2025-12-01,CUST006,PRD0041,1,18545.6,Latest Estimate,Medium
2026-01-01,CUST006,PRD0041,2,39369.26,SIOP Review,Medium
2026-02-01,CUST006,PRD0041,1,17986.67,SIOP Review,Medium
2026-03-01,CUST006,PRD0041,1,17857.57,SIOP Review,Medium
2026-04-01,CUST006,PRD0041,0,0.0,Latest Estimate,Low
2026-05-01,CUST006,PRD0041,2,35712.38,Commercial Baseline,High
2026-06-01,CUST006,PRD0041,1,18987.06,Commercial Baseline,Medium
2026-07-01,CUST006,PRD0041,0,0.0,Commercial Baseline,Medium
2026-08-01,CUST006,PRD0041,0,0.0,SIOP Review,Low
2026-09-01,CUST006,PRD0041,2,36537.57,Commercial Baseline,High
2026-10-01,CUST006,PRD0041,15,271213.66,Commercial Baseline,Medium
2026-11-01,CUST006,PRD0041,0,0.0,Latest Estimate,Medium
2026-12-01,CUST006,PRD0041,0,0.0,Latest Estimate,Medium
2025-07-01,CUST006,PRD0014,0,0.0,SIOP Review,Medium
2025-08-01,CUST006,PRD0014,0,0.0,SIOP Review,Low
2025-09-01,CUST006,PRD0014,0,0.0,Commercial Baseline,Medium
2025-10-01,CUST006,PRD0014,1,43186.12,Commercial Baseline,Medium
2025-11-01,CUST006,PRD0014,14,612622.86,SIOP Review,Medium
2025-12-01,CUST006,PRD0014,1,43890.65,Latest Estimate,High
2026-01-01,CUST006,PRD0014,2,83982.68,Commercial Baseline,Low
2026-02-01,CUST006,PRD0014,0,0.0,Latest Estimate,Low
2026-03-01,CUST006,PRD0014,0,0.0,Commercial Baseline,Medium
2026-04-01,CUST006,PRD0014,0,0.0,Latest Estimate,Medium
2026-05-01,CUST006,PRD0014,1,41410.41,Latest Estimate,Medium
2026-06-01,CUST006,PRD0014,0,0.0,SIOP Review,Low
2026-07-01,CUST006,PRD0014,0,0.0,Commercial Baseline,Medium
2026-08-01,CUST006,PRD0014,0,0.0,Commercial Baseline,Medium
2026-09-01,CUST006,PRD0014,0,0.0,SIOP Review,High
2026-10-01,CUST006,PRD0014,0,0.0,SIOP Review,High
2026-11-01,CUST006,PRD0014,0,0.0,SIOP Review,Medium
2026-12-01,CUST006,PRD0014,1,42803.34,Commercial Baseline,Medium
2025-07-01,CUST006,PRD0062,4,72221.67,Latest Estimate,Medium
2025-08-01,CUST006,PRD0062,2,35955.0,Latest Estimate,Low
2025-09-01,CUST006,PRD0062,4,66771.89,SIOP Review,Medium
2025-10-01,CUST006,PRD0062,3,54279.46,Latest Estimate,Medium
2025-11-01,CUST006,PRD0062,3,54661.24,Commercial Baseline,Medium
2025-12-01,CUST006,PRD0062,3,55372.03,SIOP Review,Medium
2026-01-01,CUST006,PRD0062,2,33109.37,SIOP Review,Low
2026-02-01,CUST006,PRD0062,4,72170.56,SIOP Review,Low
2026-03-01,CUST006,PRD0062,3,52986.26,Commercial Baseline,Medium
2026-04-01,CUST006,PRD0062,4,69514.21,SIOP Review,Medium
2026-05-01,CUST006,PRD0062,4,73610.02,Latest Estimate,Medium
2026-06-01,CUST006,PRD0062,4,67230.78,Commercial Baseline,High
2026-07-01,CUST006,PRD0062,2,33589.45,Commercial Baseline,Medium
2026-08-01,CUST006,PRD0062,15,254568.62,SIOP Review,Medium
2026-09-01,CUST006,PRD0062,2,35814.63,SIOP Review,Medium
2026-10-01,CUST006,PRD0062,5,89852.32,Commercial Baseline,Medium
2026-11-01,CUST006,PRD0062,1,17966.16,Latest Estimate,Low
2026-12-01,CUST006,PRD0062,2,36493.19,Latest Estimate,Medium
2025-07-01,CUST006,PRD0100,5,13444.96,Commercial Baseline,Medium
2025-08-01,CUST006,PRD0100,3,8265.31,Latest Estimate,Medium
2025-09-01,CUST006,PRD0100,6,15138.87,Latest Estimate,Low
2025-10-01,CUST006,PRD0100,10,28075.72,Commercial Baseline,Medium
2025-11-01,CUST006,PRD0100,6,16366.85,SIOP Review,High
2025-12-01,CUST006,PRD0100,1,2587.29,SIOP Review,Low
2026-01-01,CUST006,PRD0100,4,10567.02,Latest Estimate,Medium
2026-02-01,CUST006,PRD0100,2,5032.87,Latest Estimate,Medium
2026-03-01,CUST006,PRD0100,2,5371.86,Commercial Baseline,High
2026-04-01,CUST006,PRD0100,7,19146.26,SIOP Review,Low
2026-05-01,CUST006,PRD0100,3,7479.27,Latest Estimate,Medium
2026-06-01,CUST006,PRD0100,0,0.0,Latest Estimate,Low
2026-07-01,CUST006,PRD0100,4,11067.51,Commercial Baseline,Medium
2026-08-01,CUST006,PRD0100,2,5014.1,Latest Estimate,Medium
2026-09-01,CUST006,PRD0100,6,16500.37,Latest Estimate,Low
2026-10-01,CUST006,PRD0100,5,12829.37,SIOP Review,Medium
2026-11-01,CUST006,PRD0100,4,10140.62,Latest Estimate,Medium
2026-12-01,CUST006,PRD0100,2,5471.4,SIOP Review,High
2025-07-01,CUST006,PRD0038,4,198326.09,SIOP Review,Low
2025-08-01,CUST006,PRD0038,5,271619.94,Commercial Baseline,Medium
2025-09-01,CUST006,PRD0038,5,275634.07,SIOP Review,Medium
2025-10-01,CUST006,PRD0038,7,371756.06,SIOP Review,Medium
2025-11-01,CUST006,PRD0038,17,939841.81,SIOP Review,Low
2025-12-01,CUST006,PRD0038,6,300140.48,Commercial Baseline,Medium
2026-01-01,CUST006,PRD0038,5,252548.39,SIOP Review,Medium
2026-02-01,CUST006,PRD0038,6,316385.08,SIOP Review,High
2026-03-01,CUST006,PRD0038,5,278697.02,Latest Estimate,High
2026-04-01,CUST006,PRD0038,5,261603.69,Latest Estimate,Medium
2026-05-01,CUST006,PRD0038,2,106409.16,Latest Estimate,Medium
2026-06-01,CUST006,PRD0038,3,159435.19,Latest Estimate,High
2026-07-01,CUST006,PRD0038,4,203058.01,SIOP Review,Medium
2026-08-01,CUST006,PRD0038,4,198290.95,Latest Estimate,Medium
2026-09-01,CUST006,PRD0038,3,151386.15,SIOP Review,Low
2026-10-01,CUST006,PRD0038,8,401098.32,Commercial Baseline,Low
2026-11-01,CUST006,PRD0038,5,270788.0,Commercial Baseline,Low
2026-12-01,CUST006,PRD0038,6,303735.31,Commercial Baseline,Low
2025-07-01,CUST006,PRD0073,5,163333.16,Latest Estimate,Medium
2025-08-01,CUST006,PRD0073,4,123557.42,SIOP Review,Low
2025-09-01,CUST006,PRD0073,5,158353.57,SIOP Review,High
2025-10-01,CUST006,PRD0073,6,195738.75,SIOP Review,High
2025-11-01,CUST006,PRD0073,3,91915.72,Latest Estimate,Medium
2025-12-01,CUST006,PRD0073,5,149759.72,SIOP Review,Low
2026-01-01,CUST006,PRD0073,6,198328.92,SIOP Review,Medium
2026-02-01,CUST006,PRD0073,9,281099.63,Latest Estimate,Medium
2026-03-01,CUST006,PRD0073,5,157678.97,Latest Estimate,Medium
2026-04-01,CUST006,PRD0073,4,131887.28,SIOP Review,High
2026-05-01,CUST006,PRD0073,6,183456.54,Commercial Baseline,Low
2026-06-01,CUST006,PRD0073,6,190426.38,Latest Estimate,Medium
2026-07-01,CUST006,PRD0073,0,0.0,Latest Estimate,Medium
2026-08-01,CUST006,PRD0073,4,130630.63,Latest Estimate,Low
2026-09-01,CUST006,PRD0073,6,192262.7,Commercial Baseline,High
2026-10-01,CUST006,PRD0073,5,162315.98,Commercial Baseline,High
2026-11-01,CUST006,PRD0073,3,98857.98,Latest Estimate,Medium
2026-12-01,CUST006,PRD0073,5,160315.05,Latest Estimate,Medium
2025-07-01,CUST006,PRD0015,0,0.0,Commercial Baseline,Medium
2025-08-01,CUST006,PRD0015,0,0.0,Latest Estimate,Low
2025-09-01,CUST006,PRD0015,0,0.0,Commercial Baseline,Medium
2025-10-01,CUST006,PRD0015,0,0.0,Latest Estimate,Medium
2025-11-01,CUST006,PRD0015,0,0.0,Latest Estimate,Medium
2025-12-01,CUST006,PRD0015,0,0.0,Latest Estimate,Medium
2026-01-01,CUST006,PRD0015,0,0.0,Latest Estimate,Medium
2026-02-01,CUST006,PRD0015,11,429140.71,Latest Estimate,Low
2026-03-01,CUST006,PRD0015,0,0.0,SIOP Review,Medium
2026-04-01,CUST006,PRD0015,0,0.0,SIOP Review,Low
2026-05-01,CUST006,PRD0015,0,0.0,Commercial Baseline,Medium
2026-06-01,CUST006,PRD0015,0,0.0,Commercial Baseline,Medium
2026-07-01,CUST006,PRD0015,0,0.0,Latest Estimate,Low
2026-08-01,CUST006,PRD0015,0,0.0,SIOP Review,Medium
2026-09-01,CUST006,PRD0015,0,0.0,Commercial Baseline,Medium
2026-10-01,CUST006,PRD0015,0,0.0,SIOP Review,Low
2026-11-01,CUST006,PRD0015,0,0.0,Latest Estimate,Low
2026-12-01,CUST006,PRD0015,0,0.0,Latest Estimate,Medium
2025-07-01,CUST006,PRD0002,6,128916.04,Latest Estimate,Medium
2025-08-01,CUST006,PRD0002,3,61570.8,SIOP Review,High
2025-09-01,CUST006,PRD0002,6,132989.57,Latest Estimate,High
2025-10-01,CUST006,PRD0002,5,102893.46,Latest Estimate,Low
2025-11-01,CUST006,PRD0002,4,82617.06,SIOP Review,High
2025-12-01,CUST006,PRD0002,2,42120.34,Commercial Baseline,Medium
2026-01-01,CUST006,PRD0002,2,43482.46,Latest Estimate,Medium
2026-02-01,CUST006,PRD0002,4,78754.53,Commercial Baseline,Medium
2026-03-01,CUST006,PRD0002,19,378814.08,SIOP Review,Medium
2026-04-01,CUST006,PRD0002,7,151065.45,SIOP Review,Low
2026-05-01,CUST006,PRD0002,13,256444.15,Commercial Baseline,Medium
2026-06-01,CUST006,PRD0002,4,84608.74,Commercial Baseline,Medium
2026-07-01,CUST006,PRD0002,8,165859.48,SIOP Review,High
2026-08-01,CUST006,PRD0002,5,104304.45,Commercial Baseline,Medium
2026-09-01,CUST006,PRD0002,5,105132.52,SIOP Review,Medium
2026-10-01,CUST006,PRD0002,5,98247.11,Latest Estimate,Low
2026-11-01,CUST006,PRD0002,2,42908.69,SIOP Review,High
2026-12-01,CUST006,PRD0002,3,65840.44,Commercial Baseline,High
2025-07-01,CUST006,PRD0074,2,66048.96,Latest Estimate,Medium
2025-08-01,CUST006,PRD0074,13,444829.51,Commercial Baseline,Medium
2025-09-01,CUST006,PRD0074,4,133521.49,Latest Estimate,Medium
2025-10-01,CUST006,PRD0074,6,187728.37,SIOP Review,High
2025-11-01,CUST006,PRD0074,3,95974.7,Commercial Baseline,Medium
2025-12-01,CUST006,PRD0074,3,103628.46,SIOP Review,High
2026-01-01,CUST006,PRD0074,4,133100.27,Commercial Baseline,Low
2026-02-01,CUST006,PRD0074,4,133226.69,SIOP Review,Low
2026-03-01,CUST006,PRD0074,6,208067.97,Latest Estimate,High
2026-04-01,CUST006,PRD0074,3,93381.88,Commercial Baseline,Low
2026-05-01,CUST006,PRD0074,5,175411.03,SIOP Review,Medium
2026-06-01,CUST006,PRD0074,2,70276.86,SIOP Review,High
2026-07-01,CUST006,PRD0074,1,32410.74,SIOP Review,Medium
2026-08-01,CUST006,PRD0074,4,131253.25,Latest Estimate,Medium
2026-09-01,CUST006,PRD0074,19,613107.54,Commercial Baseline,Low
2026-10-01,CUST006,PRD0074,3,97348.33,Latest Estimate,High
2026-11-01,CUST006,PRD0074,2,63885.87,Commercial Baseline,Medium
2026-12-01,CUST006,PRD0074,4,140455.39,Latest Estimate,Medium
2025-07-01,CUST006,PRD0022,0,0.0,Latest Estimate,Low
2025-08-01,CUST006,PRD0022,1,1108.78,SIOP Review,Low
2025-09-01,CUST006,PRD0022,0,0.0,Commercial Baseline,Medium
2025-10-01,CUST006,PRD0022,0,0.0,Latest Estimate,Low
2025-11-01,CUST006,PRD0022,0,0.0,Latest Estimate,High
2025-12-01,CUST006,PRD0022,0,0.0,SIOP Review,High
2026-01-01,CUST006,PRD0022,2,2361.53,Latest Estimate,Medium
2026-02-01,CUST006,PRD0022,1,1180.17,Commercial Baseline,Medium
2026-03-01,CUST006,PRD0022,1,1200.26,Latest Estimate,Medium
2026-04-01,CUST006,PRD0022,1,1098.96,Latest Estimate,Medium
2026-05-01,CUST006,PRD0022,1,1091.89,Latest Estimate,Medium
2026-06-01,CUST006,PRD0022,1,1185.34,SIOP Review,Low
2026-07-01,CUST006,PRD0022,1,1081.28,Commercial Baseline,High
2026-08-01,CUST006,PRD0022,2,2388.61,Latest Estimate,Low
2026-09-01,CUST006,PRD0022,0,0.0,Commercial Baseline,High
2026-10-01,CUST006,PRD0022,1,1065.01,SIOP Review,High
2026-11-01,CUST006,PRD0022,7,8416.02,Latest Estimate,Medium
2026-12-01,CUST006,PRD0022,1,1185.63,Commercial Baseline,Medium
2025-07-01,CUST006,PRD0098,20,26846.27,Commercial Baseline,Medium
2025-08-01,CUST006,PRD0098,7,9784.85,Commercial Baseline,Medium
2025-09-01,CUST006,PRD0098,12,15981.13,SIOP Review,High
2025-10-01,CUST006,PRD0098,11,15608.25,Commercial Baseline,Medium
2025-11-01,CUST006,PRD0098,10,13317.49,SIOP Review,High
2025-12-01,CUST006,PRD0098,17,22351.06,SIOP Review,High
2026-01-01,CUST006,PRD0098,15,20948.21,SIOP Review,Medium
2026-02-01,CUST006,PRD0098,8,11201.21,SIOP Review,High
2026-03-01,CUST006,PRD0098,10,14081.57,Latest Estimate,Medium
2026-04-01,CUST006,PRD0098,3,3966.19,Latest Estimate,High
2026-05-01,CUST006,PRD0098,5,6367.96,Commercial Baseline,Medium
2026-06-01,CUST006,PRD0098,2,2799.02,Commercial Baseline,Low
2026-07-01,CUST006,PRD0098,8,11232.03,Latest Estimate,Medium
2026-08-01,CUST006,PRD0098,25,33513.58,Latest Estimate,High
2026-09-01,CUST006,PRD0098,11,15198.76,Latest Estimate,Low
2026-10-01,CUST006,PRD0098,12,16333.86,Latest Estimate,Medium
2026-11-01,CUST006,PRD0098,16,21465.9,Latest Estimate,Low
2026-12-01,CUST006,PRD0098,9,12155.51,Latest Estimate,High
2025-07-01,CUST006,PRD0097,0,0.0,SIOP Review,Medium
2025-08-01,CUST006,PRD0097,1,883.03,Latest Estimate,Medium
2025-09-01,CUST006,PRD0097,0,0.0,SIOP Review,High
2025-10-01,CUST006,PRD0097,7,5767.12,SIOP Review,High
2025-11-01,CUST006,PRD0097,1,833.3,Latest Estimate,Low
2025-12-01,CUST006,PRD0097,0,0.0,Commercial Baseline,Medium
2026-01-01,CUST006,PRD0097,1,840.08,SIOP Review,Low
2026-02-01,CUST006,PRD0097,0,0.0,SIOP Review,Medium
2026-03-01,CUST006,PRD0097,0,0.0,SIOP Review,Medium
2026-04-01,CUST006,PRD0097,0,0.0,Commercial Baseline,Medium
2026-05-01,CUST006,PRD0097,0,0.0,SIOP Review,High
2026-06-01,CUST006,PRD0097,0,0.0,Latest Estimate,Medium
2026-07-01,CUST006,PRD0097,0,0.0,Commercial Baseline,Medium
2026-08-01,CUST006,PRD0097,0,0.0,SIOP Review,Low
2026-09-01,CUST006,PRD0097,0,0.0,Commercial Baseline,Medium
2026-10-01,CUST006,PRD0097,0,0.0,SIOP Review,Medium
2026-11-01,CUST006,PRD0097,0,0.0,Latest Estimate,Medium
2026-12-01,CUST006,PRD0097,1,829.52,Commercial Baseline,Medium
2025-07-01,CUST006,PRD0087,2,4212.15,SIOP Review,Low
2025-08-01,CUST006,PRD0087,11,23505.05,Commercial Baseline,Low
2025-09-01,CUST006,PRD0087,5,10803.47,Commercial Baseline,Medium
2025-10-01,CUST006,PRD0087,7,16000.73,Commercial Baseline,Medium
2025-11-01,CUST006,PRD0087,5,11543.05,SIOP Review,High
2025-12-01,CUST006,PRD0087,3,6820.98,Latest Estimate,High
2026-01-01,CUST006,PRD0087,3,6744.9,SIOP Review,Low
2026-02-01,CUST006,PRD0087,3,6261.56,Latest Estimate,High
2026-03-01,CUST006,PRD0087,6,13295.21,SIOP Review,High
2026-04-01,CUST006,PRD0087,4,8931.86,Latest Estimate,Medium
2026-05-01,CUST006,PRD0087,4,8771.64,Commercial Baseline,Medium
2026-06-01,CUST006,PRD0087,5,11517.01,Latest Estimate,Medium
2026-07-01,CUST006,PRD0087,3,6128.32,Latest Estimate,Medium
2026-08-01,CUST006,PRD0087,4,8269.7,Commercial Baseline,High
2026-09-01,CUST006,PRD0087,5,10525.51,Commercial Baseline,High
2026-10-01,CUST006,PRD0087,4,8208.24,SIOP Review,High
2026-11-01,CUST006,PRD0087,3,6802.8,Commercial Baseline,Medium
2026-12-01,CUST006,PRD0087,4,8957.04,Latest Estimate,Low
2025-07-01,CUST006,PRD0056,1,30958.3,SIOP Review,Medium
2025-08-01,CUST006,PRD0056,0,0.0,Commercial Baseline,Medium
2025-09-01,CUST006,PRD0056,5,164071.02,SIOP Review,High
2025-10-01,CUST006,PRD0056,1,34489.03,SIOP Review,Medium
2025-11-01,CUST006,PRD0056,7,232695.42,Latest Estimate,Medium
2025-12-01,CUST006,PRD0056,2,61762.15,SIOP Review,High
2026-01-01,CUST006,PRD0056,0,0.0,SIOP Review,Low
2026-02-01,CUST006,PRD0056,0,0.0,Latest Estimate,Low
2026-03-01,CUST006,PRD0056,0,0.0,Latest Estimate,Low
2026-04-01,CUST006,PRD0056,1,33605.29,Commercial Baseline,Medium
2026-05-01,CUST006,PRD0056,0,0.0,Latest Estimate,Medium
2026-06-01,CUST006,PRD0056,3,97639.95,Commercial Baseline,Medium
2026-07-01,CUST006,PRD0056,8,275392.11,SIOP Review,Medium
2026-08-01,CUST006,PRD0056,0,0.0,Latest Estimate,Medium
2026-09-01,CUST006,PRD0056,0,0.0,Commercial Baseline,Low
2026-10-01,CUST006,PRD0056,2,61212.52,SIOP Review,Medium
2026-11-01,CUST006,PRD0056,0,0.0,Commercial Baseline,Medium
2026-12-01,CUST006,PRD0056,0,0.0,SIOP Review,High
2025-07-01,CUST006,PRD0001,5,191249.41,Commercial Baseline,Low
2025-08-01,CUST006,PRD0001,4,150063.45,SIOP Review,Medium
2025-09-01,CUST006,PRD0001,17,711561.81,Latest Estimate,Medium
2025-10-01,CUST006,PRD0001,6,246149.04,Commercial Baseline,Medium
2025-11-01,CUST006,PRD0001,6,243448.02,Latest Estimate,Low
2025-12-01,CUST006,PRD0001,4,161928.07,Commercial Baseline,Medium
2026-01-01,CUST006,PRD0001,5,199665.68,Commercial Baseline,Medium
2026-02-01,CUST006,PRD0001,6,235951.44,SIOP Review,Low
2026-03-01,CUST006,PRD0001,6,229673.15,Latest Estimate,Medium
2026-04-01,CUST006,PRD0001,3,125553.09,Commercial Baseline,Medium
2026-05-01,CUST006,PRD0001,11,428891.4,Latest Estimate,Medium
2026-06-01,CUST006,PRD0001,3,120619.54,Commercial Baseline,Medium
2026-07-01,CUST006,PRD0001,2,74686.9,Latest Estimate,Medium
2026-08-01,CUST006,PRD0001,3,117399.16,SIOP Review,Medium
2026-09-01,CUST006,PRD0001,3,122653.75,SIOP Review,Low
2026-10-01,CUST006,PRD0001,3,126598.26,Latest Estimate,High
2026-11-01,CUST006,PRD0001,2,78457.43,Commercial Baseline,Medium
2026-12-01,CUST006,PRD0001,1,37341.04,SIOP Review,Low
2025-07-01,CUST006,PRD0108,6,131155.3,SIOP Review,Low
2025-08-01,CUST006,PRD0108,3,60194.89,SIOP Review,Low
2025-09-01,CUST006,PRD0108,2,40925.7,Commercial Baseline,Low
2025-10-01,CUST006,PRD0108,3,62380.4,SIOP Review,Medium
2025-11-01,CUST006,PRD0108,2,42677.34,SIOP Review,Low
2025-12-01,CUST006,PRD0108,12,251784.17,Latest Estimate,Medium
2026-01-01,CUST006,PRD0108,5,112954.67,Commercial Baseline,High
2026-02-01,CUST006,PRD0108,3,62290.01,SIOP Review,High
2026-03-01,CUST006,PRD0108,4,84343.2,Latest Estimate,Low
2026-04-01,CUST006,PRD0108,5,111807.98,SIOP Review,Medium
2026-05-01,CUST006,PRD0108,4,79968.02,SIOP Review,Medium
2026-06-01,CUST006,PRD0108,4,81666.82,Commercial Baseline,Medium
2026-07-01,CUST006,PRD0108,4,84022.56,SIOP Review,Low
2026-08-01,CUST006,PRD0108,4,86729.92,Latest Estimate,Medium
2026-09-01,CUST006,PRD0108,3,67643.95,SIOP Review,Medium
2026-10-01,CUST006,PRD0108,5,112981.02,Commercial Baseline,Low
2026-11-01,CUST006,PRD0108,2,42540.72,Commercial Baseline,Medium
2026-12-01,CUST006,PRD0108,4,86124.99,Commercial Baseline,Medium
2025-07-01,CUST006,PRD0109,0,0.0,Latest Estimate,Medium
2025-08-01,CUST006,PRD0109,1,30176.95,Commercial Baseline,Medium
2025-09-01,CUST006,PRD0109,1,32882.42,SIOP Review,Low
2025-10-01,CUST006,PRD0109,2,62944.62,SIOP Review,Medium
2025-11-01,CUST006,PRD0109,1,32870.94,SIOP Review,Low
2025-12-01,CUST006,PRD0109,2,60629.62,Latest Estimate,High
2026-01-01,CUST006,PRD0109,1,30389.88,SIOP Review,Medium
2026-02-01,CUST006,PRD0109,0,0.0,SIOP Review,Low
2026-03-01,CUST006,PRD0109,1,31630.1,SIOP Review,High
2026-04-01,CUST006,PRD0109,2,63482.69,SIOP Review,High
2026-05-01,CUST006,PRD0109,1,31118.62,Latest Estimate,High
2026-06-01,CUST006,PRD0109,0,0.0,Latest Estimate,Medium
2026-07-01,CUST006,PRD0109,1,30117.23,SIOP Review,Low
2026-08-01,CUST006,PRD0109,0,0.0,Latest Estimate,Low
2026-09-01,CUST006,PRD0109,1,33225.18,SIOP Review,High
2026-10-01,CUST006,PRD0109,1,30412.67,Commercial Baseline,Low
2026-11-01,CUST006,PRD0109,0,0.0,Latest Estimate,High
2026-12-01,CUST006,PRD0109,1,32553.17,Latest Estimate,High
2025-07-01,CUST006,PRD0119,0,0.0,SIOP Review,Low
2025-08-01,CUST006,PRD0119,1,752.84,SIOP Review,High
2025-09-01,CUST006,PRD0119,3,2461.98,Commercial Baseline,Medium
2025-10-01,CUST006,PRD0119,1,808.11,Latest Estimate,Medium
2025-11-01,CUST006,PRD0119,0,0.0,Latest Estimate,Low
2025-12-01,CUST006,PRD0119,0,0.0,Latest Estimate,Medium
2026-01-01,CUST006,PRD0119,1,794.39,Commercial Baseline,High
2026-02-01,CUST006,PRD0119,13,9824.49,Latest Estimate,Medium
2026-03-01,CUST006,PRD0119,0,0.0,SIOP Review,Medium
2026-04-01,CUST006,PRD0119,9,6730.72,SIOP Review,Medium
2026-05-01,CUST006,PRD0119,1,824.5,Commercial Baseline,High
2026-06-01,CUST006,PRD0119,1,770.22,Latest Estimate,Medium
2026-07-01,CUST006,PRD0119,0,0.0,SIOP Review,Low
2026-08-01,CUST006,PRD0119,11,8027.72,SIOP Review,Medium
2026-09-01,CUST006,PRD0119,0,0.0,Commercial Baseline,High
2026-10-01,CUST006,PRD0119,1,804.7,SIOP Review,High
2026-11-01,CUST006,PRD0119,1,744.0,Latest Estimate,Medium
2026-12-01,CUST006,PRD0119,1,757.08,SIOP Review,Medium
2025-07-01,CUST006,PRD0020,2,34091.78,Latest Estimate,Medium
2025-08-01,CUST006,PRD0020,4,64360.26,Latest Estimate,High
2025-09-01,CUST006,PRD0020,3,51145.2,SIOP Review,Medium
2025-10-01,CUST006,PRD0020,1,17295.12,Latest Estimate,High
2025-11-01,CUST006,PRD0020,3,52063.81,Commercial Baseline,High
2025-12-01,CUST006,PRD0020,1,17232.41,Latest Estimate,Medium
2026-01-01,CUST006,PRD0020,3,48140.73,Latest Estimate,Low
2026-02-01,CUST006,PRD0020,4,67077.26,SIOP Review,High
2026-03-01,CUST006,PRD0020,4,61178.64,Latest Estimate,Low
2026-04-01,CUST006,PRD0020,4,69084.36,Latest Estimate,Low
2026-05-01,CUST006,PRD0020,2,32189.46,Commercial Baseline,Low
2026-06-01,CUST006,PRD0020,5,78595.69,Commercial Baseline,High
2026-07-01,CUST006,PRD0020,2,31210.76,Commercial Baseline,High
2026-08-01,CUST006,PRD0020,1,15622.64,SIOP Review,High
2026-09-01,CUST006,PRD0020,4,63941.76,SIOP Review,Medium
2026-10-01,CUST006,PRD0020,4,67103.71,Commercial Baseline,Low
2026-11-01,CUST006,PRD0020,2,31010.35,Latest Estimate,High
2026-12-01,CUST006,PRD0020,2,31158.85,Commercial Baseline,High
2025-07-01,CUST006,PRD0118,0,0.0,Latest Estimate,Medium
2025-08-01,CUST006,PRD0118,0,0.0,SIOP Review,High
2025-09-01,CUST006,PRD0118,0,0.0,SIOP Review,High
2025-10-01,CUST006,PRD0118,1,13460.06,Latest Estimate,Medium
2025-11-01,CUST006,PRD0118,0,0.0,SIOP Review,Low
2025-12-01,CUST006,PRD0118,0,0.0,SIOP Review,Low
2026-01-01,CUST006,PRD0118,0,0.0,Commercial Baseline,High
2026-02-01,CUST006,PRD0118,0,0.0,Commercial Baseline,Low
2026-03-01,CUST006,PRD0118,0,0.0,SIOP Review,Medium
2026-04-01,CUST006,PRD0118,0,0.0,Latest Estimate,Medium
2026-05-01,CUST006,PRD0118,0,0.0,SIOP Review,Medium
2026-06-01,CUST006,PRD0118,1,12197.21,Commercial Baseline,High
2026-07-01,CUST006,PRD0118,0,0.0,Commercial Baseline,Medium
2026-08-01,CUST006,PRD0118,0,0.0,SIOP Review,High
2026-09-01,CUST006,PRD0118,0,0.0,Latest Estimate,High
2026-10-01,CUST006,PRD0118,0,0.0,SIOP Review,Medium
2026-11-01,CUST006,PRD0118,5,67333.93,SIOP Review,Medium
2026-12-01,CUST006,PRD0118,0,0.0,Commercial Baseline,Medium
2025-07-01,CUST006,PRD0070,0,0.0,Commercial Baseline,Medium
2025-08-01,CUST006,PRD0070,0,0.0,Latest Estimate,High
2025-09-01,CUST006,PRD0070,0,0.0,Commercial Baseline,High
2025-10-01,CUST006,PRD0070,0,0.0,Commercial Baseline,High
2025-11-01,CUST006,PRD0070,0,0.0,SIOP Review,High
2025-12-01,CUST006,PRD0070,0,0.0,Latest Estimate,Medium
2026-01-01,CUST006,PRD0070,0,0.0,Commercial Baseline,High
2026-02-01,CUST006,PRD0070,0,0.0,SIOP Review,Medium
2026-03-01,CUST006,PRD0070,12,502993.07,Commercial Baseline,Low
2026-04-01,CUST006,PRD0070,0,0.0,Commercial Baseline,High
2026-05-01,CUST006,PRD0070,0,0.0,SIOP Review,Medium
2026-06-01,CUST006,PRD0070,0,0.0,Commercial Baseline,Medium
2026-07-01,CUST006,PRD0070,16,678340.4,Commercial Baseline,Low
2026-08-01,CUST006,PRD0070,0,0.0,Commercial Baseline,High
2026-09-01,CUST006,PRD0070,1,43856.12,Latest Estimate,Medium
2026-10-01,CUST006,PRD0070,0,0.0,SIOP Review,Low
2026-11-01,CUST006,PRD0070,0,0.0,Latest Estimate,Medium
2026-12-01,CUST006,PRD0070,5,212288.92,Commercial Baseline,Medium
2025-07-01,CUST006,PRD0076,5,102113.7,Latest Estimate,Low
2025-08-01,CUST006,PRD0076,8,162032.17,Commercial Baseline,Medium
2025-09-01,CUST006,PRD0076,11,215768.59,Latest Estimate,Low
2025-10-01,CUST006,PRD0076,19,417199.49,SIOP Review,High
2025-11-01,CUST006,PRD0076,15,319085.84,Latest Estimate,High
2025-12-01,CUST006,PRD0076,9,190219.08,Commercial Baseline,Medium
2026-01-01,CUST006,PRD0076,15,296840.45,Latest Estimate,High
2026-02-01,CUST006,PRD0076,8,165306.82,Commercial Baseline,Low
2026-03-01,CUST006,PRD0076,17,351839.47,SIOP Review,High
2026-04-01,CUST006,PRD0076,19,378429.36,Commercial Baseline,Medium
2026-05-01,CUST006,PRD0076,8,167609.78,Commercial Baseline,High
2026-06-01,CUST006,PRD0076,4,78660.11,SIOP Review,Medium
2026-07-01,CUST006,PRD0076,5,98642.21,Commercial Baseline,High
2026-08-01,CUST006,PRD0076,21,418518.56,Commercial Baseline,Medium
2026-09-01,CUST006,PRD0076,18,369558.28,Latest Estimate,Medium
2026-10-01,CUST006,PRD0076,15,329708.11,Commercial Baseline,High
2026-11-01,CUST006,PRD0076,6,125521.08,Commercial Baseline,Medium
2026-12-01,CUST006,PRD0076,26,551810.6,Commercial Baseline,Medium
2025-07-01,CUST006,PRD0065,3,4441.09,Commercial Baseline,High
2025-08-01,CUST006,PRD0065,1,1430.49,SIOP Review,Medium
2025-09-01,CUST006,PRD0065,3,4460.3,Commercial Baseline,Medium
2025-10-01,CUST006,PRD0065,1,1427.21,Commercial Baseline,Medium
2025-11-01,CUST006,PRD0065,4,6079.06,SIOP Review,Low
2025-12-01,CUST006,PRD0065,0,0.0,Commercial Baseline,Medium
2026-01-01,CUST006,PRD0065,2,2945.08,Latest Estimate,High
2026-02-01,CUST006,PRD0065,0,0.0,Latest Estimate,Medium
2026-03-01,CUST006,PRD0065,2,3196.48,Commercial Baseline,Medium
2026-04-01,CUST006,PRD0065,1,1548.41,SIOP Review,Medium
2026-05-01,CUST006,PRD0065,1,1534.73,Latest Estimate,Low
2026-06-01,CUST006,PRD0065,0,0.0,Latest Estimate,High
2026-07-01,CUST006,PRD0065,1,1554.53,Latest Estimate,High
2026-08-01,CUST006,PRD0065,2,3223.22,SIOP Review,Medium
2026-09-01,CUST006,PRD0065,3,4748.08,SIOP Review,Medium
2026-10-01,CUST006,PRD0065,3,4419.42,Latest Estimate,Medium
2026-11-01,CUST006,PRD0065,0,0.0,SIOP Review,High
2026-12-01,CUST006,PRD0065,1,1585.67,Commercial Baseline,Medium
2025-07-01,CUST006,PRD0092,1,16178.91,Latest Estimate,Low
2025-08-01,CUST006,PRD0092,0,0.0,SIOP Review,Low
2025-09-01,CUST006,PRD0092,1,15733.75,SIOP Review,Medium
2025-10-01,CUST006,PRD0092,1,16537.4,SIOP Review,Low
2025-11-01,CUST006,PRD0092,2,31300.49,Commercial Baseline,Low
2025-12-01,CUST006,PRD0092,0,0.0,Commercial Baseline,Low
2026-01-01,CUST006,PRD0092,1,16030.75,SIOP Review,Low
2026-02-01,CUST006,PRD0092,0,0.0,SIOP Review,Medium
2026-03-01,CUST006,PRD0092,0,0.0,Commercial Baseline,Low
2026-04-01,CUST006,PRD0092,1,15259.29,Commercial Baseline,Medium
2026-05-01,CUST006,PRD0092,0,0.0,SIOP Review,Low
2026-06-01,CUST006,PRD0092,0,0.0,SIOP Review,High
2026-07-01,CUST006,PRD0092,0,0.0,Commercial Baseline,Medium
2026-08-01,CUST006,PRD0092,0,0.0,Latest Estimate,Medium
2026-09-01,CUST006,PRD0092,1,15889.59,SIOP Review,High
2026-10-01,CUST006,PRD0092,1,15512.49,SIOP Review,Medium
2026-11-01,CUST006,PRD0092,6,99115.76,Latest Estimate,Medium
2026-12-01,CUST006,PRD0092,2,30680.25,SIOP Review,Medium
2025-07-01,CUST006,PRD0099,6,15833.97,Latest Estimate,High
2025-08-01,CUST006,PRD0099,4,10560.07,Latest Estimate,Medium
2025-09-01,CUST006,PRD0099,7,19107.88,SIOP Review,High
2025-10-01,CUST006,PRD0099,8,21542.04,Latest Estimate,Medium
2025-11-01,CUST006,PRD0099,3,7830.42,SIOP Review,Low
2025-12-01,CUST006,PRD0099,6,15926.5,Latest Estimate,Medium
2026-01-01,CUST006,PRD0099,4,10006.86,Latest Estimate,Low
2026-02-01,CUST006,PRD0099,4,11162.23,SIOP Review,Medium
2026-03-01,CUST006,PRD0099,3,8094.74,SIOP Review,Medium
2026-04-01,CUST006,PRD0099,8,22362.33,Latest Estimate,High
2026-05-01,CUST006,PRD0099,1,2718.0,Latest Estimate,High
2026-06-01,CUST006,PRD0099,4,10395.57,Commercial Baseline,Medium
2026-07-01,CUST006,PRD0099,6,16346.19,SIOP Review,Medium
2026-08-01,CUST006,PRD0099,3,7437.1,Latest Estimate,Medium
2026-09-01,CUST006,PRD0099,6,15424.53,Latest Estimate,Low
2026-10-01,CUST006,PRD0099,5,12765.66,Commercial Baseline,High
2026-11-01,CUST006,PRD0099,3,7572.92,Latest Estimate,High
2026-12-01,CUST006,PRD0099,5,12889.58,Latest Estimate,High
2025-07-01,CUST006,PRD0094,4,87600.53,Commercial Baseline,Low
2025-08-01,CUST006,PRD0094,21,429923.82,Commercial Baseline,Low
2025-09-01,CUST006,PRD0094,9,198014.68,Latest Estimate,Low
2025-10-01,CUST006,PRD0094,8,168193.18,SIOP Review,High
2025-11-01,CUST006,PRD_X0027,6,130575.63,Commercial Baseline,High
2025-12-01,CUST006,PRD0094,10,219023.9,Latest Estimate,Low
2026-01-01,CUST006,PRD0094,7,153291.1,SIOP Review,High
2026-02-01,CUST006,PRD0094,7,146248.25,Latest Estimate,Medium
2026-03-01,CUST006,PRD0094,5,112939.54,Latest Estimate,High
2026-04-01,CUST006,PRD0094,10,221026.34,Commercial Baseline,Medium
2026-05-01,CUST006,PRD0094,18,368083.63,Commercial Baseline,High
2026-06-01,CUST006,PRD0094,6,126349.62,Commercial Baseline,Medium
2026-07-01,CUST006,PRD0094,9,187076.02,Commercial Baseline,High
2026-08-01,CUST006,PRD0094,6,132139.67,Latest Estimate,High
2026-09-01,CUST006,PRD0094,8,178691.31,Commercial Baseline,High
2026-10-01,CUST006,PRD0094,10,222859.3,Latest Estimate,High
2026-11-01,CUST006,PRD0094,16,353870.8,Latest Estimate,High
2026-12-01,CUST006,PRD0094,9,187625.62,SIOP Review,High
2025-07-01,CUST006,PRD0096,0,0.0,SIOP Review,Low
2025-08-01,CUST006,PRD0096,0,0.0,Latest Estimate,Low
2025-09-01,CUST006,PRD0096,0,0.0,SIOP Review,High
2025-10-01,CUST006,PRD0096,1,1445.69,Commercial Baseline,Low
2025-11-01,CUST006,PRD0096,0,0.0,SIOP Review,High
2025-12-01,CUST006,PRD0096,1,1520.21,Commercial Baseline,Low
2026-01-01,CUST006,PRD0096,1,1573.42,Latest Estimate,Medium
2026-02-01,CUST006,PRD0096,1,1564.35,SIOP Review,High
2026-03-01,CUST006,PRD0096,0,0.0,Commercial Baseline,High
2026-04-01,CUST006,PRD0096,0,0.0,Latest Estimate,Low
2026-05-01,CUST006,PRD0096,0,0.0,SIOP Review,High
2026-06-01,CUST006,PRD0096,0,0.0,Latest Estimate,High
2026-07-01,CUST006,PRD0096,15,21994.11,SIOP Review,Medium
2026-08-01,CUST006,PRD0096,0,0.0,Commercial Baseline,Low
2026-09-01,CUST006,PRD0096,1,1570.75,SIOP Review,High
2026-10-01,CUST006,PRD0096,0,0.0,Latest Estimate,Low
2026-11-01,CUST006,PRD0096,0,0.0,SIOP Review,Medium
2026-12-01,CUST006,PRD0096,0,0.0,SIOP Review,Medium
2025-07-01,CUST006,PRD0044,3,94503.52,Latest Estimate,Low
2025-08-01,CUST006,PRD0044,3,94538.46,Latest Estimate,High
2025-09-01,CUST006,PRD0044,4,139844.02,Commercial Baseline,Medium
2025-10-01,CUST006,PRD0044,0,0.0,Commercial Baseline,Medium
2025-11-01,CUST006,PRD0044,1,34554.76,Latest Estimate,High
2025-12-01,CUST006,PRD0044,1,35601.22,Latest Estimate,Medium
2026-01-01,CUST006,PRD0044,1,35288.46,Commercial Baseline,Medium
2026-02-01,CUST006,PRD0044,1,33640.27,SIOP Review,High
2026-03-01,CUST006,PRD0044,2,67042.36,Latest Estimate,Low
2026-04-01,CUST006,PRD0044,2,71133.42,Latest Estimate,High
2026-05-01,CUST006,PRD0044,0,0.0,Latest Estimate,Medium
2026-06-01,CUST006,PRD0044,1,35370.77,Commercial Baseline,Low
2026-07-01,CUST006,PRD0044,1,34300.3,Commercial Baseline,Medium
2026-08-01,CUST006,PRD0044,0,0.0,Latest Estimate,Medium
2026-09-01,CUST006,PRD0044,7,226490.76,Latest Estimate,Medium
2026-10-01,CUST006,PRD0044,14,467171.02,Latest Estimate,Medium
2026-11-01,CUST006,PRD0044,1,32020.19,Latest Estimate,Medium
2026-12-01,CUST006,PRD0044,14,459301.91,SIOP Review,Low
2025-07-01,CUST007,PRD0082,19,34888.64,Latest Estimate,Medium
2025-08-01,CUST007,PRD0082,6,10805.05,Commercial Baseline,Medium
2025-09-01,CUST007,PRD0082,6,12197.48,SIOP Review,Medium
2025-10-01,CUST007,PRD0082,5,9381.48,SIOP Review,Low
2025-11-01,CUST007,PRD0082,4,7205.54,Latest Estimate,Low
2025-12-01,CUST007,PRD0082,3,5818.23,Latest Estimate,High
2026-01-01,CUST007,PRD0082,2,3724.06,SIOP Review,Low
2026-02-01,CUST007,PRD0082,5,9552.16,Latest Estimate,High
2026-03-01,CUST007,PRD0082,3,5617.73,SIOP Review,Medium
2026-04-01,CUST007,PRD0082,8,14856.74,SIOP Review,High
2026-05-01,CUST007,PRD0082,4,7392.9,SIOP Review,Medium
2026-06-01,CUST007,PRD0082,7,14108.63,Latest Estimate,High
2026-07-01,CUST007,PRD0082,5,10152.32,SIOP Review,Low
2026-08-01,CUST007,PRD0082,4,7680.26,Commercial Baseline,High
2026-09-01,CUST007,PRD0082,13,23755.09,SIOP Review,Low
2026-10-01,CUST007,PRD0082,11,21530.55,SIOP Review,High
2026-11-01,CUST007,PRD0082,6,12091.59,Latest Estimate,High
2026-12-01,CUST007,PRD0082,6,10904.76,SIOP Review,High
2025-07-01,CUST007,PRD0118,8,102178.78,Latest Estimate,Medium
2025-08-01,CUST007,PRD0118,15,192435.78,Commercial Baseline,High
2025-09-01,CUST007,PRD0118,10,124698.67,SIOP Review,Medium
2025-10-01,CUST007,PRD0118,6,77360.97,Latest Estimate,Medium
2025-11-01,CUST007,PRD0118,2,25622.12,Latest Estimate,Medium
2025-12-01,CUST007,PRD0118,7,92871.77,SIOP Review,Low
2026-01-01,CUST007,PRD0118,8,97967.21,SIOP Review,Medium
2026-02-01,CUST007,PRD0118,13,169272.42,SIOP Review,Low
2026-03-01,CUST007,PRD0118,11,133396.42,SIOP Review,Medium
2026-04-01,CUST007,PRD0118,8,101006.74,Commercial Baseline,High
2026-05-01,CUST007,PRD0118,7,85963.92,SIOP Review,High
2026-06-01,CUST007,PRD0118,7,93222.67,Commercial Baseline,Low
2026-07-01,CUST007,PRD0118,12,151226.94,SIOP Review,High
2026-08-01,CUST007,PRD0118,5,64659.5,Commercial Baseline,Medium
2026-09-01,CUST007,PRD0118,14,186807.63,SIOP Review,Low
2026-10-01,CUST007,PRD0118,4,49627.37,Commercial Baseline,High
2026-11-01,CUST007,PRD0118,8,95052.58,Latest Estimate,Low
2026-12-01,CUST007,PRD0118,10,122856.5,Commercial Baseline,Medium
2025-07-01,CUST007,PRD0069,6,40995.36,Commercial Baseline,Medium
2025-08-01,CUST007,PRD0069,6,41806.34,Commercial Baseline,High
2025-09-01,CUST007,PRD0069,5,34593.25,Latest Estimate,Medium
2025-10-01,CUST007,PRD0069,7,50256.58,Latest Estimate,Low
2025-11-01,CUST007,PRD0069,0,0.0,Latest Estimate,Low
2025-12-01,CUST007,PRD0069,2,15193.47,Latest Estimate,High
2026-01-01,CUST007,PRD0069,2,14355.99,Latest Estimate,Medium
2026-02-01,CUST007,PRD0069,3,22425.19,Commercial Baseline,High
2026-03-01,CUST007,PRD0069,19,136113.43,Latest Estimate,Medium
2026-04-01,CUST007,PRD0069,4,30121.21,SIOP Review,Low
2026-05-01,CUST007,PRD0069,2,14417.18,SIOP Review,Medium
2026-06-01,CUST007,PRD0069,3,22437.01,Commercial Baseline,Medium
2026-07-01,CUST007,PRD0069,11,80301.01,Commercial Baseline,Low
2026-08-01,CUST007,PRD0069,6,40510.78,SIOP Review,Medium
2026-09-01,CUST007,PRD0069,5,35349.57,SIOP Review,Medium
2026-10-01,CUST007,PRD0069,3,21294.66,Commercial Baseline,Medium
2026-11-01,CUST007,PRD0069,3,21406.16,Commercial Baseline,Low
2026-12-01,CUST007,PRD0069,3,21107.66,Latest Estimate,High
2025-07-01,CUST007,PRD0064,0,0.0,Latest Estimate,High
2025-08-01,CUST007,PRD0064,2,52947.49,Latest Estimate,Medium
2025-09-01,CUST007,PRD0064,2,47868.14,Latest Estimate,Low
2025-10-01,CUST007,PRD0064,1,25692.21,SIOP Review,High
2025-11-01,CUST007,PRD0064,1,26354.64,Commercial Baseline,High
2025-12-01,CUST007,PRD0064,1,26446.22,SIOP Review,Low
2026-01-01,CUST007,PRD0064,1,24632.31,Commercial Baseline,Low
2026-02-01,CUST007,PRD0064,0,0.0,SIOP Review,High
2026-03-01,CUST007,PRD0064,0,0.0,Commercial Baseline,High
2026-04-01,CUST007,PRD0064,0,0.0,SIOP Review,Medium
2026-05-01,CUST007,PRD0064,0,0.0,SIOP Review,Medium
2026-06-01,CUST007,PRD0064,1,24006.24,Commercial Baseline,High
2026-07-01,CUST007,PRD0064,1,23907.22,Commercial Baseline,Medium
2026-08-01,CUST007,PRD0064,3,70173.19,Latest Estimate,Medium
2026-09-01,CUST007,PRD0064,0,0.0,Latest Estimate,Low
2026-10-01,CUST007,PRD0064,0,0.0,Latest Estimate,High
2026-11-01,CUST007,PRD0064,11,273078.02,SIOP Review,Medium
2026-12-01,CUST007,PRD0064,1,24741.13,Commercial Baseline,Medium
2025-07-01,CUST007,PRD0100,3,8203.93,Latest Estimate,High
2025-08-01,CUST007,PRD0100,3,8102.18,SIOP Review,Low
2025-09-01,CUST007,PRD0100,3,8251.4,Latest Estimate,Low
2025-10-01,CUST007,PRD0100,17,47396.71,SIOP Review,High
2025-11-01,CUST007,PRD0100,3,8202.74,SIOP Review,Medium
2025-12-01,CUST007,PRD0100,8,20208.72,Commercial Baseline,Low
2026-01-01,CUST007,PRD0100,15,40905.37,SIOP Review,Medium
2026-02-01,CUST007,PRD0100,2,5208.21,Latest Estimate,Low
2026-03-01,CUST007,PRD0100,2,5183.57,SIOP Review,High
2026-04-01,CUST007,PRD0100,4,10016.59,Latest Estimate,Medium
2026-05-01,CUST007,PRD0100,3,7788.84,Commercial Baseline,Low
2026-06-01,CUST007,PRD0100,3,7742.86,Latest Estimate,Medium
2026-07-01,CUST007,PRD0100,4,10072.9,SIOP Review,Low
2026-08-01,CUST007,PRD0100,3,8343.31,Latest Estimate,Low
2026-09-01,CUST007,PRD0100,4,10318.1,Commercial Baseline,Medium
2026-10-01,CUST007,PRD0100,3,7780.54,Latest Estimate,Low
2026-11-01,CUST007,PRD0100,3,7638.58,Commercial Baseline,High
2026-12-01,CUST007,PRD0100,2,5043.34,Commercial Baseline,Medium
2025-07-01,CUST007,PRD0107,1,37931.09,Latest Estimate,Medium
2025-08-01,CUST007,PRD0107,3,107548.37,SIOP Review,Medium
2025-09-01,CUST007,PRD0107,2,77131.92,Latest Estimate,High
2025-10-01,CUST007,PRD0107,3,110272.5,Latest Estimate,Low
2025-11-01,CUST007,PRD0107,2,73157.4,Latest Estimate,Low
2025-12-01,CUST007,PRD0107,0,0.0,Latest Estimate,High
2026-01-01,CUST007,PRD0107,1,37024.25,Latest Estimate,High
2026-02-01,CUST007,PRD0107,2,75396.34,Latest Estimate,High
2026-03-01,CUST007,PRD0107,16,608211.96,Commercial Baseline,High
2026-04-01,CUST007,PRD0107,3,120853.82,Latest Estimate,Low
2026-05-01,CUST007,PRD0107,2,76467.6,SIOP Review,Low
2026-06-01,CUST007,PRD0107,2,76506.69,SIOP Review,Low
2026-07-01,CUST007,PRD0107,2,75112.01,Commercial Baseline,Medium
2026-08-01,CUST007,PRD0107,2,72165.73,SIOP Review,Medium
2026-09-01,CUST007,PRD0107,2,76021.47,SIOP Review,Medium
2026-10-01,CUST007,PRD0107,2,72662.45,Latest Estimate,Medium
2026-11-01,CUST007,PRD0107,3,120594.61,SIOP Review,Medium
2026-12-01,CUST007,PRD0107,1,38282.38,Latest Estimate,High
2025-07-01,CUST007,PRD0034,0,0.0,SIOP Review,Low
2025-08-01,CUST007,PRD0034,1,9028.22,SIOP Review,Medium
2025-09-01,CUST007,PRD0034,0,0.0,SIOP Review,High
2025-10-01,CUST007,PRD0034,2,19010.39,Commercial Baseline,Medium
2025-11-01,CUST007,PRD0034,0,0.0,SIOP Review,Medium
2025-12-01,CUST007,PRD0034,1,9974.13,Latest Estimate,Medium
2026-01-01,CUST007,PRD0034,0,0.0,Latest Estimate,Low
2026-02-01,CUST007,PRD0034,0,0.0,SIOP Review,Low
2026-03-01,CUST007,PRD0034,1,9151.32,Latest Estimate,Medium
2026-04-01,CUST007,PRD0034,2,19989.43,SIOP Review,Medium
2026-05-01,CUST007,PRD0034,0,0.0,Commercial Baseline,High
2026-06-01,CUST007,PRD0034,0,0.0,SIOP Review,Medium
2026-07-01,CUST007,PRD0034,0,0.0,SIOP Review,Low
2026-08-01,CUST007,PRD0034,0,0.0,Commercial Baseline,Medium
2026-09-01,CUST007,PRD0034,0,0.0,Commercial Baseline,Medium
2026-10-01,CUST007,PRD0034,1,10166.02,Latest Estimate,Medium
2026-11-01,CUST007,PRD0034,1,9136.08,Latest Estimate,Medium
2026-12-01,CUST007,PRD0034,0,0.0,Latest Estimate,Medium
2025-07-01,CUST007,PRD0033,4,41537.48,SIOP Review,Medium
2025-08-01,CUST007,PRD0033,13,137205.29,Latest Estimate,Low
2025-09-01,CUST007,PRD0033,2,21160.94,Latest Estimate,Low
2025-10-01,CUST007,PRD0033,3,29968.43,Commercial Baseline,High
2025-11-01,CUST007,PRD0033,3,28844.31,Latest Estimate,Medium
2025-12-01,CUST007,PRD0033,3,31794.92,Latest Estimate,Medium
2026-01-01,CUST007,PRD0033,3,29077.83,SIOP Review,Medium
2026-02-01,CUST007,PRD0033,3,31714.85,SIOP Review,High
2026-03-01,CUST007,PRD0033,3,30108.88,Latest Estimate,Low
2026-04-01,CUST007,PRD0033,5,52391.36,SIOP Review,High
2026-05-01,CUST007,PRD0033,2,20541.85,Latest Estimate,Medium
2026-06-01,CUST007,PRD0033,2,20344.55,Commercial Baseline,Medium
2026-07-01,CUST007,PRD0033,2,19158.0,Latest Estimate,High
2026-08-01,CUST007,PRD0033,3,29143.71,Latest Estimate,Low
2026-09-01,CUST007,PRD0033,4,39706.14,SIOP Review,Medium
2026-10-01,CUST007,PRD0033,3,28245.6,Commercial Baseline,High
2026-11-01,CUST007,PRD0033,4,42068.85,SIOP Review,High
2026-12-01,CUST007,PRD0033,4,39281.59,SIOP Review,Low
2025-07-01,CUST007,PRD0043,0,0.0,SIOP Review,Low
2025-08-01,CUST007,PRD0043,1,23593.1,SIOP Review,Medium
2025-09-01,CUST007,PRD0043,2,47379.39,Commercial Baseline,Low
2025-10-01,CUST007,PRD0043,2,47943.32,Latest Estimate,Medium
2025-11-01,CUST007,PRD0043,2,51530.34,Latest Estimate,Medium
2025-12-01,CUST007,PRD0043,1,25016.65,Commercial Baseline,Medium
2026-01-01,CUST007,PRD0043,1,24281.3,Commercial Baseline,Low
2026-02-01,CUST007,PRD0043,2,51530.39,Commercial Baseline,High
2026-03-01,CUST007,PRD0043,2,46889.05,SIOP Review,Low
2026-04-01,CUST007,PRD0043,1,24582.62,Latest Estimate,Medium
2026-05-01,CUST007,PRD0043,2,50085.32,Latest Estimate,Medium
2026-06-01,CUST007,PRD0043,1,26247.73,SIOP Review,Low
2026-07-01,CUST007,PRD0043,1,26069.92,SIOP Review,Low
2026-08-01,CUST007,PRD0043,1,25769.9,SIOP Review,Low
2026-09-01,CUST007,PRD0043,11,256946.26,SIOP Review,High
2026-10-01,CUST007,PRD0043,2,52277.29,SIOP Review,Low
2026-11-01,CUST007,PRD0043,0,0.0,Latest Estimate,High
2026-12-01,CUST007,PRD0043,2,47695.8,SIOP Review,High
2025-07-01,CUST007,PRD0070,2,83783.99,Commercial Baseline,High
2025-08-01,CUST007,PRD0070,1,44050.14,Commercial Baseline,Low
2025-09-01,CUST007,PRD0070,2,90045.53,Commercial Baseline,High
2025-10-01,CUST007,PRD0070,3,123386.7,Commercial Baseline,Low
2025-11-01,CUST007,PRD0070,2,80871.38,Commercial Baseline,Medium
2025-12-01,CUST007,PRD0070,2,87320.55,SIOP Review,Medium
2026-01-01,CUST007,PRD0070,8,360151.59,SIOP Review,High
2026-02-01,CUST007,PRD0070,2,88274.8,Latest Estimate,High
2026-03-01,CUST007,PRD0070,1,42981.61,Commercial Baseline,Medium
2026-04-01,CUST007,PRD0070,1,40840.83,Commercial Baseline,Medium
2026-05-01,CUST007,PRD0070,2,81447.5,Commercial Baseline,High
2026-06-01,CUST007,PRD0070,1,40543.94,SIOP Review,Medium
2026-07-01,CUST007,PRD0070,2,86625.14,Latest Estimate,Medium
2026-08-01,CUST007,PRD0070,2,88915.55,SIOP Review,Medium
2026-09-01,CUST007,PRD0070,1,41298.52,Latest Estimate,Medium
2026-10-01,CUST007,PRD0070,1,39867.18,SIOP Review,Medium
2026-11-01,CUST007,PRD0070,1,41787.26,Latest Estimate,Medium
2026-12-01,CUST007,PRD0070,1,41514.46,Latest Estimate,Medium
2025-07-01,CUST007,PRD0119,0,0.0,SIOP Review,Low
2025-08-01,CUST007,PRD0119,14,11226.29,Commercial Baseline,Low
2025-09-01,CUST007,PRD0119,0,0.0,Commercial Baseline,Medium
2025-10-01,CUST007,PRD0119,0,0.0,Latest Estimate,Low
2025-11-01,CUST007,PRD0119,0,0.0,Latest Estimate,High
2025-12-01,CUST007,PRD0119,0,0.0,Commercial Baseline,Low
2026-01-01,CUST007,PRD0119,0,0.0,Commercial Baseline,Medium
2026-02-01,CUST007,PRD0119,0,0.0,SIOP Review,Medium
2026-03-01,CUST007,PRD0119,1,795.69,Commercial Baseline,Low
2026-04-01,CUST007,PRD0119,0,0.0,Commercial Baseline,High
2026-05-01,CUST007,PRD0119,0,0.0,SIOP Review,Low
2026-06-01,CUST007,PRD0119,1,822.73,Commercial Baseline,Low
2026-07-01,CUST007,PRD0119,1,738.39,Latest Estimate,Medium
2026-08-01,CUST007,PRD0119,0,0.0,SIOP Review,Low
2026-09-01,CUST007,PRD0119,0,0.0,Commercial Baseline,Low
2026-10-01,CUST007,PRD0119,0,0.0,Commercial Baseline,Medium
2026-11-01,CUST007,PRD0119,0,0.0,Commercial Baseline,High
2026-12-01,CUST007,PRD0119,0,0.0,SIOP Review,Low
2025-07-01,CUST007,PRD0028,8,62116.45,Latest Estimate,Low
2025-08-01,CUST007,PRD0028,6,47075.82,Latest Estimate,High
2025-09-01,CUST007,PRD0028,8,63969.89,SIOP Review,Low
2025-10-01,CUST007,PRD0028,10,82679.14,Commercial Baseline,Medium
2025-11-01,CUST007,PRD0028,10,83566.7,Latest Estimate,Low
2025-12-01,CUST007,PRD0028,5,38694.84,SIOP Review,Medium
2026-01-01,CUST007,PRD0028,10,83137.21,Latest Estimate,High
2026-02-01,CUST007,PRD0028,11,92080.63,SIOP Review,Medium
2026-03-01,CUST007,PRD0028,8,69240.2,Latest Estimate,Low
2026-04-01,CUST007,PRD0028,10,84253.98,Commercial Baseline,Low
2026-05-01,CUST007,PRD0028,6,46612.29,Commercial Baseline,Medium
2026-06-01,CUST007,PRD0028,8,63428.31,Commercial Baseline,Medium
2026-07-01,CUST007,PRD0028,7,60159.08,SIOP Review,High
2026-08-01,CUST007,PRD0028,4,34498.14,Commercial Baseline,High
2026-09-01,CUST007,PRD0028,14,120287.43,SIOP Review,Low
2026-10-01,CUST007,PRD0028,12,103580.87,Latest Estimate,High
2026-11-01,CUST007,PRD0028,5,39932.87,Commercial Baseline,Medium
2026-12-01,CUST007,PRD0028,9,76651.6,Commercial Baseline,Medium
2025-07-01,CUST007,PRD0098,1,1429.74,SIOP Review,Low
2025-08-01,CUST007,PRD0098,0,0.0,Commercial Baseline,Low
2025-09-01,CUST007,PRD0098,1,1358.98,Commercial Baseline,Low
2025-10-01,CUST007,PRD0098,0,0.0,Commercial Baseline,Medium
2025-11-01,CUST007,PRD0098,0,0.0,Commercial Baseline,Low
2025-12-01,CUST007,PRD_X0005,6,8295.19,Latest Estimate,Medium
2026-01-01,CUST007,PRD0098,0,0.0,SIOP Review,Medium
2026-02-01,CUST007,PRD0098,0,0.0,SIOP Review,Medium
2026-03-01,CUST007,PRD0098,0,0.0,Latest Estimate,Low
2026-04-01,CUST007,PRD0098,1,1309.77,SIOP Review,Medium
2026-05-01,CUST007,PRD0098,1,1290.53,Latest Estimate,Medium
2026-06-01,CUST007,PRD0098,0,0.0,Commercial Baseline,High
2026-07-01,CUST007,PRD0098,1,1277.96,Commercial Baseline,High
2026-08-01,CUST007,PRD0098,0,0.0,Commercial Baseline,Medium
2026-09-01,CUST007,PRD0098,0,0.0,Latest Estimate,Medium
2026-10-01,CUST007,PRD0098,0,0.0,Latest Estimate,High
2026-11-01,CUST007,PRD0098,0,0.0,SIOP Review,Medium
2026-12-01,CUST007,PRD0098,0,0.0,Commercial Baseline,Low
2025-07-01,CUST007,PRD0062,5,81259.41,Commercial Baseline,Medium
2025-08-01,CUST007,PRD0062,3,50647.41,Commercial Baseline,Medium
2025-09-01,CUST007,PRD0062,0,0.0,Latest Estimate,Medium
2025-10-01,CUST007,PRD0062,7,125387.73,Commercial Baseline,Low
2025-11-01,CUST007,PRD0062,5,87929.73,Latest Estimate,Low
2025-12-01,CUST007,PRD0062,4,69772.24,Latest Estimate,Medium
2026-01-01,CUST007,PRD0062,3,54130.96,Latest Estimate,Medium
2026-02-01,CUST007,PRD0062,5,84257.18,Latest Estimate,Medium
2026-03-01,CUST007,PRD0062,3,52009.35,SIOP Review,Medium
2026-04-01,CUST007,PRD0062,2,35640.74,SIOP Review,High
2026-05-01,CUST007,PRD0062,5,82213.18,SIOP Review,Medium
2026-06-01,CUST007,PRD0062,7,128690.44,Commercial Baseline,Low
2026-07-01,CUST007,PRD0062,3,54551.31,Commercial Baseline,Medium
2026-08-01,CUST007,PRD0062,2,36062.1,Commercial Baseline,High
2026-09-01,CUST007,PRD0062,10,169718.81,SIOP Review,High
2026-10-01,CUST007,PRD0062,6,97624.07,Latest Estimate,Medium
2026-11-01,CUST007,PRD0062,5,88593.06,SIOP Review,Low
2026-12-01,CUST007,PRD0062,5,86621.54,Latest Estimate,Medium
2025-07-01,CUST007,PRD0115,12,93266.82,Latest Estimate,Low
2025-08-01,CUST007,PRD0115,11,83400.77,Latest Estimate,Medium
2025-09-01,CUST007,PRD0115,11,82098.6,SIOP Review,Medium
2025-10-01,CUST007,PRD0115,31,254923.78,SIOP Review,Medium
2025-11-01,CUST007,PRD0115,9,71994.25,Latest Estimate,Low
2025-12-01,CUST007,PRD0115,5,40961.72,Commercial Baseline,Low
2026-01-01,CUST007,PRD0115,13,108338.72,SIOP Review,Medium
2026-02-01,CUST007,PRD0115,14,105326.17,Commercial Baseline,Medium
2026-03-01,CUST007,PRD0115,12,94445.11,Commercial Baseline,Medium
2026-04-01,CUST007,PRD0115,21,165992.9,SIOP Review,High
2026-05-01,CUST007,PRD0115,11,82389.82,SIOP Review,Low
2026-06-01,CUST007,PRD0115,11,90026.4,SIOP Review,High
2026-07-01,CUST007,PRD0115,10,76096.91,SIOP Review,Medium
2026-08-01,CUST007,PRD0115,12,98126.71,Latest Estimate,Medium
2026-09-01,CUST007,PRD0115,12,88874.71,Latest Estimate,Medium
2026-10-01,CUST007,PRD0115,11,84027.67,SIOP Review,High
2026-11-01,CUST007,PRD0115,15,115840.09,Latest Estimate,Medium
2026-12-01,CUST007,PRD0115,12,90124.34,SIOP Review,Medium
2025-07-01,CUST007,PRD0091,0,0.0,Latest Estimate,High
2025-08-01,CUST007,PRD0091,0,0.0,Latest Estimate,Medium
2025-09-01,CUST007,PRD0091,0,0.0,Latest Estimate,Medium
2025-10-01,CUST007,PRD0091,0,0.0,Latest Estimate,Low
2025-11-01,CUST007,PRD0091,0,0.0,Commercial Baseline,Low
2025-12-01,CUST007,PRD0091,0,0.0,Latest Estimate,Low
2026-01-01,CUST007,PRD0091,0,0.0,Commercial Baseline,Medium
2026-02-01,CUST007,PRD0091,0,0.0,Commercial Baseline,Medium
2026-03-01,CUST007,PRD0091,0,0.0,SIOP Review,Low
2026-04-01,CUST007,PRD0091,0,0.0,Latest Estimate,Medium
2026-05-01,CUST007,PRD0091,0,0.0,Commercial Baseline,Medium
2026-06-01,CUST007,PRD0091,1,848.34,SIOP Review,Low
2026-07-01,CUST007,PRD0091,1,789.61,Latest Estimate,Low
2026-08-01,CUST007,PRD0091,0,0.0,Latest Estimate,Medium
2026-09-01,CUST007,PRD0091,0,0.0,Commercial Baseline,Low
2026-10-01,CUST007,PRD0091,0,0.0,SIOP Review,Medium
2026-11-01,CUST007,PRD0091,0,0.0,Latest Estimate,Medium
2026-12-01,CUST007,PRD0091,1,796.79,Latest Estimate,Medium
2025-07-01,CUST007,PRD0006,2,20393.52,Latest Estimate,Medium
2025-08-01,CUST007,PRD0006,0,0.0,Latest Estimate,Medium
2025-09-01,CUST007,PRD0006,2,19143.52,Commercial Baseline,Low
2025-10-01,CUST007,PRD0006,1,9542.72,Commercial Baseline,Medium
2025-11-01,CUST007,PRD0006,0,0.0,SIOP Review,Low
2025-12-01,CUST007,PRD0006,0,0.0,Commercial Baseline,Low
2026-01-01,CUST007,PRD0006,0,0.0,Latest Estimate,Medium
2026-02-01,CUST007,PRD0006,1,10459.22,Latest Estimate,Low
2026-03-01,CUST007,PRD0006,13,134185.33,Latest Estimate,Medium
2026-04-01,CUST007,PRD0006,0,0.0,Commercial Baseline,Medium
2026-05-01,CUST007,PRD0006,0,0.0,SIOP Review,High
2026-06-01,CUST007,PRD0006,1,9556.07,Commercial Baseline,Medium
2026-07-01,CUST007,PRD0006,0,0.0,Commercial Baseline,Medium
2026-08-01,CUST007,PRD0006,1,9849.86,Commercial Baseline,High
2026-09-01,CUST007,PRD0006,0,0.0,Latest Estimate,High
2026-10-01,CUST007,PRD0006,2,20887.9,Commercial Baseline,Low
2026-11-01,CUST007,PRD0006,0,0.0,Commercial Baseline,Medium
2026-12-01,CUST007,PRD0006,0,0.0,Latest Estimate,Medium
2025-07-01,CUST007,PRD0120,8,95955.76,Commercial Baseline,High
2025-08-01,CUST007,PRD0120,9,99591.14,SIOP Review,Low
2025-09-01,CUST007,PRD0120,10,119439.85,Commercial Baseline,High
2025-10-01,CUST007,PRD0120,8,94162.64,Commercial Baseline,Low
2025-11-01,CUST007,PRD0120,9,105642.99,Commercial Baseline,High
2025-12-01,CUST007,PRD0120,6,66571.23,Commercial Baseline,Medium
2026-01-01,CUST007,PRD0120,3,34821.3,SIOP Review,High
2026-02-01,CUST007,PRD0120,9,103482.1,SIOP Review,Low
2026-03-01,CUST007,PRD0120,10,118269.76,Latest Estimate,Low
2026-04-01,CUST007,PRD0120,3,36927.14,SIOP Review,High
2026-05-01,CUST007,PRD0120,18,224188.89,Latest Estimate,Low
2026-06-01,CUST007,PRD0120,7,81731.83,Latest Estimate,Low
2026-07-01,CUST007,PRD0120,9,102940.9,Latest Estimate,Low
2026-08-01,CUST007,PRD0120,6,72593.29,SIOP Review,Medium
2026-09-01,CUST007,PRD0120,9,104671.5,Latest Estimate,Low
2026-10-01,CUST007,PRD0120,12,139572.35,SIOP Review,Medium
2026-11-01,CUST007,PRD0120,25,287502.86,Commercial Baseline,Medium
2026-12-01,CUST007,PRD0120,8,95721.15,SIOP Review,High
2025-07-01,CUST007,PRD0039,15,166602.31,SIOP Review,Medium
2025-08-01,CUST007,PRD0039,8,82321.43,SIOP Review,Low
2025-09-01,CUST007,PRD0039,3,32863.5,SIOP Review,High
2025-10-01,CUST007,PRD0039,10,113867.64,SIOP Review,High
2025-11-01,CUST007,PRD0039,7,71454.04,SIOP Review,Low
2025-12-01,CUST007,PRD0039,14,147711.05,SIOP Review,Medium
2026-01-01,CUST007,PRD0039,2,21217.64,Latest Estimate,High
2026-02-01,CUST007,PRD0039,2,21404.14,Commercial Baseline,Medium
2026-03-01,CUST007,PRD0039,5,57053.05,SIOP Review,High
2026-04-01,CUST007,PRD0039,3,32456.79,Commercial Baseline,Low
2026-05-01,CUST007,PRD0039,4,44179.63,Latest Estimate,Low
2026-06-01,CUST007,PRD0039,2,21818.86,Commercial Baseline,Low
2026-07-01,CUST007,PRD0039,3,33371.16,Commercial Baseline,Low
2026-08-01,CUST007,PRD0039,2,21314.91,Commercial Baseline,Medium
2026-09-01,CUST007,PRD0039,9,101623.35,SIOP Review,Low
2026-10-01,CUST007,PRD0039,4,44642.09,SIOP Review,High
2026-11-01,CUST007,PRD0039,4,45747.17,Commercial Baseline,Low
2026-12-01,CUST007,PRD0039,0,0.0,Commercial Baseline,Medium
2025-07-01,CUST007,PRD0003,10,101061.37,SIOP Review,Low
2025-08-01,CUST007,PRD0003,0,0.0,SIOP Review,Medium
2025-09-01,CUST007,PRD0003,0,0.0,Latest Estimate,Medium
2025-10-01,CUST007,PRD0003,1,10107.52,Latest Estimate,Medium
2025-11-01,CUST007,PRD0003,7,75938.31,Commercial Baseline,High
2025-12-01,CUST007,PRD0003,2,20116.45,Latest Estimate,Medium
2026-01-01,CUST007,PRD0003,1,10651.0,Latest Estimate,High
2026-02-01,CUST007,PRD0003,0,0.0,Latest Estimate,Low
2026-03-01,CUST007,PRD0003,1,11004.15,Latest Estimate,Medium
2026-04-01,CUST007,PRD0003,5,52336.81,SIOP Review,High
2026-05-01,CUST007,PRD0003,0,0.0,Commercial Baseline,Medium
2026-06-01,CUST007,PRD0003,2,20163.34,Latest Estimate,High
2026-07-01,CUST007,PRD0003,0,0.0,SIOP Review,High
2026-08-01,CUST007,PRD0003,0,0.0,Latest Estimate,High
2026-09-01,CUST007,PRD0003,10,100613.75,Commercial Baseline,Medium
2026-10-01,CUST007,PRD0003,0,0.0,Latest Estimate,High
2026-11-01,CUST007,PRD0003,1,10294.19,SIOP Review,High
2026-12-01,CUST007,PRD0003,1,10275.49,Latest Estimate,High
2025-07-01,CUST007,PRD0112,0,0.0,SIOP Review,Medium
2025-08-01,CUST007,PRD0112,0,0.0,SIOP Review,Medium
2025-09-01,CUST007,PRD0112,0,0.0,Commercial Baseline,Medium
2025-10-01,CUST007,PRD0112,0,0.0,SIOP Review,Low
2025-11-01,CUST007,PRD0112,0,0.0,Commercial Baseline,High
2025-12-01,CUST007,PRD0112,0,0.0,SIOP Review,High
2026-01-01,CUST007,PRD0112,0,0.0,Commercial Baseline,Medium
2026-02-01,CUST007,PRD0112,0,0.0,SIOP Review,Low
2026-03-01,CUST007,PRD0112,0,0.0,Commercial Baseline,Medium
2026-04-01,CUST007,PRD0112,0,0.0,Latest Estimate,Medium
2026-05-01,CUST007,PRD0112,1,22223.44,Latest Estimate,Medium
2026-06-01,CUST007,PRD0112,0,0.0,SIOP Review,High
2026-07-01,CUST007,PRD0112,0,0.0,Latest Estimate,Medium
2026-08-01,CUST007,PRD0112,0,0.0,Latest Estimate,High
2026-09-01,CUST007,PRD0112,0,0.0,Commercial Baseline,Medium
2026-10-01,CUST007,PRD0112,1,23217.9,Commercial Baseline,Medium
2026-11-01,CUST007,PRD0112,1,21061.81,Commercial Baseline,High
2026-12-01,CUST007,PRD0112,0,0.0,SIOP Review,Medium
2025-07-01,CUST007,PRD0031,6,63828.05,SIOP Review,High
2025-08-01,CUST007,PRD0031,19,207258.17,SIOP Review,Medium
2025-09-01,CUST007,PRD0031,12,127892.79,Commercial Baseline,High
2025-10-01,CUST007,PRD0031,7,78623.95,Latest Estimate,Low
2025-11-01,CUST007,PRD0031,10,110495.06,SIOP Review,Medium
2025-12-01,CUST007,PRD0031,7,76953.12,Latest Estimate,Medium
2026-01-01,CUST007,PRD0031,23,251606.75,SIOP Review,Low
2026-02-01,CUST007,PRD0031,13,135271.52,SIOP Review,High
2026-03-01,CUST007,PRD0031,11,112636.68,SIOP Review,Low
2026-04-01,CUST007,PRD0031,10,106387.37,Latest Estimate,High
2026-05-01,CUST007,PRD0031,9,96776.85,Commercial Baseline,Medium
2026-06-01,CUST007,PRD0031,9,95174.32,Commercial Baseline,High
2026-07-01,CUST007,PRD0031,7,75856.56,SIOP Review,Medium
2026-08-01,CUST007,PRD0031,7,75344.93,Commercial Baseline,Low
2026-09-01,CUST007,PRD0031,10,111455.09,Latest Estimate,Low
2026-10-01,CUST007,PRD0031,12,137081.41,SIOP Review,Medium
2026-11-01,CUST007,PRD0031,10,113016.88,Commercial Baseline,Medium
2026-12-01,CUST007,PRD0031,16,163643.66,Commercial Baseline,Low
2025-07-01,CUST007,PRD0036,3,9418.39,Commercial Baseline,Medium
2025-08-01,CUST007,PRD0036,2,6026.6,SIOP Review,Low
2025-09-01,CUST007,PRD0036,6,18691.81,Latest Estimate,Low
2025-10-01,CUST007,PRD0036,11,35873.19,Latest Estimate,Medium
2025-11-01,CUST007,PRD0036,5,16093.89,Commercial Baseline,Low
2025-12-01,CUST007,PRD0036,5,15676.26,SIOP Review,High
2026-01-01,CUST007,PRD0036,3,8938.59,SIOP Review,Medium
2026-02-01,CUST007,PRD0036,2,5951.77,SIOP Review,Medium
2026-03-01,CUST007,PRD0036,8,24062.7,Commercial Baseline,Medium
2026-04-01,CUST007,PRD0036,4,12333.28,SIOP Review,Medium
2026-05-01,CUST007,PRD0036,4,11654.8,Commercial Baseline,Low
2026-06-01,CUST007,PRD0036,7,22309.17,SIOP Review,High
2026-07-01,CUST007,PRD0036,17,53112.14,Commercial Baseline,High
2026-08-01,CUST007,PRD0036,2,5821.65,SIOP Review,Medium
2026-09-01,CUST007,PRD0036,6,17704.9,Latest Estimate,Medium
2026-10-01,CUST007,PRD0036,7,22229.86,Commercial Baseline,High
2026-11-01,CUST007,PRD0036,7,22397.49,SIOP Review,Medium
2026-12-01,CUST007,PRD0036,8,25976.1,Latest Estimate,Medium
2025-07-01,CUST007,PRD0111,1,11126.1,Latest Estimate,High
2025-08-01,CUST007,PRD0111,0,0.0,Latest Estimate,High
2025-09-01,CUST007,PRD0111,1,11127.08,Latest Estimate,Medium
2025-10-01,CUST007,PRD0111,1,11745.73,SIOP Review,Medium
2025-11-01,CUST007,PRD0111,1,10942.31,Commercial Baseline,Low
2025-12-01,CUST007,PRD0111,2,21105.11,Commercial Baseline,Medium
2026-01-01,CUST007,PRD0111,1,11152.06,Commercial Baseline,Low
2026-02-01,CUST007,PRD0111,1,11613.24,SIOP Review,Medium
2026-03-01,CUST007,PRD0111,8,88773.6,SIOP Review,Low
2026-04-01,CUST007,PRD0111,0,0.0,SIOP Review,Medium
2026-05-01,CUST007,PRD0111,2,23598.01,Latest Estimate,Low
2026-06-01,CUST007,PRD0111,7,80716.24,Latest Estimate,Medium
2026-07-01,CUST007,PRD0111,0,0.0,Commercial Baseline,High
2026-08-01,CUST007,PRD0111,6,69225.91,Latest Estimate,Low
2026-09-01,CUST007,PRD0111,2,21515.59,SIOP Review,Medium
2026-10-01,CUST007,PRD0111,1,10519.76,SIOP Review,Medium
2026-11-01,CUST007,PRD0111,3,34508.99,SIOP Review,Medium
2026-12-01,CUST007,PRD0111,1,10824.31,Latest Estimate,High
2025-07-01,CUST007,PRD0047,16,104646.87,SIOP Review,Medium
2025-08-01,CUST007,PRD0047,1,5886.71,Latest Estimate,Medium
2025-09-01,CUST007,PRD0047,0,0.0,Commercial Baseline,Low
2025-10-01,CUST007,PRD0047,0,0.0,SIOP Review,Medium
2025-11-01,CUST007,PRD0047,0,0.0,Commercial Baseline,Medium
2025-12-01,CUST007,PRD0047,1,6617.4,SIOP Review,Medium
2026-01-01,CUST007,PRD0047,0,0.0,Commercial Baseline,Low
2026-02-01,CUST007,PRD0047,1,6402.34,Commercial Baseline,Low
2026-03-01,CUST007,PRD0047,0,0.0,Commercial Baseline,Low
2026-04-01,CUST007,PRD0047,0,0.0,SIOP Review,High
2026-05-01,CUST007,PRD0047,2,12624.59,Commercial Baseline,Medium
2026-06-01,CUST007,PRD0047,0,0.0,SIOP Review,High
2026-07-01,CUST007,PRD0047,0,0.0,Latest Estimate,Medium
2026-08-01,CUST007,PRD0047,0,0.0,SIOP Review,Low
2026-09-01,CUST007,PRD0047,0,0.0,Commercial Baseline,High
2026-10-01,CUST007,PRD0047,0,0.0,Latest Estimate,High
2026-11-01,CUST007,PRD0047,0,0.0,SIOP Review,Low
2026-12-01,CUST007,PRD0047,0,0.0,SIOP Review,Low
2025-07-01,CUST007,PRD0094,0,0.0,SIOP Review,Low
2025-08-01,CUST007,PRD0094,2,43440.01,Latest Estimate,Medium
2025-09-01,CUST007,PRD0094,0,0.0,Latest Estimate,High
2025-10-01,CUST007,PRD0094,2,42084.03,Commercial Baseline,Medium
2025-11-01,CUST007,PRD0094,0,0.0,SIOP Review,Medium
2025-12-01,CUST007,PRD0094,1,22722.12,Commercial Baseline,High
2026-01-01,CUST007,PRD0094,0,0.0,SIOP Review,Low
2026-02-01,CUST007,PRD0094,7,145352.5,Latest Estimate,High
2026-03-01,CUST007,PRD0094,3,62502.32,Latest Estimate,High
2026-04-01,CUST007,PRD0094,7,145892.23,SIOP Review,Low
2026-05-01,CUST007,PRD0094,0,0.0,SIOP Review,Low
2026-06-01,CUST007,PRD0094,2,40312.05,SIOP Review,Low
2026-07-01,CUST007,PRD0094,1,21452.9,Latest Estimate,Medium
2026-08-01,CUST007,PRD0094,0,0.0,SIOP Review,High
2026-09-01,CUST007,PRD0094,9,184206.91,SIOP Review,Low
2026-10-01,CUST007,PRD0094,1,20208.5,SIOP Review,High
2026-11-01,CUST007,PRD0094,2,42206.27,Commercial Baseline,Low
2026-12-01,CUST007,PRD0094,13,294957.81,Latest Estimate,Medium
2025-07-01,CUST007,PRD0087,0,0.0,Latest Estimate,High
2025-08-01,CUST007,PRD0087,0,0.0,Commercial Baseline,High
2025-09-01,CUST007,PRD0087,0,0.0,Commercial Baseline,Medium
2025-10-01,CUST007,PRD0087,1,2283.84,SIOP Review,Medium
2025-11-01,CUST007,PRD0087,2,4139.18,Commercial Baseline,High
2025-12-01,CUST007,PRD0087,1,2250.06,Latest Estimate,High
2026-01-01,CUST007,PRD0087,0,0.0,SIOP Review,Low
2026-02-01,CUST007,PRD0087,0,0.0,Commercial Baseline,Medium
2026-03-01,CUST007,PRD0087,1,2268.0,SIOP Review,High
2026-04-01,CUST007,PRD0087,0,0.0,Latest Estimate,Low
2026-05-01,CUST007,PRD0087,2,4505.81,Commercial Baseline,Low
2026-06-01,CUST007,PRD0087,1,2156.1,Latest Estimate,Low
2026-07-01,CUST007,PRD0087,1,2177.7,Latest Estimate,Low
2026-08-01,CUST007,PRD0087,0,0.0,Latest Estimate,Medium
2026-09-01,CUST007,PRD0087,0,0.0,Commercial Baseline,Medium
2026-10-01,CUST007,PRD0087,0,0.0,Latest Estimate,Medium
2026-11-01,CUST007,PRD0087,2,4298.82,SIOP Review,Low
2026-12-01,CUST007,PRD0087,0,0.0,Latest Estimate,High
2025-07-01,CUST007,PRD0018,2,2186.56,Commercial Baseline,Medium
2025-08-01,CUST007,PRD0018,3,3302.39,SIOP Review,High
2025-09-01,CUST007,PRD0018,12,13092.47,SIOP Review,Medium
2025-10-01,CUST007,PRD0018,18,21821.67,Commercial Baseline,High
2025-11-01,CUST007,PRD0018,3,3550.75,SIOP Review,Medium
2025-12-01,CUST007,PRD0018,3,3597.66,Latest Estimate,High
2026-01-01,CUST007,PRD0018,6,6566.11,SIOP Review,Low
2026-02-01,CUST007,PRD0018,2,2421.09,Latest Estimate,Low
2026-03-01,CUST007,PRD0018,3,3321.88,Commercial Baseline,Medium
2026-04-01,CUST007,PRD0018,5,5885.02,SIOP Review,High
2026-05-01,CUST007,PRD0018,6,6967.22,SIOP Review,Low
2026-06-01,CUST007,PRD0018,4,4620.52,Latest Estimate,High
2026-07-01,CUST007,PRD0018,5,5953.84,Commercial Baseline,High
2026-08-01,CUST007,PRD0018,3,3548.99,SIOP Review,Medium
2026-09-01,CUST007,PRD0018,13,15283.88,Commercial Baseline,Low
2026-10-01,CUST007,PRD0018,5,5334.1,SIOP Review,Low
2026-11-01,CUST007,PRD0018,4,4326.01,Commercial Baseline,Low
2026-12-01,CUST007,PRD0018,5,5893.54,SIOP Review,Low
2025-07-01,CUST007,PRD0054,1,3024.08,SIOP Review,Medium
2025-08-01,CUST007,PRD0054,0,0.0,Latest Estimate,Low
2025-09-01,CUST007,PRD0054,0,0.0,Latest Estimate,Medium
2025-10-01,CUST007,PRD0054,1,2974.88,SIOP Review,Medium
2025-11-01,CUST007,PRD0054,7,21290.37,SIOP Review,Low
2025-12-01,CUST007,PRD0054,1,2819.88,Commercial Baseline,Low
2026-01-01,CUST007,PRD0054,1,2715.89,SIOP Review,High
2026-02-01,CUST007,PRD0054,1,3048.31,SIOP Review,Low
2026-03-01,CUST007,PRD0054,1,2914.38,Latest Estimate,Low
2026-04-01,CUST007,PRD0054,0,0.0,Commercial Baseline,Low
2026-05-01,CUST007,PRD0054,0,0.0,Latest Estimate,Low
2026-06-01,CUST007,PRD0054,1,2917.97,Commercial Baseline,Medium
2026-07-01,CUST007,PRD0054,0,0.0,Commercial Baseline,Medium
2026-08-01,CUST007,PRD0054,0,0.0,SIOP Review,Medium
2026-09-01,CUST007,PRD0054,1,3024.76,SIOP Review,High
2026-10-01,CUST007,PRD0054,0,0.0,Latest Estimate,Medium
2026-11-01,CUST007,PRD0054,3,8244.54,Commercial Baseline,Low
2026-12-01,CUST007,PRD0054,1,2700.68,SIOP Review,Medium
2025-07-01,CUST007,PRD0081,5,6199.01,Commercial Baseline,Medium
2025-08-01,CUST007,PRD0081,3,3617.22,SIOP Review,Low
2025-09-01,CUST007,PRD0081,7,7853.83,Commercial Baseline,High
2025-10-01,CUST007,PRD0081,7,8090.06,Commercial Baseline,High
2025-11-01,CUST007,PRD0081,3,3656.1,Commercial Baseline,Medium
2025-12-01,CUST007,PRD0081,9,11352.6,Latest Estimate,Medium
2026-01-01,CUST007,PRD0081,3,3504.84,Latest Estimate,Medium
2026-02-01,CUST007,PRD0081,6,7519.48,SIOP Review,Medium
2026-03-01,CUST007,PRD0081,7,8264.35,Latest Estimate,High
2026-04-01,CUST007,PRD0081,2,2464.6,Commercial Baseline,Low
2026-05-01,CUST007,PRD0081,5,6195.33,Commercial Baseline,Medium
2026-06-01,CUST007,PRD0081,5,5963.11,Commercial Baseline,Low
2026-07-01,CUST007,PRD0081,4,4645.98,Latest Estimate,Medium
2026-08-01,CUST007,PRD0081,3,3453.84,Commercial Baseline,Medium
2026-09-01,CUST007,PRD0081,6,7531.32,SIOP Review,Medium
2026-10-01,CUST007,PRD0081,9,11133.58,Latest Estimate,Medium
2026-11-01,CUST007,PRD0081,2,2370.2,Latest Estimate,High
2026-12-01,CUST007,PRD0081,6,6855.61,Latest Estimate,Low
2025-07-01,CUST007,PRD0093,2,69516.23,Latest Estimate,Medium
2025-08-01,CUST007,PRD0093,5,193637.46,Commercial Baseline,High
2025-09-01,CUST007,PRD0093,3,111261.86,SIOP Review,High
2025-10-01,CUST007,PRD0093,2,75029.96,SIOP Review,Medium
2025-11-01,CUST007,PRD0093,3,104944.46,Latest Estimate,High
2025-12-01,CUST007,PRD0093,2,72844.37,Latest Estimate,Medium
2026-01-01,CUST007,PRD0093,0,0.0,Latest Estimate,High
2026-02-01,CUST007,PRD0093,12,458500.84,SIOP Review,Low
2026-03-01,CUST007,PRD0093,2,71957.33,Commercial Baseline,Medium
2026-04-01,CUST007,PRD0093,2,75425.24,SIOP Review,Medium
2026-05-01,CUST007,PRD0093,1,34840.84,SIOP Review,Medium
2026-06-01,CUST007,PRD0093,1,35853.13,Latest Estimate,High
2026-07-01,CUST007,PRD0093,3,104034.8,Commercial Baseline,Medium
2026-08-01,CUST007,PRD0093,1,37967.11,Latest Estimate,Medium
2026-09-01,CUST007,PRD0093,3,117671.28,Latest Estimate,Low
2026-10-01,CUST007,PRD0093,1,38320.51,SIOP Review,Medium
2026-11-01,CUST007,PRD0093,2,74147.42,Latest Estimate,High
2026-12-01,CUST007,PRD0093,2,75063.61,SIOP Review,Low
2025-07-01,CUST007,PRD0052,1,10848.03,SIOP Review,High
2025-08-01,CUST007,PRD0052,1,10471.36,Commercial Baseline,Medium
2025-09-01,CUST007,PRD0052,2,21551.51,SIOP Review,Medium
2025-10-01,CUST007,PRD0052,0,0.0,Latest Estimate,Low
2025-11-01,CUST007,PRD0052,1,11172.05,Latest Estimate,Medium
2025-12-01,CUST007,PRD0052,0,0.0,SIOP Review,Low
2026-01-01,CUST007,PRD0052,2,21253.43,Commercial Baseline,Medium
2026-02-01,CUST007,PRD0052,2,20018.12,SIOP Review,High
2026-03-01,CUST007,PRD0052,0,0.0,Commercial Baseline,Low
2026-04-01,CUST007,PRD0052,0,0.0,Commercial Baseline,High
2026-05-01,CUST007,PRD0052,0,0.0,Latest Estimate,Medium
2026-06-01,CUST007,PRD0052,0,0.0,Commercial Baseline,Low
2026-07-01,CUST007,PRD0052,0,0.0,Commercial Baseline,Medium
2026-08-01,CUST007,PRD0052,1,10749.86,SIOP Review,High
2026-09-01,CUST007,PRD0052,2,22342.0,SIOP Review,Medium
2026-10-01,CUST007,PRD0052,2,20903.92,Commercial Baseline,Low
2026-11-01,CUST007,PRD0052,0,0.0,Commercial Baseline,High
2026-12-01,CUST007,PRD0052,1,10335.45,SIOP Review,Medium
2025-07-01,CUST007,PRD0060,0,0.0,SIOP Review,High
2025-08-01,CUST007,PRD0060,0,0.0,Commercial Baseline,Low
2025-09-01,CUST007,PRD0060,0,0.0,Latest Estimate,Medium
2025-10-01,CUST007,PRD0060,15,264909.43,SIOP Review,Medium
2025-11-01,CUST007,PRD0060,0,0.0,Commercial Baseline,High
2025-12-01,CUST007,PRD0060,0,0.0,Commercial Baseline,Medium
2026-01-01,CUST007,PRD0060,0,0.0,SIOP Review,Medium
2026-02-01,CUST007,PRD0060,0,0.0,SIOP Review,High
2026-03-01,CUST007,PRD0060,0,0.0,SIOP Review,Low
2026-04-01,CUST007,PRD0060,10,185890.18,SIOP Review,Medium
2026-05-01,CUST007,PRD0060,0,0.0,Latest Estimate,Low
2026-06-01,CUST007,PRD0060,0,0.0,Latest Estimate,Medium
2026-07-01,CUST007,PRD0060,0,0.0,SIOP Review,Low
2026-08-01,CUST007,PRD0060,6,107808.52,SIOP Review,High
2026-09-01,CUST007,PRD0060,1,17692.33,SIOP Review,Low
2026-10-01,CUST007,PRD0060,0,0.0,Latest Estimate,Low
2026-11-01,CUST007,PRD0060,1,18476.46,Latest Estimate,Medium
2026-12-01,CUST007,PRD0060,0,0.0,Latest Estimate,Medium
2025-07-01,CUST007,PRD0048,1,6311.08,SIOP Review,Medium
2025-08-01,CUST007,PRD0048,0,0.0,Latest Estimate,Medium
2025-09-01,CUST007,PRD0048,0,0.0,Latest Estimate,Medium
2025-10-01,CUST007,PRD0048,0,0.0,SIOP Review,High
2025-11-01,CUST007,PRD0048,8,49735.43,SIOP Review,High
2025-12-01,CUST007,PRD0048,0,0.0,SIOP Review,Low
2026-01-01,CUST007,PRD0048,1,6659.07,SIOP Review,Low
2026-02-01,CUST007,PRD0048,0,0.0,Commercial Baseline,Medium
2026-03-01,CUST007,PRD0048,0,0.0,Commercial Baseline,High
2026-04-01,CUST007,PRD0048,0,0.0,SIOP Review,High
2026-05-01,CUST007,PRD0048,0,0.0,SIOP Review,High
2026-06-01,CUST007,PRD0048,0,0.0,Latest Estimate,Medium
2026-07-01,CUST007,PRD0048,0,0.0,SIOP Review,Medium
2026-08-01,CUST007,PRD0048,11,67051.34,Latest Estimate,Medium
2026-09-01,CUST007,PRD0048,0,0.0,Latest Estimate,High
2026-10-01,CUST007,PRD0048,0,0.0,Latest Estimate,High
2026-11-01,CUST007,PRD0048,1,6133.31,Latest Estimate,Low
2026-12-01,CUST007,PRD0048,0,0.0,Commercial Baseline,Medium
2025-07-01,CUST007,PRD0010,3,25047.6,Latest Estimate,Medium
2025-08-01,CUST007,PRD0010,17,129764.34,Commercial Baseline,High
2025-09-01,CUST007,PRD0010,1,7675.59,Commercial Baseline,Medium
2025-10-01,CUST007,PRD0010,2,15396.11,Latest Estimate,High
2025-11-01,CUST007,PRD0010,0,0.0,Latest Estimate,Medium
2025-12-01,CUST007,PRD0010,1,7435.17,SIOP Review,High
2026-01-01,CUST007,PRD0010,2,16241.09,Latest Estimate,High
2026-02-01,CUST007,PRD0010,3,24820.32,Latest Estimate,Medium
2026-03-01,CUST007,PRD0010,2,14780.51,SIOP Review,Low
2026-04-01,CUST007,PRD0010,15,119536.57,Latest Estimate,Medium
2026-05-01,CUST007,PRD0010,1,7975.94,Commercial Baseline,Low
2026-06-01,CUST007,PRD0010,2,15294.35,Commercial Baseline,Medium
2026-07-01,CUST007,PRD0010,0,0.0,SIOP Review,Low
2026-08-01,CUST007,PRD0010,1,8272.18,Commercial Baseline,Medium
2026-09-01,CUST007,PRD0010,2,15508.65,Latest Estimate,Low
2026-10-01,CUST007,PRD0010,2,16507.27,Latest Estimate,Medium
2026-11-01,CUST007,PRD0010,2,15539.91,Commercial Baseline,Medium
2026-12-01,CUST007,PRD0010,3,22828.09,Commercial Baseline,Medium
2025-07-01,CUST007,PRD0038,2,105507.75,Commercial Baseline,High
2025-08-01,CUST007,PRD0038,1,50709.48,Latest Estimate,Medium
2025-09-01,CUST007,PRD0038,0,0.0,SIOP Review,Medium
2025-10-01,CUST007,PRD0038,0,0.0,Latest Estimate,High
2025-11-01,CUST007,PRD0038,1,50294.57,Commercial Baseline,Low
2025-12-01,CUST007,PRD0038,2,109354.48,Commercial Baseline,High
2026-01-01,CUST007,PRD0038,0,0.0,SIOP Review,Medium
2026-02-01,CUST007,PRD0038,1,52628.0,Latest Estimate,Medium
2026-03-01,CUST007,PRD0038,1,52571.73,SIOP Review,Low
2026-04-01,CUST007,PRD0038,0,0.0,Latest Estimate,Low
2026-05-01,CUST007,PRD0038,0,0.0,SIOP Review,High
2026-06-01,CUST007,PRD0038,0,0.0,Latest Estimate,Medium
2026-07-01,CUST007,PRD0038,1,55801.13,SIOP Review,Low
2026-08-01,CUST007,PRD0038,1,52595.74,SIOP Review,Medium
2026-09-01,CUST007,PRD0038,0,0.0,Commercial Baseline,Medium
2026-10-01,CUST007,PRD0038,2,106985.85,Commercial Baseline,High
2026-11-01,CUST007,PRD0038,0,0.0,SIOP Review,Low
2026-12-01,CUST007,PRD0038,0,0.0,Latest Estimate,Medium
2025-07-01,CUST007,PRD0108,13,280458.21,Latest Estimate,Medium
2025-08-01,CUST007,PRD0108,8,163176.5,Latest Estimate,Low
2025-09-01,CUST007,PRD0108,17,354756.71,Latest Estimate,Medium
2025-10-01,CUST007,PRD0108,16,361235.71,SIOP Review,High
2025-11-01,CUST007,PRD0108,13,267956.24,Commercial Baseline,Low
2025-12-01,CUST007,PRD0108,9,191082.78,Commercial Baseline,Low
2026-01-01,CUST007,PRD0108,10,213684.51,SIOP Review,Low
2026-02-01,CUST007,PRD0108,7,148171.91,Commercial Baseline,High
2026-03-01,CUST007,PRD0108,8,177809.02,Commercial Baseline,Low
2026-04-01,CUST007,PRD0108,15,321917.35,SIOP Review,Medium
2026-05-01,CUST007,PRD0108,14,309319.32,SIOP Review,Low
2026-06-01,CUST007,PRD0108,5,104833.24,Latest Estimate,Medium
2026-07-01,CUST007,PRD0108,12,241638.87,Latest Estimate,High
2026-08-01,CUST007,PRD0108,9,195302.11,Commercial Baseline,Medium
2026-09-01,CUST007,PRD0108,18,379008.18,Latest Estimate,Medium
2026-10-01,CUST007,PRD0108,8,172312.75,Latest Estimate,Medium
2026-11-01,CUST007,PRD0108,7,153101.45,SIOP Review,Medium
2026-12-01,CUST007,PRD0108,2,45055.79,Latest Estimate,High
2025-07-01,CUST007,PRD0023,4,17424.05,SIOP Review,Medium
2025-08-01,CUST007,PRD0023,4,17353.88,Latest Estimate,Low
2025-09-01,CUST007,PRD0023,3,12949.5,Latest Estimate,Medium
2025-10-01,CUST007,PRD0023,5,23102.84,Commercial Baseline,High
2025-11-01,CUST007,PRD0023,3,14507.94,Latest Estimate,High
2025-12-01,CUST007,PRD0023,2,8829.9,Commercial Baseline,Medium
2026-01-01,CUST007,PRD0023,5,23756.44,SIOP Review,High
2026-02-01,CUST007,PRD0023,4,17212.36,SIOP Review,High
2026-03-01,CUST007,PRD0023,5,22862.87,Commercial Baseline,High
2026-04-01,CUST007,PRD0023,19,82157.8,Latest Estimate,Medium
2026-05-01,CUST007,PRD0023,2,8553.95,Commercial Baseline,Low
2026-06-01,CUST007,PRD0023,5,22585.41,Commercial Baseline,Low
2026-07-01,CUST007,PRD0023,2,9502.57,SIOP Review,High
2026-08-01,CUST007,PRD0023,4,19202.79,Latest Estimate,High
2026-09-01,CUST007,PRD0023,5,23659.94,Commercial Baseline,Medium
2026-10-01,CUST007,PRD0023,11,48380.72,Commercial Baseline,Low
2026-11-01,CUST007,PRD0023,4,17848.7,SIOP Review,Medium
2026-12-01,CUST007,PRD0023,4,18031.94,Latest Estimate,High
2025-07-01,CUST007,PRD0101,3,21083.24,SIOP Review,High
2025-08-01,CUST007,PRD0101,1,6570.66,Commercial Baseline,Medium
2025-09-01,CUST007,PRD0101,6,43277.52,Latest Estimate,Medium
2025-10-01,CUST007,PRD0101,5,32721.57,SIOP Review,High
2025-11-01,CUST007,PRD0101,4,27738.63,Commercial Baseline,High
2025-12-01,CUST007,PRD0101,3,21762.25,SIOP Review,Medium
2026-01-01,CUST007,PRD0101,5,36259.75,Commercial Baseline,Medium
2026-02-01,CUST007,PRD0101,1,7288.07,SIOP Review,Medium
2026-03-01,CUST007,PRD0101,4,27894.34,Latest Estimate,High
2026-04-01,CUST007,PRD0101,4,26713.32,Latest Estimate,High
2026-05-01,CUST007,PRD0101,6,43638.27,Commercial Baseline,High
2026-06-01,CUST007,PRD0101,5,34274.88,Commercial Baseline,Medium
2026-07-01,CUST007,PRD0101,15,98220.3,Commercial Baseline,Low
2026-08-01,CUST007,PRD0101,5,36280.2,Latest Estimate,High
2026-09-01,CUST007,PRD0101,3,21100.84,SIOP Review,High
2026-10-01,CUST007,PRD0101,5,35047.05,Latest Estimate,High
2026-11-01,CUST007,PRD0101,3,20627.14,Commercial Baseline,Medium
2026-12-01,CUST007,PRD0101,2,14553.71,Latest Estimate,Medium
2025-07-01,CUST007,PRD0059,0,0.0,SIOP Review,High
2025-08-01,CUST007,PRD0059,0,0.0,Latest Estimate,Medium
2025-09-01,CUST007,PRD0059,0,0.0,Latest Estimate,High
2025-10-01,CUST007,PRD0059,0,0.0,Commercial Baseline,High
2025-11-01,CUST007,PRD0059,2,53480.33,Commercial Baseline,Low
2025-12-01,CUST007,PRD0059,0,0.0,SIOP Review,Medium
2026-01-01,CUST007,PRD0059,0,0.0,Commercial Baseline,Medium
2026-02-01,CUST007,PRD0059,0,0.0,Latest Estimate,Low
2026-03-01,CUST007,PRD0059,0,0.0,Commercial Baseline,Medium
2026-04-01,CUST007,PRD0059,7,192186.89,Commercial Baseline,Medium
2026-05-01,CUST007,PRD0059,0,0.0,Commercial Baseline,Medium
2026-06-01,CUST007,PRD0059,0,0.0,SIOP Review,Low
2026-07-01,CUST007,PRD0059,0,0.0,Commercial Baseline,Low
2026-08-01,CUST007,PRD0059,0,0.0,Latest Estimate,Medium
2026-09-01,CUST007,PRD0059,0,0.0,Latest Estimate,Low
2026-10-01,CUST007,PRD0059,0,0.0,Commercial Baseline,Medium
2026-11-01,CUST007,PRD0059,9,246987.56,Latest Estimate,Low
2026-12-01,CUST007,PRD0059,0,0.0,SIOP Review,Medium
2025-07-01,CUST007,PRD0104,0,0.0,Latest Estimate,Medium
2025-08-01,CUST007,PRD0104,0,0.0,SIOP Review,Low
2025-09-01,CUST007,PRD0104,1,6180.46,Latest Estimate,Medium
2025-10-01,CUST007,PRD0104,0,0.0,Latest Estimate,Low
2025-11-01,CUST007,PRD0104,1,6446.25,Commercial Baseline,High
2025-12-01,CUST007,PRD0104,0,0.0,SIOP Review,Medium
2026-01-01,CUST007,PRD0104,0,0.0,SIOP Review,Low
2026-02-01,CUST007,PRD0104,0,0.0,Latest Estimate,Medium
2026-03-01,CUST007,PRD0104,0,0.0,SIOP Review,Low
2026-04-01,CUST007,PRD0104,0,0.0,Latest Estimate,Medium
2026-05-01,CUST007,PRD0104,0,0.0,Latest Estimate,High
2026-06-01,CUST007,PRD0104,0,0.0,Latest Estimate,Medium
2026-07-01,CUST007,PRD0104,0,0.0,Commercial Baseline,Medium
2026-08-01,CUST007,PRD0104,0,0.0,Latest Estimate,High
2026-09-01,CUST007,PRD0104,0,0.0,Commercial Baseline,Medium
2026-10-01,CUST007,PRD0104,0,0.0,SIOP Review,High
2026-11-01,CUST007,PRD0104,0,0.0,SIOP Review,Medium
2026-12-01,CUST007,PRD0104,2,11949.33,Latest Estimate,Low
2025-07-01,CUST007,PRD0041,2,36016.65,SIOP Review,Medium
2025-08-01,CUST007,PRD0041,1,18521.05,SIOP Review,High
2025-09-01,CUST007,PRD0041,2,38190.52,SIOP Review,Medium
2025-10-01,CUST007,PRD0041,1,19045.92,SIOP Review,Medium
2025-11-01,CUST007,PRD0041,0,0.0,Commercial Baseline,Medium
2025-12-01,CUST007,PRD0041,2,34905.73,Commercial Baseline,Medium
2026-01-01,CUST007,PRD0041,0,0.0,Commercial Baseline,Medium
2026-02-01,CUST007,PRD0041,0,0.0,Latest Estimate,Medium
2026-03-01,CUST007,PRD0041,3,58940.82,Commercial Baseline,High
2026-04-01,CUST007,PRD0041,1,18669.93,Commercial Baseline,High
2026-05-01,CUST007,PRD0041,1,19428.26,Commercial Baseline,Medium
2026-06-01,CUST007,PRD0041,2,36027.96,Latest Estimate,Medium
2026-07-01,CUST007,PRD0041,1,19249.01,Latest Estimate,High
2026-08-01,CUST007,PRD0041,1,18506.71,Latest Estimate,Low
2026-09-01,CUST007,PRD0041,0,0.0,Latest Estimate,Medium
2026-10-01,CUST007,PRD0041,1,18235.38,SIOP Review,Low
2026-11-01,CUST007,PRD0041,1,18934.89,SIOP Review,Low
2026-12-01,CUST007,PRD0041,0,0.0,Commercial Baseline,High
2025-07-01,CUST007,PRD0096,0,0.0,Commercial Baseline,High
2025-08-01,CUST007,PRD0096,12,18756.04,Commercial Baseline,Medium
2025-09-01,CUST007,PRD0096,2,2933.19,Latest Estimate,Low
2025-10-01,CUST007,PRD0096,0,0.0,Latest Estimate,Medium
2025-11-01,CUST007,PRD0096,0,0.0,SIOP Review,High
2025-12-01,CUST007,PRD0096,1,1396.55,Commercial Baseline,Medium
2026-01-01,CUST007,PRD0096,1,1537.86,Commercial Baseline,Medium
2026-02-01,CUST007,PRD0096,1,1553.83,SIOP Review,High
2026-03-01,CUST007,PRD0096,0,0.0,Latest Estimate,High
2026-04-01,CUST007,PRD0096,1,1487.39,Commercial Baseline,High
2026-05-01,CUST007,PRD0096,2,2989.34,Latest Estimate,Medium
2026-06-01,CUST007,PRD0096,0,0.0,Latest Estimate,Low
2026-07-01,CUST007,PRD0096,1,1543.56,Latest Estimate,High
2026-08-01,CUST007,PRD0096,0,0.0,Latest Estimate,Medium
2026-09-01,CUST007,PRD0096,2,3080.54,SIOP Review,Medium
2026-10-01,CUST007,PRD0096,0,0.0,SIOP Review,High
2026-11-01,CUST007,PRD0096,16,22921.37,SIOP Review,High
2026-12-01,CUST007,PRD0096,1,1524.13,Commercial Baseline,High
2025-07-01,CUST007,PRD0085,16,150928.95,SIOP Review,Low
2025-08-01,CUST007,PRD0085,1,8905.84,Latest Estimate,Medium
2025-09-01,CUST007,PRD0085,11,100871.29,Latest Estimate,Medium
2025-10-01,CUST007,PRD0085,0,0.0,Commercial Baseline,Low
2025-11-01,CUST007,PRD0085,0,0.0,Commercial Baseline,Medium
2025-12-01,CUST007,PRD0085,2,17934.09,SIOP Review,High
2026-01-01,CUST007,PRD0085,12,109941.63,Latest Estimate,Low
2026-02-01,CUST007,PRD0085,0,0.0,Latest Estimate,High
2026-03-01,CUST007,PRD0085,15,132722.68,SIOP Review,Low
2026-04-01,CUST007,PRD0085,0,0.0,Latest Estimate,Low
2026-05-01,CUST007,PRD0085,0,0.0,Latest Estimate,High
2026-06-01,CUST007,PRD0085,0,0.0,Commercial Baseline,Low
2026-07-01,CUST007,PRD0085,0,0.0,Commercial Baseline,High
2026-08-01,CUST007,PRD0085,12,107978.53,Latest Estimate,Medium
2026-09-01,CUST007,PRD0085,2,18630.95,SIOP Review,Medium
2026-10-01,CUST007,PRD0085,1,8970.83,Commercial Baseline,Medium
2026-11-01,CUST007,PRD0085,1,8978.3,SIOP Review,High
2026-12-01,CUST007,PRD0085,2,18108.3,Commercial Baseline,Low
2025-07-01,CUST007,PRD0020,0,0.0,SIOP Review,Medium
2025-08-01,CUST007,PRD0020,14,243437.71,Latest Estimate,High
2025-09-01,CUST007,PRD0020,0,0.0,Commercial Baseline,Low
2025-10-01,CUST007,PRD0020,2,32953.78,Commercial Baseline,Low
2025-11-01,CUST007,PRD0020,1,16277.43,Latest Estimate,Low
2025-12-01,CUST007,PRD0020,0,0.0,Commercial Baseline,Low
2026-01-01,CUST007,PRD0020,2,33532.45,SIOP Review,High
2026-02-01,CUST007,PRD0020,7,108991.03,Commercial Baseline,Low
2026-03-01,CUST007,PRD0020,2,33936.96,Commercial Baseline,Medium
2026-04-01,CUST007,PRD0020,2,31623.98,Commercial Baseline,High
2026-05-01,CUST007,PRD0020,1,17152.68,Latest Estimate,Medium
2026-06-01,CUST007,PRD0020,0,0.0,SIOP Review,Medium
2026-07-01,CUST007,PRD0020,1,15568.32,SIOP Review,Medium
2026-08-01,CUST007,PRD0020,1,15481.15,Latest Estimate,Low
2026-09-01,CUST007,PRD0020,2,30762.13,Commercial Baseline,High
2026-10-01,CUST007,PRD0020,1,17080.19,SIOP Review,Low
2026-11-01,CUST007,PRD0020,1,15706.32,Latest Estimate,Low
2026-12-01,CUST007,PRD0020,17,276213.25,Commercial Baseline,Medium
2025-07-01,CUST007,PRD0078,0,0.0,Latest Estimate,Medium
2025-08-01,CUST007,PRD0078,9,98225.59,SIOP Review,Low
2025-09-01,CUST007,PRD0078,0,0.0,SIOP Review,Medium
2025-10-01,CUST007,PRD0078,0,0.0,Latest Estimate,Medium
2025-11-01,CUST007,PRD0078,0,0.0,SIOP Review,Medium
2025-12-01,CUST007,PRD0078,1,11635.19,SIOP Review,Medium
2026-01-01,CUST007,PRD0078,11,125171.82,SIOP Review,Medium
2026-02-01,CUST007,PRD0078,0,0.0,SIOP Review,Medium
2026-03-01,CUST007,PRD0078,0,0.0,SIOP Review,Low
2026-04-01,CUST007,PRD0078,0,0.0,Commercial Baseline,Medium
2026-05-01,CUST007,PRD0078,0,0.0,Commercial Baseline,Medium
2026-06-01,CUST007,PRD0078,0,0.0,SIOP Review,Low
2026-07-01,CUST007,PRD0078,0,0.0,SIOP Review,Medium
2026-08-01,CUST007,PRD0078,0,0.0,Commercial Baseline,High
2026-09-01,CUST007,PRD0078,0,0.0,SIOP Review,Medium
2026-10-01,CUST007,PRD0078,2,20998.73,SIOP Review,Low
2026-11-01,CUST007,PRD0078,0,0.0,Commercial Baseline,High
2026-12-01,CUST007,PRD0078,0,0.0,Latest Estimate,Medium
2025-07-01,CUST007,PRD0083,2,8019.83,Commercial Baseline,Medium
2025-08-01,CUST007,PRD0083,4,16904.16,SIOP Review,Medium
2025-09-01,CUST007,PRD0083,3,11914.28,Latest Estimate,Medium
2025-10-01,CUST007,PRD0083,6,23087.87,Latest Estimate,Low
2025-11-01,CUST007,PRD0083,13,50788.94,Commercial Baseline,High
2025-12-01,CUST007,PRD0083,1,3872.75,Latest Estimate,Low
2026-01-01,CUST007,PRD0083,4,17081.19,SIOP Review,Low
2026-02-01,CUST007,PRD0083,5,19998.51,Latest Estimate,Medium
2026-03-01,CUST007,PRD0083,3,12016.32,Commercial Baseline,Medium
2026-04-01,CUST007,PRD0083,8,34306.2,Latest Estimate,Medium
2026-05-01,CUST007,PRD0083,3,12452.45,SIOP Review,Medium
2026-06-01,CUST007,PRD0083,2,8351.24,SIOP Review,High
2026-07-01,CUST007,PRD0083,2,8519.27,Latest Estimate,High
2026-08-01,CUST007,PRD0083,4,15617.75,Commercial Baseline,Low
2026-09-01,CUST007,PRD0083,6,24453.96,Commercial Baseline,Medium
2026-10-01,CUST007,PRD0083,10,41754.92,Commercial Baseline,Medium
2026-11-01,CUST007,PRD0083,2,7943.94,Commercial Baseline,High
2026-12-01,CUST007,PRD0083,5,21498.58,SIOP Review,Medium
2025-07-01,CUST007,PRD0068,4,40903.67,Commercial Baseline,Low
2025-08-01,CUST007,PRD0068,21,221841.06,Commercial Baseline,High
2025-09-01,CUST007,PRD0068,4,44191.65,SIOP Review,Medium
2025-10-01,CUST007,PRD0068,3,31007.03,Commercial Baseline,Medium
2025-11-01,CUST007,PRD0068,18,175677.78,Latest Estimate,Medium
2025-12-01,CUST007,PRD0068,5,49015.72,Latest Estimate,Low
2026-01-01,CUST007,PRD0068,3,29346.4,Commercial Baseline,High
2026-02-01,CUST007,PRD0068,14,138301.56,Commercial Baseline,High
2026-03-01,CUST007,PRD0068,5,50822.86,Commercial Baseline,Low
2026-04-01,CUST007,PRD0068,5,53672.88,SIOP Review,High
2026-05-01,CUST007,PRD0068,18,183534.6,Commercial Baseline,High
2026-06-01,CUST007,PRD0068,4,42590.68,Commercial Baseline,High
2026-07-01,CUST007,PRD0068,4,40810.26,Latest Estimate,Medium
2026-08-01,CUST007,PRD0068,7,73343.74,SIOP Review,Medium
2026-09-01,CUST007,PRD0068,4,42937.72,Latest Estimate,Low
2026-10-01,CUST007,PRD0068,17,169120.91,Latest Estimate,High
2026-11-01,CUST007,PRD0068,1,9874.26,Commercial Baseline,High
2026-12-01,CUST007,PRD0068,0,0.0,SIOP Review,High
2025-07-01,CUST007,PRD0065,4,5825.27,Commercial Baseline,Medium
2025-08-01,CUST007,PRD0065,7,10039.14,Latest Estimate,Low
2025-09-01,CUST007,PRD0065,2,2943.7,Latest Estimate,Medium
2025-10-01,CUST007,PRD0065,1,1597.9,Latest Estimate,Medium
2025-11-01,CUST007,PRD0065,4,5964.05,SIOP Review,Low
2025-12-01,CUST007,PRD0065,4,6110.44,Commercial Baseline,Medium
2026-01-01,CUST007,PRD0065,4,6436.09,Latest Estimate,High
2026-02-01,CUST007,PRD0065,4,6138.79,Latest Estimate,Low
2026-03-01,CUST007,PRD0065,7,10007.67,SIOP Review,Medium
2026-04-01,CUST007,PRD0065,4,5853.52,Latest Estimate,Low
2026-05-01,CUST007,PRD0065,16,24315.58,Commercial Baseline,Medium
2026-06-01,CUST007,PRD0065,3,4403.15,Latest Estimate,Medium
2026-07-01,CUST007,PRD0065,7,10603.23,SIOP Review,Medium
2026-08-01,CUST007,PRD0065,5,7977.78,Latest Estimate,Low
2026-09-01,CUST007,PRD0065,6,9585.43,Latest Estimate,High
2026-10-01,CUST007,PRD0065,14,22635.92,SIOP Review,Medium
2026-11-01,CUST007,PRD0065,14,21559.91,Commercial Baseline,Medium
2026-12-01,CUST007,PRD0065,7,10590.28,SIOP Review,High
2025-07-01,CUST007,PRD0029,1,11524.23,Latest Estimate,Medium
2025-08-01,CUST007,PRD0029,1,11056.18,SIOP Review,High
2025-09-01,CUST007,PRD0029,1,10749.46,SIOP Review,Medium
2025-10-01,CUST007,PRD0029,1,10841.96,Latest Estimate,High
2025-11-01,CUST007,PRD0029,2,22453.67,Commercial Baseline,Medium
2025-12-01,CUST007,PRD0029,4,45761.83,Commercial Baseline,Low
2026-01-01,CUST007,PRD0029,1,11691.31,Commercial Baseline,Medium
2026-02-01,CUST007,PRD0029,10,109616.43,Commercial Baseline,High
2026-03-01,CUST007,PRD0029,1,11901.84,Latest Estimate,High
2026-04-01,CUST007,PRD0029,3,34587.4,Commercial Baseline,High
2026-05-01,CUST007,PRD0029,2,21273.81,Commercial Baseline,High
2026-06-01,CUST007,PRD0029,2,21489.07,SIOP Review,Medium
2026-07-01,CUST007,PRD0029,2,21753.65,Latest Estimate,Medium
2026-08-01,CUST007,PRD0029,1,11292.95,Commercial Baseline,Medium
2026-09-01,CUST007,PRD0029,3,32792.77,Commercial Baseline,Medium
2026-10-01,CUST007,PRD0029,2,22431.73,Commercial Baseline,High
2026-11-01,CUST007,PRD0029,1,10669.03,SIOP Review,High
2026-12-01,CUST007,PRD0029,1,11824.84,Commercial Baseline,High
2025-07-01,CUST008,PRD0043,2,52961.16,Commercial Baseline,High
2025-08-01,CUST008,PRD0043,2,49315.6,Latest Estimate,Low
2025-09-01,CUST008,PRD0043,5,117367.41,Latest Estimate,Low
2025-10-01,CUST008,PRD0043,2,50856.17,SIOP Review,Medium
2025-11-01,CUST008,PRD0043,4,99841.84,Commercial Baseline,High
2025-12-01,CUST008,PRD0043,10,241021.5,SIOP Review,Low
2026-01-01,CUST008,PRD0043,4,102920.63,SIOP Review,Medium
2026-02-01,CUST008,PRD0043,16,382148.37,Commercial Baseline,Low
2026-03-01,CUST008,PRD0043,4,100654.41,Commercial Baseline,Low
2026-04-01,CUST008,PRD0043,5,116365.33,Commercial Baseline,Low
2026-05-01,CUST008,PRD0043,3,71990.65,Latest Estimate,Low
2026-06-01,CUST008,PRD0043,1,24554.86,SIOP Review,High
2026-07-01,CUST008,PRD0043,2,50141.58,SIOP Review,Low
2026-08-01,CUST008,PRD0043,3,72029.67,Latest Estimate,High
2026-09-01,CUST008,PRD0043,2,49664.77,Latest Estimate,Low
2026-10-01,CUST008,PRD0043,1,24431.37,Commercial Baseline,Medium
2026-11-01,CUST008,PRD0043,2,52553.16,Commercial Baseline,Medium
2026-12-01,CUST008,PRD0043,3,70371.1,Commercial Baseline,Medium
2025-07-01,CUST008,PRD0081,1,1228.92,SIOP Review,High
2025-08-01,CUST008,PRD0081,14,16627.18,Latest Estimate,Low
2025-09-01,CUST008,PRD0081,1,1150.1,Latest Estimate,Low
2025-10-01,CUST008,PRD0081,7,8047.75,Commercial Baseline,High
2025-11-01,CUST008,PRD0081,1,1214.96,SIOP Review,Medium
2025-12-01,CUST008,PRD0081,2,2389.86,Latest Estimate,Medium
2026-01-01,CUST008,PRD0081,5,6248.1,Commercial Baseline,High
2026-02-01,CUST008,PRD0081,0,0.0,SIOP Review,High
2026-03-01,CUST008,PRD0081,1,1239.51,SIOP Review,Medium
2026-04-01,CUST008,PRD0081,2,2522.11,Commercial Baseline,Low
2026-05-01,CUST008,PRD0081,0,0.0,Latest Estimate,Low
2026-06-01,CUST008,PRD0081,2,2470.4,Latest Estimate,Medium
2026-07-01,CUST008,PRD0081,2,2376.92,Commercial Baseline,Low
2026-08-01,CUST008,PRD0081,2,2309.05,SIOP Review,Low
2026-09-01,CUST008,PRD0081,3,3728.4,Latest Estimate,Low
2026-10-01,CUST008,PRD0081,2,2358.07,Commercial Baseline,Low
2026-11-01,CUST008,PRD0081,2,2310.76,SIOP Review,Medium
2026-12-01,CUST008,PRD0081,1,1173.64,Commercial Baseline,High
2025-07-01,CUST008,PRD0094,7,150312.58,Commercial Baseline,Medium
2025-08-01,CUST008,PRD0094,6,128494.69,SIOP Review,Low
2025-09-01,CUST008,PRD0094,9,203276.9,Latest Estimate,Medium
2025-10-01,CUST008,PRD0094,3,66325.82,SIOP Review,Low
2025-11-01,CUST008,PRD0094,4,88346.14,Latest Estimate,Medium
2025-12-01,CUST008,PRD0094,12,273800.5,SIOP Review,High
2026-01-01,CUST008,PRD0094,12,266497.6,SIOP Review,High
2026-02-01,CUST008,PRD0094,8,181368.8,Latest Estimate,Medium
2026-03-01,CUST008,PRD0094,10,221326.97,Latest Estimate,Medium
2026-04-01,CUST008,PRD0094,15,330874.86,SIOP Review,Medium
2026-05-01,CUST008,PRD0094,6,132234.5,Latest Estimate,Medium
2026-06-01,CUST008,PRD0094,9,189023.17,Latest Estimate,Medium
2026-07-01,CUST008,PRD0094,11,222547.91,Commercial Baseline,Medium
2026-08-01,CUST008,PRD0094,14,281938.08,SIOP Review,High
2026-09-01,CUST008,PRD0094,11,236197.5,Latest Estimate,Medium
2026-10-01,CUST008,PRD0094,12,268120.08,Latest Estimate,Low
2026-11-01,CUST008,PRD0094,15,342439.84,SIOP Review,High
2026-12-01,CUST008,PRD0094,6,123484.49,SIOP Review,Low
2025-07-01,CUST008,PRD0084,1,40613.08,SIOP Review,Medium
2025-08-01,CUST008,PRD0084,0,0.0,Commercial Baseline,High
2025-09-01,CUST008,PRD0084,0,0.0,SIOP Review,Medium
2025-10-01,CUST008,PRD0084,0,0.0,Latest Estimate,High
2025-11-01,CUST008,PRD0084,1,38141.39,Commercial Baseline,High
2025-12-01,CUST008,PRD0084,0,0.0,Commercial Baseline,Medium
2026-01-01,CUST008,PRD0084,0,0.0,Latest Estimate,High
2026-02-01,CUST008,PRD0084,0,0.0,Commercial Baseline,Medium
2026-03-01,CUST008,PRD0084,1,37696.26,SIOP Review,Medium
2026-04-01,CUST008,PRD0084,1,37335.3,SIOP Review,Medium
2026-05-01,CUST008,PRD0084,0,0.0,Latest Estimate,High
2026-06-01,CUST008,PRD0084,0,0.0,SIOP Review,High
2026-07-01,CUST008,PRD0084,2,76446.04,Latest Estimate,Medium
2026-08-01,CUST008,PRD0084,1,38689.96,Commercial Baseline,Low
2026-09-01,CUST008,PRD0084,1,37868.94,Latest Estimate,Low
2026-10-01,CUST008,PRD0084,0,0.0,Commercial Baseline,High
2026-11-01,CUST008,PRD0084,0,0.0,Latest Estimate,Medium
2026-12-01,CUST008,PRD0084,1,38143.92,Latest Estimate,Low
2025-07-01,CUST008,PRD0040,12,169144.2,SIOP Review,High
2025-08-01,CUST008,PRD0040,11,144209.01,SIOP Review,Medium
2025-09-01,CUST008,PRD0040,11,142976.77,Commercial Baseline,High
2025-10-01,CUST008,PRD0040,20,258809.03,Latest Estimate,Medium
2025-11-01,CUST008,PRD0040,11,156135.62,Latest Estimate,High
2025-12-01,CUST008,PRD0040,7,88315.71,Latest Estimate,Low
2026-01-01,CUST008,PRD0040,4,50368.35,Commercial Baseline,Medium
2026-02-01,CUST008,PRD0040,9,115795.31,Commercial Baseline,Medium
2026-03-01,CUST008,PRD0040,9,125377.75,SIOP Review,Low
2026-04-01,CUST008,PRD0040,12,168803.27,SIOP Review,Low
2026-05-01,CUST008,PRD0040,11,149495.94,Commercial Baseline,Medium
2026-06-01,CUST008,PRD0040,8,113429.45,Commercial Baseline,Medium
2026-07-01,CUST008,PRD0040,11,151527.64,SIOP Review,High
2026-08-01,CUST008,PRD0040,11,149289.02,Commercial Baseline,High
2026-09-01,CUST008,PRD0040,13,182251.24,Latest Estimate,High
2026-10-01,CUST008,PRD0040,15,194475.85,SIOP Review,Medium
2026-11-01,CUST008,PRD0040,13,185037.68,SIOP Review,Low
2026-12-01,CUST008,PRD0040,8,105409.2,Commercial Baseline,Medium
2025-07-01,CUST008,PRD0062,1,17090.03,SIOP Review,Medium
2025-08-01,CUST008,PRD0062,2,35433.72,Latest Estimate,Medium
2025-09-01,CUST008,PRD0062,1,18201.16,SIOP Review,High
2025-10-01,CUST008,PRD0062,0,0.0,SIOP Review,High
2025-11-01,CUST008,PRD0062,0,0.0,Commercial Baseline,Low
2025-12-01,CUST008,PRD0062,2,33845.32,SIOP Review,Low
2026-01-01,CUST008,PRD0062,2,35575.59,SIOP Review,Medium
2026-02-01,CUST008,PRD0062,0,0.0,Commercial Baseline,High
2026-03-01,CUST008,PRD0062,1,18395.21,Commercial Baseline,High
2026-04-01,CUST008,PRD0062,0,0.0,Latest Estimate,High
2026-05-01,CUST008,PRD0062,1,17594.78,Commercial Baseline,High
2026-06-01,CUST008,PRD0062,0,0.0,Commercial Baseline,Medium
2026-07-01,CUST008,PRD0062,2,32633.4,Latest Estimate,Medium
2026-08-01,CUST008,PRD0062,2,35572.18,SIOP Review,Medium
2026-09-01,CUST008,PRD0062,7,119355.28,SIOP Review,Medium
2026-10-01,CUST008,PRD0062,1,17318.26,SIOP Review,Low
2026-11-01,CUST008,PRD0062,1,17700.56,Latest Estimate,High
2026-12-01,CUST008,PRD0062,1,16354.39,SIOP Review,Low
2025-07-01,CUST008,PRD0056,0,0.0,SIOP Review,Medium
2025-08-01,CUST008,PRD0056,0,0.0,Commercial Baseline,Medium
2025-09-01,CUST008,PRD0056,0,0.0,Latest Estimate,Low
2025-10-01,CUST008,PRD0056,2,66594.13,Latest Estimate,High
2025-11-01,CUST008,PRD0056,0,0.0,Commercial Baseline,Medium
2025-12-01,CUST008,PRD0056,1,33406.24,Commercial Baseline,Medium
2026-01-01,CUST008,PRD0056,1,34110.15,SIOP Review,Medium
2026-02-01,CUST008,PRD0056,0,0.0,Commercial Baseline,Low
2026-03-01,CUST008,PRD0056,1,32751.78,Commercial Baseline,High
2026-04-01,CUST008,PRD0056,0,0.0,Latest Estimate,High
2026-05-01,CUST008,PRD0056,2,67607.31,SIOP Review,Medium
2026-06-01,CUST008,PRD0056,1,31049.75,Commercial Baseline,Medium
2026-07-01,CUST008,PRD0056,2,66918.95,Latest Estimate,High
2026-08-01,CUST008,PRD0056,2,66281.45,SIOP Review,High
2026-09-01,CUST008,PRD0056,0,0.0,SIOP Review,Medium
2026-10-01,CUST008,PRD0056,2,63374.93,Commercial Baseline,Medium
2026-11-01,CUST008,PRD0056,2,62206.69,Latest Estimate,High
2026-12-01,CUST008,PRD0056,0,0.0,Latest Estimate,Low
2025-07-01,CUST008,PRD0022,0,0.0,Latest Estimate,Medium
2025-08-01,CUST008,PRD0022,0,0.0,Latest Estimate,Medium
2025-09-01,CUST008,PRD0022,1,1104.06,SIOP Review,Medium
2025-10-01,CUST008,PRD0022,0,0.0,SIOP Review,Low
2025-11-01,CUST008,PRD0022,1,1088.9,Commercial Baseline,Medium
2025-12-01,CUST008,PRD0022,1,1100.98,SIOP Review,Low
2026-01-01,CUST008,PRD0022,2,2316.69,Latest Estimate,Medium
2026-02-01,CUST008,PRD0022,0,0.0,Commercial Baseline,Medium
2026-03-01,CUST008,PRD0022,0,0.0,Latest Estimate,Medium
2026-04-01,CUST008,PRD0022,1,1090.03,SIOP Review,High
2026-05-01,CUST008,PRD0022,2,2119.24,Latest Estimate,Medium
2026-06-01,CUST008,PRD0022,0,0.0,SIOP Review,High
2026-07-01,CUST008,PRD0022,2,2391.93,Latest Estimate,Medium
2026-08-01,CUST008,PRD0022,13,14276.13,Commercial Baseline,Medium
2026-09-01,CUST008,PRD0022,2,2389.93,SIOP Review,Medium
2026-10-01,CUST008,PRD0022,1,1150.82,SIOP Review,Medium
2026-11-01,CUST008,PRD0022,1,1160.06,SIOP Review,Medium
2026-12-01,CUST008,PRD0022,2,2132.1,Latest Estimate,Low
2025-07-01,CUST008,PRD0047,2,12317.29,Latest Estimate,Medium
2025-08-01,CUST008,PRD0047,0,0.0,Commercial Baseline,Low
2025-09-01,CUST008,PRD0047,4,25305.19,Latest Estimate,Low
2025-10-01,CUST008,PRD0047,0,0.0,SIOP Review,Medium
2025-11-01,CUST008,PRD0047,1,5970.75,Latest Estimate,High
2025-12-01,CUST008,PRD0047,3,19875.6,Latest Estimate,High
2026-01-01,CUST008,PRD0047,2,13257.39,Commercial Baseline,Medium
2026-02-01,CUST008,PRD0047,0,0.0,SIOP Review,High
2026-03-01,CUST008,PRD0047,3,19337.4,Commercial Baseline,High
2026-04-01,CUST008,PRD0047,0,0.0,Latest Estimate,Medium
2026-05-01,CUST008,PRD0047,3,19834.87,Latest Estimate,Medium
2026-06-01,CUST008,PRD0047,12,76441.88,SIOP Review,Medium
2026-07-01,CUST008,PRD0047,1,6150.64,Commercial Baseline,High
2026-08-01,CUST008,PRD0047,2,12663.3,Latest Estimate,Medium
2026-09-01,CUST008,PRD0047,2,11901.47,Commercial Baseline,Low
2026-10-01,CUST008,PRD0047,1,6080.82,SIOP Review,High
2026-11-01,CUST008,PRD0047,1,6027.72,Commercial Baseline,Low
2026-12-01,CUST008,PRD0047,4,24123.6,Commercial Baseline,Low
2025-07-01,CUST008,PRD0059,1,26328.54,Commercial Baseline,High
2025-08-01,CUST008,PRD0059,0,0.0,SIOP Review,Medium
2025-09-01,CUST008,PRD0059,0,0.0,Latest Estimate,Medium
2025-10-01,CUST008,PRD0059,0,0.0,Commercial Baseline,High
2025-11-01,CUST008,PRD0059,2,53976.51,SIOP Review,Medium
2025-12-01,CUST008,PRD0059,2,53676.23,SIOP Review,Medium
2026-01-01,CUST008,PRD0059,1,25680.91,SIOP Review,High
2026-02-01,CUST008,PRD0059,0,0.0,Commercial Baseline,Medium
2026-03-01,CUST008,PRD0059,0,0.0,Latest Estimate,Medium
2026-04-01,CUST008,PRD0059,13,339158.28,SIOP Review,High
2026-05-01,CUST008,PRD0059,0,0.0,Commercial Baseline,Medium
2026-06-01,CUST008,PRD0059,0,0.0,Latest Estimate,Medium
2026-07-01,CUST008,PRD0059,6,157682.81,Latest Estimate,High
2026-08-01,CUST008,PRD0059,0,0.0,Latest Estimate,Medium
2026-09-01,CUST008,PRD0059,0,0.0,SIOP Review,Medium
2026-10-01,CUST008,PRD0059,2,51599.85,Latest Estimate,Medium
2026-11-01,CUST008,PRD0059,0,0.0,Commercial Baseline,High
2026-12-01,CUST008,PRD0059,0,0.0,Latest Estimate,High
2025-07-01,CUST008,PRD0112,14,308299.54,Commercial Baseline,Medium
2025-08-01,CUST008,PRD0112,11,252714.03,Latest Estimate,Medium
2025-09-01,CUST008,PRD0112,3,69137.19,SIOP Review,Medium
2025-10-01,CUST008,PRD0112,2,41011.27,SIOP Review,Medium
2025-11-01,CUST008,PRD0112,2,41977.13,Commercial Baseline,Low
2025-12-01,CUST008,PRD0112,1,22240.94,SIOP Review,Medium
2026-01-01,CUST008,PRD0112,3,66252.4,Commercial Baseline,Low
2026-02-01,CUST008,PRD0112,2,41924.24,Commercial Baseline,High
2026-03-01,CUST008,PRD0112,1,22297.54,Latest Estimate,High
2026-04-01,CUST008,PRD0112,2,44488.03,Commercial Baseline,High
2026-05-01,CUST008,PRD0112,3,64891.13,SIOP Review,Medium
2026-06-01,CUST008,PRD0112,2,46546.79,SIOP Review,Medium
2026-07-01,CUST008,PRD0112,1,20831.75,Latest Estimate,Low
2026-08-01,CUST008,PRD0112,2,41499.28,Latest Estimate,Medium
2026-09-01,CUST008,PRD0112,2,41348.97,Latest Estimate,Medium
2026-10-01,CUST008,PRD0112,2,42778.16,Latest Estimate,Low
2026-11-01,CUST008,PRD0112,4,90997.55,SIOP Review,High
2026-12-01,CUST008,PRD0112,2,42420.18,Commercial Baseline,High
2025-07-01,CUST008,PRD0073,0,0.0,SIOP Review,High
2025-08-01,CUST008,PRD0073,0,0.0,SIOP Review,High
2025-09-01,CUST008,PRD0073,0,0.0,SIOP Review,Low
2025-10-01,CUST008,PRD0073,0,0.0,SIOP Review,Medium
2025-11-01,CUST008,PRD0073,0,0.0,Commercial Baseline,Medium
2025-12-01,CUST008,PRD0073,0,0.0,Commercial Baseline,High
2026-01-01,CUST008,PRD0073,0,0.0,Latest Estimate,Low
2026-02-01,CUST008,PRD0073,1,32682.16,SIOP Review,Low
2026-03-01,CUST008,PRD0073,0,0.0,Latest Estimate,High
2026-04-01,CUST008,PRD0073,0,0.0,SIOP Review,High
2026-05-01,CUST008,PRD0073,8,266479.67,Commercial Baseline,High
2026-06-01,CUST008,PRD0073,0,0.0,SIOP Review,Medium
2026-07-01,CUST008,PRD0073,0,0.0,Commercial Baseline,Medium
2026-08-01,CUST008,PRD0073,0,0.0,Latest Estimate,Medium
2026-09-01,CUST008,PRD0073,0,0.0,Commercial Baseline,Low
2026-10-01,CUST008,PRD0073,0,0.0,Commercial Baseline,Medium
2026-11-01,CUST008,PRD0073,0,0.0,Commercial Baseline,High
2026-12-01,CUST008,PRD0073,0,0.0,Commercial Baseline,High
2025-07-01,CUST008,PRD0111,6,70002.69,Latest Estimate,High
2025-08-01,CUST008,PRD0111,9,104707.46,Commercial Baseline,High
2025-09-01,CUST008,PRD0111,10,111680.14,Commercial Baseline,Medium
2025-10-01,CUST008,PRD0111,21,235629.18,Commercial Baseline,High
2025-11-01,CUST008,PRD0111,8,86466.72,Commercial Baseline,Low
2025-12-01,CUST008,PRD0111,6,70831.27,Latest Estimate,Medium
2026-01-01,CUST008,PRD0111,0,0.0,Commercial Baseline,High
2026-02-01,CUST008,PRD0111,5,52973.92,Commercial Baseline,Medium
2026-03-01,CUST008,PRD0111,7,75725.32,SIOP Review,Medium
2026-04-01,CUST008,PRD0111,9,104561.92,SIOP Review,Medium
2026-05-01,CUST008,PRD0111,9,99637.84,Commercial Baseline,Low
2026-06-01,CUST008,PRD0111,8,94360.99,Latest Estimate,High
2026-07-01,CUST008,PRD0111,14,165395.31,Commercial Baseline,Low
2026-08-01,CUST008,PRD0111,7,82894.7,SIOP Review,Medium
2026-09-01,CUST008,PRD0111,23,266742.51,SIOP Review,High
2026-10-01,CUST008,PRD0111,7,77787.55,SIOP Review,Medium
2026-11-01,CUST008,PRD0111,10,117583.97,SIOP Review,High
2026-12-01,CUST008,PRD0111,9,98729.99,Latest Estimate,High
2025-07-01,CUST008,PRD0079,3,28801.13,SIOP Review,High
2025-08-01,CUST008,PRD0079,2,20126.58,Commercial Baseline,Medium
2025-09-01,CUST008,PRD0079,5,46616.22,Commercial Baseline,Medium
2025-10-01,CUST008,PRD0079,4,39891.68,Commercial Baseline,Low
2025-11-01,CUST008,PRD0079,2,18970.37,Latest Estimate,Low
2025-12-01,CUST008,PRD0079,4,40176.36,Commercial Baseline,Medium
2026-01-01,CUST008,PRD0079,1,10233.25,Latest Estimate,Medium
2026-02-01,CUST008,PRD0079,1,9113.1,SIOP Review,High
2026-03-01,CUST008,PRD0079,4,38271.87,Latest Estimate,Low
2026-04-01,CUST008,PRD0079,3,30769.83,Latest Estimate,Medium
2026-05-01,CUST008,PRD0079,2,20109.2,Latest Estimate,Medium
2026-06-01,CUST008,PRD0079,1,9198.56,Latest Estimate,Low
2026-07-01,CUST008,PRD0079,1,9149.85,Latest Estimate,High
2026-08-01,CUST008,PRD0079,3,29623.74,Commercial Baseline,Low
2026-09-01,CUST008,PRD0079,11,108304.94,Commercial Baseline,Medium
2026-10-01,CUST008,PRD0079,3,28157.27,Latest Estimate,Medium
2026-11-01,CUST008,PRD0079,2,19826.72,Latest Estimate,High
2026-12-01,CUST008,PRD0079,3,29500.22,Commercial Baseline,Medium
2025-07-01,CUST008,PRD0034,11,108506.13,SIOP Review,High
2025-08-01,CUST008,PRD0034,12,119827.76,SIOP Review,Medium
2025-09-01,CUST008,PRD0034,10,93598.47,Latest Estimate,Medium
2025-10-01,CUST008,PRD0034,13,125374.03,Latest Estimate,Medium
2025-11-01,CUST008,PRD0034,7,68475.24,Latest Estimate,Medium
2025-12-01,CUST008,PRD0034,7,68770.24,Latest Estimate,Low
2026-01-01,CUST008,PRD0034,5,45877.7,Commercial Baseline,High
2026-02-01,CUST008,PRD0034,7,64679.44,Commercial Baseline,Medium
2026-03-01,CUST008,PRD0034,9,91565.68,Latest Estimate,High
2026-04-01,CUST008,PRD0034,11,104350.83,SIOP Review,Low
2026-05-01,CUST008,PRD0034,7,70482.05,SIOP Review,Medium
2026-06-01,CUST008,PRD0034,9,86113.22,SIOP Review,Medium
2026-07-01,CUST008,PRD0034,8,77981.33,Latest Estimate,Medium
2026-08-01,CUST008,PRD0034,6,54755.89,Latest Estimate,Medium
2026-09-01,CUST008,PRD0034,12,111507.76,Latest Estimate,Medium
2026-10-01,CUST008,PRD0034,11,102898.36,SIOP Review,High
2026-11-01,CUST008,PRD0034,11,107427.81,SIOP Review,High
2026-12-01,CUST008,PRD0034,8,75190.64,Latest Estimate,Low
2025-07-01,CUST008,PRD0010,5,38433.81,Commercial Baseline,Medium
2025-08-01,CUST008,PRD0010,9,70645.33,Commercial Baseline,High
2025-09-01,CUST008,PRD0010,8,61395.52,Commercial Baseline,Medium
2025-10-01,CUST008,PRD0010,9,69775.76,SIOP Review,Low
2025-11-01,CUST008,PRD0010,7,54286.48,Commercial Baseline,Medium
2025-12-01,CUST008,PRD0010,8,62530.43,SIOP Review,Medium
2026-01-01,CUST008,PRD0010,3,24131.05,Latest Estimate,Low
2026-02-01,CUST008,PRD0010,16,122902.26,SIOP Review,Medium
2026-03-01,CUST008,PRD0010,6,48167.11,Latest Estimate,Medium
2026-04-01,CUST008,PRD0010,8,61619.85,SIOP Review,Medium
2026-05-01,CUST008,PRD0010,8,60147.63,SIOP Review,Low
2026-06-01,CUST008,PRD0010,5,39176.9,SIOP Review,Low
2026-07-01,CUST008,PRD0010,10,77279.34,Latest Estimate,Low
2026-08-01,CUST008,PRD0010,6,44872.5,SIOP Review,Medium
2026-09-01,CUST008,PRD0010,9,66547.86,Latest Estimate,Low
2026-10-01,CUST008,PRD0010,13,96322.62,Latest Estimate,Medium
2026-11-01,CUST008,PRD0010,9,68840.81,Commercial Baseline,High
2026-12-01,CUST008,PRD0010,11,89659.89,Commercial Baseline,Medium
2025-07-01,CUST008,PRD0017,1,6599.88,SIOP Review,High
2025-08-01,CUST008,PRD0017,2,13389.01,Commercial Baseline,Medium
2025-09-01,CUST008,PRD0017,1,7100.12,Commercial Baseline,Low
2025-10-01,CUST008,PRD0017,2,13111.14,Latest Estimate,Low
2025-11-01,CUST008,PRD0017,1,6718.04,Commercial Baseline,Low
2025-12-01,CUST008,PRD0017,1,6237.87,SIOP Review,Medium
2026-01-01,CUST008,PRD0017,1,6990.95,Latest Estimate,High
2026-02-01,CUST008,PRD0017,2,13843.88,Latest Estimate,Medium
2026-03-01,CUST008,PRD0017,4,26533.01,Commercial Baseline,Low
2026-04-01,CUST008,PRD0017,3,19820.9,Latest Estimate,Medium
2026-05-01,CUST008,PRD0017,2,13289.26,Latest Estimate,High
2026-06-01,CUST008,PRD0017,1,6556.64,Commercial Baseline,Medium
2026-07-01,CUST008,PRD0017,2,14202.76,Commercial Baseline,High
2026-08-01,CUST008,PRD0017,15,105249.47,SIOP Review,Medium
2026-09-01,CUST008,PRD0017,2,13510.3,Commercial Baseline,High
2026-10-01,CUST008,PRD0017,2,13412.1,Commercial Baseline,Medium
2026-11-01,CUST008,PRD0017,0,0.0,Latest Estimate,High
2026-12-01,CUST008,PRD0017,1,6472.25,SIOP Review,Medium
2025-07-01,CUST008,PRD0070,0,0.0,Commercial Baseline,Medium
2025-08-01,CUST008,PRD0070,0,0.0,SIOP Review,High
2025-09-01,CUST008,PRD0070,0,0.0,SIOP Review,Medium
2025-10-01,CUST008,PRD0070,0,0.0,Commercial Baseline,High
2025-11-01,CUST008,PRD0070,1,44881.31,Latest Estimate,High
2025-12-01,CUST008,PRD0070,0,0.0,Latest Estimate,Medium
2026-01-01,CUST008,PRD0070,0,0.0,Commercial Baseline,Medium
2026-02-01,CUST008,PRD0070,12,512482.72,Latest Estimate,Medium
2026-03-01,CUST008,PRD0070,0,0.0,Latest Estimate,Low
2026-04-01,CUST008,PRD0070,0,0.0,Latest Estimate,Low
2026-05-01,CUST008,PRD0070,0,0.0,Latest Estimate,Medium
2026-06-01,CUST008,PRD0070,0,0.0,Latest Estimate,Medium
2026-07-01,CUST008,PRD0070,0,0.0,Commercial Baseline,Medium
2026-08-01,CUST008,PRD0070,0,0.0,Latest Estimate,High
2026-09-01,CUST008,PRD0070,12,518479.33,Commercial Baseline,Low
2026-10-01,CUST008,PRD0070,1,43235.42,SIOP Review,High
2026-11-01,CUST008,PRD0070,0,0.0,Commercial Baseline,Medium
2026-12-01,CUST008,PRD0070,0,0.0,Latest Estimate,Medium
2025-07-01,CUST008,PRD0091,2,1593.85,Latest Estimate,High
2025-08-01,CUST008,PRD0091,6,4989.91,Latest Estimate,Medium
2025-09-01,CUST008,PRD0091,9,7139.82,Latest Estimate,Low
2025-10-01,CUST008,PRD0091,5,3898.72,Commercial Baseline,Medium
2025-11-01,CUST008,PRD0091,3,2489.05,SIOP Review,Low
2025-12-01,CUST008,PRD0091,12,9236.47,Latest Estimate,Low
2026-01-01,CUST008,PRD0091,2,1580.03,SIOP Review,High
2026-02-01,CUST008,PRD0091,15,12643.79,SIOP Review,High
2026-03-01,CUST008,PRD0091,7,5660.42,SIOP Review,High
2026-04-01,CUST008,PRD0091,3,2557.0,Commercial Baseline,Medium
2026-05-01,CUST008,PRD0091,3,2281.7,Latest Estimate,Low
2026-06-01,CUST008,PRD0091,4,3314.82,Commercial Baseline,High
2026-07-01,CUST008,PRD0091,4,3355.4,Commercial Baseline,Low
2026-08-01,CUST008,PRD0091,6,5108.6,Commercial Baseline,Low
2026-09-01,CUST008,PRD0091,18,14540.79,SIOP Review,High
2026-10-01,CUST008,PRD0091,4,3445.77,SIOP Review,Medium
2026-11-01,CUST008,PRD0091,6,5151.83,SIOP Review,Medium
2026-12-01,CUST008,PRD0091,2,1585.02,SIOP Review,Medium
2025-07-01,CUST008,PRD0118,6,75188.88,SIOP Review,Medium
2025-08-01,CUST008,PRD0118,3,37964.63,Latest Estimate,Medium
2025-09-01,CUST008,PRD0118,5,63043.41,Commercial Baseline,Low
2025-10-01,CUST008,PRD0118,11,136343.18,SIOP Review,High
2025-11-01,CUST008,PRD0118,3,36898.86,Latest Estimate,Medium
2025-12-01,CUST008,PRD0118,3,36798.8,Latest Estimate,Medium
2026-01-01,CUST008,PRD0118,4,51863.73,SIOP Review,Medium
2026-02-01,CUST008,PRD0118,20,261159.04,Commercial Baseline,Medium
2026-03-01,CUST008,PRD0118,4,51595.21,Commercial Baseline,Low
2026-04-01,CUST008,PRD0118,6,77388.58,Commercial Baseline,High
2026-05-01,CUST008,PRD0118,6,74193.61,SIOP Review,Medium
2026-06-01,CUST008,PRD0118,3,38081.12,Commercial Baseline,Medium
2026-07-01,CUST008,PRD0118,5,59772.11,Latest Estimate,High
2026-08-01,CUST008,PRD0118,9,119678.7,Latest Estimate,Low
2026-09-01,CUST008,PRD0118,6,77836.29,SIOP Review,High
2026-10-01,CUST008,PRD0118,6,79067.97,SIOP Review,Low
2026-11-01,CUST008,PRD0118,6,79544.72,Latest Estimate,Medium
2026-12-01,CUST008,PRD0118,3,37655.3,SIOP Review,Medium
2025-07-01,CUST008,PRD0108,3,65020.3,Latest Estimate,Medium
2025-08-01,CUST008,PRD0108,4,84306.14,Latest Estimate,Medium
2025-09-01,CUST008,PRD0108,5,110219.77,Latest Estimate,High
2025-10-01,CUST008,PRD0108,4,84224.3,Latest Estimate,Medium
2025-11-01,CUST008,PRD0108,4,80857.4,Latest Estimate,High
2025-12-01,CUST008,PRD0108,4,81764.03,Commercial Baseline,High
2026-01-01,CUST008,PRD0108,6,120389.22,SIOP Review,Medium
2026-02-01,CUST008,PRD0108,2,40723.6,SIOP Review,Low
2026-03-01,CUST008,PRD0108,4,80643.45,Latest Estimate,Medium
2026-04-01,CUST008,PRD0108,8,173760.4,Latest Estimate,High
2026-05-01,CUST008,PRD0108,3,66990.86,Latest Estimate,Medium
2026-06-01,CUST008,PRD0108,5,101199.66,Commercial Baseline,High
2026-07-01,CUST008,PRD0108,3,66499.86,Latest Estimate,Medium
2026-08-01,CUST008,PRD0108,4,90199.94,Commercial Baseline,Medium
2026-09-01,CUST008,PRD0108,5,104508.98,Latest Estimate,Medium
2026-10-01,CUST008,PRD0108,3,66747.65,Latest Estimate,Low
2026-11-01,CUST008,PRD0108,6,133926.83,Commercial Baseline,Low
2026-12-01,CUST008,PRD0108,4,91037.39,Latest Estimate,High
2025-07-01,CUST008,PRD0031,3,31465.96,Commercial Baseline,High
2025-08-01,CUST008,PRD0031,2,21576.59,Commercial Baseline,Medium
2025-09-01,CUST008,PRD0031,4,45749.45,Commercial Baseline,Low
2025-10-01,CUST008,PRD0031,15,151414.04,Latest Estimate,High
2025-11-01,CUST008,PRD0031,1,10382.54,Latest Estimate,High
2025-12-01,CUST008,PRD0031,19,218458.53,Latest Estimate,High
2026-01-01,CUST008,PRD0031,3,31952.06,Commercial Baseline,High
2026-02-01,CUST008,PRD0031,2,21848.61,Latest Estimate,High
2026-03-01,CUST008,PRD0031,4,42388.22,Latest Estimate,Low
2026-04-01,CUST008,PRD0031,3,32973.17,Latest Estimate,Medium
2026-05-01,CUST008,PRD0031,4,41096.97,Commercial Baseline,High
2026-06-01,CUST008,PRD0031,2,21210.64,SIOP Review,Medium
2026-07-01,CUST008,PRD0031,9,101227.19,Commercial Baseline,Medium
2026-08-01,CUST008,PRD0031,2,21505.54,Commercial Baseline,Medium
2026-09-01,CUST008,PRD0031,4,42389.39,Commercial Baseline,Low
2026-10-01,CUST008,PRD0031,3,34050.41,Commercial Baseline,Medium
2026-11-01,CUST008,PRD0031,2,21675.17,Latest Estimate,Medium
2026-12-01,CUST008,PRD0031,2,22561.66,Commercial Baseline,Medium
2025-07-01,CUST008,PRD0071,4,4614.25,Latest Estimate,Medium
2025-08-01,CUST008,PRD0071,3,3436.58,SIOP Review,High
2025-09-01,CUST008,PRD0071,3,3509.5,Commercial Baseline,Medium
2025-10-01,CUST008,PRD0071,4,4732.08,SIOP Review,Medium
2025-11-01,CUST008,PRD0071,1,1096.53,SIOP Review,Medium
2025-12-01,CUST008,PRD0071,2,2471.42,Commercial Baseline,Low
2026-01-01,CUST008,PRD0071,0,0.0,SIOP Review,Low
2026-02-01,CUST008,PRD0071,3,3401.43,SIOP Review,Medium
2026-03-01,CUST008,PRD0071,13,15764.32,Commercial Baseline,Medium
2026-04-01,CUST008,PRD0071,4,4869.7,SIOP Review,Medium
2026-05-01,CUST008,PRD0071,1,1203.56,Latest Estimate,High
2026-06-01,CUST008,PRD0071,2,2463.61,Latest Estimate,High
2026-07-01,CUST008,PRD0071,4,4459.12,Commercial Baseline,Medium
2026-08-01,CUST008,PRD0071,1,1128.2,Commercial Baseline,Low
2026-09-01,CUST008,PRD0071,2,2443.56,SIOP Review,High
2026-10-01,CUST008,PRD0071,4,4420.75,Commercial Baseline,High
2026-11-01,CUST008,PRD0071,18,21799.23,Commercial Baseline,Medium
2026-12-01,CUST008,PRD0071,2,2224.44,Commercial Baseline,Medium
2025-07-01,CUST008,PRD0095,8,80453.49,SIOP Review,Low
2025-08-01,CUST008,PRD0095,11,119052.15,Commercial Baseline,Medium
2025-09-01,CUST008,PRD0095,15,162806.65,Commercial Baseline,Medium
2025-10-01,CUST008,PRD0095,11,108579.21,Commercial Baseline,Medium
2025-11-01,CUST008,PRD0095,18,180320.88,Latest Estimate,Medium
2025-12-01,CUST008,PRD0095,8,86103.44,SIOP Review,Medium
2026-01-01,CUST008,PRD0095,7,74332.24,Latest Estimate,Medium
2026-02-01,CUST008,PRD0095,14,152350.57,Latest Estimate,Medium
2026-03-01,CUST008,PRD0095,14,156934.95,Commercial Baseline,Medium
2026-04-01,CUST008,PRD0095,12,129554.78,SIOP Review,High
2026-05-01,CUST008,PRD0095,9,99678.09,Latest Estimate,High
2026-06-01,CUST008,PRD0095,3,33367.43,Commercial Baseline,High
2026-07-01,CUST008,PRD0095,12,118086.04,SIOP Review,Low
2026-08-01,CUST008,PRD0095,11,114163.75,Commercial Baseline,High
2026-09-01,CUST008,PRD0095,16,160121.96,SIOP Review,High
2026-10-01,CUST008,PRD0095,13,140845.46,SIOP Review,Low
2026-11-01,CUST008,PRD0095,1,10429.61,Latest Estimate,Medium
2026-12-01,CUST008,PRD0095,10,109545.7,Latest Estimate,High
2025-07-01,CUST008,PRD0115,9,68022.39,SIOP Review,Medium
2025-08-01,CUST008,PRD0115,6,45187.18,SIOP Review,High
2025-09-01,CUST008,PRD0115,10,75357.36,Latest Estimate,Medium
2025-10-01,CUST008,PRD0115,11,89229.55,Commercial Baseline,Medium
2025-11-01,CUST008,PRD0115,1,7538.54,SIOP Review,Low
2025-12-01,CUST008,PRD0115,7,55087.94,Commercial Baseline,Medium
2026-01-01,CUST008,PRD0115,27,201667.75,SIOP Review,Medium
2026-02-01,CUST008,PRD0115,14,108060.03,Commercial Baseline,Medium
2026-03-01,CUST008,PRD0115,8,62155.66,Latest Estimate,Low
2026-04-01,CUST008,PRD0115,9,73963.29,Latest Estimate,Medium
2026-05-01,CUST008,PRD0115,6,48197.94,Commercial Baseline,Medium
2026-06-01,CUST008,PRD0115,7,52718.86,Latest Estimate,Medium
2026-07-01,CUST008,PRD0115,10,77329.93,Commercial Baseline,Medium
2026-08-01,CUST008,PRD0115,14,114885.75,Commercial Baseline,Medium
2026-09-01,CUST008,PRD0115,9,71726.72,Latest Estimate,Low
2026-10-01,CUST008,PRD0115,7,57400.91,Latest Estimate,Low
2026-11-01,CUST008,PRD0115,5,40681.58,SIOP Review,High
2026-12-01,CUST008,PRD0115,12,92711.39,Latest Estimate,Medium
2025-07-01,CUST008,PRD0041,4,76985.26,Latest Estimate,Medium
2025-08-01,CUST008,PRD0041,14,244350.17,SIOP Review,Low
2025-09-01,CUST008,PRD0041,3,58357.73,SIOP Review,High
2025-10-01,CUST008,PRD0041,4,76771.45,SIOP Review,Medium
2025-11-01,CUST008,PRD0041,3,57730.83,Latest Estimate,High
2025-12-01,CUST008,PRD0041,3,52629.9,Latest Estimate,High
2026-01-01,CUST008,PRD0041,2,38995.88,Latest Estimate,Low
2026-02-01,CUST008,PRD0041,3,54759.04,Commercial Baseline,Medium
2026-03-01,CUST008,PRD0041,5,98072.22,Commercial Baseline,Low
2026-04-01,CUST008,PRD0041,3,52781.48,SIOP Review,Medium
2026-05-01,CUST008,PRD0041,3,52851.62,SIOP Review,High
2026-06-01,CUST008,PRD0041,3,58872.8,Latest Estimate,Low
2026-07-01,CUST008,PRD0041,4,79016.15,Latest Estimate,Medium
2026-08-01,CUST008,PRD0041,0,0.0,Commercial Baseline,Medium
2026-09-01,CUST008,PRD0041,5,90731.09,SIOP Review,Medium
2026-10-01,CUST008,PRD0041,7,124754.56,SIOP Review,Medium
2026-11-01,CUST008,PRD0041,3,59471.32,Latest Estimate,Low
2026-12-01,CUST008,PRD0041,6,107878.38,Commercial Baseline,Medium
2025-07-01,CUST008,PRD0057,9,95148.82,Commercial Baseline,Low
2025-08-01,CUST008,PRD0057,8,85357.94,SIOP Review,Medium
2025-09-01,CUST008,PRD0057,9,101173.61,Commercial Baseline,Low
2025-10-01,CUST008,PRD0057,9,94122.78,SIOP Review,Medium
2025-11-01,CUST008,PRD0057,7,75774.07,SIOP Review,High
2025-12-01,CUST008,PRD0057,15,166774.48,Latest Estimate,High
2026-01-01,CUST008,PRD0057,7,80674.94,Commercial Baseline,Low
2026-02-01,CUST008,PRD0057,9,100173.75,Commercial Baseline,High
2026-03-01,CUST008,PRD0057,5,56179.16,Commercial Baseline,Medium
2026-04-01,CUST008,PRD0057,9,102481.24,SIOP Review,Low
2026-05-01,CUST008,PRD0057,5,51881.59,Commercial Baseline,High
2026-06-01,CUST008,PRD0057,10,110271.11,Commercial Baseline,Low
2026-07-01,CUST008,PRD0057,7,77901.45,Latest Estimate,Low
2026-08-01,CUST008,PRD0057,11,123053.92,Latest Estimate,Low
2026-09-01,CUST008,PRD0057,9,93951.93,Commercial Baseline,Medium
2026-10-01,CUST008,PRD0057,4,41955.61,Latest Estimate,High
2026-11-01,CUST008,PRD0057,6,61784.63,SIOP Review,Low
2026-12-01,CUST008,PRD0057,13,137585.21,Commercial Baseline,Low
2025-07-01,CUST008,PRD0064,6,146800.24,Latest Estimate,High
2025-08-01,CUST008,PRD0064,0,0.0,SIOP Review,Low
2025-09-01,CUST008,PRD0064,0,0.0,SIOP Review,Low
2025-10-01,CUST008,PRD0064,0,0.0,Commercial Baseline,Medium
2025-11-01,CUST008,PRD0064,0,0.0,SIOP Review,High
2025-12-01,CUST008,PRD0064,7,164458.38,Commercial Baseline,High
2026-01-01,CUST008,PRD0064,1,23540.29,Latest Estimate,High
2026-02-01,CUST008,PRD0064,1,25637.8,Commercial Baseline,Medium
2026-03-01,CUST008,PRD0064,0,0.0,SIOP Review,Low
2026-04-01,CUST008,PRD0064,0,0.0,SIOP Review,Low
2026-05-01,CUST008,PRD0064,0,0.0,SIOP Review,Medium
2026-06-01,CUST008,PRD0064,0,0.0,Commercial Baseline,High
2026-07-01,CUST008,PRD0064,0,0.0,Commercial Baseline,Medium
2026-08-01,CUST008,PRD0064,2,50111.46,SIOP Review,Medium
2026-09-01,CUST008,PRD0064,0,0.0,Latest Estimate,High
2026-10-01,CUST008,PRD0064,0,0.0,Latest Estimate,High
2026-11-01,CUST008,PRD0064,0,0.0,Commercial Baseline,High
2026-12-01,CUST008,PRD0064,15,349969.09,Latest Estimate,Medium
2025-07-01,CUST008,PRD0002,0,0.0,SIOP Review,Low
2025-08-01,CUST008,PRD0002,14,298511.07,Latest Estimate,Low
2025-09-01,CUST008,PRD0002,0,0.0,Commercial Baseline,Medium
2025-10-01,CUST008,PRD0002,1,21964.12,Latest Estimate,Medium
2025-11-01,CUST008,PRD0002,0,0.0,SIOP Review,Medium
2025-12-01,CUST008,PRD0002,0,0.0,SIOP Review,Medium
2026-01-01,CUST008,PRD0002,11,228972.14,Latest Estimate,Medium
2026-02-01,CUST008,PRD0002,0,0.0,Latest Estimate,High
2026-03-01,CUST008,PRD0002,0,0.0,Latest Estimate,Low
2026-04-01,CUST008,PRD0002,0,0.0,Commercial Baseline,Medium
2026-05-01,CUST008,PRD0002,0,0.0,SIOP Review,Medium
2026-06-01,CUST008,PRD0002,11,230972.55,SIOP Review,Medium
2026-07-01,CUST008,PRD0002,0,0.0,Commercial Baseline,Medium
2026-08-01,CUST008,PRD0002,0,0.0,Latest Estimate,Medium
2026-09-01,CUST008,PRD0002,0,0.0,Commercial Baseline,Low
2026-10-01,CUST008,PRD0002,0,0.0,Commercial Baseline,Low
2026-11-01,CUST008,PRD0002,0,0.0,Latest Estimate,High
2026-12-01,CUST008,PRD0002,0,0.0,SIOP Review,Medium
2025-07-01,CUST008,PRD0001,1,41460.8,SIOP Review,Low
2025-08-01,CUST008,PRD0001,0,0.0,SIOP Review,High
2025-09-01,CUST008,PRD0001,2,74403.52,SIOP Review,Low
2025-10-01,CUST008,PRD0001,0,0.0,Latest Estimate,Medium
2025-11-01,CUST008,PRD0001,1,39123.19,SIOP Review,Medium
2025-12-01,CUST008,PRD0001,0,0.0,Latest Estimate,High
2026-01-01,CUST008,PRD0001,2,80235.58,Latest Estimate,Medium
2026-02-01,CUST008,PRD0001,14,570272.84,Latest Estimate,High
2026-03-01,CUST008,PRD0001,0,0.0,Latest Estimate,Low
2026-04-01,CUST008,PRD0001,3,116572.58,Commercial Baseline,Low
2026-05-01,CUST008,PRD0001,1,38065.82,Commercial Baseline,Low
2026-06-01,CUST008,PRD0001,1,42151.57,SIOP Review,High
2026-07-01,CUST008,PRD0001,16,655599.98,Commercial Baseline,Medium
2026-08-01,CUST008,PRD0001,1,39261.41,SIOP Review,Low
2026-09-01,CUST008,PRD0001,1,40989.4,Latest Estimate,Low
2026-10-01,CUST008,PRD0001,3,112728.25,Commercial Baseline,Low
2026-11-01,CUST008,PRD0001,1,39876.49,SIOP Review,High
2026-12-01,CUST008,PRD0001,0,0.0,Commercial Baseline,Medium
2025-07-01,CUST008,PRD0045,0,0.0,Commercial Baseline,High
2025-08-01,CUST008,PRD0045,1,6324.69,Commercial Baseline,Low
2025-09-01,CUST008,PRD0045,0,0.0,Latest Estimate,Low
2025-10-01,CUST008,PRD0045,3,19259.81,Latest Estimate,Medium
2025-11-01,CUST008,PRD0045,15,93794.5,Latest Estimate,High
2025-12-01,CUST008,PRD0045,8,54740.0,Commercial Baseline,Medium
2026-01-01,CUST008,PRD0045,0,0.0,SIOP Review,High
2026-02-01,CUST008,PRD0045,1,6763.73,SIOP Review,Low
2026-03-01,CUST008,PRD0045,1,6871.3,SIOP Review,Medium
2026-04-01,CUST008,PRD0045,0,0.0,SIOP Review,Low
2026-05-01,CUST008,PRD0045,0,0.0,Latest Estimate,Low
2026-06-01,CUST008,PRD0045,0,0.0,Commercial Baseline,Low
2026-07-01,CUST008,PRD0045,2,12097.3,Commercial Baseline,Medium
2026-08-01,CUST008,PRD0045,1,6125.66,SIOP Review,Low
2026-09-01,CUST008,PRD0045,0,0.0,Latest Estimate,Medium
2026-10-01,CUST008,PRD0045,0,0.0,Commercial Baseline,Low
2026-11-01,CUST008,PRD0045,0,0.0,Commercial Baseline,Medium
2026-12-01,CUST008,PRD0045,1,6541.55,Latest Estimate,High
2025-07-01,CUST008,PRD0076,0,0.0,SIOP Review,High
2025-08-01,CUST008,PRD0076,1,19809.64,SIOP Review,Medium
2025-09-01,CUST008,PRD0076,1,19985.95,SIOP Review,Low
2025-10-01,CUST008,PRD0076,0,0.0,Latest Estimate,Medium
2025-11-01,CUST008,PRD0076,1,21117.52,Commercial Baseline,Medium
2025-12-01,CUST008,PRD0076,0,0.0,SIOP Review,Medium
2026-01-01,CUST008,PRD0076,1,21839.7,Latest Estimate,High
2026-02-01,CUST008,PRD0076,0,0.0,Latest Estimate,Low
2026-03-01,CUST008,PRD0076,0,0.0,SIOP Review,Low
2026-04-01,CUST008,PRD0076,1,20351.98,SIOP Review,Medium
2026-05-01,CUST008,PRD0076,0,0.0,Commercial Baseline,High
2026-06-01,CUST008,PRD0076,0,0.0,Latest Estimate,Low
2026-07-01,CUST008,PRD0076,0,0.0,Latest Estimate,Medium
2026-08-01,CUST008,PRD0076,0,0.0,Commercial Baseline,Medium
2026-09-01,CUST008,PRD0076,0,0.0,SIOP Review,Medium
2026-10-01,CUST008,PRD0076,0,0.0,SIOP Review,Medium
2026-11-01,CUST008,PRD0076,1,21318.46,SIOP Review,Low
2026-12-01,CUST008,PRD0076,0,0.0,Commercial Baseline,Low
2025-07-01,CUST008,PRD0093,0,0.0,SIOP Review,Low
2025-08-01,CUST008,PRD0093,2,72597.36,SIOP Review,Medium
2025-09-01,CUST008,PRD0093,1,35249.72,SIOP Review,Medium
2025-10-01,CUST008,PRD0093,2,77114.39,SIOP Review,Medium
2025-11-01,CUST008,PRD0093,2,71370.03,Latest Estimate,Low
2025-12-01,CUST008,PRD0093,1,35925.57,SIOP Review,Medium
2026-01-01,CUST008,PRD0093,2,72802.39,Latest Estimate,Medium
2026-02-01,CUST008,PRD0093,2,72586.94,SIOP Review,Low
2026-03-01,CUST008,PRD0093,0,0.0,Commercial Baseline,Medium
2026-04-01,CUST008,PRD0093,1,36425.37,SIOP Review,Medium
2026-05-01,CUST008,PRD0093,2,77290.06,SIOP Review,Medium
2026-06-01,CUST008,PRD0093,8,293784.22,Latest Estimate,Low
2026-07-01,CUST008,PRD0093,0,0.0,Latest Estimate,High
2026-08-01,CUST008,PRD0093,0,0.0,Commercial Baseline,Medium
2026-09-01,CUST008,PRD0093,3,115120.8,Commercial Baseline,Medium
2026-10-01,CUST008,PRD0093,2,70392.65,Latest Estimate,Medium
2026-11-01,CUST008,PRD0093,1,35438.49,SIOP Review,Low
2026-12-01,CUST008,PRD0093,3,110532.19,Latest Estimate,Medium
2025-07-01,CUST008,PRD0044,0,0.0,Latest Estimate,Medium
2025-08-01,CUST008,PRD0044,8,270891.93,Latest Estimate,Low
2025-09-01,CUST008,PRD0044,0,0.0,SIOP Review,Medium
2025-10-01,CUST008,PRD0044,0,0.0,SIOP Review,Medium
2025-11-01,CUST008,PRD0044,0,0.0,Latest Estimate,High
2025-12-01,CUST008,PRD0044,0,0.0,SIOP Review,High
2026-01-01,CUST008,PRD0044,7,248551.82,SIOP Review,Medium
2026-02-01,CUST008,PRD0044,3,98462.34,Commercial Baseline,High
2026-03-01,CUST008,PRD0044,0,0.0,Commercial Baseline,Medium
2026-04-01,CUST008,PRD0044,0,0.0,Latest Estimate,Medium
2026-05-01,CUST008,PRD0044,0,0.0,SIOP Review,Low
2026-06-01,CUST008,PRD0044,0,0.0,SIOP Review,Medium
2026-07-01,CUST008,PRD0044,11,347208.68,SIOP Review,Low
2026-08-01,CUST008,PRD0044,0,0.0,Commercial Baseline,High
2026-09-01,CUST008,PRD0044,14,447201.69,SIOP Review,Medium
2026-10-01,CUST008,PRD0044,2,68438.7,Latest Estimate,High
2026-11-01,CUST008,PRD0044,0,0.0,Latest Estimate,High
2026-12-01,CUST008,PRD0044,0,0.0,SIOP Review,Low
2025-07-01,CUST008,PRD0052,1,10065.84,SIOP Review,Low
2025-08-01,CUST008,PRD0052,3,31566.08,Latest Estimate,Low
2025-09-01,CUST008,PRD0052,1,10475.69,SIOP Review,High
2025-10-01,CUST008,PRD0052,0,0.0,Commercial Baseline,High
2025-11-01,CUST008,PRD0052,0,0.0,SIOP Review,Medium
2025-12-01,CUST008,PRD0052,10,107049.48,Latest Estimate,Medium
2026-01-01,CUST008,PRD0052,0,0.0,Latest Estimate,Medium
2026-02-01,CUST008,PRD0052,0,0.0,Latest Estimate,Low
2026-03-01,CUST008,PRD0052,10,111210.77,SIOP Review,High
2026-04-01,CUST008,PRD0052,0,0.0,Latest Estimate,Medium
2026-05-01,CUST008,PRD0052,0,0.0,Commercial Baseline,High
2026-06-01,CUST008,PRD0052,0,0.0,Latest Estimate,Medium
2026-07-01,CUST008,PRD0052,1,10604.53,SIOP Review,Medium
2026-08-01,CUST008,PRD0052,0,0.0,Commercial Baseline,Medium
2026-09-01,CUST008,PRD0052,1,11241.19,SIOP Review,Medium
2026-10-01,CUST008,PRD0052,14,150560.13,Latest Estimate,High
2026-11-01,CUST008,PRD0052,1,10271.51,Commercial Baseline,Medium
2026-12-01,CUST008,PRD0052,14,155918.58,SIOP Review,Low
2025-07-01,CUST008,PRD0024,2,54436.38,Latest Estimate,Low
2025-08-01,CUST008,PRD0024,1,26277.77,Commercial Baseline,Medium
2025-09-01,CUST008,PRD0024,4,104942.98,SIOP Review,Low
2025-10-01,CUST008,PRD0024,3,78771.75,SIOP Review,Medium
2025-11-01,CUST008,PRD0024,0,0.0,Commercial Baseline,High
2025-12-01,CUST008,PRD0024,3,81825.76,Commercial Baseline,High
2026-01-01,CUST008,PRD0024,4,106161.93,SIOP Review,Medium
2026-02-01,CUST008,PRD0024,7,189916.13,Commercial Baseline,Low
2026-03-01,CUST008,PRD0024,1,26153.63,Latest Estimate,Low
2026-04-01,CUST008,PRD0024,2,51585.12,Latest Estimate,High
2026-05-01,CUST008,PRD0024,2,53877.84,SIOP Review,High
2026-06-01,CUST008,PRD0024,2,52154.77,Latest Estimate,Low
2026-07-01,CUST008,PRD0024,2,56158.63,Latest Estimate,Medium
2026-08-01,CUST008,PRD0024,2,52849.82,Latest Estimate,High
2026-09-01,CUST008,PRD0024,0,0.0,SIOP Review,Low
2026-10-01,CUST008,PRD0024,4,106041.5,Latest Estimate,Medium
2026-11-01,CUST008,PRD0024,2,51998.28,Commercial Baseline,Medium
2026-12-01,CUST008,PRD0024,3,84475.26,Latest Estimate,Low
2025-07-01,CUST008,PRD0020,0,0.0,SIOP Review,Medium
2025-08-01,CUST008,PRD0020,0,0.0,SIOP Review,High
2025-09-01,CUST008,PRD0020,0,0.0,SIOP Review,Medium
2025-10-01,CUST008,PRD0020,0,0.0,Latest Estimate,Low
2025-11-01,CUST008,PRD0020,0,0.0,Commercial Baseline,High
2025-12-01,CUST008,PRD0020,0,0.0,SIOP Review,High
2026-01-01,CUST008,PRD0020,1,15539.9,Commercial Baseline,High
2026-02-01,CUST008,PRD0020,0,0.0,Commercial Baseline,Medium
2026-03-01,CUST008,PRD0020,0,0.0,Commercial Baseline,Medium
2026-04-01,CUST008,PRD0020,1,15812.69,Latest Estimate,Medium
2026-05-01,CUST008,PRD0020,0,0.0,SIOP Review,High
2026-06-01,CUST008,PRD0020,0,0.0,Latest Estimate,Low
2026-07-01,CUST008,PRD0020,0,0.0,SIOP Review,High
2026-08-01,CUST008,PRD0020,7,117529.78,SIOP Review,Low
2026-09-01,CUST008,PRD0020,0,0.0,Commercial Baseline,Medium
2026-10-01,CUST008,PRD0020,9,153005.52,Commercial Baseline,Medium
2026-11-01,CUST008,PRD0020,0,0.0,SIOP Review,High
2026-12-01,CUST008,PRD0020,0,0.0,Commercial Baseline,High
2025-07-01,CUST008,PRD0109,3,91512.36,Latest Estimate,Medium
2025-08-01,CUST008,PRD0109,5,164724.29,Latest Estimate,Low
2025-09-01,CUST008,PRD0109,7,226434.18,SIOP Review,High
2025-10-01,CUST008,PRD0109,6,189501.51,Latest Estimate,Low
2025-11-01,CUST008,PRD0109,10,328214.49,Latest Estimate,Medium
2025-12-01,CUST008,PRD0109,6,190611.62,Commercial Baseline,Low
2026-01-01,CUST008,PRD0109,7,212452.03,Commercial Baseline,Medium
2026-02-01,CUST008,PRD0109,20,639773.84,Latest Estimate,Medium
2026-03-01,CUST008,PRD0109,8,249910.14,Commercial Baseline,Low
2026-04-01,CUST008,PRD0109,7,205470.96,Latest Estimate,Medium
2026-05-01,CUST008,PRD0109,4,129474.52,Latest Estimate,Low
2026-06-01,CUST008,PRD0109,2,65816.3,Latest Estimate,Medium
2026-07-01,CUST008,PRD0109,2,62033.72,SIOP Review,Low
2026-08-01,CUST008,PRD0109,2,66537.62,Latest Estimate,Low
2026-09-01,CUST008,PRD0109,6,196619.29,Commercial Baseline,Medium
2026-10-01,CUST008,PRD0109,6,192747.95,SIOP Review,Low
2026-11-01,CUST008,PRD0109,7,228393.51,SIOP Review,Medium
2026-12-01,CUST008,PRD0109,6,185867.72,SIOP Review,High
2025-07-01,CUST008,PRD0097,3,2406.54,SIOP Review,Medium
2025-08-01,CUST008,PRD0097,3,2571.59,Latest Estimate,Medium
2025-09-01,CUST008,PRD0097,2,1739.92,Commercial Baseline,High
2025-10-01,CUST008,PRD0097,2,1796.61,Latest Estimate,Low
2025-11-01,CUST008,PRD0097,2,1592.48,Latest Estimate,High
2025-12-01,CUST008,PRD0097,2,1731.99,Commercial Baseline,Low
2026-01-01,CUST008,PRD0097,4,3289.26,Latest Estimate,Medium
2026-02-01,CUST008,PRD0097,1,791.76,Latest Estimate,Low
2026-03-01,CUST008,PRD0097,6,5077.38,Commercial Baseline,Low
2026-04-01,CUST008,PRD0097,1,897.13,Latest Estimate,Medium
2026-05-01,CUST008,PRD0097,4,3284.58,Latest Estimate,Medium
2026-06-01,CUST008,PRD0097,2,1763.97,Commercial Baseline,Medium
2026-07-01,CUST008,PRD0097,3,2367.98,Latest Estimate,High
2026-08-01,CUST008,PRD0097,8,6639.28,SIOP Review,Medium
2026-09-01,CUST008,PRD0097,4,3314.0,Commercial Baseline,Medium
2026-10-01,CUST008,PRD0097,0,0.0,SIOP Review,Low
2026-11-01,CUST008,PRD0097,3,2381.27,SIOP Review,Medium
2026-12-01,CUST008,PRD0097,2,1732.34,SIOP Review,Medium
2025-07-01,CUST008,PRD0003,0,0.0,Commercial Baseline,Medium
2025-08-01,CUST008,PRD0003,0,0.0,SIOP Review,Medium
2025-09-01,CUST008,PRD0003,3,30571.2,Latest Estimate,Low
2025-10-01,CUST008,PRD0003,2,20015.28,Latest Estimate,Low
2025-11-01,CUST008,PRD0003,0,0.0,Commercial Baseline,Medium
2025-12-01,CUST008,PRD0003,0,0.0,SIOP Review,High
2026-01-01,CUST008,PRD0003,0,0.0,Latest Estimate,Medium
2026-02-01,CUST008,PRD0003,0,0.0,Latest Estimate,Medium
2026-03-01,CUST008,PRD0003,0,0.0,SIOP Review,Medium
2026-04-01,CUST008,PRD0003,3,32393.75,Latest Estimate,Low
2026-05-01,CUST008,PRD0003,1,9969.38,Commercial Baseline,Medium
2026-06-01,CUST008,PRD0003,14,150625.98,SIOP Review,Medium
2026-07-01,CUST008,PRD0003,9,93549.95,Latest Estimate,Low
2026-08-01,CUST008,PRD0003,0,0.0,Commercial Baseline,Medium
2026-09-01,CUST008,PRD0003,1,10122.54,Latest Estimate,Low
2026-10-01,CUST008,PRD0003,0,0.0,Latest Estimate,High
2026-11-01,CUST008,PRD0003,11,114252.61,SIOP Review,Medium
2026-12-01,CUST008,PRD0003,1,9838.22,Latest Estimate,Medium
2025-07-01,CUST008,PRD0008,1,6043.0,Latest Estimate,Medium
2025-08-01,CUST008,PRD0008,0,0.0,SIOP Review,Medium
2025-09-01,CUST008,PRD0008,2,11314.15,Commercial Baseline,Medium
2025-10-01,CUST008,PRD0008,1,6089.65,Latest Estimate,High
2025-11-01,CUST008,PRD0008,12,70592.06,Commercial Baseline,Medium
2025-12-01,CUST008,PRD0008,2,11155.75,SIOP Review,High
2026-01-01,CUST008,PRD0008,2,11545.56,Commercial Baseline,Medium
2026-02-01,CUST008,PRD0008,2,11828.57,Latest Estimate,High
2026-03-01,CUST008,PRD0008,2,11788.53,Commercial Baseline,Medium
2026-04-01,CUST008,PRD0008,0,0.0,SIOP Review,Medium
2026-05-01,CUST008,PRD0008,0,0.0,Commercial Baseline,Low
2026-06-01,CUST008,PRD0008,1,5541.26,Latest Estimate,Low
2026-07-01,CUST008,PRD0008,2,11278.26,SIOP Review,High
2026-08-01,CUST008,PRD0008,2,12132.59,Commercial Baseline,Medium
2026-09-01,CUST008,PRD0008,1,5530.09,Latest Estimate,Medium
2026-10-01,CUST008,PRD0008,2,11133.35,SIOP Review,High
2026-11-01,CUST008,PRD0008,2,11898.55,SIOP Review,Low
2026-12-01,CUST008,PRD0008,1,5535.76,Latest Estimate,Low
2025-07-01,CUST009,PRD0109,1,29669.63,Commercial Baseline,Medium
2025-08-01,CUST009,PRD0109,3,89566.79,Latest Estimate,High
2025-09-01,CUST009,PRD0109,3,88563.91,Commercial Baseline,Low
2025-10-01,CUST009,PRD0109,1,31798.8,Latest Estimate,High
2025-11-01,CUST009,PRD0109,2,63896.25,Commercial Baseline,Medium
2025-12-01,CUST009,PRD0109,1,30553.42,SIOP Review,High
2026-01-01,CUST009,PRD0109,1,29713.18,SIOP Review,High
2026-02-01,CUST009,PRD0109,1,30800.61,Commercial Baseline,Medium
2026-03-01,CUST009,PRD0109,3,90523.4,Commercial Baseline,Low
2026-04-01,CUST009,PRD0109,2,59093.19,SIOP Review,Medium
2026-05-01,CUST009,PRD0109,2,62353.68,SIOP Review,Low
2026-06-01,CUST009,PRD0109,1,30794.21,Latest Estimate,Medium
2026-07-01,CUST009,PRD0109,1,29373.49,Latest Estimate,Medium
2026-08-01,CUST009,PRD0109,0,0.0,Latest Estimate,High
2026-09-01,CUST009,PRD0109,0,0.0,Latest Estimate,High
2026-10-01,CUST009,PRD0109,3,92140.3,Latest Estimate,High
2026-11-01,CUST009,PRD0109,11,322743.48,SIOP Review,High
2026-12-01,CUST009,PRD0109,1,31802.51,SIOP Review,High
2025-07-01,CUST009,PRD0096,0,0.0,Latest Estimate,Low
2025-08-01,CUST009,PRD0096,0,0.0,Commercial Baseline,Medium
2025-09-01,CUST009,PRD0096,0,0.0,Commercial Baseline,Medium
2025-10-01,CUST009,PRD0096,7,9944.47,SIOP Review,Low
2025-11-01,CUST009,PRD0096,0,0.0,Latest Estimate,Medium
2025-12-01,CUST009,PRD0096,0,0.0,Commercial Baseline,Medium
2026-01-01,CUST009,PRD0096,1,1433.88,SIOP Review,Low
2026-02-01,CUST009,PRD0096,0,0.0,Latest Estimate,High
2026-03-01,CUST009,PRD0096,0,0.0,Commercial Baseline,High
2026-04-01,CUST009,PRD0096,2,3019.9,Latest Estimate,Medium
2026-05-01,CUST009,PRD0096,2,2977.32,SIOP Review,Medium
2026-06-01,CUST009,PRD0096,0,0.0,Commercial Baseline,High
2026-07-01,CUST009,PRD0096,2,2985.76,Commercial Baseline,Medium
2026-08-01,CUST009,PRD0096,1,1417.96,SIOP Review,Medium
2026-09-01,CUST009,PRD0096,1,1497.14,SIOP Review,High
2026-10-01,CUST009,PRD0096,0,0.0,SIOP Review,Low
2026-11-01,CUST009,PRD0096,1,1459.96,Commercial Baseline,Low
2026-12-01,CUST009,PRD0096,0,0.0,Latest Estimate,Low
2025-07-01,CUST009,PRD0059,2,50502.14,SIOP Review,Medium
2025-08-01,CUST009,PRD0059,7,188068.5,SIOP Review,Medium
2025-09-01,CUST009,PRD0059,1,26438.87,Commercial Baseline,High
2025-10-01,CUST009,PRD0059,2,55254.65,SIOP Review,Medium
2025-11-01,CUST009,PRD0059,0,0.0,Commercial Baseline,Low
2025-12-01,CUST009,PRD0059,0,0.0,Latest Estimate,High
2026-01-01,CUST009,PRD0059,0,0.0,SIOP Review,High
2026-02-01,CUST009,PRD0059,0,0.0,SIOP Review,Medium
2026-03-01,CUST009,PRD0059,0,0.0,Latest Estimate,Low
2026-04-01,CUST009,PRD0059,0,0.0,Latest Estimate,Low
2026-05-01,CUST009,PRD0059,0,0.0,Commercial Baseline,Medium
2026-06-01,CUST009,PRD0059,2,53966.36,Latest Estimate,Medium
2026-07-01,CUST009,PRD0059,0,0.0,Latest Estimate,High
2026-08-01,CUST009,PRD0059,1,26818.93,SIOP Review,High
2026-09-01,CUST009,PRD0059,0,0.0,Commercial Baseline,Low
2026-10-01,CUST009,PRD0059,0,0.0,Commercial Baseline,Low
2026-11-01,CUST009,PRD0059,1,24958.32,SIOP Review,Medium
2026-12-01,CUST009,PRD0059,0,0.0,Latest Estimate,Medium
2025-07-01,CUST009,PRD0001,11,427556.39,Latest Estimate,Medium
2025-08-01,CUST009,PRD0001,2,82875.21,SIOP Review,High
2025-09-01,CUST009,PRD0001,2,75812.7,Latest Estimate,High
2025-10-01,CUST009,PRD0001,3,113714.17,Latest Estimate,Medium
2025-11-01,CUST009,PRD0001,2,75597.7,Commercial Baseline,Low
2025-12-01,CUST009,PRD0001,2,74728.47,Commercial Baseline,Low
2026-01-01,CUST009,PRD0001,0,0.0,SIOP Review,Medium
2026-02-01,CUST009,PRD0001,3,112254.42,Latest Estimate,Low
2026-03-01,CUST009,PRD0001,2,80646.54,SIOP Review,Medium
2026-04-01,CUST009,PRD0001,1,39034.43,Commercial Baseline,Medium
2026-05-01,CUST009,PRD0001,4,155486.27,Latest Estimate,Medium
2026-06-01,CUST009,PRD0001,1,37405.24,Latest Estimate,Low
2026-07-01,CUST009,PRD0001,1,40040.72,Latest Estimate,Low
2026-08-01,CUST009,PRD0001,2,82149.25,SIOP Review,Medium
2026-09-01,CUST009,PRD0001,2,76786.23,SIOP Review,Low
2026-10-01,CUST009,PRD0001,3,122830.12,Commercial Baseline,Medium
2026-11-01,CUST009,PRD0001,3,122892.85,SIOP Review,Low
2026-12-01,CUST009,PRD0001,2,78462.17,Commercial Baseline,Medium
2025-07-01,CUST009,PRD0118,1,12597.58,Commercial Baseline,High
2025-08-01,CUST009,PRD0118,0,0.0,Latest Estimate,High
2025-09-01,CUST009,PRD0118,2,23922.24,SIOP Review,Medium
2025-10-01,CUST009,PRD0118,1,12122.07,Commercial Baseline,High
2025-11-01,CUST009,PRD0118,2,26263.91,Commercial Baseline,High
2025-12-01,CUST009,PRD0118,0,0.0,Latest Estimate,High
2026-01-01,CUST009,PRD0118,0,0.0,Latest Estimate,Medium
2026-02-01,CUST009,PRD0118,3,37893.7,SIOP Review,Medium
2026-03-01,CUST009,PRD0118,0,0.0,Latest Estimate,High
2026-04-01,CUST009,PRD0118,0,0.0,Commercial Baseline,Low
2026-05-01,CUST009,PRD0118,1,12905.66,Commercial Baseline,Medium
2026-06-01,CUST009,PRD0118,1,12702.19,SIOP Review,Medium
2026-07-01,CUST009,PRD0118,1,12273.29,Latest Estimate,Low
2026-08-01,CUST009,PRD0118,1,12227.73,Commercial Baseline,Medium
2026-09-01,CUST009,PRD0118,0,0.0,Commercial Baseline,Medium
2026-10-01,CUST009,PRD0118,2,26713.62,Latest Estimate,Medium
2026-11-01,CUST009,PRD0118,0,0.0,SIOP Review,Medium
2026-12-01,CUST009,PRD0118,1,12236.77,Latest Estimate,High
2025-07-01,CUST009,PRD0039,1,10729.92,Latest Estimate,High
2025-08-01,CUST009,PRD0039,1,11246.54,Commercial Baseline,Medium
2025-09-01,CUST009,PRD0039,14,159701.25,Latest Estimate,Medium
2025-10-01,CUST009,PRD0039,0,0.0,Latest Estimate,Low
2025-11-01,CUST009,PRD0039,0,0.0,Commercial Baseline,High
2025-12-01,CUST009,PRD0039,0,0.0,SIOP Review,Low
2026-01-01,CUST009,PRD0039,0,0.0,SIOP Review,Medium
2026-02-01,CUST009,PRD0039,0,0.0,Latest Estimate,Medium
2026-03-01,CUST009,PRD0039,0,0.0,Latest Estimate,Medium
2026-04-01,CUST009,PRD0039,0,0.0,Latest Estimate,Low
2026-05-01,CUST009,PRD0039,0,0.0,Commercial Baseline,High
2026-06-01,CUST009,PRD0039,0,0.0,Commercial Baseline,Low
2026-07-01,CUST009,PRD0039,0,0.0,Latest Estimate,Medium
2026-08-01,CUST009,PRD0039,0,0.0,Latest Estimate,Low
2026-09-01,CUST009,PRD0039,0,0.0,Latest Estimate,Medium
2026-10-01,CUST009,PRD0039,0,0.0,SIOP Review,Low
2026-11-01,CUST009,PRD0039,0,0.0,SIOP Review,Low
2026-12-01,CUST009,PRD0039,0,0.0,SIOP Review,Medium
2025-07-01,CUST009,PRD0022,0,0.0,Latest Estimate,Medium
2025-08-01,CUST009,PRD0022,0,0.0,Latest Estimate,Medium
2025-09-01,CUST009,PRD0022,9,10482.93,Commercial Baseline,High
2025-10-01,CUST009,PRD0022,2,2229.07,Latest Estimate,Low
2025-11-01,CUST009,PRD0022,0,0.0,Latest Estimate,High
2025-12-01,CUST009,PRD0022,2,2266.02,Latest Estimate,Low
2026-01-01,CUST009,PRD0022,0,0.0,Commercial Baseline,Medium
2026-02-01,CUST009,PRD0022,1,1128.12,SIOP Review,Low
2026-03-01,CUST009,PRD0022,0,0.0,SIOP Review,Low
2026-04-01,CUST009,PRD0022,0,0.0,Commercial Baseline,Medium
2026-05-01,CUST009,PRD0022,0,0.0,SIOP Review,Medium
2026-06-01,CUST009,PRD0022,1,1082.71,Latest Estimate,Medium
2026-07-01,CUST009,PRD0022,0,0.0,Latest Estimate,Medium
2026-08-01,CUST009,PRD0022,0,0.0,Commercial Baseline,High
2026-09-01,CUST009,PRD0022,1,1093.01,Latest Estimate,Medium
2026-10-01,CUST009,PRD0022,0,0.0,Latest Estimate,Medium
2026-11-01,CUST009,PRD0022,1,1082.32,Latest Estimate,Low
2026-12-01,CUST009,PRD0022,1,1147.66,SIOP Review,Low
2025-07-01,CUST009,PRD0076,20,435107.61,Commercial Baseline,Low
2025-08-01,CUST009,PRD0076,3,63681.48,Commercial Baseline,High
2025-09-01,CUST009,PRD0076,5,108216.37,SIOP Review,Medium
2025-10-01,CUST009,PRD0076,4,82014.53,SIOP Review,Medium
2025-11-01,CUST009,PRD0076,4,85766.99,Latest Estimate,High
2025-12-01,CUST009,PRD0076,5,109822.94,Commercial Baseline,Medium
2026-01-01,CUST009,PRD0076,6,129850.4,SIOP Review,Medium
2026-02-01,CUST009,PRD0076,4,80123.96,SIOP Review,Medium
2026-03-01,CUST009,PRD0076,5,102230.18,Latest Estimate,Low
2026-04-01,CUST009,PRD0076,6,126082.65,Commercial Baseline,Medium
2026-05-01,CUST009,PRD0076,6,120820.71,Latest Estimate,High
2026-06-01,CUST009,PRD0076,2,42980.55,Latest Estimate,Medium
2026-07-01,CUST009,PRD0076,5,105454.59,SIOP Review,Medium
2026-08-01,CUST009,PRD0076,3,62487.66,Latest Estimate,Low
2026-09-01,CUST009,PRD0076,5,106590.55,SIOP Review,Medium
2026-10-01,CUST009,PRD0076,6,126519.17,Latest Estimate,Low
2026-11-01,CUST009,PRD0076,0,0.0,Commercial Baseline,High
2026-12-01,CUST009,PRD0076,3,62109.48,Latest Estimate,Medium
2025-07-01,CUST009,PRD0098,2,2678.51,SIOP Review,Medium
2025-08-01,CUST009,PRD0098,0,0.0,Latest Estimate,Low
2025-09-01,CUST009,PRD0098,2,2675.66,SIOP Review,High
2025-10-01,CUST009,PRD0098,7,9025.58,SIOP Review,Medium
2025-11-01,CUST009,PRD0098,2,2812.02,Latest Estimate,Low
2025-12-01,CUST009,PRD0098,0,0.0,Latest Estimate,Low
2026-01-01,CUST009,PRD0098,0,0.0,SIOP Review,Low
2026-02-01,CUST009,PRD0098,0,0.0,Commercial Baseline,Low
2026-03-01,CUST009,PRD0098,0,0.0,Commercial Baseline,Medium
2026-04-01,CUST009,PRD0098,1,1416.45,Latest Estimate,Medium
2026-05-01,CUST009,PRD0098,1,1405.17,SIOP Review,Medium
2026-06-01,CUST009,PRD0098,2,2562.76,Latest Estimate,Low
2026-07-01,CUST009,PRD0098,1,1345.11,Commercial Baseline,Low
2026-08-01,CUST009,PRD0098,0,0.0,SIOP Review,Medium
2026-09-01,CUST009,PRD0098,1,1301.35,Commercial Baseline,High
2026-10-01,CUST009,PRD0098,0,0.0,Commercial Baseline,Medium
2026-11-01,CUST009,PRD0098,1,1394.21,Latest Estimate,Medium
2026-12-01,CUST009,PRD0098,1,1276.58,SIOP Review,Low
2025-07-01,CUST009,PRD0010,1,7581.19,SIOP Review,Medium
2025-08-01,CUST009,PRD0010,0,0.0,SIOP Review,Medium
2025-09-01,CUST009,PRD0010,1,8032.39,Commercial Baseline,Medium
2025-10-01,CUST009,PRD0010,0,0.0,SIOP Review,Medium
2025-11-01,CUST009,PRD0010,0,0.0,Latest Estimate,Medium
2025-12-01,CUST009,PRD0010,0,0.0,Commercial Baseline,Medium
2026-01-01,CUST009,PRD0010,3,22505.4,Latest Estimate,High
2026-02-01,CUST009,PRD0010,0,0.0,Commercial Baseline,Low
2026-03-01,CUST009,PRD0010,0,0.0,Commercial Baseline,Low
2026-04-01,CUST009,PRD0010,1,7711.61,Latest Estimate,High
2026-05-01,CUST009,PRD0010,0,0.0,Commercial Baseline,Medium
2026-06-01,CUST009,PRD0010,1,8092.7,SIOP Review,Low
2026-07-01,CUST009,PRD0010,9,68651.59,SIOP Review,Low
2026-08-01,CUST009,PRD0010,1,8067.84,Latest Estimate,Medium
2026-09-01,CUST009,PRD0010,0,0.0,Commercial Baseline,High
2026-10-01,CUST009,PRD0010,1,8321.39,SIOP Review,Medium
2026-11-01,CUST009,PRD0010,1,7924.15,Latest Estimate,Medium
2026-12-01,CUST009,PRD0010,0,0.0,SIOP Review,High
2025-07-01,CUST009,PRD0065,2,3184.38,SIOP Review,Low
2025-08-01,CUST009,PRD0065,0,0.0,Commercial Baseline,Low
2025-09-01,CUST009,PRD0065,0,0.0,Latest Estimate,High
2025-10-01,CUST009,PRD0065,0,0.0,Latest Estimate,High
2025-11-01,CUST009,PRD0065,0,0.0,Commercial Baseline,Medium
2025-12-01,CUST009,PRD0065,0,0.0,Commercial Baseline,High
2026-01-01,CUST009,PRD0065,12,19067.9,SIOP Review,Low
2026-02-01,CUST009,PRD0065,0,0.0,Latest Estimate,Medium
2026-03-01,CUST009,PRD0065,2,3180.95,SIOP Review,Medium
2026-04-01,CUST009,PRD0065,1,1510.0,Latest Estimate,Low
2026-05-01,CUST009,PRD0065,0,0.0,Commercial Baseline,Medium
2026-06-01,CUST009,PRD0065,0,0.0,Latest Estimate,Low
2026-07-01,CUST009,PRD0065,1,1523.32,Latest Estimate,Medium
2026-08-01,CUST009,PRD0065,1,1609.36,Commercial Baseline,High
2026-09-01,CUST009,PRD0065,0,0.0,SIOP Review,Medium
2026-10-01,CUST009,PRD0065,1,1444.11,Latest Estimate,High
2026-11-01,CUST009,PRD0065,1,1494.51,SIOP Review,Medium
2026-12-01,CUST009,PRD0065,0,0.0,Latest Estimate,Medium
2025-07-01,CUST009,PRD0081,0,0.0,SIOP Review,Low
2025-08-01,CUST009,PRD0081,8,10086.66,SIOP Review,Medium
2025-09-01,CUST009,PRD0081,4,4914.52,SIOP Review,Medium
2025-10-01,CUST009,PRD0081,0,0.0,Commercial Baseline,High
2025-11-01,CUST009,PRD0081,1,1231.9,Commercial Baseline,Medium
2025-12-01,CUST009,PRD0081,0,0.0,Commercial Baseline,High
2026-01-01,CUST009,PRD0081,1,1208.55,Commercial Baseline,High
2026-02-01,CUST009,PRD0081,0,0.0,Latest Estimate,Medium
2026-03-01,CUST009,PRD0081,2,2440.96,SIOP Review,Medium
2026-04-01,CUST009,PRD0081,2,2332.86,SIOP Review,Low
2026-05-01,CUST009,PRD0081,1,1159.46,Commercial Baseline,Medium
2026-06-01,CUST009,PRD0081,1,1116.31,Commercial Baseline,Medium
2026-07-01,CUST009,PRD0081,2,2436.59,Commercial Baseline,Medium
2026-08-01,CUST009,PRD0081,3,3761.95,SIOP Review,High
2026-09-01,CUST009,PRD0081,4,5043.12,Latest Estimate,High
2026-10-01,CUST009,PRD0081,1,1205.42,SIOP Review,Low
2026-11-01,CUST009,PRD0081,16,18656.46,Commercial Baseline,Medium
2026-12-01,CUST009,PRD0081,8,9914.85,Commercial Baseline,Medium
2025-07-01,CUST009,PRD0033,7,72135.86,Commercial Baseline,High
2025-08-01,CUST009,PRD0033,13,131440.7,Commercial Baseline,Low
2025-09-01,CUST009,PRD0033,3,30867.7,Latest Estimate,Low
2025-10-01,CUST009,PRD0033,18,184929.85,Commercial Baseline,Low
2025-11-01,CUST009,PRD0033,5,52772.97,SIOP Review,Medium
2025-12-01,CUST009,PRD0033,4,37781.47,SIOP Review,Medium
2026-01-01,CUST009,PRD0033,4,41126.75,Commercial Baseline,Medium
2026-02-01,CUST009,PRD0033,6,63424.73,SIOP Review,High
2026-03-01,CUST009,PRD0033,5,50427.22,SIOP Review,Medium
2026-04-01,CUST009,PRD0033,4,38707.9,Commercial Baseline,Medium
2026-05-01,CUST009,PRD0033,5,52699.38,Latest Estimate,High
2026-06-01,CUST009,PRD0033,1,10120.16,Commercial Baseline,Medium
2026-07-01,CUST009,PRD0033,4,40420.08,SIOP Review,Low
2026-08-01,CUST009,PRD0033,2,19054.74,Commercial Baseline,High
2026-09-01,CUST009,PRD0033,4,41362.74,Latest Estimate,Low
2026-10-01,CUST009,PRD0033,3,30627.67,Latest Estimate,Medium
2026-11-01,CUST009,PRD0033,6,63816.59,Latest Estimate,High
2026-12-01,CUST009,PRD0033,3,30574.45,Commercial Baseline,Medium
2025-07-01,CUST009,PRD0063,2,12895.86,Commercial Baseline,High
2025-08-01,CUST009,PRD0063,1,6456.97,Commercial Baseline,Low
2025-09-01,CUST009,PRD0063,2,12362.41,Commercial Baseline,High
2025-10-01,CUST009,PRD0063,2,12667.1,Commercial Baseline,Low
2025-11-01,CUST009,PRD0063,1,6412.83,Commercial Baseline,Low
2025-12-01,CUST009,PRD0063,2,13084.78,Latest Estimate,Low
2026-01-01,CUST009,PRD0063,4,25295.34,SIOP Review,High
2026-02-01,CUST009,PRD0063,4,25993.72,Commercial Baseline,Medium
2026-03-01,CUST009,PRD0063,1,6160.58,SIOP Review,Medium
2026-04-01,CUST009,PRD0063,4,26429.83,Latest Estimate,Medium
2026-05-01,CUST009,PRD0063,1,6019.02,SIOP Review,Medium
2026-06-01,CUST009,PRD0063,4,25323.03,SIOP Review,Medium
2026-07-01,CUST009,PRD0063,2,12557.76,SIOP Review,Medium
2026-08-01,CUST009,PRD0063,9,56308.62,SIOP Review,Low
2026-09-01,CUST009,PRD0063,18,105966.0,Commercial Baseline,Medium
2026-10-01,CUST009,PRD0063,3,17943.15,SIOP Review,Medium
2026-11-01,CUST009,PRD0063,2,13016.26,Commercial Baseline,Low
2026-12-01,CUST009,PRD0063,2,12911.0,Commercial Baseline,Medium
2025-07-01,CUST009,PRD0020,2,34789.65,Commercial Baseline,Medium
2025-08-01,CUST009,PRD0020,1,15402.28,Commercial Baseline,Medium
2025-09-01,CUST009,PRD0020,1,16793.03,Commercial Baseline,Medium
2025-10-01,CUST009,PRD0020,2,33672.41,Latest Estimate,Medium
2025-11-01,CUST009,PRD0020,2,34770.94,Latest Estimate,Medium
2025-12-01,CUST009,PRD0020,2,31872.49,SIOP Review,Medium
2026-01-01,CUST009,PRD0020,1,15411.83,Commercial Baseline,High
2026-02-01,CUST009,PRD0020,10,167379.97,Commercial Baseline,Low
2026-03-01,CUST009,PRD0020,2,33193.4,Commercial Baseline,Medium
2026-04-01,CUST009,PRD0020,1,16886.68,Latest Estimate,Medium
2026-05-01,CUST009,PRD0020,1,15665.73,Latest Estimate,Medium
2026-06-01,CUST009,PRD0020,1,15401.79,Latest Estimate,High
2026-07-01,CUST009,PRD0020,10,172299.44,Latest Estimate,High
2026-08-01,CUST009,PRD0020,3,48057.27,SIOP Review,Medium
2026-09-01,CUST009,PRD0020,4,64842.31,SIOP Review,Low
2026-10-01,CUST009,PRD0020,2,32688.07,Latest Estimate,High
2026-11-01,CUST009,PRD0020,2,31467.59,Commercial Baseline,Medium
2026-12-01,CUST009,PRD0020,0,0.0,SIOP Review,High
2025-07-01,CUST009,PRD0048,6,41112.22,SIOP Review,Medium
2025-08-01,CUST009,PRD0048,2,12333.38,Commercial Baseline,Medium
2025-09-01,CUST009,PRD0048,5,32798.64,Latest Estimate,Medium
2025-10-01,CUST009,PRD0048,8,55024.31,SIOP Review,Medium
2025-11-01,CUST009,PRD0048,9,60287.74,Latest Estimate,Low
2025-12-01,CUST009,PRD0048,6,40235.58,SIOP Review,Medium
2026-01-01,CUST009,PRD0048,6,37557.2,SIOP Review,High
2026-02-01,CUST009,PRD0048,5,33620.14,Latest Estimate,Medium
2026-03-01,CUST009,PRD0048,5,32570.89,Latest Estimate,High
2026-04-01,CUST009,PRD0048,7,48493.29,SIOP Review,High
2026-05-01,CUST009,PRD0048,1,6504.51,Latest Estimate,Low
2026-06-01,CUST009,PRD0048,3,19676.69,SIOP Review,Low
2026-07-01,CUST009,PRD0048,3,19301.92,SIOP Review,Medium
2026-08-01,CUST009,PRD0048,16,105284.04,Commercial Baseline,Medium
2026-09-01,CUST009,PRD0048,3,19300.07,SIOP Review,Low
2026-10-01,CUST009,PRD0048,3,18670.77,SIOP Review,High
2026-11-01,CUST009,PRD0048,6,40816.72,Latest Estimate,Low
2026-12-01,CUST009,PRD0048,4,25348.33,SIOP Review,High
2025-07-01,CUST009,PRD0068,0,0.0,Commercial Baseline,Medium
2025-08-01,CUST009,PRD0068,9,88784.35,Commercial Baseline,High
2025-09-01,CUST009,PRD0068,0,0.0,Latest Estimate,Medium
2025-10-01,CUST009,PRD0068,1,9963.42,Commercial Baseline,Medium
2025-11-01,CUST009,PRD0068,0,0.0,SIOP Review,High
2025-12-01,CUST009,PRD0068,0,0.0,Commercial Baseline,High
2026-01-01,CUST009,PRD0068,0,0.0,SIOP Review,High
2026-02-01,CUST009,PRD0068,0,0.0,Latest Estimate,Low
2026-03-01,CUST009,PRD0068,0,0.0,SIOP Review,Medium
2026-04-01,CUST009,PRD0068,0,0.0,Commercial Baseline,Medium
2026-05-01,CUST009,PRD0068,0,0.0,Latest Estimate,Medium
2026-06-01,CUST009,PRD0068,1,10577.57,Latest Estimate,Low
2026-07-01,CUST009,PRD0068,0,0.0,Latest Estimate,Medium
2026-08-01,CUST009,PRD0068,0,0.0,SIOP Review,Medium
2026-09-01,CUST009,PRD0068,2,19572.29,Latest Estimate,Low
2026-10-01,CUST009,PRD0068,1,10135.97,Latest Estimate,High
2026-11-01,CUST009,PRD0068,14,144209.17,Commercial Baseline,High
2026-12-01,CUST009,PRD0068,0,0.0,Latest Estimate,Low
2025-07-01,CUST009,PRD0073,0,0.0,Latest Estimate,High
2025-08-01,CUST009,PRD0073,0,0.0,Latest Estimate,High
2025-09-01,CUST009,PRD0073,12,390265.87,SIOP Review,Medium
2025-10-01,CUST009,PRD0073,0,0.0,SIOP Review,Medium
2025-11-01,CUST009,PRD0073,0,0.0,Commercial Baseline,Low
2025-12-01,CUST009,PRD0073,0,0.0,Commercial Baseline,Medium
2026-01-01,CUST009,PRD0073,0,0.0,Commercial Baseline,High
2026-02-01,CUST009,PRD0073,0,0.0,SIOP Review,Low
2026-03-01,CUST009,PRD0073,0,0.0,Latest Estimate,Low
2026-04-01,CUST009,PRD0073,0,0.0,SIOP Review,High
2026-05-01,CUST009,PRD0073,2,66810.8,Latest Estimate,High
2026-06-01,CUST009,PRD0073,0,0.0,Latest Estimate,High
2026-07-01,CUST009,PRD0073,1,30415.22,SIOP Review,Low
2026-08-01,CUST009,PRD0073,0,0.0,Latest Estimate,Medium
2026-09-01,CUST009,PRD0073,0,0.0,Latest Estimate,Medium
2026-10-01,CUST009,PRD0073,0,0.0,SIOP Review,Low
2026-11-01,CUST009,PRD0073,0,0.0,SIOP Review,Low
2026-12-01,CUST009,PRD0073,0,0.0,Latest Estimate,Medium
2025-07-01,CUST009,PRD0023,0,0.0,SIOP Review,Low
2025-08-01,CUST009,PRD0023,7,32772.17,SIOP Review,Low
2025-09-01,CUST009,PRD0023,0,0.0,SIOP Review,High
2025-10-01,CUST009,PRD0023,0,0.0,SIOP Review,Medium
2025-11-01,CUST009,PRD0023,0,0.0,Latest Estimate,High
2025-12-01,CUST009,PRD0023,0,0.0,Latest Estimate,Medium
2026-01-01,CUST009,PRD0023,0,0.0,Latest Estimate,High
2026-02-01,CUST009,PRD0023,0,0.0,Latest Estimate,Low
2026-03-01,CUST009,PRD0023,0,0.0,Commercial Baseline,Medium
2026-04-01,CUST009,PRD0023,0,0.0,SIOP Review,Medium
2026-05-01,CUST009,PRD0023,0,0.0,Latest Estimate,High
2026-06-01,CUST009,PRD0023,12,57369.27,Commercial Baseline,Medium
2026-07-01,CUST009,PRD0023,0,0.0,Latest Estimate,High
2026-08-01,CUST009,PRD0023,0,0.0,Commercial Baseline,Low
2026-09-01,CUST009,PRD0023,0,0.0,Latest Estimate,Medium
2026-10-01,CUST009,PRD0023,2,8582.07,SIOP Review,Medium
2026-11-01,CUST009,PRD0023,0,0.0,SIOP Review,Low
2026-12-01,CUST009,PRD0023,0,0.0,SIOP Review,High
2025-07-01,CUST009,PRD0011,0,0.0,SIOP Review,Low
2025-08-01,CUST009,PRD0011,15,565855.54,SIOP Review,Medium
2025-09-01,CUST009,PRD0011,1,40392.12,Latest Estimate,Medium
2025-10-01,CUST009,PRD0011,1,40796.2,Commercial Baseline,High
2025-11-01,CUST009,PRD0011,0,0.0,Commercial Baseline,Medium
2025-12-01,CUST009,PRD0011,0,0.0,Commercial Baseline,Medium
2026-01-01,CUST009,PRD0011,0,0.0,SIOP Review,Low
2026-02-01,CUST009,PRD0011,0,0.0,Commercial Baseline,Low
2026-03-01,CUST009,PRD0011,1,39913.45,Latest Estimate,High
2026-04-01,CUST009,PRD0011,1,39604.79,SIOP Review,High
2026-05-01,CUST009,PRD0011,0,0.0,Commercial Baseline,High
2026-06-01,CUST009,PRD0011,0,0.0,Commercial Baseline,Medium
2026-07-01,CUST009,PRD0011,0,0.0,SIOP Review,Medium
2026-08-01,CUST009,PRD0011,1,37860.72,Commercial Baseline,Medium
2026-09-01,CUST009,PRD0011,1,38474.36,Latest Estimate,Low
2026-10-01,CUST009,PRD0011,1,38157.14,Latest Estimate,High
2026-11-01,CUST009,PRD0011,0,0.0,SIOP Review,Low
2026-12-01,CUST009,PRD0011,0,0.0,Commercial Baseline,Medium
2025-07-01,CUST009,PRD0110,17,104468.24,Latest Estimate,Medium
2025-08-01,CUST009,PRD0110,7,43985.6,SIOP Review,Medium
2025-09-01,CUST009,PRD0110,10,59663.17,SIOP Review,Medium
2025-10-01,CUST009,PRD0110,12,74089.86,Commercial Baseline,Low
2025-11-01,CUST009,PRD0110,6,36799.54,Commercial Baseline,Medium
2025-12-01,CUST009,PRD0110,11,68087.71,SIOP Review,Medium
2026-01-01,CUST009,PRD0110,9,56893.55,Latest Estimate,Low
2026-02-01,CUST009,PRD0110,13,84910.26,Commercial Baseline,Medium
2026-03-01,CUST009,PRD0110,17,108155.9,SIOP Review,Medium
2026-04-01,CUST009,PRD0110,17,112796.97,Latest Estimate,Medium
2026-05-01,CUST009,PRD0110,12,75765.56,Latest Estimate,Medium
2026-06-01,CUST009,PRD0110,8,48936.94,Latest Estimate,Low
2026-07-01,CUST009,PRD0110,10,67043.81,SIOP Review,Medium
2026-08-01,CUST009,PRD0110,13,83578.53,SIOP Review,High
2026-09-01,CUST009,PRD0110,0,0.0,Latest Estimate,Low
2026-10-01,CUST009,PRD0110,13,79670.35,Commercial Baseline,Medium
2026-11-01,CUST009,PRD0110,9,58957.35,Commercial Baseline,Medium
2026-12-01,CUST009,PRD0110,12,77765.6,SIOP Review,Low
2025-07-01,CUST009,PRD0056,0,0.0,SIOP Review,Medium
2025-08-01,CUST009,PRD0056,9,309924.49,Latest Estimate,High
2025-09-01,CUST009,PRD0056,15,461436.42,SIOP Review,Medium
2025-10-01,CUST009,PRD0056,1,33079.86,Latest Estimate,High
2025-11-01,CUST009,PRD0056,0,0.0,Commercial Baseline,Medium
2025-12-01,CUST009,PRD0056,0,0.0,Latest Estimate,High
2026-01-01,CUST009,PRD0056,0,0.0,Commercial Baseline,High
2026-02-01,CUST009,PRD0056,1,31219.09,Commercial Baseline,Medium
2026-03-01,CUST009,PRD0056,0,0.0,Commercial Baseline,Medium
2026-04-01,CUST009,PRD0056,0,0.0,Latest Estimate,Low
2026-05-01,CUST009,PRD0056,0,0.0,SIOP Review,Medium
2026-06-01,CUST009,PRD0056,0,0.0,Latest Estimate,Medium
2026-07-01,CUST009,PRD0056,9,282144.78,Latest Estimate,Medium
2026-08-01,CUST009,PRD0056,1,33996.08,Commercial Baseline,Medium
2026-09-01,CUST009,PRD0056,0,0.0,SIOP Review,Medium
2026-10-01,CUST009,PRD0056,1,31693.28,Latest Estimate,Medium
2026-11-01,CUST009,PRD0056,0,0.0,Commercial Baseline,Low
2026-12-01,CUST009,PRD0056,0,0.0,Latest Estimate,High
2025-07-01,CUST009,PRD0038,1,53673.06,Commercial Baseline,High
2025-08-01,CUST009,PRD0038,1,50395.26,SIOP Review,High
2025-09-01,CUST009,PRD0038,0,0.0,Commercial Baseline,Medium
2025-10-01,CUST009,PRD0038,1,55437.99,SIOP Review,High
2025-11-01,CUST009,PRD0038,0,0.0,Commercial Baseline,Low
2025-12-01,CUST009,PRD0038,0,0.0,Latest Estimate,Medium
2026-01-01,CUST009,PRD0038,0,0.0,SIOP Review,Medium
2026-02-01,CUST009,PRD0038,1,52249.33,Latest Estimate,Low
2026-03-01,CUST009,PRD0038,0,0.0,Latest Estimate,High
2026-04-01,CUST009,PRD0038,2,106361.48,Commercial Baseline,High
2026-05-01,CUST009,PRD0038,6,331569.56,Commercial Baseline,Low
2026-06-01,CUST009,PRD0038,2,102522.04,Commercial Baseline,Medium
2026-07-01,CUST009,PRD0038,0,0.0,Commercial Baseline,Low
2026-08-01,CUST009,PRD0038,1,51554.62,SIOP Review,Medium
2026-09-01,CUST009,PRD0038,14,771839.54,Latest Estimate,Medium
2026-10-01,CUST009,PRD0038,2,102734.92,Latest Estimate,High
2026-11-01,CUST009,PRD0038,1,54703.44,Latest Estimate,Low
2026-12-01,CUST009,PRD0038,0,0.0,SIOP Review,Low
2025-07-01,CUST009,PRD0034,5,46000.97,Commercial Baseline,Medium
2025-08-01,CUST009,PRD0034,5,46124.16,SIOP Review,Medium
2025-09-01,CUST009,PRD0034,5,49069.89,Commercial Baseline,Medium
2025-10-01,CUST009,PRD0034,7,69191.95,Commercial Baseline,Medium
2025-11-01,CUST009,PRD0034,9,85165.51,SIOP Review,Medium
2025-12-01,CUST009,PRD0034,5,50755.07,Latest Estimate,Medium
2026-01-01,CUST009,PRD0034,8,75125.3,SIOP Review,Medium
2026-02-01,CUST009,PRD0034,9,89359.88,Latest Estimate,Medium
2026-03-01,CUST009,PRD0034,19,172855.93,SIOP Review,Medium
2026-04-01,CUST009,PRD0034,6,61052.62,Commercial Baseline,Medium
2026-05-01,CUST009,PRD0034,4,40567.65,SIOP Review,Medium
2026-06-01,CUST009,PRD0034,5,46188.89,Commercial Baseline,Medium
2026-07-01,CUST009,PRD0034,3,30123.41,Commercial Baseline,High
2026-08-01,CUST009,PRD0034,5,47929.82,Commercial Baseline,High
2026-09-01,CUST009,PRD0034,15,153437.5,SIOP Review,Medium
2026-10-01,CUST009,PRD0034,8,74806.83,Commercial Baseline,Low
2026-11-01,CUST009,PRD0034,3,30659.43,SIOP Review,Medium
2026-12-01,CUST009,PRD0034,7,67545.36,SIOP Review,Medium
2025-07-01,CUST009,PRD0104,0,0.0,SIOP Review,Low
2025-08-01,CUST009,PRD0104,2,11673.43,Latest Estimate,High
2025-09-01,CUST009,PRD0104,3,17170.55,SIOP Review,High
2025-10-01,CUST009,PRD0104,2,11745.64,Latest Estimate,Medium
2025-11-01,CUST009,PRD0104,2,12387.79,Latest Estimate,Medium
2025-12-01,CUST009,PRD0104,2,11664.72,Commercial Baseline,Low
2026-01-01,CUST009,PRD0104,1,6353.73,SIOP Review,Low
2026-02-01,CUST009,PRD0104,3,18050.15,Latest Estimate,Low
2026-03-01,CUST009,PRD0104,1,6256.65,SIOP Review,Medium
2026-04-01,CUST009,PRD0104,2,12396.85,Commercial Baseline,High
2026-05-01,CUST009,PRD0104,1,5982.73,Latest Estimate,High
2026-06-01,CUST009,PRD0104,2,12598.48,Latest Estimate,High
2026-07-01,CUST009,PRD0104,1,5815.27,Latest Estimate,Low
2026-08-01,CUST009,PRD0104,2,12719.41,Commercial Baseline,High
2026-09-01,CUST009,PRD0104,0,0.0,Latest Estimate,High
2026-10-01,CUST009,PRD0104,2,12211.34,Commercial Baseline,High
2026-11-01,CUST009,PRD0104,0,0.0,Commercial Baseline,Medium
2026-12-01,CUST009,PRD0104,1,6289.26,Commercial Baseline,Medium
2025-07-01,CUST009,PRD0094,16,345494.35,Latest Estimate,Medium
2025-08-01,CUST009,PRD0094,10,204281.78,Latest Estimate,Medium
2025-09-01,CUST009,PRD0094,9,191567.67,Commercial Baseline,Medium
2025-10-01,CUST009,PRD0094,6,123640.01,SIOP Review,Low
2025-11-01,CUST009,PRD0094,10,223638.77,SIOP Review,High
2025-12-01,CUST009,PRD0094,10,203333.09,Latest Estimate,High
2026-01-01,CUST009,PRD0094,9,185714.13,Latest Estimate,Medium
2026-02-01,CUST009,PRD0094,10,207475.92,Latest Estimate,Low
2026-03-01,CUST009,PRD0094,15,335188.35,Commercial Baseline,High
2026-04-01,CUST009,PRD0094,13,282245.71,Latest Estimate,Medium
2026-05-01,CUST009,PRD0094,11,231524.21,Commercial Baseline,High
2026-06-01,CUST009,PRD0094,10,221482.61,Commercial Baseline,Medium
2026-07-01,CUST009,PRD0094,18,404353.35,Commercial Baseline,Medium
2026-08-01,CUST009,PRD0094,12,257843.54,Latest Estimate,High
2026-09-01,CUST009,PRD0094,14,305005.49,Latest Estimate,High
2026-10-01,CUST009,PRD0094,14,309211.45,SIOP Review,Medium
2026-11-01,CUST009,PRD0094,11,239031.14,Commercial Baseline,High
2026-12-01,CUST009,PRD0094,9,185417.42,SIOP Review,High
2025-07-01,CUST009,PRD0091,0,0.0,Latest Estimate,High
2025-08-01,CUST009,PRD0091,0,0.0,Latest Estimate,High
2025-09-01,CUST009,PRD0091,1,823.99,Latest Estimate,High
2025-10-01,CUST009,PRD0091,0,0.0,Latest Estimate,Low
2025-11-01,CUST009,PRD0091,0,0.0,SIOP Review,Low
2025-12-01,CUST009,PRD0091,5,4225.45,Commercial Baseline,Low
2026-01-01,CUST009,PRD0091,1,769.77,Latest Estimate,High
2026-02-01,CUST009,PRD0091,0,0.0,Latest Estimate,Low
2026-03-01,CUST009,PRD0091,6,5027.43,Latest Estimate,Low
2026-04-01,CUST009,PRD0091,1,817.29,SIOP Review,Low
2026-05-01,CUST009,PRD0091,0,0.0,SIOP Review,Low
2026-06-01,CUST009,PRD0091,6,4723.2,SIOP Review,Low
2026-07-01,CUST009,PRD0091,1,802.41,Commercial Baseline,Medium
2026-08-01,CUST009,PRD0091,0,0.0,Latest Estimate,High
2026-09-01,CUST009,PRD0091,0,0.0,SIOP Review,High
2026-10-01,CUST009,PRD0091,0,0.0,Commercial Baseline,Low
2026-11-01,CUST009,PRD0091,0,0.0,SIOP Review,Medium
2026-12-01,CUST009,PRD0091,0,0.0,Latest Estimate,High
2025-07-01,CUST009,PRD0006,2,20934.82,Commercial Baseline,Low
2025-08-01,CUST009,PRD0006,7,70915.49,Commercial Baseline,Medium
2025-09-01,CUST009,PRD0006,5,48505.89,SIOP Review,Medium
2025-10-01,CUST009,PRD0006,4,42114.69,Commercial Baseline,Medium
2025-11-01,CUST009,PRD0006,2,18902.89,Commercial Baseline,Medium
2025-12-01,CUST009,PRD0006,7,66532.54,Commercial Baseline,High
2026-01-01,CUST009,PRD0006,3,31477.81,Latest Estimate,Medium
2026-02-01,CUST009,PRD0006,3,28417.43,SIOP Review,Low
2026-03-01,CUST009,PRD0006,4,37164.19,Commercial Baseline,High
2026-04-01,CUST009,PRD0006,3,31045.71,SIOP Review,Medium
2026-05-01,CUST009,PRD0006,2,20474.24,Latest Estimate,Low
2026-06-01,CUST009,PRD0006,6,57151.05,Commercial Baseline,Low
2026-07-01,CUST009,PRD0006,6,57423.44,Latest Estimate,High
2026-08-01,CUST009,PRD0006,2,20788.39,SIOP Review,Medium
2026-09-01,CUST009,PRD0006,4,41189.01,Latest Estimate,High
2026-10-01,CUST009,PRD0006,4,38704.06,Latest Estimate,Low
2026-11-01,CUST009,PRD0006,5,50986.41,Commercial Baseline,High
2026-12-01,CUST009,PRD0006,2,21126.65,SIOP Review,Medium
2025-07-01,CUST009,PRD0002,0,0.0,SIOP Review,High
2025-08-01,CUST009,PRD0002,0,0.0,Commercial Baseline,High
2025-09-01,CUST009,PRD0002,3,63068.8,Latest Estimate,Medium
2025-10-01,CUST009,PRD0002,2,40250.4,SIOP Review,Medium
2025-11-01,CUST009,PRD0002,3,62792.92,SIOP Review,High
2025-12-01,CUST009,PRD0002,3,61054.47,Latest Estimate,Medium
2026-01-01,CUST009,PRD0002,3,65276.67,SIOP Review,High
2026-02-01,CUST009,PRD0002,3,61759.31,SIOP Review,Low
2026-03-01,CUST009,PRD0002,3,60217.78,Commercial Baseline,Medium
2026-04-01,CUST009,PRD0002,4,83145.75,Latest Estimate,Medium
2026-05-01,CUST009,PRD0002,0,0.0,Commercial Baseline,Medium
2026-06-01,CUST009,PRD0002,3,61454.16,SIOP Review,Medium
2026-07-01,CUST009,PRD0002,2,40181.3,Commercial Baseline,High
2026-08-01,CUST009,PRD0002,2,43517.35,Latest Estimate,Medium
2026-09-01,CUST009,PRD0002,1,19661.31,Commercial Baseline,Low
2026-10-01,CUST009,PRD0002,4,81139.51,Latest Estimate,High
2026-11-01,CUST009,PRD0002,1,22114.6,Latest Estimate,High
2026-12-01,CUST009,PRD0002,1,19668.8,SIOP Review,Low
2025-07-01,CUST009,PRD0074,0,0.0,SIOP Review,Medium
2025-08-01,CUST009,PRD0074,0,0.0,Latest Estimate,Medium
2025-09-01,CUST009,PRD0074,0,0.0,Latest Estimate,High
2025-10-01,CUST009,PRD0074,0,0.0,Commercial Baseline,High
2025-11-01,CUST009,PRD0074,0,0.0,SIOP Review,High
2025-12-01,CUST009,PRD0074,1,33696.1,Commercial Baseline,Low
2026-01-01,CUST009,PRD0074,14,468780.88,Commercial Baseline,Low
2026-02-01,CUST009,PRD0074,14,486886.5,SIOP Review,Medium
2026-03-01,CUST009,PRD0074,0,0.0,Commercial Baseline,High
2026-04-01,CUST009,PRD0074,0,0.0,Commercial Baseline,High
2026-05-01,CUST009,PRD0074,0,0.0,Latest Estimate,Medium
2026-06-01,CUST009,PRD0074,0,0.0,Commercial Baseline,High
2026-07-01,CUST009,PRD0074,0,0.0,Commercial Baseline,Medium
2026-08-01,CUST009,PRD0074,0,0.0,SIOP Review,Medium
2026-09-01,CUST009,PRD0074,0,0.0,SIOP Review,Low
2026-10-01,CUST009,PRD0074,1,32224.77,Commercial Baseline,High
2026-11-01,CUST009,PRD0074,0,0.0,SIOP Review,Medium
2026-12-01,CUST009,PRD0074,0,0.0,SIOP Review,Medium
2025-07-01,CUST009,PRD0041,9,176086.87,Commercial Baseline,High
2025-08-01,CUST009,PRD0041,3,57502.52,Commercial Baseline,Medium
2025-09-01,CUST009,PRD0041,18,326427.12,SIOP Review,Medium
2025-10-01,CUST009,PRD0041,8,154933.08,SIOP Review,High
2025-11-01,CUST009,PRD0041,11,207650.2,Commercial Baseline,Medium
2025-12-01,CUST009,PRD0041,8,151362.68,Latest Estimate,Medium
2026-01-01,CUST009,PRD0041,12,229521.08,Commercial Baseline,Medium
2026-02-01,CUST009,PRD0041,15,262418.94,Commercial Baseline,Medium
2026-03-01,CUST009,PRD0041,9,173655.16,SIOP Review,High
2026-04-01,CUST009,PRD0041,8,155122.27,SIOP Review,Medium
2026-05-01,CUST009,PRD0041,13,240682.45,Latest Estimate,High
2026-06-01,CUST009,PRD0041,7,124280.42,Latest Estimate,High
2026-07-01,CUST009,PRD0041,4,75286.04,Commercial Baseline,Low
2026-08-01,CUST009,PRD0041,21,398436.82,Commercial Baseline,Medium
2026-09-01,CUST009,PRD0041,11,214911.38,Commercial Baseline,Medium
2026-10-01,CUST009,PRD0041,4,71777.65,SIOP Review,Medium
2026-11-01,CUST009,PRD0041,15,274861.62,Latest Estimate,High
2026-12-01,CUST009,PRD0041,13,230647.04,Commercial Baseline,Low
2025-07-01,CUST009,PRD0005,0,0.0,Latest Estimate,Medium
2025-08-01,CUST009,PRD0005,1,5438.89,Latest Estimate,Medium
2025-09-01,CUST009,PRD0005,1,5045.68,Commercial Baseline,High
2025-10-01,CUST009,PRD0005,1,5158.11,SIOP Review,Low
2025-11-01,CUST009,PRD0005,1,4982.72,Latest Estimate,Low
2025-12-01,CUST009,PRD0005,3,16361.98,SIOP Review,Medium
2026-01-01,CUST009,PRD0005,0,0.0,SIOP Review,Medium
2026-02-01,CUST009,PRD0005,1,5362.71,Commercial Baseline,High
2026-03-01,CUST009,PRD0005,1,5253.13,Latest Estimate,High
2026-04-01,CUST009,PRD0005,1,5283.39,Latest Estimate,High
2026-05-01,CUST009,PRD0005,0,0.0,Commercial Baseline,Medium
2026-06-01,CUST009,PRD0005,0,0.0,Commercial Baseline,Low
2026-07-01,CUST009,PRD0005,0,0.0,Commercial Baseline,High
2026-08-01,CUST009,PRD0005,0,0.0,Latest Estimate,Medium
2026-09-01,CUST009,PRD0005,2,10670.74,Latest Estimate,Medium
2026-10-01,CUST009,PRD0005,1,5022.91,Commercial Baseline,High
2026-11-01,CUST009,PRD0005,0,0.0,Commercial Baseline,Low
2026-12-01,CUST009,PRD0005,2,10695.78,Latest Estimate,Medium
2025-07-01,CUST009,PRD0085,3,25636.97,Latest Estimate,Low
2025-08-01,CUST009,PRD0085,2,18422.66,Commercial Baseline,Medium
2025-09-01,CUST009,PRD0085,3,27604.29,Latest Estimate,Low
2025-10-01,CUST009,PRD0085,2,18829.98,Commercial Baseline,Low
2025-11-01,CUST009,PRD0085,2,18427.49,Commercial Baseline,High
2025-12-01,CUST009,PRD0085,3,26042.24,Latest Estimate,High
2026-01-01,CUST009,PRD0085,4,36791.06,SIOP Review,Medium
2026-02-01,CUST009,PRD0085,3,25895.88,Commercial Baseline,High
2026-03-01,CUST009,PRD0085,2,18587.01,SIOP Review,High
2026-04-01,CUST009,PRD0085,2,17479.99,Latest Estimate,Medium
2026-05-01,CUST009,PRD0085,4,37305.89,Commercial Baseline,Medium
2026-06-01,CUST009,PRD0085,1,8685.47,Commercial Baseline,Medium
2026-07-01,CUST009,PRD0085,3,27678.29,Commercial Baseline,Low
2026-08-01,CUST009,PRD0085,4,37039.43,SIOP Review,High
2026-09-01,CUST009,PRD0085,3,25853.74,SIOP Review,Low
2026-10-01,CUST009,PRD0085,3,28672.28,SIOP Review,High
2026-11-01,CUST009,PRD0085,3,26452.44,Latest Estimate,Medium
2026-12-01,CUST009,PRD0085,3,26696.48,Commercial Baseline,High
2025-07-01,CUST009,PRD0092,7,116771.14,Commercial Baseline,High
2025-08-01,CUST009,PRD0092,7,109668.92,SIOP Review,Low
2025-09-01,CUST009,PRD0092,10,157036.82,Latest Estimate,Medium
2025-10-01,CUST009,PRD0092,10,160497.51,SIOP Review,Medium
2025-11-01,CUST009,PRD0092,7,106011.21,Commercial Baseline,Medium
2025-12-01,CUST009,PRD0092,28,452485.54,SIOP Review,Medium
2026-01-01,CUST009,PRD0092,5,83151.2,Latest Estimate,Medium
2026-02-01,CUST009,PRD0092,9,146925.96,Latest Estimate,Medium
2026-03-01,CUST009,PRD0092,6,97544.05,Latest Estimate,Medium
2026-04-01,CUST009,PRD0092,10,158312.97,Commercial Baseline,Low
2026-05-01,CUST009,PRD0092,6,90877.41,Latest Estimate,Low
2026-06-01,CUST009,PRD0092,10,160393.84,SIOP Review,Medium
2026-07-01,CUST009,PRD0092,9,147509.56,Commercial Baseline,Medium
2026-08-01,CUST009,PRD0092,8,129789.28,Commercial Baseline,Medium
2026-09-01,CUST009,PRD0092,4,63926.69,SIOP Review,Medium
2026-10-01,CUST009,PRD0092,12,183590.46,SIOP Review,Medium
2026-11-01,CUST009,PRD0092,11,185090.58,SIOP Review,Medium
2026-12-01,CUST009,PRD0092,10,158179.63,Latest Estimate,High
2025-07-01,CUST009,PRD0119,5,3943.11,SIOP Review,High
2025-08-01,CUST009,PRD0119,2,1464.93,Latest Estimate,Medium
2025-09-01,CUST009,PRD0119,4,3218.17,Commercial Baseline,High
2025-10-01,CUST009,PRD0119,8,5897.92,Commercial Baseline,High
2025-11-01,CUST009,PRD0119,6,4474.86,Commercial Baseline,Low
2025-12-01,CUST009,PRD0119,5,4130.58,Commercial Baseline,Medium
2026-01-01,CUST009,PRD0119,15,11322.34,Commercial Baseline,High
2026-02-01,CUST009,PRD0119,7,5503.27,Latest Estimate,High
2026-03-01,CUST009,PRD0119,5,3847.39,SIOP Review,Medium
2026-04-01,CUST009,PRD0119,7,5465.04,Commercial Baseline,High
2026-05-01,CUST009,PRD0119,5,3684.18,Commercial Baseline,Medium
2026-06-01,CUST009,PRD0119,9,7000.27,SIOP Review,High
2026-07-01,CUST009,PRD0119,4,2928.04,Commercial Baseline,Medium
2026-08-01,CUST009,PRD0119,14,11249.66,SIOP Review,Medium
2026-09-01,CUST009,PRD0119,8,6370.96,Latest Estimate,High
2026-10-01,CUST009,PRD0119,7,5238.29,SIOP Review,Medium
2026-11-01,CUST009,PRD0119,13,9553.91,SIOP Review,Medium
2026-12-01,CUST009,PRD0119,8,6229.37,Latest Estimate,Medium
2025-07-01,CUST009,PRD0043,3,77311.5,Commercial Baseline,High
2025-08-01,CUST009,PRD0043,2,48983.86,SIOP Review,Medium
2025-09-01,CUST009,PRD0043,5,129525.02,Latest Estimate,Low
2025-10-01,CUST009,PRD0043,3,78435.0,Commercial Baseline,Medium
2025-11-01,CUST009,PRD0043,4,98898.23,SIOP Review,Low
2025-12-01,CUST009,PRD0043,17,426083.04,Commercial Baseline,High
2026-01-01,CUST009,PRD0043,4,99749.88,Latest Estimate,Low
2026-02-01,CUST009,PRD0043,1,23957.88,SIOP Review,Low
2026-03-01,CUST009,PRD0043,3,74728.41,SIOP Review,Low
2026-04-01,CUST009,PRD0043,3,74480.09,Latest Estimate,Medium
2026-05-01,CUST009,PRD0043,3,76219.22,SIOP Review,High
2026-06-01,CUST009,PRD0043,0,0.0,Latest Estimate,Medium
2026-07-01,CUST009,PRD0043,5,123959.28,Latest Estimate,High
2026-08-01,CUST009,PRD0043,4,101342.5,SIOP Review,Medium
2026-09-01,CUST009,PRD0043,3,74538.21,Latest Estimate,Medium
2026-10-01,CUST009,PRD0043,4,100544.13,Commercial Baseline,Low
2026-11-01,CUST009,PRD0043,2,52743.99,SIOP Review,High
2026-12-01,CUST009,PRD0043,18,421683.58,SIOP Review,Medium
2025-07-01,CUST009,PRD0064,1,23350.17,Latest Estimate,Medium
2025-08-01,CUST009,PRD0064,1,25758.06,Latest Estimate,High
2025-09-01,CUST009,PRD0064,0,0.0,Latest Estimate,Medium
2025-10-01,CUST009,PRD0064,3,70051.72,Commercial Baseline,High
2025-11-01,CUST009,PRD0064,2,53037.28,SIOP Review,Medium
2025-12-01,CUST009,PRD0064,1,23596.71,Commercial Baseline,Low
2026-01-01,CUST009,PRD0064,1,23592.0,Commercial Baseline,Medium
2026-02-01,CUST009,PRD0064,0,0.0,SIOP Review,Medium
2026-03-01,CUST009,PRD0064,2,50661.81,Latest Estimate,High
2026-04-01,CUST009,PRD0064,2,47024.59,Commercial Baseline,Medium
2026-05-01,CUST009,PRD0064,2,47634.91,Latest Estimate,High
2026-06-01,CUST009,PRD0064,10,239520.24,SIOP Review,High
2026-07-01,CUST009,PRD0064,1,24740.29,SIOP Review,High
2026-08-01,CUST009,PRD0064,2,52737.08,Commercial Baseline,Medium
2026-09-01,CUST009,PRD0064,2,53017.57,Latest Estimate,Medium
2026-10-01,CUST009,PRD0064,3,71022.62,Latest Estimate,Medium
2026-11-01,CUST009,PRD0064,4,102019.04,SIOP Review,Medium
2026-12-01,CUST009,PRD0064,1,26303.32,Commercial Baseline,Low
2025-07-01,CUST009,PRD0108,0,0.0,Commercial Baseline,Medium
2025-08-01,CUST009,PRD0108,0,0.0,SIOP Review,Low
2025-09-01,CUST009,PRD0108,0,0.0,SIOP Review,Medium
2025-10-01,CUST009,PRD0108,1,20558.12,Latest Estimate,Medium
2025-11-01,CUST009,PRD0108,0,0.0,Latest Estimate,High
2025-12-01,CUST009,PRD0108,0,0.0,Commercial Baseline,High
2026-01-01,CUST009,PRD0108,0,0.0,Latest Estimate,Medium
2026-02-01,CUST009,PRD0108,0,0.0,Latest Estimate,Medium
2026-03-01,CUST009,PRD0108,1,21370.2,SIOP Review,Medium
2026-04-01,CUST009,PRD0108,1,20937.69,Commercial Baseline,High
2026-05-01,CUST009,PRD0108,0,0.0,Latest Estimate,High
2026-06-01,CUST009,PRD0108,0,0.0,SIOP Review,Low
2026-07-01,CUST009,PRD0108,0,0.0,Commercial Baseline,High
2026-08-01,CUST009,PRD0108,0,0.0,SIOP Review,Low
2026-09-01,CUST009,PRD0108,0,0.0,SIOP Review,Low
2026-10-01,CUST009,PRD0108,0,0.0,Latest Estimate,High
2026-11-01,CUST009,PRD0108,0,0.0,Commercial Baseline,High
2026-12-01,CUST009,PRD0108,0,0.0,SIOP Review,High
2025-07-01,CUST009,PRD0027,0,0.0,Latest Estimate,Medium
2025-08-01,CUST009,PRD0027,0,0.0,Latest Estimate,Low
2025-09-01,CUST009,PRD0027,0,0.0,SIOP Review,Low
2025-10-01,CUST009,PRD0027,8,55270.74,Latest Estimate,High
2025-11-01,CUST009,PRD0027,1,6498.87,Latest Estimate,Medium
2025-12-01,CUST009,PRD0027,0,0.0,Commercial Baseline,Medium
2026-01-01,CUST009,PRD0027,0,0.0,SIOP Review,High
2026-02-01,CUST009,PRD0027,0,0.0,Latest Estimate,Medium
2026-03-01,CUST009,PRD0027,1,6814.96,Latest Estimate,Medium
2026-04-01,CUST009,PRD0027,0,0.0,Latest Estimate,Medium
2026-05-01,CUST009,PRD0027,0,0.0,Latest Estimate,Medium
2026-06-01,CUST009,PRD0027,0,0.0,SIOP Review,High
2026-07-01,CUST009,PRD0027,2,13332.19,Latest Estimate,High
2026-08-01,CUST009,PRD0027,1,7032.15,SIOP Review,Medium
2026-09-01,CUST009,PRD0027,0,0.0,Commercial Baseline,Medium
2026-10-01,CUST009,PRD0027,1,7179.98,SIOP Review,Medium
2026-11-01,CUST009,PRD0027,2,12939.48,SIOP Review,High
2026-12-01,CUST009,PRD0027,1,6565.76,Commercial Baseline,Medium
2025-07-01,CUST009,PRD0070,0,0.0,Commercial Baseline,Medium
2025-08-01,CUST009,PRD0070,3,123960.4,Latest Estimate,High
2025-09-01,CUST009,PRD0070,2,86443.16,SIOP Review,High
2025-10-01,CUST009,PRD0070,3,132124.33,SIOP Review,High
2025-11-01,CUST009,PRD0070,1,40420.05,Latest Estimate,Low
2025-12-01,CUST009,PRD0070,2,79934.88,Commercial Baseline,Medium
2026-01-01,CUST009,PRD0070,1,42496.34,SIOP Review,Medium
2026-02-01,CUST009,PRD0070,3,126356.55,Latest Estimate,Medium
2026-03-01,CUST009,PRD0070,0,0.0,Latest Estimate,Medium
2026-04-01,CUST009,PRD0070,1,42963.75,Commercial Baseline,Medium
2026-05-01,CUST009,PRD0070,0,0.0,Latest Estimate,Medium
2026-06-01,CUST009,PRD0070,1,43978.03,Latest Estimate,Medium
2026-07-01,CUST009,PRD0070,1,42657.11,Latest Estimate,High
2026-08-01,CUST009,PRD0070,2,80290.86,SIOP Review,Medium
2026-09-01,CUST009,PRD0070,2,84583.76,Latest Estimate,Medium
2026-10-01,CUST009,PRD0070,3,134890.68,Commercial Baseline,Medium
2026-11-01,CUST009,PRD0070,2,83321.77,Latest Estimate,Medium
2026-12-01,CUST009,PRD0070,2,85750.97,Commercial Baseline,Medium
2025-07-01,CUST009,PRD0018,2,2361.0,Latest Estimate,Medium
2025-08-01,CUST009,PRD0018,12,13602.14,Latest Estimate,Medium
2025-09-01,CUST009,PRD0018,1,1077.73,Commercial Baseline,High
2025-10-01,CUST009,PRD0018,3,3397.51,SIOP Review,High
2025-11-01,CUST009,PRD0018,3,3462.06,Commercial Baseline,Low
2025-12-01,CUST009,PRD0018,1,1071.37,Latest Estimate,High
2026-01-01,CUST009,PRD0018,1,1149.92,Latest Estimate,Medium
2026-02-01,CUST009,PRD0018,3,3355.01,Latest Estimate,High
2026-03-01,CUST009,PRD0018,2,2205.4,SIOP Review,Low
2026-04-01,CUST009,PRD0018,11,12105.73,SIOP Review,High
2026-05-01,CUST009,PRD0018,1,1144.33,Latest Estimate,Low
2026-06-01,CUST009,PRD0018,2,2374.02,SIOP Review,Low
2026-07-01,CUST009,PRD0018,10,12049.24,SIOP Review,Medium
2026-08-01,CUST009,PRD0018,3,3373.47,Commercial Baseline,Medium
2026-09-01,CUST009,PRD0018,1,1168.56,SIOP Review,Low
2026-10-01,CUST009,PRD0018,9,10320.68,Latest Estimate,Medium
2026-11-01,CUST009,PRD0018,2,2234.7,Commercial Baseline,Low
2026-12-01,CUST009,PRD0018,1,1185.22,Latest Estimate,High
2025-07-01,CUST009,PRD0103,8,64394.42,SIOP Review,Medium
2025-08-01,CUST009,PRD0103,2,16393.51,Commercial Baseline,Medium
2025-09-01,CUST009,PRD0103,5,40061.81,SIOP Review,High
2025-10-01,CUST009,PRD0103,5,37419.68,SIOP Review,Medium
2025-11-01,CUST009,PRD0103,5,39138.99,Commercial Baseline,Low
2025-12-01,CUST009,PRD0103,6,47915.98,Latest Estimate,High
2026-01-01,CUST009,PRD0103,4,30760.23,SIOP Review,Low
2026-02-01,CUST009,PRD0103,5,37916.11,Commercial Baseline,Medium
2026-03-01,CUST009,PRD0103,6,44357.72,SIOP Review,Low
2026-04-01,CUST009,PRD0103,6,46425.68,SIOP Review,High
2026-05-01,CUST009,PRD0103,5,37508.55,Latest Estimate,Low
2026-06-01,CUST009,PRD0103,2,14730.14,SIOP Review,Medium
2026-07-01,CUST009,PRD0103,6,43592.1,SIOP Review,Low
2026-08-01,CUST009,PRD0103,3,24671.66,Commercial Baseline,High
2026-09-01,CUST009,PRD0103,20,162495.38,Latest Estimate,Low
2026-10-01,CUST009,PRD0103,6,45755.64,SIOP Review,Medium
2026-11-01,CUST009,PRD0103,7,51806.23,SIOP Review,Medium
2026-12-01,CUST009,PRD0103,2,16422.02,SIOP Review,Medium
2025-07-01,CUST009,PRD0024,2,53139.9,Latest Estimate,Medium
2025-08-01,CUST009,PRD0024,2,50020.51,Latest Estimate,Medium
2025-09-01,CUST009,PRD0024,1,26789.38,Commercial Baseline,Low
2025-10-01,CUST009,PRD0024,0,0.0,SIOP Review,Medium
2025-11-01,CUST009,PRD0024,16,432720.39,SIOP Review,Medium
2025-12-01,CUST009,PRD0024,1,24765.69,SIOP Review,Medium
2026-01-01,CUST009,PRD0024,1,27507.31,Latest Estimate,High
2026-02-01,CUST009,PRD0024,2,54304.76,Latest Estimate,Low
2026-03-01,CUST009,PRD0024,4,108359.83,Latest Estimate,Medium
2026-04-01,CUST009,PRD0024,3,75665.57,SIOP Review,Medium
2026-05-01,CUST009,PRD0024,2,53025.1,Latest Estimate,High
2026-06-01,CUST009,PRD0024,2,53417.25,Commercial Baseline,Low
2026-07-01,CUST009,PRD0024,2,51929.4,Commercial Baseline,Medium
2026-08-01,CUST009,PRD0024,12,332427.99,Latest Estimate,Medium
2026-09-01,CUST009,PRD0024,2,52258.99,SIOP Review,Medium
2026-10-01,CUST009,PRD0024,1,26543.07,SIOP Review,Medium
2026-11-01,CUST009,PRD0024,10,256601.9,Commercial Baseline,Medium
2026-12-01,CUST009,PRD0024,4,111858.97,SIOP Review,Medium
2025-07-01,CUST009,PRD0106,1,13774.52,Commercial Baseline,Medium
2025-08-01,CUST009,PRD0106,3,41095.96,Latest Estimate,High
2025-09-01,CUST009,PRD0106,4,51704.81,Latest Estimate,Low
2025-10-01,CUST009,PRD0106,3,40746.33,Commercial Baseline,Medium
2025-11-01,CUST009,PRD0106,2,25791.55,Commercial Baseline,Medium
2025-12-01,CUST009,PRD0106,4,58032.35,Latest Estimate,Medium
2026-01-01,CUST009,PRD0106,3,40651.88,SIOP Review,High
2026-02-01,CUST009,PRD0106,2,28795.49,SIOP Review,Low
2026-03-01,CUST009,PRD0106,5,72043.81,Latest Estimate,Medium
2026-04-01,CUST009,PRD0106,3,40938.78,SIOP Review,Medium
2026-05-01,CUST009,PRD0106,3,39970.95,Commercial Baseline,Medium
2026-06-01,CUST009,PRD0106,1,13282.51,Commercial Baseline,Low
2026-07-01,CUST009,PRD0106,2,28247.35,Latest Estimate,High
2026-08-01,CUST009,PRD0106,2,25819.45,Commercial Baseline,Low
2026-09-01,CUST009,PRD0106,4,55080.17,SIOP Review,Medium
2026-10-01,CUST009,PRD0106,4,56195.79,Commercial Baseline,Low
2026-11-01,CUST009,PRD0106,4,52447.39,Latest Estimate,High
2026-12-01,CUST009,PRD0106,4,52468.15,SIOP Review,High
2025-07-01,CUST009,PRD0044,3,96668.2,Commercial Baseline,Low
2025-08-01,CUST009,PRD0044,0,0.0,Commercial Baseline,Low
2025-09-01,CUST009,PRD0044,2,66814.97,Commercial Baseline,Medium
2025-10-01,CUST009,PRD0044,1,32212.52,Commercial Baseline,Medium
2025-11-01,CUST009,PRD0044,0,0.0,SIOP Review,High
2025-12-01,CUST009,PRD0044,0,0.0,SIOP Review,High
2026-01-01,CUST009,PRD0044,1,32722.07,Latest Estimate,Low
2026-02-01,CUST009,PRD0044,10,352252.28,Latest Estimate,Medium
2026-03-01,CUST009,PRD0044,2,63543.52,SIOP Review,Medium
2026-04-01,CUST009,PRD0044,0,0.0,Commercial Baseline,Medium
2026-05-01,CUST009,PRD0044,0,0.0,SIOP Review,High
2026-06-01,CUST009,PRD0044,2,67417.46,Commercial Baseline,High
2026-07-01,CUST009,PRD0044,0,0.0,Latest Estimate,Low
2026-08-01,CUST009,PRD0044,1,35105.23,Latest Estimate,Low
2026-09-01,CUST009,PRD0044,0,0.0,Commercial Baseline,Medium
2026-10-01,CUST009,PRD0044,2,66078.31,Latest Estimate,Medium
2026-11-01,CUST009,PRD0044,11,388019.4,SIOP Review,Medium
2026-12-01,CUST009,PRD0044,2,65943.47,Latest Estimate,Medium
2025-07-01,CUST010,PRD0039,6,65715.5,Commercial Baseline,Medium
2025-08-01,CUST010,PRD0039,9,94264.82,Latest Estimate,Medium
2025-09-01,CUST010,PRD0039,14,146558.75,SIOP Review,Low
2025-10-01,CUST010,PRD0039,13,149937.74,Commercial Baseline,Medium
2025-11-01,CUST010,PRD0039,7,74371.48,Latest Estimate,Medium
2025-12-01,CUST010,PRD0039,10,112520.53,Commercial Baseline,Low
2026-01-01,CUST010,PRD0039,6,69422.12,SIOP Review,Medium
2026-02-01,CUST010,PRD0039,10,106806.91,Latest Estimate,Medium
2026-03-01,CUST010,PRD0039,10,113455.73,Latest Estimate,Medium
2026-04-01,CUST010,PRD0039,8,88724.92,SIOP Review,High
2026-05-01,CUST010,PRD0039,8,84622.39,SIOP Review,Medium
2026-06-01,CUST010,PRD0039,14,145653.32,Latest Estimate,High
2026-07-01,CUST010,PRD0039,13,140568.56,Latest Estimate,Low
2026-08-01,CUST010,PRD0039,12,130907.09,Commercial Baseline,Medium
2026-09-01,CUST010,PRD0039,12,122902.57,SIOP Review,Medium
2026-10-01,CUST010,PRD0039,15,154488.61,Latest Estimate,Medium
2026-11-01,CUST010,PRD0039,9,103955.94,Commercial Baseline,Medium
2026-12-01,CUST010,PRD0039,13,132561.98,SIOP Review,Low
2025-07-01,CUST010,PRD0101,13,87401.8,Commercial Baseline,Medium
2025-08-01,CUST010,PRD0101,9,60186.15,Commercial Baseline,High
2025-09-01,CUST010,PRD0101,9,59240.24,SIOP Review,High
2025-10-01,CUST010,PRD0101,7,47215.84,Latest Estimate,Low
2025-11-01,CUST010,PRD0101,3,20438.22,SIOP Review,Medium
2025-12-01,CUST010,PRD0101,12,82565.86,Latest Estimate,Medium
2026-01-01,CUST010,PRD0101,11,72158.8,SIOP Review,Low
2026-02-01,CUST010,PRD0101,13,90170.96,Latest Estimate,Medium
2026-03-01,CUST010,PRD0101,8,58510.6,Commercial Baseline,Medium
2026-04-01,CUST010,PRD0101,10,65843.01,Latest Estimate,Medium
2026-05-01,CUST010,PRD0101,5,36360.06,SIOP Review,Low
2026-06-01,CUST010,PRD0101,12,83017.62,Latest Estimate,High
2026-07-01,CUST010,PRD0101,6,39239.23,SIOP Review,Medium
2026-08-01,CUST010,PRD0101,8,55719.05,Commercial Baseline,High
2026-09-01,CUST010,PRD0101,11,76113.45,Commercial Baseline,Medium
2026-10-01,CUST010,PRD0101,7,45611.52,Latest Estimate,Low
2026-11-01,CUST010,PRD0101,7,51408.8,SIOP Review,Medium
2026-12-01,CUST010,PRD0101,8,53671.05,Latest Estimate,Low
2025-07-01,CUST010,PRD0042,4,18608.12,Latest Estimate,Low
2025-08-01,CUST010,PRD0042,3,15323.29,SIOP Review,Medium
2025-09-01,CUST010,PRD0042,6,30591.06,Commercial Baseline,Medium
2025-10-01,CUST010,PRD0042,6,29185.47,Commercial Baseline,Medium
2025-11-01,CUST010,PRD0042,5,25597.73,Commercial Baseline,Medium
2025-12-01,CUST010,PRD0042,3,13997.75,Latest Estimate,High
2026-01-01,CUST010,PRD0042,18,84993.52,Commercial Baseline,Medium
2026-02-01,CUST010,PRD0042,4,18710.02,Latest Estimate,Medium
2026-03-01,CUST010,PRD0042,6,30560.61,SIOP Review,Medium
2026-04-01,CUST010,PRD0042,7,34524.74,Commercial Baseline,Medium
2026-05-01,CUST010,PRD0042,5,23969.48,Latest Estimate,High
2026-06-01,CUST010,PRD0042,4,19364.67,Latest Estimate,High
2026-07-01,CUST010,PRD0042,6,29817.81,SIOP Review,Medium
2026-08-01,CUST010,PRD0042,2,10271.48,Latest Estimate,Medium
2026-09-01,CUST010,PRD0042,8,41261.39,SIOP Review,Medium
2026-10-01,CUST010,PRD0042,7,32316.26,Latest Estimate,Low
2026-11-01,CUST010,PRD0042,4,20121.08,Latest Estimate,Medium
2026-12-01,CUST010,PRD0042,3,15487.08,Commercial Baseline,High
2025-07-01,CUST010,PRD0031,0,0.0,Commercial Baseline,Medium
2025-08-01,CUST010,PRD0031,0,0.0,SIOP Review,High
2025-09-01,CUST010,PRD0031,0,0.0,Latest Estimate,Medium
2025-10-01,CUST010,PRD0031,0,0.0,Latest Estimate,Medium
2025-11-01,CUST010,PRD0031,0,0.0,SIOP Review,Medium
2025-12-01,CUST010,PRD0031,0,0.0,SIOP Review,Medium
2026-01-01,CUST010,PRD0031,0,0.0,Latest Estimate,Medium
2026-02-01,CUST010,PRD0031,0,0.0,Commercial Baseline,High
2026-03-01,CUST010,PRD0031,0,0.0,Commercial Baseline,Low
2026-04-01,CUST010,PRD0031,7,76814.97,Commercial Baseline,Medium
2026-05-01,CUST010,PRD0031,0,0.0,Commercial Baseline,Medium
2026-06-01,CUST010,PRD0031,0,0.0,Latest Estimate,Medium
2026-07-01,CUST010,PRD0031,0,0.0,SIOP Review,Medium
2026-08-01,CUST010,PRD0031,0,0.0,Latest Estimate,Medium
2026-09-01,CUST010,PRD0031,0,0.0,Commercial Baseline,Medium
2026-10-01,CUST010,PRD0031,0,0.0,Commercial Baseline,Low
2026-11-01,CUST010,PRD0031,0,0.0,SIOP Review,Medium
2026-12-01,CUST010,PRD0031,0,0.0,SIOP Review,Medium
2025-07-01,CUST010,PRD0097,3,2677.56,SIOP Review,Medium
2025-08-01,CUST010,PRD0097,1,817.16,Commercial Baseline,Medium
2025-09-01,CUST010,PRD0097,2,1581.78,Commercial Baseline,Low
2025-10-01,CUST010,PRD0097,11,9671.11,Commercial Baseline,Medium
2025-11-01,CUST010,PRD0097,4,3304.95,SIOP Review,Low
2025-12-01,CUST010,PRD0097,1,883.7,SIOP Review,Medium
2026-01-01,CUST010,PRD0097,3,2452.66,SIOP Review,Medium
2026-02-01,CUST010,PRD0097,3,2502.17,Commercial Baseline,Medium
2026-03-01,CUST010,PRD0097,0,0.0,SIOP Review,Medium
2026-04-01,CUST010,PRD0097,5,4003.56,Latest Estimate,Low
2026-05-01,CUST010,PRD0097,2,1685.56,SIOP Review,High
2026-06-01,CUST010,PRD0097,3,2634.45,Commercial Baseline,Low
2026-07-01,CUST010,PRD0097,1,808.66,Latest Estimate,Medium
2026-08-01,CUST010,PRD0097,1,888.78,Latest Estimate,High
2026-09-01,CUST010,PRD0097,4,3424.99,Commercial Baseline,Medium
2026-10-01,CUST010,PRD0097,4,3326.37,Latest Estimate,Medium
2026-11-01,CUST010,PRD0097,4,3351.71,Latest Estimate,High
2026-12-01,CUST010,PRD0097,4,3244.18,Latest Estimate,Low
2025-07-01,CUST010,PRD0103,3,24767.11,Latest Estimate,High
2025-08-01,CUST010,PRD0103,5,40216.48,Latest Estimate,High
2025-09-01,CUST010,PRD0103,5,38451.42,Commercial Baseline,Medium
2025-10-01,CUST010,PRD0103,19,152469.73,Latest Estimate,High
2025-11-01,CUST010,PRD0103,0,0.0,SIOP Review,High
2025-12-01,CUST010,PRD0103,3,23494.47,SIOP Review,Medium
2026-01-01,CUST010,PRD0103,2,16532.03,Commercial Baseline,Medium
2026-02-01,CUST010,PRD0103,1,8083.65,Latest Estimate,High
2026-03-01,CUST010,PRD0103,4,31692.27,Latest Estimate,Low
2026-04-01,CUST010,PRD0103,14,102866.84,SIOP Review,Low
2026-05-01,CUST010,PRD0103,0,0.0,Commercial Baseline,High
2026-06-01,CUST010,PRD0103,4,29849.43,Commercial Baseline,High
2026-07-01,CUST010,PRD0103,5,39337.42,SIOP Review,High
2026-08-01,CUST010,PRD0103,4,32299.09,Latest Estimate,Medium
2026-09-01,CUST010,PRD0103,6,43955.51,SIOP Review,Medium
2026-10-01,CUST010,PRD0103,2,14631.13,Latest Estimate,High
2026-11-01,CUST010,PRD0103,2,15929.83,SIOP Review,High
2026-12-01,CUST010,PRD0103,6,47260.21,SIOP Review,Medium
2025-07-01,CUST010,PRD0052,2,21008.82,Commercial Baseline,Low
2025-08-01,CUST010,PRD0052,2,21675.57,Latest Estimate,Medium
2025-09-01,CUST010,PRD0052,17,181083.61,Latest Estimate,Medium
2025-10-01,CUST010,PRD0052,4,42961.66,Latest Estimate,Medium
2025-11-01,CUST010,PRD0052,5,51257.63,Commercial Baseline,Medium
2025-12-01,CUST010,PRD0052,2,21363.56,SIOP Review,Medium
2026-01-01,CUST010,PRD0052,2,22462.65,Latest Estimate,High
2026-02-01,CUST010,PRD0052,9,97072.33,Commercial Baseline,Low
2026-03-01,CUST010,PRD0052,16,177657.94,Latest Estimate,Low
2026-04-01,CUST010,PRD0052,3,33001.67,SIOP Review,Low
2026-05-01,CUST010,PRD0052,12,119014.33,Commercial Baseline,Medium
2026-06-01,CUST010,PRD0052,3,31680.01,SIOP Review,Medium
2026-07-01,CUST010,PRD0052,4,43921.68,SIOP Review,Low
2026-08-01,CUST010,PRD0052,2,20270.77,SIOP Review,Medium
2026-09-01,CUST010,PRD0052,2,20401.84,Latest Estimate,Medium
2026-10-01,CUST010,PRD0052,4,40763.2,Latest Estimate,High
2026-11-01,CUST010,PRD0052,3,31918.95,Commercial Baseline,High
2026-12-01,CUST010,PRD0052,3,32301.12,Commercial Baseline,Medium
2025-07-01,CUST010,PRD0027,3,21146.88,SIOP Review,Medium
2025-08-01,CUST010,PRD0027,1,6501.26,SIOP Review,Medium
2025-09-01,CUST010,PRD0027,2,12854.62,Commercial Baseline,Medium
2025-10-01,CUST010,PRD0027,2,14034.39,SIOP Review,Low
2025-11-01,CUST010,PRD0027,3,20435.3,Latest Estimate,High
2025-12-01,CUST010,PRD0027,6,41247.72,SIOP Review,Low
2026-01-01,CUST010,PRD0027,0,0.0,Latest Estimate,Medium
2026-02-01,CUST010,PRD0027,1,6403.16,SIOP Review,Medium
2026-03-01,CUST010,PRD0027,2,14169.43,Commercial Baseline,Medium
2026-04-01,CUST010,PRD0027,3,20268.34,Latest Estimate,High
2026-05-01,CUST010,PRD0027,4,28047.99,SIOP Review,High
2026-06-01,CUST010,PRD0027,2,13324.48,SIOP Review,Low
2026-07-01,CUST010,PRD0027,1,6540.76,Commercial Baseline,Low
2026-08-01,CUST010,PRD0027,9,59712.41,SIOP Review,High
2026-09-01,CUST010,PRD0027,2,12792.8,Commercial Baseline,Low
2026-10-01,CUST010,PRD0027,4,26610.01,Latest Estimate,High
2026-11-01,CUST010,PRD0027,0,0.0,Latest Estimate,Medium
2026-12-01,CUST010,PRD0027,1,6701.55,SIOP Review,Medium
2025-07-01,CUST010,PRD0073,14,420935.06,Commercial Baseline,Medium
2025-08-01,CUST010,PRD0073,1,30435.08,Commercial Baseline,Medium
2025-09-01,CUST010,PRD0073,0,0.0,SIOP Review,High
2025-10-01,CUST010,PRD0073,0,0.0,SIOP Review,High
2025-11-01,CUST010,PRD0073,1,33064.83,SIOP Review,Medium
2025-12-01,CUST010,PRD0073,0,0.0,Latest Estimate,Medium
2026-01-01,CUST010,PRD0073,0,0.0,Latest Estimate,Medium
2026-02-01,CUST010,PRD0073,2,66772.95,Latest Estimate,High
2026-03-01,CUST010,PRD0073,0,0.0,SIOP Review,Medium
2026-04-01,CUST010,PRD0073,0,0.0,Latest Estimate,Medium
2026-05-01,CUST010,PRD0073,0,0.0,SIOP Review,Low
2026-06-01,CUST010,PRD0073,0,0.0,Commercial Baseline,High
2026-07-01,CUST010,PRD0073,0,0.0,Latest Estimate,Low
2026-08-01,CUST010,PRD0073,0,0.0,SIOP Review,Medium
2026-09-01,CUST010,PRD0073,13,437614.83,Commercial Baseline,Low
2026-10-01,CUST010,PRD0073,0,0.0,Latest Estimate,Low
2026-11-01,CUST010,PRD0073,1,30999.95,Commercial Baseline,Medium
2026-12-01,CUST010,PRD0073,0,0.0,Latest Estimate,High
2025-07-01,CUST010,PRD0104,2,12110.5,Commercial Baseline,Low
2025-08-01,CUST010,PRD0104,1,6380.01,SIOP Review,Medium
2025-09-01,CUST010,PRD0104,3,18273.38,SIOP Review,High
2025-10-01,CUST010,PRD0104,2,11858.68,SIOP Review,Medium
2025-11-01,CUST010,PRD0104,1,5690.49,Commercial Baseline,Medium
2025-12-01,CUST010,PRD0104,2,11583.84,Latest Estimate,Medium
2026-01-01,CUST010,PRD0104,17,109488.93,Latest Estimate,High
2026-02-01,CUST010,PRD0104,0,0.0,Commercial Baseline,Medium
2026-03-01,CUST010,PRD0104,3,18345.74,Commercial Baseline,Medium
2026-04-01,CUST010,PRD0104,1,5968.15,Commercial Baseline,High
2026-05-01,CUST010,PRD0104,1,6149.44,SIOP Review,Medium
2026-06-01,CUST010,PRD0104,0,0.0,Latest Estimate,Medium
2026-07-01,CUST010,PRD0104,3,17806.13,SIOP Review,Low
2026-08-01,CUST010,PRD0104,0,0.0,Commercial Baseline,High
2026-09-01,CUST010,PRD0104,1,5821.38,Commercial Baseline,Medium
2026-10-01,CUST010,PRD0104,3,19329.16,SIOP Review,Low
2026-11-01,CUST010,PRD0104,3,17163.16,Latest Estimate,Low
2026-12-01,CUST010,PRD0104,1,6332.58,Commercial Baseline,Medium
2025-07-01,CUST010,PRD0065,7,10979.12,Commercial Baseline,Medium
2025-08-01,CUST010,PRD0065,14,20507.94,Latest Estimate,Medium
2025-09-01,CUST010,PRD0065,14,22584.12,Latest Estimate,Medium
2025-10-01,CUST010,PRD0065,6,9513.57,Latest Estimate,Medium
2025-11-01,CUST010,PRD0065,6,9089.41,Commercial Baseline,Medium
2025-12-01,CUST010,PRD0065,15,22061.97,Latest Estimate,Medium
2026-01-01,CUST010,PRD0065,8,11951.95,Commercial Baseline,Low
2026-02-01,CUST010,PRD0065,11,17017.18,Latest Estimate,High
2026-03-01,CUST010,PRD0065,10,15300.64,Latest Estimate,High
2026-04-01,CUST010,PRD0065,6,9058.81,SIOP Review,High
2026-05-01,CUST010,PRD0065,14,20600.46,Commercial Baseline,Medium
2026-06-01,CUST010,PRD0065,7,10782.82,SIOP Review,High
2026-07-01,CUST010,PRD0065,6,9484.31,SIOP Review,Medium
2026-08-01,CUST010,PRD0065,10,14619.51,SIOP Review,Medium
2026-09-01,CUST010,PRD0065,26,40479.31,Latest Estimate,Medium
2026-10-01,CUST010,PRD0065,7,10812.34,Commercial Baseline,High
2026-11-01,CUST010,PRD0065,9,12945.28,Commercial Baseline,Low
2026-12-01,CUST010,PRD0065,9,13728.85,Commercial Baseline,Medium
2025-07-01,CUST010,PRD0091,3,2446.6,Commercial Baseline,High
2025-08-01,CUST010,PRD0091,0,0.0,Commercial Baseline,Low
2025-09-01,CUST010,PRD0091,0,0.0,SIOP Review,Medium
2025-10-01,CUST010,PRD0091,9,7086.0,Commercial Baseline,High
2025-11-01,CUST010,PRD0091,2,1632.92,Latest Estimate,Low
2025-12-01,CUST010,PRD0091,2,1624.81,Latest Estimate,Medium
2026-01-01,CUST010,PRD0091,1,766.58,SIOP Review,Medium
2026-02-01,CUST010,PRD0091,0,0.0,Commercial Baseline,Medium
2026-03-01,CUST010,PRD0091,1,792.36,Commercial Baseline,High
2026-04-01,CUST010,PRD0091,0,0.0,Commercial Baseline,Medium
2026-05-01,CUST010,PRD0091,0,0.0,Latest Estimate,Medium
2026-06-01,CUST010,PRD0091,9,7269.54,Commercial Baseline,Medium
2026-07-01,CUST010,PRD0091,0,0.0,SIOP Review,Medium
2026-08-01,CUST010,PRD0091,1,850.13,Latest Estimate,Medium
2026-09-01,CUST010,PRD0091,0,0.0,Latest Estimate,Low
2026-10-01,CUST010,PRD0091,1,769.97,SIOP Review,Medium
2026-11-01,CUST010,PRD0091,0,0.0,Commercial Baseline,Medium
2026-12-01,CUST010,PRD0091,0,0.0,Commercial Baseline,Low
2025-07-01,CUST010,PRD0047,1,6588.19,Latest Estimate,Medium
2025-08-01,CUST010,PRD0047,0,0.0,Latest Estimate,Medium
2025-09-01,CUST010,PRD0047,0,0.0,SIOP Review,High
2025-10-01,CUST010,PRD0047,8,51574.25,SIOP Review,Medium
2025-11-01,CUST010,PRD0047,1,6147.15,Commercial Baseline,Low
2025-12-01,CUST010,PRD0047,0,0.0,Commercial Baseline,Low
2026-01-01,CUST010,PRD0047,0,0.0,Commercial Baseline,High
2026-02-01,CUST010,PRD0047,0,0.0,Commercial Baseline,Medium
2026-03-01,CUST010,PRD0047,0,0.0,Latest Estimate,Medium
2026-04-01,CUST010,PRD0047,0,0.0,Latest Estimate,High
2026-05-01,CUST010,PRD0047,1,5985.86,Latest Estimate,Medium
2026-06-01,CUST010,PRD0047,0,0.0,SIOP Review,Low
2026-07-01,CUST010,PRD0047,0,0.0,Latest Estimate,Medium
2026-08-01,CUST010,PRD0047,0,0.0,Latest Estimate,Low
2026-09-01,CUST010,PRD0047,0,0.0,Latest Estimate,Low
2026-10-01,CUST010,PRD0047,1,6505.85,Commercial Baseline,Medium
2026-11-01,CUST010,PRD0047,0,0.0,Commercial Baseline,Low
2026-12-01,CUST010,PRD0047,0,0.0,SIOP Review,High
2025-07-01,CUST010,PRD0044,3,101162.89,Commercial Baseline,Medium
2025-08-01,CUST010,PRD0044,3,104746.06,Commercial Baseline,Low
2025-09-01,CUST010,PRD0044,8,275263.97,Latest Estimate,Medium
2025-10-01,CUST010,PRD0044,5,164178.37,Commercial Baseline,Medium
2025-11-01,CUST010,PRD0044,6,192784.07,Commercial Baseline,Medium
2025-12-01,CUST010,PRD0044,17,595232.13,Commercial Baseline,High
2026-01-01,CUST010,PRD0044,7,239792.57,SIOP Review,Medium
2026-02-01,CUST010,PRD0044,5,163111.8,Latest Estimate,Medium
2026-03-01,CUST010,PRD0044,7,234812.5,Commercial Baseline,Medium
2026-04-01,CUST010,PRD0044,1,35274.13,Commercial Baseline,Low
2026-05-01,CUST010,PRD0044,2,64507.56,SIOP Review,Medium
2026-06-01,CUST010,PRD0044,4,126038.47,SIOP Review,High
2026-07-01,CUST010,PRD0044,7,232949.59,Commercial Baseline,Medium
2026-08-01,CUST010,PRD0044,8,264438.26,Commercial Baseline,High
2026-09-01,CUST010,PRD0044,7,231329.77,Latest Estimate,Medium
2026-10-01,CUST010,PRD0044,8,282290.33,Commercial Baseline,High
2026-11-01,CUST010,PRD0044,4,140671.58,Commercial Baseline,Low
2026-12-01,CUST010,PRD0044,3,102944.64,SIOP Review,High
2025-07-01,CUST010,PRD0004,12,73301.84,Latest Estimate,Medium
2025-08-01,CUST010,PRD0004,8,52069.64,SIOP Review,Medium
2025-09-01,CUST010,PRD0004,11,73729.24,SIOP Review,High
2025-10-01,CUST010,PRD0004,14,92509.11,Commercial Baseline,Medium
2025-11-01,CUST010,PRD0004,11,69821.6,Latest Estimate,Medium
2025-12-01,CUST010,PRD0004,7,44692.54,SIOP Review,High
2026-01-01,CUST010,PRD0004,8,53527.25,Commercial Baseline,Low
2026-02-01,CUST010,PRD0004,10,61425.13,SIOP Review,Low
2026-03-01,CUST010,PRD0004,26,170320.06,Latest Estimate,Medium
2026-04-01,CUST010,PRD0004,15,97551.33,SIOP Review,Medium
2026-05-01,CUST010,PRD0004,12,79571.95,SIOP Review,Medium
2026-06-01,CUST010,PRD0004,3,19135.39,SIOP Review,Low
2026-07-01,CUST010,PRD0004,8,49794.44,SIOP Review,Medium
2026-08-01,CUST010,PRD0004,2,13462.13,SIOP Review,Low
2026-09-01,CUST010,PRD0004,7,45912.48,Latest Estimate,Medium
2026-10-01,CUST010,PRD0004,12,80557.38,Commercial Baseline,Medium
2026-11-01,CUST010,PRD0004,11,72423.16,SIOP Review,Medium
2026-12-01,CUST010,PRD0004,9,60471.46,Commercial Baseline,Low
2025-07-01,CUST010,PRD0018,0,0.0,Commercial Baseline,Low
2025-08-01,CUST010,PRD0018,0,0.0,Commercial Baseline,Medium
2025-09-01,CUST010,PRD0018,0,0.0,Latest Estimate,Low
2025-10-01,CUST010,PRD0018,1,1109.79,SIOP Review,High
2025-11-01,CUST010,PRD0018,0,0.0,SIOP Review,Low
2025-12-01,CUST010,PRD0018,1,1185.98,Latest Estimate,Low
2026-01-01,CUST010,PRD0018,0,0.0,Latest Estimate,Low
2026-02-01,CUST010,PRD0018,0,0.0,Latest Estimate,Low
2026-03-01,CUST010,PRD0018,1,1141.33,Commercial Baseline,High
2026-04-01,CUST010,PRD0018,0,0.0,Latest Estimate,Medium
2026-05-01,CUST010,PRD0018,0,0.0,SIOP Review,Medium
2026-06-01,CUST010,PRD0018,1,1130.75,SIOP Review,Low
2026-07-01,CUST010,PRD0018,0,0.0,Latest Estimate,Medium
2026-08-01,CUST010,PRD0018,1,1181.78,Latest Estimate,High
2026-09-01,CUST010,PRD0018,0,0.0,Latest Estimate,High
2026-10-01,CUST010,PRD0018,0,0.0,Commercial Baseline,Medium
2026-11-01,CUST010,PRD0018,1,1088.97,SIOP Review,High
2026-12-01,CUST010,PRD0018,6,7094.22,SIOP Review,Medium
2025-07-01,CUST010,PRD0098,5,7068.78,Latest Estimate,Low
2025-08-01,CUST010,PRD0098,4,5732.6,Latest Estimate,High
2025-09-01,CUST010,PRD0098,1,1417.52,Commercial Baseline,Medium
2025-10-01,CUST010,PRD0098,6,7709.72,Latest Estimate,Medium
2025-11-01,CUST010,PRD0098,3,4238.79,Commercial Baseline,Medium
2025-12-01,CUST010,PRD0098,3,3806.7,Commercial Baseline,Medium
2026-01-01,CUST010,PRD0098,5,7082.79,Commercial Baseline,Medium
2026-02-01,CUST010,PRD0098,1,1399.93,Commercial Baseline,Medium
2026-03-01,CUST010,PRD0098,6,8154.59,Latest Estimate,Medium
2026-04-01,CUST010,PRD0098,5,7067.1,Commercial Baseline,Medium
2026-05-01,CUST010,PRD0098,3,3918.25,Latest Estimate,Low
2026-06-01,CUST010,PRD0098,4,5284.99,SIOP Review,Medium
2026-07-01,CUST010,PRD0098,2,2617.95,Commercial Baseline,Low
2026-08-01,CUST010,PRD0098,4,5724.96,Commercial Baseline,Medium
2026-09-01,CUST010,PRD0098,4,5131.93,SIOP Review,Medium
2026-10-01,CUST010,PRD0098,18,24569.67,Commercial Baseline,Low
2026-11-01,CUST010,PRD0098,3,4286.3,Latest Estimate,Medium
2026-12-01,CUST010,PRD0098,1,1339.05,SIOP Review,Low
2025-07-01,CUST010,PRD0034,5,50174.03,SIOP Review,Medium
2025-08-01,CUST010,PRD0034,5,49253.83,Commercial Baseline,Low
2025-09-01,CUST010,PRD0034,9,81218.45,Latest Estimate,Low
2025-10-01,CUST010,PRD0034,6,59593.29,Latest Estimate,Medium
2025-11-01,CUST010,PRD0034,12,112263.95,Commercial Baseline,Medium
2025-12-01,CUST010,PRD0034,4,40153.6,SIOP Review,Medium
2026-01-01,CUST010,PRD0034,6,60630.08,SIOP Review,Medium
2026-02-01,CUST010,PRD0034,4,39948.64,Commercial Baseline,Low
2026-03-01,CUST010,PRD0034,5,46031.28,Latest Estimate,Medium
2026-04-01,CUST010,PRD0034,6,54057.01,Commercial Baseline,High
2026-05-01,CUST010,PRD0034,6,59222.99,Latest Estimate,Low
2026-06-01,CUST010,PRD0034,4,39262.3,Commercial Baseline,Low
2026-07-01,CUST010,PRD0034,3,27996.12,Latest Estimate,Medium
2026-08-01,CUST010,PRD0034,3,27475.54,Latest Estimate,High
2026-09-01,CUST010,PRD0034,6,57588.7,Latest Estimate,Medium
2026-10-01,CUST010,PRD0034,3,28404.95,Latest Estimate,Medium
2026-11-01,CUST010,PRD0034,4,39750.38,Latest Estimate,Medium
2026-12-01,CUST010,PRD0034,4,39184.58,Latest Estimate,Low
2025-07-01,CUST010,PRD0017,5,32432.83,SIOP Review,Medium
2025-08-01,CUST010,PRD0017,9,59579.31,SIOP Review,High
2025-09-01,CUST010,PRD0017,11,74186.2,SIOP Review,Medium
2025-10-01,CUST010,PRD0017,7,45139.72,SIOP Review,Medium
2025-11-01,CUST010,PRD0017,10,65539.63,SIOP Review,Medium
2025-12-01,CUST010,PRD0017,4,27273.62,SIOP Review,Medium
2026-01-01,CUST010,PRD0017,7,46895.77,Commercial Baseline,Medium
2026-02-01,CUST010,PRD0017,9,56672.83,SIOP Review,High
2026-03-01,CUST010,PRD0017,8,52740.74,Commercial Baseline,High
2026-04-01,CUST010,PRD0017,7,44136.07,Commercial Baseline,Medium
2026-05-01,CUST010,PRD0017,11,78170.23,Commercial Baseline,High
2026-06-01,CUST010,PRD0017,9,60594.03,SIOP Review,Low
2026-07-01,CUST010,PRD0017,10,66921.19,SIOP Review,High
2026-08-01,CUST010,PRD0017,5,34595.63,Latest Estimate,Medium
2026-09-01,CUST010,PRD0017,12,81796.35,SIOP Review,High
2026-10-01,CUST010,PRD0017,9,58459.42,Commercial Baseline,Medium
2026-11-01,CUST010,PRD0017,9,59328.44,Commercial Baseline,High
2026-12-01,CUST010,PRD0017,5,34548.43,SIOP Review,Medium
2025-07-01,CUST010,PRD0069,9,66645.59,Commercial Baseline,High
2025-08-01,CUST010,PRD0069,1,7235.28,Latest Estimate,High
2025-09-01,CUST010,PRD0069,0,0.0,SIOP Review,High
2025-10-01,CUST010,PRD0069,0,0.0,Commercial Baseline,High
2025-11-01,CUST010,PRD0069,2,13916.58,SIOP Review,High
2025-12-01,CUST010,PRD0069,11,77912.74,Commercial Baseline,Medium
2026-01-01,CUST010,PRD0069,0,0.0,SIOP Review,Medium
2026-02-01,CUST010,PRD0069,1,7354.13,Latest Estimate,Medium
2026-03-01,CUST010,PRD0069,0,0.0,Commercial Baseline,Medium
2026-04-01,CUST010,PRD0069,0,0.0,Commercial Baseline,Low
2026-05-01,CUST010,PRD0069,1,7170.88,Commercial Baseline,Low
2026-06-01,CUST010,PRD0069,0,0.0,Commercial Baseline,Low
2026-07-01,CUST010,PRD0069,2,13568.03,Latest Estimate,Medium
2026-08-01,CUST010,PRD0069,2,14760.28,SIOP Review,Medium
2026-09-01,CUST010,PRD0069,0,0.0,Commercial Baseline,Medium
2026-10-01,CUST010,PRD0069,1,7305.56,Commercial Baseline,Medium
2026-11-01,CUST010,PRD0069,17,118356.75,SIOP Review,Medium
2026-12-01,CUST010,PRD0069,0,0.0,Latest Estimate,Low
2025-07-01,CUST010,PRD0048,9,58545.09,Commercial Baseline,High
2025-08-01,CUST010,PRD0048,14,91227.29,SIOP Review,High
2025-09-01,CUST010,PRD0048,13,84222.96,Latest Estimate,Medium
2025-10-01,CUST010,PRD0048,13,82376.03,Latest Estimate,Medium
2025-11-01,CUST010,PRD0048,7,42753.59,Commercial Baseline,High
2025-12-01,CUST010,PRD0048,13,88052.69,Latest Estimate,Medium
2026-01-01,CUST010,PRD0048,18,111739.7,SIOP Review,Medium
2026-02-01,CUST010,PRD0048,10,69188.11,Latest Estimate,High
2026-03-01,CUST010,PRD0048,13,83368.91,Commercial Baseline,Low
2026-04-01,CUST010,PRD0048,14,91458.39,SIOP Review,Medium
2026-05-01,CUST010,PRD0048,9,58249.32,Latest Estimate,Medium
2026-06-01,CUST010,PRD0048,9,61065.68,Latest Estimate,Low
2026-07-01,CUST010,PRD0048,15,95588.79,Commercial Baseline,Medium
2026-08-01,CUST010,PRD0048,8,52111.78,Commercial Baseline,Medium
2026-09-01,CUST010,PRD0048,10,67961.15,Latest Estimate,High
2026-10-01,CUST010,PRD0048,14,87124.04,Commercial Baseline,High
2026-11-01,CUST010,PRD0048,15,96999.32,SIOP Review,Medium
2026-12-01,CUST010,PRD0048,15,100804.6,Commercial Baseline,Medium
2025-07-01,CUST010,PRD0111,2,21797.45,SIOP Review,Medium
2025-08-01,CUST010,PRD0111,0,0.0,SIOP Review,Medium
2025-09-01,CUST010,PRD0111,0,0.0,Commercial Baseline,Medium
2025-10-01,CUST010,PRD0111,2,21636.64,Latest Estimate,Medium
2025-11-01,CUST010,PRD0111,1,11880.77,SIOP Review,Medium
2025-12-01,CUST010,PRD0111,10,112804.23,Latest Estimate,Medium
2026-01-01,CUST010,PRD0111,1,11593.44,Latest Estimate,High
2026-02-01,CUST010,PRD0111,1,10681.82,Commercial Baseline,Low
2026-03-01,CUST010,PRD0111,2,21394.81,SIOP Review,Medium
2026-04-01,CUST010,PRD0111,0,0.0,Commercial Baseline,Low
2026-05-01,CUST010,PRD0111,0,0.0,SIOP Review,High
2026-06-01,CUST010,PRD0111,12,133655.19,Commercial Baseline,High
2026-07-01,CUST010,PRD0111,0,0.0,Latest Estimate,Medium
2026-08-01,CUST010,PRD0111,1,10918.01,Latest Estimate,Medium
2026-09-01,CUST010,PRD0111,0,0.0,SIOP Review,Low
2026-10-01,CUST010,PRD0111,3,35120.71,SIOP Review,High
2026-11-01,CUST010,PRD0111,1,11464.36,Commercial Baseline,Medium
2026-12-01,CUST010,PRD0111,0,0.0,SIOP Review,High
2025-07-01,CUST010,PRD0006,1,9643.45,Latest Estimate,Medium
2025-08-01,CUST010,PRD0006,1,10317.2,Latest Estimate,Low
2025-09-01,CUST010,PRD0006,2,19847.67,SIOP Review,Medium
2025-10-01,CUST010,PRD0006,3,30461.78,Latest Estimate,High
2025-11-01,CUST010,PRD0006,0,0.0,Commercial Baseline,High
2025-12-01,CUST010,PRD0006,3,28246.14,Commercial Baseline,Medium
2026-01-01,CUST010,PRD0006,2,20949.82,Latest Estimate,Low
2026-02-01,CUST010,PRD0006,3,29504.74,SIOP Review,Medium
2026-03-01,CUST010,PRD0006,1,10081.12,SIOP Review,Low
2026-04-01,CUST010,PRD0006,2,20313.05,Commercial Baseline,High
2026-05-01,CUST010,PRD0006,1,10129.12,Latest Estimate,Medium
2026-06-01,CUST010,PRD0006,0,0.0,Latest Estimate,Medium
2026-07-01,CUST010,PRD0006,2,20775.65,Latest Estimate,High
2026-08-01,CUST010,PRD0006,6,63091.54,Commercial Baseline,Medium
2026-09-01,CUST010,PRD0006,3,28326.93,Commercial Baseline,Low
2026-10-01,CUST010,PRD0006,5,47882.92,Latest Estimate,Medium
2026-11-01,CUST010,PRD0006,0,0.0,SIOP Review,High
2026-12-01,CUST010,PRD0006,3,31113.98,Commercial Baseline,Low
2025-07-01,CUST010,PRD0011,0,0.0,SIOP Review,Low
2025-08-01,CUST010,PRD0011,1,41408.24,Commercial Baseline,Low
2025-09-01,CUST010,PRD0011,11,433500.36,Latest Estimate,Medium
2025-10-01,CUST010,PRD0011,0,0.0,Commercial Baseline,Medium
2025-11-01,CUST010,PRD0011,0,0.0,SIOP Review,Low
2025-12-01,CUST010,PRD0011,0,0.0,SIOP Review,Low
2026-01-01,CUST010,PRD0011,0,0.0,Commercial Baseline,Medium
2026-02-01,CUST010,PRD0011,1,41423.91,Commercial Baseline,High
2026-03-01,CUST010,PRD0011,0,0.0,SIOP Review,Medium
2026-04-01,CUST010,PRD0011,0,0.0,SIOP Review,High
2026-05-01,CUST010,PRD0011,0,0.0,Latest Estimate,Low
2026-06-01,CUST010,PRD0011,0,0.0,SIOP Review,Low
2026-07-01,CUST010,PRD0011,2,82122.13,Commercial Baseline,Medium
2026-08-01,CUST010,PRD0011,0,0.0,SIOP Review,Medium
2026-09-01,CUST010,PRD0011,0,0.0,SIOP Review,Medium
2026-10-01,CUST010,PRD0011,0,0.0,Commercial Baseline,Medium
2026-11-01,CUST010,PRD0011,0,0.0,Commercial Baseline,Medium
2026-12-01,CUST010,PRD0011,1,40771.21,Commercial Baseline,Medium
2025-07-01,CUST010,PRD0096,11,15908.99,SIOP Review,High
2025-08-01,CUST010,PRD0096,1,1482.39,SIOP Review,High
2025-09-01,CUST010,PRD0096,8,12520.4,Latest Estimate,Low
2025-10-01,CUST010,PRD0096,3,4249.41,SIOP Review,Medium
2025-11-01,CUST010,PRD0096,1,1439.04,Commercial Baseline,Medium
2025-12-01,CUST010,PRD0096,1,1491.41,Latest Estimate,Low
2026-01-01,CUST010,PRD0096,1,1517.43,SIOP Review,Medium
2026-02-01,CUST010,PRD0096,2,2909.68,Latest Estimate,Medium
2026-03-01,CUST010,PRD0096,6,8942.8,SIOP Review,High
2026-04-01,CUST010,PRD0096,1,1482.22,Commercial Baseline,Medium
2026-05-01,CUST010,PRD0096,3,4600.36,Commercial Baseline,Medium
2026-06-01,CUST010,PRD0096,3,4565.8,Latest Estimate,Medium
2026-07-01,CUST010,PRD0096,1,1454.77,Commercial Baseline,Medium
2026-08-01,CUST010,PRD0096,2,2819.36,Latest Estimate,Medium
2026-09-01,CUST010,PRD0096,2,2827.72,SIOP Review,Medium
2026-10-01,CUST010,PRD0096,0,0.0,SIOP Review,Medium
2026-11-01,CUST010,PRD0096,15,21617.3,SIOP Review,Low
2026-12-01,CUST010,PRD0096,12,17554.43,SIOP Review,Low
2025-07-01,CUST010,PRD0005,3,14679.21,SIOP Review,Medium
2025-08-01,CUST010,PRD0005,11,57172.79,SIOP Review,Medium
2025-09-01,CUST010,PRD0005,4,21641.38,Latest Estimate,Low
2025-10-01,CUST010,PRD0005,3,14555.93,Commercial Baseline,High
2025-11-01,CUST010,PRD0005,2,10159.39,SIOP Review,Low
2025-12-01,CUST010,PRD0005,3,16003.66,Latest Estimate,Medium
2026-01-01,CUST010,PRD0005,3,14546.55,SIOP Review,Medium
2026-02-01,CUST010,PRD0005,3,15127.31,SIOP Review,Medium
2026-03-01,CUST010,PRD0005,6,29825.27,SIOP Review,Medium
2026-04-01,CUST010,PRD0005,5,25069.2,Commercial Baseline,High
2026-05-01,CUST010,PRD0005,4,19672.6,SIOP Review,Medium
2026-06-01,CUST010,PRD0005,3,15615.8,Commercial Baseline,Medium
2026-07-01,CUST010,PRD0005,5,27423.2,SIOP Review,Medium
2026-08-01,CUST010,PRD0005,2,10235.83,Latest Estimate,Medium
2026-09-01,CUST010,PRD0005,4,19495.48,Commercial Baseline,Medium
2026-10-01,CUST010,PRD0005,6,31711.06,Latest Estimate,High
2026-11-01,CUST010,PRD0005,2,10017.03,SIOP Review,Low
2026-12-01,CUST010,PRD0005,5,27095.46,Latest Estimate,Medium
2025-07-01,CUST010,PRD0026,1,11594.55,Latest Estimate,Medium
2025-08-01,CUST010,PRD0026,3,35072.78,SIOP Review,High
2025-09-01,CUST010,PRD0026,15,172069.28,Latest Estimate,Medium
2025-10-01,CUST010,PRD0026,2,23292.35,Commercial Baseline,Low
2025-11-01,CUST010,PRD0026,1,10977.79,Latest Estimate,Low
2025-12-01,CUST010,PRD0026,2,21195.32,Commercial Baseline,Medium
2026-01-01,CUST010,PRD0026,4,43599.68,SIOP Review,Medium
2026-02-01,CUST010,PRD0026,2,22717.61,SIOP Review,Low
2026-03-01,CUST010,PRD0026,1,11189.62,Commercial Baseline,Low
2026-04-01,CUST010,PRD0026,2,20628.67,Commercial Baseline,Low
2026-05-01,CUST010,PRD0026,2,22377.36,Latest Estimate,Low
2026-06-01,CUST010,PRD0026,2,22117.52,Commercial Baseline,Medium
2026-07-01,CUST010,PRD0026,2,23120.1,Latest Estimate,Medium
2026-08-01,CUST010,PRD0026,1,11220.67,Latest Estimate,Low
2026-09-01,CUST010,PRD0026,1,10484.91,SIOP Review,Medium
2026-10-01,CUST010,PRD0026,1,11292.61,SIOP Review,Medium
2026-11-01,CUST010,PRD0026,1,11538.02,SIOP Review,High
2026-12-01,CUST010,PRD0026,2,23097.88,SIOP Review,Medium
2025-07-01,CUST010,PRD0007,4,19699.46,SIOP Review,Low
2025-08-01,CUST010,PRD0007,0,0.0,Latest Estimate,Low
2025-09-01,CUST010,PRD0007,2,9429.81,Commercial Baseline,Low
2025-10-01,CUST010,PRD0007,3,15444.85,Commercial Baseline,Medium
2025-11-01,CUST010,PRD0007,2,10009.5,Latest Estimate,High
2025-12-01,CUST010,PRD0007,1,4683.7,SIOP Review,High
2026-01-01,CUST010,PRD0007,0,0.0,Latest Estimate,Medium
2026-02-01,CUST010,PRD0007,2,10542.15,SIOP Review,Low
2026-03-01,CUST010,PRD0007,1,5088.54,SIOP Review,Medium
2026-04-01,CUST010,PRD0007,1,5223.85,SIOP Review,High
2026-05-01,CUST010,PRD0007,1,5255.16,Latest Estimate,High
2026-06-01,CUST010,PRD0007,2,9900.56,Latest Estimate,Low
2026-07-01,CUST010,PRD0007,14,69685.17,Commercial Baseline,Medium
2026-08-01,CUST010,PRD0007,2,9580.34,Commercial Baseline,Medium
2026-09-01,CUST010,PRD0007,2,10475.5,Latest Estimate,Medium
2026-10-01,CUST010,PRD0007,4,20008.19,SIOP Review,Medium
2026-11-01,CUST010,PRD0007,0,0.0,SIOP Review,Medium
2026-12-01,CUST010,PRD0007,2,9280.08,Latest Estimate,Medium
2025-07-01,CUST010,PRD0110,1,6094.41,Commercial Baseline,Medium
2025-08-01,CUST010,PRD0110,1,6448.07,Latest Estimate,High
2025-09-01,CUST010,PRD0110,0,0.0,Commercial Baseline,Medium
2025-10-01,CUST010,PRD0110,0,0.0,Commercial Baseline,Medium
2025-11-01,CUST010,PRD0110,0,0.0,Commercial Baseline,Low
2025-12-01,CUST010,PRD0110,2,12729.74,SIOP Review,Low
2026-01-01,CUST010,PRD0110,0,0.0,Latest Estimate,Low
2026-02-01,CUST010,PRD0110,1,6076.49,Latest Estimate,Low
2026-03-01,CUST010,PRD0110,0,0.0,Commercial Baseline,High
2026-04-01,CUST010,PRD0110,1,6623.11,Commercial Baseline,Medium
2026-05-01,CUST010,PRD0110,0,0.0,Commercial Baseline,Medium
2026-06-01,CUST010,PRD0110,0,0.0,Latest Estimate,High
2026-07-01,CUST010,PRD0110,1,6571.48,Latest Estimate,Low
2026-08-01,CUST010,PRD0110,1,6127.87,SIOP Review,Medium
2026-09-01,CUST010,PRD0110,0,0.0,Commercial Baseline,Medium
2026-10-01,CUST010,PRD0110,14,87280.21,Latest Estimate,High
2026-11-01,CUST010,PRD0110,2,13241.45,SIOP Review,High
2026-12-01,CUST010,PRD0110,1,5971.94,Latest Estimate,Low
2025-07-01,CUST010,PRD0023,16,74947.47,Latest Estimate,Medium
2025-08-01,CUST010,PRD0023,10,42856.25,Commercial Baseline,Low
2025-09-01,CUST010,PRD0023,13,59654.46,Latest Estimate,High
2025-10-01,CUST010,PRD0023,18,78700.06,SIOP Review,High
2025-11-01,CUST010,PRD0023,16,70403.64,Commercial Baseline,High
2025-12-01,CUST010,PRD_X0016,15,66171.35,Commercial Baseline,Medium
2026-01-01,CUST010,PRD0023,2,8907.11,Commercial Baseline,Medium
2026-02-01,CUST010,PRD0023,14,67390.98,SIOP Review,Medium
2026-03-01,CUST010,PRD0023,9,39943.12,Latest Estimate,Low
2026-04-01,CUST010,PRD0023,10,45028.8,Commercial Baseline,Low
2026-05-01,CUST010,PRD0023,8,36029.72,SIOP Review,High
2026-06-01,CUST010,PRD0023,6,25747.38,SIOP Review,Medium
2026-07-01,CUST010,PRD0023,10,47623.0,Commercial Baseline,Low
2026-08-01,CUST010,PRD0023,12,51730.99,SIOP Review,Medium
2026-09-01,CUST010,PRD0023,9,41812.83,Latest Estimate,High
2026-10-01,CUST010,PRD0023,14,64826.17,Latest Estimate,High
2026-11-01,CUST010,PRD0023,5,21912.12,Commercial Baseline,Medium
2026-12-01,CUST010,PRD0023,10,43478.03,SIOP Review,High
2025-07-01,CUST010,PRD0083,3,11795.44,Commercial Baseline,Low
2025-08-01,CUST010,PRD0083,2,7842.6,SIOP Review,Low
2025-09-01,CUST010,PRD0083,4,16073.52,Commercial Baseline,Medium
2025-10-01,CUST010,PRD0083,3,11861.62,Latest Estimate,High
2025-11-01,CUST010,PRD0083,1,4305.41,Commercial Baseline,Low
2025-12-01,CUST010,PRD0083,18,74984.98,Commercial Baseline,Medium
2026-01-01,CUST010,PRD0083,0,0.0,Commercial Baseline,Medium
2026-02-01,CUST010,PRD0083,4,16782.28,Latest Estimate,Low
2026-03-01,CUST010,PRD0083,8,34495.46,Commercial Baseline,High
2026-04-01,CUST010,PRD0083,3,11832.29,Latest Estimate,Medium
2026-05-01,CUST010,PRD0083,1,3884.42,Latest Estimate,Medium
2026-06-01,CUST010,PRD0083,1,4110.94,SIOP Review,High
2026-07-01,CUST010,PRD0083,2,8552.5,Latest Estimate,Medium
2026-08-01,CUST010,PRD0083,2,8675.83,Latest Estimate,Low
2026-09-01,CUST010,PRD0083,4,15718.39,Commercial Baseline,High
2026-10-01,CUST010,PRD0083,5,19720.09,Latest Estimate,Low
2026-11-01,CUST010,PRD0083,0,0.0,SIOP Review,Medium
2026-12-01,CUST010,PRD0083,2,8159.52,Commercial Baseline,High
2025-07-01,CUST010,PRD0014,2,81919.17,Latest Estimate,Low
2025-08-01,CUST010,PRD0014,5,208588.0,Commercial Baseline,Medium
2025-09-01,CUST010,PRD0014,5,208080.61,Latest Estimate,Medium
2025-10-01,CUST010,PRD0014,8,331076.89,SIOP Review,Medium
2025-11-01,CUST010,PRD0014,3,137443.31,Latest Estimate,Medium
2025-12-01,CUST010,PRD0014,4,186074.76,Latest Estimate,Low
2026-01-01,CUST010,PRD0014,4,179462.49,Latest Estimate,Medium
2026-02-01,CUST010,PRD0014,1,45444.04,Latest Estimate,High
2026-03-01,CUST010,PRD0014,7,307657.33,Latest Estimate,Medium
2026-04-01,CUST010,PRD0014,21,874623.79,SIOP Review,High
2026-05-01,CUST010,PRD0014,1,42025.58,Commercial Baseline,High
2026-06-01,CUST010,PRD0014,16,694035.4,Latest Estimate,Medium
2026-07-01,CUST010,PRD0014,2,89362.29,Latest Estimate,High
2026-08-01,CUST010,PRD0014,2,83445.09,Latest Estimate,Medium
2026-09-01,CUST010,PRD0014,5,209103.88,SIOP Review,Medium
2026-10-01,CUST010,PRD0014,5,229427.88,Latest Estimate,Medium
2026-11-01,CUST010,PRD0014,2,84699.51,SIOP Review,Medium
2026-12-01,CUST010,PRD0014,5,231230.53,SIOP Review,Medium
2025-07-01,CUST010,PRD0033,7,68207.07,Commercial Baseline,High
2025-08-01,CUST010,PRD0033,8,77237.29,SIOP Review,Low
2025-09-01,CUST010,PRD0033,13,134306.42,SIOP Review,Medium
2025-10-01,CUST010,PRD0033,10,98311.87,Commercial Baseline,Medium
2025-11-01,CUST010,PRD0033,6,61443.18,Commercial Baseline,Medium
2025-12-01,CUST010,PRD0033,6,57173.58,Latest Estimate,Medium
2026-01-01,CUST010,PRD0033,7,72000.58,SIOP Review,High
2026-02-01,CUST010,PRD0033,8,83455.56,SIOP Review,Medium
2026-03-01,CUST010,PRD0033,8,81987.52,Commercial Baseline,High
2026-04-01,CUST010,PRD0033,5,49132.94,Latest Estimate,Low
2026-05-01,CUST010,PRD0033,10,94080.43,Commercial Baseline,High
2026-06-01,CUST010,PRD0033,9,85833.47,Latest Estimate,Medium
2026-07-01,CUST010,PRD0033,4,38804.33,Commercial Baseline,High
2026-08-01,CUST010,PRD0033,7,67189.55,Latest Estimate,Medium
2026-09-01,CUST010,PRD0033,14,144564.67,Latest Estimate,Low
2026-10-01,CUST010,PRD0033,10,94015.72,SIOP Review,Low
2026-11-01,CUST010,PRD0033,5,53396.22,Latest Estimate,Medium
2026-12-01,CUST010,PRD0033,6,61155.62,Commercial Baseline,Medium
2025-07-01,CUST010,PRD0071,1,1175.78,Commercial Baseline,Low
2025-08-01,CUST010,PRD0071,1,1164.37,Latest Estimate,Medium
2025-09-01,CUST010,PRD0071,10,11030.87,Commercial Baseline,Medium
2025-10-01,CUST010,PRD0071,0,0.0,Commercial Baseline,Medium
2025-11-01,CUST010,PRD0071,1,1215.83,Latest Estimate,Medium
2025-12-01,CUST010,PRD0071,0,0.0,Latest Estimate,Medium
2026-01-01,CUST010,PRD0071,1,1125.16,Commercial Baseline,Medium
2026-02-01,CUST010,PRD0071,5,6099.98,SIOP Review,High
2026-03-01,CUST010,PRD0071,1,1171.1,SIOP Review,Low
2026-04-01,CUST010,PRD0071,1,1097.35,SIOP Review,Medium
2026-05-01,CUST010,PRD0071,1,1225.34,Latest Estimate,Medium
2026-06-01,CUST010,PRD0071,1,1114.45,Latest Estimate,Low
2026-07-01,CUST010,PRD0071,0,0.0,Commercial Baseline,High
2026-08-01,CUST010,PRD0071,0,0.0,Commercial Baseline,High
2026-09-01,CUST010,PRD0071,2,2213.07,SIOP Review,Low
2026-10-01,CUST010,PRD0071,1,1178.48,Commercial Baseline,Medium
2026-11-01,CUST010,PRD0071,0,0.0,SIOP Review,Medium
2026-12-01,CUST010,PRD0071,2,2366.39,Latest Estimate,Low
2025-07-01,CUST010,PRD0109,0,0.0,Latest Estimate,Medium
2025-08-01,CUST010,PRD0109,1,30213.9,Commercial Baseline,High
2025-09-01,CUST010,PRD0109,0,0.0,SIOP Review,Medium
2025-10-01,CUST010,PRD0109,0,0.0,Latest Estimate,Medium
2025-11-01,CUST010,PRD0109,0,0.0,SIOP Review,Low
2025-12-01,CUST010,PRD0109,0,0.0,Latest Estimate,High
2026-01-01,CUST010,PRD0109,1,32595.59,Latest Estimate,Low
2026-02-01,CUST010,PRD0109,0,0.0,SIOP Review,Medium
2026-03-01,CUST010,PRD0109,1,33090.64,Commercial Baseline,Medium
2026-04-01,CUST010,PRD0109,0,0.0,Latest Estimate,Low
2026-05-01,CUST010,PRD0109,0,0.0,SIOP Review,High
2026-06-01,CUST010,PRD0109,0,0.0,Latest Estimate,Medium
2026-07-01,CUST010,PRD0109,6,177240.07,SIOP Review,Medium
2026-08-01,CUST010,PRD0109,0,0.0,Commercial Baseline,Medium
2026-09-01,CUST010,PRD0109,0,0.0,Latest Estimate,High
2026-10-01,CUST010,PRD0109,0,0.0,Commercial Baseline,High
2026-11-01,CUST010,PRD0109,0,0.0,Commercial Baseline,Medium
2026-12-01,CUST010,PRD0109,0,0.0,SIOP Review,Medium
2025-07-01,CUST010,PRD0080,1,5869.13,Commercial Baseline,Low
2025-08-01,CUST010,PRD0080,0,0.0,SIOP Review,Medium
2025-09-01,CUST010,PRD0080,0,0.0,SIOP Review,Medium
2025-10-01,CUST010,PRD0080,0,0.0,Latest Estimate,Medium
2025-11-01,CUST010,PRD0080,1,5819.25,Latest Estimate,High
2025-12-01,CUST010,PRD0080,0,0.0,SIOP Review,Low
2026-01-01,CUST010,PRD0080,1,6101.13,SIOP Review,Low
2026-02-01,CUST010,PRD0080,0,0.0,SIOP Review,Medium
2026-03-01,CUST010,PRD0080,0,0.0,SIOP Review,Medium
2026-04-01,CUST010,PRD0080,5,29503.03,Commercial Baseline,Low
2026-05-01,CUST010,PRD0080,0,0.0,Commercial Baseline,Medium
2026-06-01,CUST010,PRD0080,0,0.0,Commercial Baseline,Low
2026-07-01,CUST010,PRD0080,0,0.0,SIOP Review,Medium
2026-08-01,CUST010,PRD0080,8,47807.88,SIOP Review,Medium
2026-09-01,CUST010,PRD0080,1,5459.51,SIOP Review,Medium
2026-10-01,CUST010,PRD0080,6,32907.8,SIOP Review,Low
2026-11-01,CUST010,PRD0080,0,0.0,Commercial Baseline,Medium
2026-12-01,CUST010,PRD0080,0,0.0,Commercial Baseline,High
2025-07-01,CUST010,PRD0002,2,41233.76,SIOP Review,Medium
2025-08-01,CUST010,PRD0002,3,59640.19,SIOP Review,High
2025-09-01,CUST010,PRD0002,1,21194.86,Commercial Baseline,Medium
2025-10-01,CUST010,PRD0002,3,66798.28,Commercial Baseline,Medium
2025-11-01,CUST010,PRD0002,2,43307.44,Commercial Baseline,High
2025-12-01,CUST010,PRD0002,0,0.0,Latest Estimate,High
2026-01-01,CUST010,PRD0002,3,60386.48,Commercial Baseline,High
2026-02-01,CUST010,PRD0002,9,177385.54,Latest Estimate,Low
2026-03-01,CUST010,PRD0002,1,21616.1,SIOP Review,Medium
2026-04-01,CUST010,PRD0002,2,42277.72,Commercial Baseline,Low
2026-05-01,CUST010,PRD0002,2,44133.24,Commercial Baseline,Low
2026-06-01,CUST010,PRD0002,2,42050.69,SIOP Review,Medium
2026-07-01,CUST010,PRD0002,2,43131.01,Commercial Baseline,Low
2026-08-01,CUST010,PRD0002,2,42903.76,Commercial Baseline,Medium
2026-09-01,CUST010,PRD0002,0,0.0,SIOP Review,Medium
2026-10-01,CUST010,PRD0002,1,20606.45,SIOP Review,High
2026-11-01,CUST010,PRD0002,0,0.0,Commercial Baseline,Medium
2026-12-01,CUST010,PRD0002,0,0.0,Commercial Baseline,Low
2025-07-01,CUST010,PRD0068,5,50902.45,Latest Estimate,Medium
2025-08-01,CUST010,PRD0068,3,31505.32,Commercial Baseline,Medium
2025-09-01,CUST010,PRD0068,4,41899.56,Latest Estimate,High
2025-10-01,CUST010,PRD0068,4,44066.76,Latest Estimate,Medium
2025-11-01,CUST010,PRD0068,3,31918.62,SIOP Review,High
2025-12-01,CUST010,PRD0068,0,0.0,SIOP Review,Medium
2026-01-01,CUST010,PRD0068,3,33117.2,Commercial Baseline,Low
2026-02-01,CUST010,PRD0068,1,10766.26,SIOP Review,High
2026-03-01,CUST010,PRD0068,6,62896.24,Commercial Baseline,Medium
2026-04-01,CUST010,PRD0068,3,32261.14,SIOP Review,High
2026-05-01,CUST010,PRD0068,1,10643.11,Latest Estimate,High
2026-06-01,CUST010,PRD0068,2,19584.91,Commercial Baseline,Medium
2026-07-01,CUST010,PRD0068,4,41176.44,Commercial Baseline,Medium
2026-08-01,CUST010,PRD0068,2,21100.68,Commercial Baseline,Medium
2026-09-01,CUST010,PRD0068,4,44319.25,SIOP Review,Medium
2026-10-01,CUST010,PRD0068,4,40768.55,Latest Estimate,Low
2026-11-01,CUST010,PRD0068,3,30948.1,Commercial Baseline,Medium
2026-12-01,CUST010,PRD0068,2,20158.03,Commercial Baseline,High
2025-07-01,CUST010,PRD0035,2,14691.52,Commercial Baseline,Medium
2025-08-01,CUST010,PRD0035,1,7628.43,Latest Estimate,Low
2025-09-01,CUST010,PRD0035,0,0.0,SIOP Review,High
2025-10-01,CUST010,PRD0035,0,0.0,SIOP Review,Low
2025-11-01,CUST010,PRD0035,0,0.0,Commercial Baseline,Low
2025-12-01,CUST010,PRD0035,0,0.0,SIOP Review,Medium
2026-01-01,CUST010,PRD0035,0,0.0,Latest Estimate,High
2026-02-01,CUST010,PRD0035,0,0.0,Latest Estimate,Medium
2026-03-01,CUST010,PRD0035,0,0.0,Latest Estimate,Medium
2026-04-01,CUST010,PRD0035,0,0.0,Latest Estimate,High
2026-05-01,CUST010,PRD0035,0,0.0,SIOP Review,Medium
2026-06-01,CUST010,PRD0035,2,14041.22,Commercial Baseline,Medium
2026-07-01,CUST010,PRD0035,0,0.0,Latest Estimate,Low
2026-08-01,CUST010,PRD0035,0,0.0,Commercial Baseline,Low
2026-09-01,CUST010,PRD0035,0,0.0,SIOP Review,Medium
2026-10-01,CUST010,PRD0035,0,0.0,Commercial Baseline,Medium
2026-11-01,CUST010,PRD0035,1,6920.29,Latest Estimate,Medium
2026-12-01,CUST010,PRD0035,0,0.0,SIOP Review,Low
2025-07-01,CUST010,PRD0010,0,0.0,Latest Estimate,Medium
2025-08-01,CUST010,PRD0010,1,8288.81,SIOP Review,High
2025-09-01,CUST010,PRD0010,2,15467.65,SIOP Review,High
2025-10-01,CUST010,PRD0010,0,0.0,Commercial Baseline,Medium
2025-11-01,CUST010,PRD0010,1,8380.21,Latest Estimate,Medium
2025-12-01,CUST010,PRD0010,1,8388.42,SIOP Review,Medium
2026-01-01,CUST010,PRD0010,0,0.0,Commercial Baseline,Medium
2026-02-01,CUST010,PRD0010,2,14856.99,Commercial Baseline,Medium
2026-03-01,CUST010,PRD0010,1,8367.96,Commercial Baseline,High
2026-04-01,CUST010,PRD0010,1,7700.15,Commercial Baseline,Medium
2026-05-01,CUST010,PRD0010,0,0.0,Latest Estimate,High
2026-06-01,CUST010,PRD0010,0,0.0,Commercial Baseline,Low
2026-07-01,CUST010,PRD0010,1,7546.28,Commercial Baseline,Medium
2026-08-01,CUST010,PRD0010,1,7813.99,SIOP Review,High
2026-09-01,CUST010,PRD0010,0,0.0,Commercial Baseline,Low
2026-10-01,CUST010,PRD0010,0,0.0,Latest Estimate,Medium
2026-11-01,CUST010,PRD0010,1,7497.92,Latest Estimate,Medium
2026-12-01,CUST010,PRD0010,1,7429.26,SIOP Review,Medium
2025-07-01,CUST010,PRD0036,0,0.0,SIOP Review,Medium
2025-08-01,CUST010,PRD0036,0,0.0,Latest Estimate,Medium
2025-09-01,CUST010,PRD0036,0,0.0,Latest Estimate,Medium
2025-10-01,CUST010,PRD0036,1,3257.57,Latest Estimate,Low
2025-11-01,CUST010,PRD0036,0,0.0,Latest Estimate,Low
2025-12-01,CUST010,PRD0036,1,3294.5,Latest Estimate,High
2026-01-01,CUST010,PRD0036,0,0.0,Latest Estimate,Medium
2026-02-01,CUST010,PRD0036,0,0.0,Latest Estimate,Low
2026-03-01,CUST010,PRD0036,15,48048.55,SIOP Review,Medium
2026-04-01,CUST010,PRD0036,0,0.0,Latest Estimate,Low
2026-05-01,CUST010,PRD0036,0,0.0,SIOP Review,Low
2026-06-01,CUST010,PRD0036,0,0.0,Commercial Baseline,Medium
2026-07-01,CUST010,PRD0036,0,0.0,Latest Estimate,Medium
2026-08-01,CUST010,PRD0036,0,0.0,Latest Estimate,High
2026-09-01,CUST010,PRD0036,0,0.0,SIOP Review,Low
2026-10-01,CUST010,PRD0036,0,0.0,Latest Estimate,Medium
2026-11-01,CUST010,PRD0036,0,0.0,SIOP Review,Low
2026-12-01,CUST010,PRD0036,0,0.0,Latest Estimate,Low
2025-07-01,CUST010,PRD0063,3,19533.14,Latest Estimate,High
2025-08-01,CUST010,PRD0063,4,25979.82,Commercial Baseline,Medium
2025-09-01,CUST010,PRD0063,3,19168.9,Commercial Baseline,Medium
2025-10-01,CUST010,PRD0063,4,26019.67,Commercial Baseline,High
2025-11-01,CUST010,PRD0063,4,26071.07,SIOP Review,Medium
2025-12-01,CUST010,PRD0063,19,126459.85,SIOP Review,Low
2026-01-01,CUST010,PRD0063,3,18230.25,Latest Estimate,High
2026-02-01,CUST010,PRD0063,4,25810.54,SIOP Review,Medium
2026-03-01,CUST010,PRD0063,1,6407.5,Latest Estimate,Medium
2026-04-01,CUST010,PRD0063,3,17991.69,Latest Estimate,Low
2026-05-01,CUST010,PRD0063,1,6459.95,Commercial Baseline,High
2026-06-01,CUST010,PRD0063,2,12554.75,Latest Estimate,Medium
2026-07-01,CUST010,PRD0063,2,11930.21,Commercial Baseline,Low
2026-08-01,CUST010,PRD0063,3,17930.06,Latest Estimate,Medium
2026-09-01,CUST010,PRD0063,1,5926.16,Latest Estimate,High
2026-10-01,CUST010,PRD0063,5,32101.44,Latest Estimate,Medium
2026-11-01,CUST010,PRD0063,2,13304.74,SIOP Review,Medium
2026-12-01,CUST010,PRD0063,4,24812.04,SIOP Review,Low
2025-07-01,CUST010,PRD0085,2,16879.87,SIOP Review,Medium
2025-08-01,CUST010,PRD0085,2,17295.81,Latest Estimate,Medium
2025-09-01,CUST010,PRD0085,3,25510.67,Latest Estimate,Medium
2025-10-01,CUST010,PRD0085,4,37850.09,Latest Estimate,Medium
2025-11-01,CUST010,PRD0085,2,16923.69,SIOP Review,Medium
2025-12-01,CUST010,PRD0085,16,144141.29,Latest Estimate,Medium
2026-01-01,CUST010,PRD0085,4,37919.72,Commercial Baseline,Low
2026-02-01,CUST010,PRD0085,3,28552.72,SIOP Review,Low
2026-03-01,CUST010,PRD0085,4,36371.54,Commercial Baseline,High
2026-04-01,CUST010,PRD0085,2,17269.78,Latest Estimate,Medium
2026-05-01,CUST010,PRD0085,2,17476.51,Latest Estimate,Low
2026-06-01,CUST010,PRD0085,2,18200.34,Latest Estimate,High
2026-07-01,CUST010,PRD0085,2,18158.15,SIOP Review,Medium
2026-08-01,CUST010,PRD0085,3,28111.96,SIOP Review,Low
2026-09-01,CUST010,PRD0085,3,26365.57,Commercial Baseline,Low
2026-10-01,CUST010,PRD0085,3,26385.55,SIOP Review,Medium
2026-11-01,CUST010,PRD0085,2,17319.77,Commercial Baseline,High
2026-12-01,CUST010,PRD0085,3,26350.96,SIOP Review,Medium
2025-07-01,CUST010,PRD0022,4,4330.23,Commercial Baseline,Low
2025-08-01,CUST010,PRD0022,3,3285.21,SIOP Review,High
2025-09-01,CUST010,PRD0022,4,4415.61,Commercial Baseline,Medium
2025-10-01,CUST010,PRD0022,5,5880.9,Latest Estimate,Medium
2025-11-01,CUST010,PRD0022,14,16494.04,Latest Estimate,Medium
2025-12-01,CUST010,PRD0022,2,2117.42,Latest Estimate,Medium
2026-01-01,CUST010,PRD0022,2,2403.92,Latest Estimate,Medium
2026-02-01,CUST010,PRD0022,2,2283.4,Latest Estimate,Medium
2026-03-01,CUST010,PRD0022,4,4556.44,Latest Estimate,High
2026-04-01,CUST010,PRD0022,1,1131.21,Latest Estimate,Low
2026-05-01,CUST010,PRD0022,3,3586.1,Latest Estimate,Medium
2026-06-01,CUST010,PRD0022,3,3296.15,SIOP Review,Medium
2026-07-01,CUST010,PRD0022,3,3610.53,Commercial Baseline,Medium
2026-08-01,CUST010,PRD0022,3,3508.59,SIOP Review,Medium
2026-09-01,CUST010,PRD0022,3,3389.71,SIOP Review,Medium
2026-10-01,CUST010,PRD0022,3,3189.99,Latest Estimate,Medium
2026-11-01,CUST010,PRD0022,4,4690.56,SIOP Review,Medium
2026-12-01,CUST010,PRD0022,3,3365.93,Latest Estimate,Low
2025-07-01,CUST011,PRD0044,6,198015.63,Latest Estimate,Medium
2025-08-01,CUST011,PRD0044,1,32610.78,SIOP Review,High
2025-09-01,CUST011,PRD0044,0,0.0,Latest Estimate,Medium
2025-10-01,CUST011,PRD0044,0,0.0,Commercial Baseline,Medium
2025-11-01,CUST011,PRD0044,1,33781.25,Latest Estimate,Medium
2025-12-01,CUST011,PRD0044,1,35103.05,SIOP Review,High
2026-01-01,CUST011,PRD0044,1,32732.82,SIOP Review,Medium
2026-02-01,CUST011,PRD0044,0,0.0,SIOP Review,Medium
2026-03-01,CUST011,PRD0044,1,32915.12,Commercial Baseline,High
2026-04-01,CUST011,PRD0044,6,190069.15,SIOP Review,Medium
2026-05-01,CUST011,PRD0044,0,0.0,SIOP Review,Low
2026-06-01,CUST011,PRD0044,0,0.0,SIOP Review,Medium
2026-07-01,CUST011,PRD0044,0,0.0,Commercial Baseline,Medium
2026-08-01,CUST011,PRD0044,2,63602.16,Commercial Baseline,Low
2026-09-01,CUST011,PRD0044,2,67100.01,Latest Estimate,Low
2026-10-01,CUST011,PRD0044,3,101280.56,Commercial Baseline,Medium
2026-11-01,CUST011,PRD0044,1,31464.65,Commercial Baseline,High
2026-12-01,CUST011,PRD0044,1,33305.6,Latest Estimate,Low
2025-07-01,CUST011,PRD0085,3,27264.31,SIOP Review,Medium
2025-08-01,CUST011,PRD0085,2,17971.37,Commercial Baseline,Low
2025-09-01,CUST011,PRD0085,5,42897.81,SIOP Review,Low
2025-10-01,CUST011,PRD0085,6,50570.02,SIOP Review,Low
2025-11-01,CUST011,PRD0085,2,17648.81,SIOP Review,Medium
2025-12-01,CUST011,PRD0085,3,26209.77,SIOP Review,Medium
2026-01-01,CUST011,PRD0085,4,38036.66,SIOP Review,Low
2026-02-01,CUST011,PRD0085,5,46822.54,Latest Estimate,Medium
2026-03-01,CUST011,PRD0085,3,28437.91,Commercial Baseline,High
2026-04-01,CUST011,PRD0085,5,43015.84,SIOP Review,Medium
2026-05-01,CUST011,PRD0085,5,42675.27,Latest Estimate,High
2026-06-01,CUST011,PRD0085,5,44976.02,SIOP Review,Medium
2026-07-01,CUST011,PRD0085,4,34892.63,Commercial Baseline,High
2026-08-01,CUST011,PRD0085,7,65963.69,Commercial Baseline,Medium
2026-09-01,CUST011,PRD0085,3,28552.4,Latest Estimate,Medium
2026-10-01,CUST011,PRD0085,4,37613.27,Latest Estimate,Low
2026-11-01,CUST011,PRD0085,5,47464.02,Commercial Baseline,High
2026-12-01,CUST011,PRD0085,3,26673.14,Commercial Baseline,High
2025-07-01,CUST011,PRD0063,15,99029.44,Commercial Baseline,Medium
2025-08-01,CUST011,PRD0063,8,49940.18,Commercial Baseline,Medium
2025-09-01,CUST011,PRD0063,11,72611.46,Latest Estimate,Medium
2025-10-01,CUST011,PRD0063,15,95851.0,SIOP Review,Low
2025-11-01,CUST011,PRD0063,14,85003.45,Latest Estimate,Medium
2025-12-01,CUST011,PRD0063,21,123501.67,Latest Estimate,Medium
2026-01-01,CUST011,PRD0063,6,37572.67,Latest Estimate,Medium
2026-02-01,CUST011,PRD0063,7,43492.12,Latest Estimate,Medium
2026-03-01,CUST011,PRD0063,13,86419.27,Commercial Baseline,Medium
2026-04-01,CUST011,PRD0063,17,101191.45,Latest Estimate,Low
2026-05-01,CUST011,PRD0063,12,78461.85,Commercial Baseline,Medium
2026-06-01,CUST011,PRD0063,18,112912.01,Commercial Baseline,Medium
2026-07-01,CUST011,PRD0063,9,59300.65,Commercial Baseline,Medium
2026-08-01,CUST011,PRD0063,12,79590.15,Latest Estimate,Low
2026-09-01,CUST011,PRD0063,12,73075.26,Latest Estimate,Medium
2026-10-01,CUST011,PRD0063,16,96032.71,Latest Estimate,Medium
2026-11-01,CUST011,PRD0063,12,74587.78,SIOP Review,Low
2026-12-01,CUST011,PRD0063,12,75983.92,Commercial Baseline,Low
2025-07-01,CUST011,PRD0096,8,11369.27,Commercial Baseline,Medium
2025-08-01,CUST011,PRD0096,4,5917.34,Latest Estimate,Medium
2025-09-01,CUST011,PRD0096,11,16984.61,SIOP Review,Medium
2025-10-01,CUST011,PRD0096,7,10098.62,Commercial Baseline,Medium
2025-11-01,CUST011,PRD0096,4,6340.53,Latest Estimate,High
2025-12-01,CUST011,PRD0096,10,15427.2,Commercial Baseline,Medium
2026-01-01,CUST011,PRD0096,7,10021.47,Commercial Baseline,High
2026-02-01,CUST011,PRD0096,5,7798.52,SIOP Review,Low
2026-03-01,CUST011,PRD0096,6,8669.33,Commercial Baseline,Medium
2026-04-01,CUST011,PRD0096,11,16926.07,Commercial Baseline,High
2026-05-01,CUST011,PRD0096,6,8643.33,Latest Estimate,High
2026-06-01,CUST011,PRD0096,4,6312.85,Latest Estimate,High
2026-07-01,CUST011,PRD0096,6,9033.96,SIOP Review,High
2026-08-01,CUST011,PRD0096,10,15339.6,Latest Estimate,Medium
2026-09-01,CUST011,PRD0096,9,14275.44,Latest Estimate,Medium
2026-10-01,CUST011,PRD0096,13,20555.49,Commercial Baseline,Medium
2026-11-01,CUST011,PRD0096,10,15077.12,SIOP Review,Low
2026-12-01,CUST011,PRD0096,15,22621.58,SIOP Review,High
2025-07-01,CUST011,PRD0017,5,35276.14,Latest Estimate,Low
2025-08-01,CUST011,PRD0017,0,0.0,Commercial Baseline,High
2025-09-01,CUST011,PRD0017,4,25076.58,Latest Estimate,Medium
2025-10-01,CUST011,PRD0017,5,32330.16,Commercial Baseline,High
2025-11-01,CUST011,PRD0017,4,25805.87,SIOP Review,Medium
2025-12-01,CUST011,PRD0017,17,118636.41,Latest Estimate,Low
2026-01-01,CUST011,PRD0017,6,39165.73,SIOP Review,High
2026-02-01,CUST011,PRD0017,5,32469.87,Commercial Baseline,Medium
2026-03-01,CUST011,PRD0017,9,58519.24,SIOP Review,Medium
2026-04-01,CUST011,PRD0017,8,55400.11,Latest Estimate,Low
2026-05-01,CUST011,PRD0017,5,32923.69,Latest Estimate,High
2026-06-01,CUST011,PRD0017,3,20915.81,Latest Estimate,Low
2026-07-01,CUST011,PRD0017,5,35472.14,Latest Estimate,Medium
2026-08-01,CUST011,PRD0017,8,54612.41,Commercial Baseline,Low
2026-09-01,CUST011,PRD0017,5,33510.67,Commercial Baseline,Medium
2026-10-01,CUST011,PRD0017,5,34627.24,Commercial Baseline,Medium
2026-11-01,CUST011,PRD0017,4,25751.42,Commercial Baseline,Medium
2026-12-01,CUST011,PRD0017,4,25889.51,Commercial Baseline,Medium
2025-07-01,CUST011,PRD0060,3,57017.91,Latest Estimate,Low
2025-08-01,CUST011,PRD0060,3,54802.64,Latest Estimate,Low
2025-09-01,CUST011,PRD0060,5,94955.6,Latest Estimate,High
2025-10-01,CUST011,PRD0060,3,57924.29,Latest Estimate,Medium
2025-11-01,CUST011,PRD0060,19,341141.85,Latest Estimate,Medium
2025-12-01,CUST011,PRD0060,2,38647.4,Latest Estimate,High
2026-01-01,CUST011,PRD0060,4,74533.96,Commercial Baseline,Medium
2026-02-01,CUST011,PRD0060,5,98214.19,Latest Estimate,High
2026-03-01,CUST011,PRD0060,7,132554.28,SIOP Review,Low
2026-04-01,CUST011,PRD0060,3,58369.05,Latest Estimate,High
2026-05-01,CUST011,PRD0060,2,38213.99,Latest Estimate,High
2026-06-01,CUST011,PRD0060,4,78461.17,SIOP Review,Medium
2026-07-01,CUST011,PRD0060,3,53120.47,SIOP Review,Medium
2026-08-01,CUST011,PRD0060,3,56053.75,Commercial Baseline,Medium
2026-09-01,CUST011,PRD0060,10,200392.89,Latest Estimate,Low
2026-10-01,CUST011,PRD0060,6,107615.84,Latest Estimate,Medium
2026-11-01,CUST011,PRD0060,4,76706.26,SIOP Review,Medium
2026-12-01,CUST011,PRD0060,4,79316.49,SIOP Review,Medium
2025-07-01,CUST011,PRD0098,0,0.0,Latest Estimate,Medium
2025-08-01,CUST011,PRD0098,0,0.0,Latest Estimate,Medium
2025-09-01,CUST011,PRD0098,1,1434.15,Commercial Baseline,Medium
2025-10-01,CUST011,PRD0098,1,1342.54,SIOP Review,High
2025-11-01,CUST011,PRD0098,1,1365.96,Latest Estimate,Medium
2025-12-01,CUST011,PRD0098,1,1327.25,Latest Estimate,Medium
2026-01-01,CUST011,PRD0098,3,4275.06,SIOP Review,Low
2026-02-01,CUST011,PRD0098,0,0.0,Commercial Baseline,Medium
2026-03-01,CUST011,PRD0098,0,0.0,Latest Estimate,High
2026-04-01,CUST011,PRD0098,0,0.0,SIOP Review,Medium
2026-05-01,CUST011,PRD0098,0,0.0,Commercial Baseline,High
2026-06-01,CUST011,PRD0098,0,0.0,Latest Estimate,Low
2026-07-01,CUST011,PRD0098,3,3840.3,Commercial Baseline,Low
2026-08-01,CUST011,PRD0098,12,16325.03,Commercial Baseline,Medium
2026-09-01,CUST011,PRD0098,1,1277.5,Latest Estimate,High
2026-10-01,CUST011,PRD0098,0,0.0,Commercial Baseline,Medium
2026-11-01,CUST011,PRD0098,0,0.0,Latest Estimate,Medium
2026-12-01,CUST011,PRD0098,2,2873.48,SIOP Review,Medium
2025-07-01,CUST011,PRD0004,3,18788.79,SIOP Review,High
2025-08-01,CUST011,PRD0004,6,38385.07,SIOP Review,Medium
2025-09-01,CUST011,PRD0004,4,26549.07,SIOP Review,Low
2025-10-01,CUST011,PRD0004,7,42311.36,SIOP Review,High
2025-11-01,CUST011,PRD0004,1,6130.17,Commercial Baseline,High
2025-12-01,CUST011,PRD0004,4,25686.54,Latest Estimate,Medium
2026-01-01,CUST011,PRD0004,4,24538.33,Latest Estimate,Medium
2026-02-01,CUST011,PRD0004,5,32411.73,Latest Estimate,High
2026-03-01,CUST011,PRD0004,3,20552.02,Commercial Baseline,Low
2026-04-01,CUST011,PRD0004,4,27118.63,Commercial Baseline,Medium
2026-05-01,CUST011,PRD0004,5,30591.95,SIOP Review,High
2026-06-01,CUST011,PRD0004,7,47821.15,SIOP Review,Medium
2026-07-01,CUST011,PRD0004,4,24441.67,Commercial Baseline,Medium
2026-08-01,CUST011,PRD0004,5,30671.31,Latest Estimate,Medium
2026-09-01,CUST011,PRD0004,4,25917.63,Latest Estimate,Medium
2026-10-01,CUST011,PRD0004,12,81040.01,SIOP Review,Medium
2026-11-01,CUST011,PRD0004,5,32486.99,Commercial Baseline,Medium
2026-12-01,CUST011,PRD0004,4,26282.88,Commercial Baseline,Medium
2025-07-01,CUST011,PRD0061,10,83336.89,Latest Estimate,High
2025-08-01,CUST011,PRD0061,6,44520.04,Commercial Baseline,High
2025-09-01,CUST011,PRD0061,26,198017.5,SIOP Review,Medium
2025-10-01,CUST011,PRD0061,14,110535.97,Latest Estimate,Medium
2025-11-01,CUST011,PRD0061,5,40643.51,Latest Estimate,High
2025-12-01,CUST011,PRD0061,7,56191.16,Commercial Baseline,Medium
2026-01-01,CUST011,PRD0061,8,63344.09,SIOP Review,High
2026-02-01,CUST011,PRD0061,7,57452.36,SIOP Review,Low
2026-03-01,CUST011,PRD0061,11,85899.71,SIOP Review,Medium
2026-04-01,CUST011,PRD0061,8,66683.28,Commercial Baseline,Medium
2026-05-01,CUST011,PRD0061,25,194206.22,Commercial Baseline,High
2026-06-01,CUST011,PRD0061,9,75587.33,Latest Estimate,High
2026-07-01,CUST011,PRD0061,10,78807.13,Latest Estimate,Medium
2026-08-01,CUST011,PRD0061,19,147062.58,Commercial Baseline,Low
2026-09-01,CUST011,PRD0061,6,47298.58,SIOP Review,Medium
2026-10-01,CUST011,PRD0061,5,40460.2,Latest Estimate,Medium
2026-11-01,CUST011,PRD0061,11,81476.57,Latest Estimate,Medium
2026-12-01,CUST011,PRD0061,6,46403.45,SIOP Review,High
2025-07-01,CUST011,PRD0120,10,116885.93,Commercial Baseline,Low
2025-08-01,CUST011,PRD0120,11,125791.78,Commercial Baseline,High
2025-09-01,CUST011,PRD0120,10,115654.62,SIOP Review,Medium
2025-10-01,CUST011,PRD0120,24,293398.51,Commercial Baseline,High
2025-11-01,CUST011,PRD0120,9,111767.7,Commercial Baseline,High
2025-12-01,CUST011,PRD0120,12,141140.51,Commercial Baseline,High
2026-01-01,CUST011,PRD0120,11,125529.07,Commercial Baseline,Medium
2026-02-01,CUST011,PRD0120,9,111080.52,Latest Estimate,Medium
2026-03-01,CUST011,PRD0120,9,108806.46,SIOP Review,Medium
2026-04-01,CUST011,PRD0120,25,284055.28,Commercial Baseline,Medium
2026-05-01,CUST011,PRD0120,2,21999.29,Commercial Baseline,Medium
2026-06-01,CUST011,PRD0120,6,67832.42,SIOP Review,Low
2026-07-01,CUST011,PRD0120,10,123815.07,Latest Estimate,High
2026-08-01,CUST011,PRD0120,9,107076.76,Latest Estimate,Low
2026-09-01,CUST011,PRD0120,8,93381.99,Latest Estimate,Medium
2026-10-01,CUST011,PRD0120,11,131693.64,Commercial Baseline,High
2026-11-01,CUST011,PRD0120,6,69555.45,Commercial Baseline,Low
2026-12-01,CUST011,PRD0120,9,109857.76,SIOP Review,High
2025-07-01,CUST011,PRD0029,2,22329.98,Latest Estimate,High
2025-08-01,CUST011,PRD0029,1,10772.99,SIOP Review,Low
2025-09-01,CUST011,PRD0029,0,0.0,SIOP Review,Medium
2025-10-01,CUST011,PRD0029,2,22405.91,Latest Estimate,High
2025-11-01,CUST011,PRD0029,4,44536.77,SIOP Review,Low
2025-12-01,CUST011,PRD0029,1,10993.67,Commercial Baseline,High
2026-01-01,CUST011,PRD0029,1,11669.99,Commercial Baseline,High
2026-02-01,CUST011,PRD0029,2,23935.06,SIOP Review,Medium
2026-03-01,CUST011,PRD0029,2,23018.86,Commercial Baseline,High
2026-04-01,CUST011,PRD0029,18,210155.52,Latest Estimate,Medium
2026-05-01,CUST011,PRD0029,0,0.0,SIOP Review,High
2026-06-01,CUST011,PRD0029,1,11894.18,Commercial Baseline,Medium
2026-07-01,CUST011,PRD0029,2,23876.39,Commercial Baseline,Medium
2026-08-01,CUST011,PRD0029,0,0.0,SIOP Review,Low
2026-09-01,CUST011,PRD0029,4,47576.35,SIOP Review,Medium
2026-10-01,CUST011,PRD0029,1,11811.54,Latest Estimate,Low
2026-11-01,CUST011,PRD0029,0,0.0,Latest Estimate,Medium
2026-12-01,CUST011,PRD0029,14,153823.14,SIOP Review,Medium
2025-07-01,CUST011,PRD0051,0,0.0,SIOP Review,Low
2025-08-01,CUST011,PRD0051,0,0.0,Latest Estimate,Medium
2025-09-01,CUST011,PRD0051,0,0.0,SIOP Review,Medium
2025-10-01,CUST011,PRD0051,0,0.0,Commercial Baseline,Medium
2025-11-01,CUST011,PRD0051,0,0.0,SIOP Review,Medium
2025-12-01,CUST011,PRD0051,0,0.0,Latest Estimate,Medium
2026-01-01,CUST011,PRD0051,0,0.0,SIOP Review,Medium
2026-02-01,CUST011,PRD0051,0,0.0,Latest Estimate,Low
2026-03-01,CUST011,PRD0051,0,0.0,Commercial Baseline,Low
2026-04-01,CUST011,PRD0051,8,285805.35,Latest Estimate,High
2026-05-01,CUST011,PRD0051,0,0.0,Latest Estimate,High
2026-06-01,CUST011,PRD0051,1,33122.68,Latest Estimate,Low
2026-07-01,CUST011,PRD0051,0,0.0,SIOP Review,Medium
2026-08-01,CUST011,PRD0051,15,527063.32,Commercial Baseline,Medium
2026-09-01,CUST011,PRD0051,0,0.0,Commercial Baseline,Medium
2026-10-01,CUST011,PRD0051,0,0.0,SIOP Review,Medium
2026-11-01,CUST011,PRD0051,2,67775.92,Latest Estimate,High
2026-12-01,CUST011,PRD0051,0,0.0,Commercial Baseline,High
2025-07-01,CUST011,PRD0093,0,0.0,Commercial Baseline,Low
2025-08-01,CUST011,PRD0093,1,34712.73,SIOP Review,Low
2025-09-01,CUST011,PRD0093,0,0.0,SIOP Review,Low
2025-10-01,CUST011,PRD0093,0,0.0,Latest Estimate,High
2025-11-01,CUST011,PRD0093,0,0.0,Latest Estimate,Medium
2025-12-01,CUST011,PRD0093,0,0.0,Commercial Baseline,Medium
2026-01-01,CUST011,PRD0093,0,0.0,SIOP Review,High
2026-02-01,CUST011,PRD0093,0,0.0,SIOP Review,Low
2026-03-01,CUST011,PRD0093,0,0.0,SIOP Review,Low
2026-04-01,CUST011,PRD0093,0,0.0,Latest Estimate,High
2026-05-01,CUST011,PRD0093,0,0.0,Commercial Baseline,High
2026-06-01,CUST011,PRD0093,0,0.0,Latest Estimate,Medium
2026-07-01,CUST011,PRD0093,0,0.0,Latest Estimate,High
2026-08-01,CUST011,PRD0093,0,0.0,SIOP Review,Low
2026-09-01,CUST011,PRD0093,0,0.0,Commercial Baseline,Medium
2026-10-01,CUST011,PRD0093,0,0.0,Latest Estimate,Medium
2026-11-01,CUST011,PRD0093,0,0.0,Commercial Baseline,Low
2026-12-01,CUST011,PRD0093,0,0.0,SIOP Review,Medium
2025-07-01,CUST011,PRD0076,12,243773.95,SIOP Review,Medium
2025-08-01,CUST011,PRD0076,9,190123.39,Commercial Baseline,Medium
2025-09-01,CUST011,PRD0076,15,294403.32,Commercial Baseline,High
2025-10-01,CUST011,PRD0076,26,512796.36,Latest Estimate,High
2025-11-01,CUST011,PRD0076,10,199091.72,Commercial Baseline,Low
2025-12-01,CUST011,PRD0076,19,398986.69,Latest Estimate,High
2026-01-01,CUST011,PRD0076,7,146707.75,Latest Estimate,High
2026-02-01,CUST011,PRD0076,8,160016.76,Latest Estimate,Medium
2026-03-01,CUST011,PRD0076,8,173910.03,Commercial Baseline,Medium
2026-04-01,CUST011,PRD0076,3,66360.29,Latest Estimate,Medium
2026-05-01,CUST011,PRD0076,8,158125.18,SIOP Review,High
2026-06-01,CUST011,PRD0076,5,105803.25,Commercial Baseline,Medium
2026-07-01,CUST011,PRD0076,6,126519.66,Commercial Baseline,High
2026-08-01,CUST011,PRD0076,3,65383.4,SIOP Review,High
2026-09-01,CUST011,PRD0076,11,243634.2,Latest Estimate,Medium
2026-10-01,CUST011,PRD0076,11,233730.7,Latest Estimate,Medium
2026-11-01,CUST011,PRD0076,12,236072.14,SIOP Review,High
2026-12-01,CUST011,PRD0076,19,397937.25,Latest Estimate,Low
2025-07-01,CUST011,PRD0086,5,23202.25,SIOP Review,Medium
2025-08-01,CUST011,PRD0086,9,43414.55,Latest Estimate,Medium
2025-09-01,CUST011,PRD0086,10,47824.8,Commercial Baseline,Medium
2025-10-01,CUST011,PRD0086,11,52822.75,Commercial Baseline,Medium
2025-11-01,CUST011,PRD0086,4,19852.21,Commercial Baseline,Medium
2025-12-01,CUST011,PRD0086,7,32045.75,SIOP Review,Medium
2026-01-01,CUST011,PRD0086,5,22758.8,Latest Estimate,Low
2026-02-01,CUST011,PRD0086,9,46362.13,Latest Estimate,Medium
2026-03-01,CUST011,PRD0086,10,46375.09,Commercial Baseline,High
2026-04-01,CUST011,PRD0086,9,41044.04,Commercial Baseline,Low
2026-05-01,CUST011,PRD0086,7,33339.71,Commercial Baseline,Low
2026-06-01,CUST011,PRD0086,10,49044.24,Commercial Baseline,Medium
2026-07-01,CUST011,PRD0086,11,49998.78,Latest Estimate,High
2026-08-01,CUST011,PRD0086,8,38308.0,SIOP Review,High
2026-09-01,CUST011,PRD0086,7,32450.64,Commercial Baseline,High
2026-10-01,CUST011,PRD0086,12,58360.61,SIOP Review,Medium
2026-11-01,CUST011,PRD0086,6,28310.06,Commercial Baseline,Medium
2026-12-01,CUST011,PRD0086,10,47487.17,Commercial Baseline,Medium
2025-07-01,CUST011,PRD0048,1,6457.46,Latest Estimate,Medium
2025-08-01,CUST011,PRD0048,0,0.0,Commercial Baseline,Low
2025-09-01,CUST011,PRD0048,0,0.0,Commercial Baseline,Low
2025-10-01,CUST011,PRD0048,1,6599.93,SIOP Review,Low
2025-11-01,CUST011,PRD0048,8,53176.07,SIOP Review,High
2025-12-01,CUST011,PRD0048,0,0.0,Commercial Baseline,Medium
2026-01-01,CUST011,PRD0048,2,13373.21,Commercial Baseline,High
2026-02-01,CUST011,PRD0048,1,6277.36,Commercial Baseline,High
2026-03-01,CUST011,PRD0048,0,0.0,Latest Estimate,Medium
2026-04-01,CUST011,PRD0048,2,13834.24,Latest Estimate,High
2026-05-01,CUST011,PRD0048,1,6451.69,Latest Estimate,Medium
2026-06-01,CUST011,PRD_X0011,2,12936.67,SIOP Review,Medium
2026-07-01,CUST011,PRD0048,0,0.0,Latest Estimate,Low
2026-08-01,CUST011,PRD0048,2,13246.88,Latest Estimate,High
2026-09-01,CUST011,PRD0048,1,6500.23,Latest Estimate,Medium
2026-10-01,CUST011,PRD0048,1,6873.11,SIOP Review,Medium
2026-11-01,CUST011,PRD0048,0,0.0,Commercial Baseline,High
2026-12-01,CUST011,PRD0048,0,0.0,Latest Estimate,Low
2025-07-01,CUST011,PRD0006,17,178476.5,SIOP Review,Medium
2025-08-01,CUST011,PRD0006,10,93285.97,SIOP Review,Low
2025-09-01,CUST011,PRD0006,7,72813.61,Commercial Baseline,Low
2025-10-01,CUST011,PRD0006,8,79642.52,Commercial Baseline,Low
2025-11-01,CUST011,PRD0006,3,28306.79,SIOP Review,Low
2025-12-01,CUST011,PRD0006,8,81727.93,SIOP Review,Medium
2026-01-01,CUST011,PRD0006,6,60666.44,SIOP Review,Medium
2026-02-01,CUST011,PRD0006,10,97567.46,Commercial Baseline,Low
2026-03-01,CUST011,PRD0006,6,60371.15,SIOP Review,Medium
2026-04-01,CUST011,PRD0006,12,123129.04,SIOP Review,Medium
2026-05-01,CUST011,PRD0006,7,72926.5,Latest Estimate,High
2026-06-01,CUST011,PRD0006,3,30667.5,Latest Estimate,Medium
2026-07-01,CUST011,PRD0006,7,65198.73,Latest Estimate,High
2026-08-01,CUST011,PRD0006,6,56613.11,SIOP Review,Medium
2026-09-01,CUST011,PRD0006,8,76665.01,Commercial Baseline,Medium
2026-10-01,CUST011,PRD0006,8,79445.43,Latest Estimate,Low
2026-11-01,CUST011,PRD0006,6,57221.27,Commercial Baseline,High
2026-12-01,CUST011,PRD0006,11,115450.98,Latest Estimate,Low
2025-07-01,CUST011,PRD0054,3,8119.39,Commercial Baseline,High
2025-08-01,CUST011,PRD0054,2,5909.54,Commercial Baseline,Low
2025-09-01,CUST011,PRD0054,2,5519.61,Commercial Baseline,Medium
2025-10-01,CUST011,PRD0054,3,8375.88,Latest Estimate,Medium
2025-11-01,CUST011,PRD0054,3,8211.37,SIOP Review,High
2025-12-01,CUST011,PRD0054,17,49276.09,Commercial Baseline,Medium
2026-01-01,CUST011,PRD0054,3,8944.01,SIOP Review,Medium
2026-02-01,CUST011,PRD0054,2,5699.46,SIOP Review,Medium
2026-03-01,CUST011,PRD0054,3,8983.07,SIOP Review,Medium
2026-04-01,CUST011,PRD0054,2,5565.09,SIOP Review,Low
2026-05-01,CUST011,PRD0054,3,9094.38,Commercial Baseline,Medium
2026-06-01,CUST011,PRD0054,3,8053.9,SIOP Review,Medium
2026-07-01,CUST011,PRD0054,3,8641.68,SIOP Review,Medium
2026-08-01,CUST011,PRD0054,1,2875.34,SIOP Review,Medium
2026-09-01,CUST011,PRD0054,4,11449.64,SIOP Review,Low
2026-10-01,CUST011,PRD0054,3,8666.41,Commercial Baseline,High
2026-11-01,CUST011,PRD0054,3,8243.04,Latest Estimate,Medium
2026-12-01,CUST011,PRD0054,0,0.0,SIOP Review,Medium
2025-07-01,CUST011,PRD0018,1,1152.09,SIOP Review,High
2025-08-01,CUST011,PRD0018,5,5799.01,Commercial Baseline,Low
2025-09-01,CUST011,PRD0018,5,5632.05,Latest Estimate,Medium
2025-10-01,CUST011,PRD0018,1,1188.57,SIOP Review,Low
2025-11-01,CUST011,PRD0018,4,4455.6,Latest Estimate,Medium
2025-12-01,CUST011,PRD0018,3,3276.47,Commercial Baseline,High
2026-01-01,CUST011,PRD0018,3,3445.91,SIOP Review,Medium
2026-02-01,CUST011,PRD0018,2,2422.12,SIOP Review,Medium
2026-03-01,CUST011,PRD0018,4,4774.44,Commercial Baseline,Medium
2026-04-01,CUST011,PRD0018,12,13572.88,SIOP Review,Medium
2026-05-01,CUST011,PRD0018,10,11415.52,SIOP Review,Low
2026-06-01,CUST011,PRD0018,1,1135.46,Commercial Baseline,Medium
2026-07-01,CUST011,PRD0018,1,1137.58,SIOP Review,Medium
2026-08-01,CUST011,PRD0018,2,2363.55,Latest Estimate,Medium
2026-09-01,CUST011,PRD0018,15,15996.63,Commercial Baseline,Medium
2026-10-01,CUST011,PRD0018,3,3319.22,Commercial Baseline,Medium
2026-11-01,CUST011,PRD0018,3,3287.84,SIOP Review,Medium
2026-12-01,CUST011,PRD0018,4,4759.69,SIOP Review,Low
2025-07-01,CUST011,PRD0100,0,0.0,Commercial Baseline,High
2025-08-01,CUST011,PRD0100,0,0.0,Latest Estimate,Medium
2025-09-01,CUST011,PRD0100,0,0.0,SIOP Review,Low
2025-10-01,CUST011,PRD0100,0,0.0,Latest Estimate,Medium
2025-11-01,CUST011,PRD0100,0,0.0,SIOP Review,Medium
2025-12-01,CUST011,PRD0100,0,0.0,Commercial Baseline,Medium
2026-01-01,CUST011,PRD0100,0,0.0,Latest Estimate,Medium
2026-02-01,CUST011,PRD0100,0,0.0,Commercial Baseline,Low
2026-03-01,CUST011,PRD0100,0,0.0,SIOP Review,High
2026-04-01,CUST011,PRD0100,0,0.0,Commercial Baseline,Low
2026-05-01,CUST011,PRD0100,0,0.0,Latest Estimate,Medium
2026-06-01,CUST011,PRD0100,0,0.0,SIOP Review,Low
2026-07-01,CUST011,PRD0100,0,0.0,Commercial Baseline,Medium
2026-08-01,CUST011,PRD0100,0,0.0,SIOP Review,Medium
2026-09-01,CUST011,PRD0100,0,0.0,Commercial Baseline,High
2026-10-01,CUST011,PRD0100,0,0.0,Latest Estimate,Medium
2026-11-01,CUST011,PRD0100,2,5501.17,SIOP Review,Low
2026-12-01,CUST011,PRD0100,0,0.0,SIOP Review,High
2025-07-01,CUST011,PRD0083,1,4136.6,SIOP Review,Medium
2025-08-01,CUST011,PRD0083,0,0.0,Commercial Baseline,Medium
2025-09-01,CUST011,PRD0083,0,0.0,SIOP Review,High
2025-10-01,CUST011,PRD0083,0,0.0,SIOP Review,High
2025-11-01,CUST011,PRD0083,0,0.0,Commercial Baseline,Medium
2025-12-01,CUST011,PRD0083,1,4304.23,Latest Estimate,Medium
2026-01-01,CUST011,PRD0083,1,3983.04,SIOP Review,High
2026-02-01,CUST011,PRD0083,3,12629.84,Commercial Baseline,Medium
2026-03-01,CUST011,PRD0083,0,0.0,Latest Estimate,Medium
2026-04-01,CUST011,PRD0083,1,4325.71,SIOP Review,Medium
2026-05-01,CUST011,PRD0083,0,0.0,Commercial Baseline,High
2026-06-01,CUST011,PRD0083,0,0.0,SIOP Review,Medium
2026-07-01,CUST011,PRD0083,1,4095.9,SIOP Review,High
2026-08-01,CUST011,PRD0083,0,0.0,Commercial Baseline,Low
2026-09-01,CUST011,PRD0083,2,8525.14,Latest Estimate,Medium
2026-10-01,CUST011,PRD0083,1,4137.78,Latest Estimate,Low
2026-11-01,CUST011,PRD0083,0,0.0,SIOP Review,Medium
2026-12-01,CUST011,PRD0083,0,0.0,SIOP Review,Medium
2025-07-01,CUST011,PRD0099,0,0.0,Latest Estimate,Medium
2025-08-01,CUST011,PRD0099,0,0.0,Latest Estimate,Medium
2025-09-01,CUST011,PRD0099,0,0.0,Commercial Baseline,High
2025-10-01,CUST011,PRD0099,7,17538.54,SIOP Review,Medium
2025-11-01,CUST011,PRD0099,0,0.0,Latest Estimate,Medium
2025-12-01,CUST011,PRD0099,0,0.0,Latest Estimate,Medium
2026-01-01,CUST011,PRD0099,0,0.0,SIOP Review,High
2026-02-01,CUST011,PRD0099,0,0.0,Commercial Baseline,Low
2026-03-01,CUST011,PRD0099,0,0.0,SIOP Review,High
2026-04-01,CUST011,PRD0099,6,16569.74,Commercial Baseline,Medium
2026-05-01,CUST011,PRD0099,0,0.0,Latest Estimate,High
2026-06-01,CUST011,PRD0099,1,2594.12,Commercial Baseline,Low
2026-07-01,CUST011,PRD0099,13,33877.19,SIOP Review,Low
2026-08-01,CUST011,PRD0099,0,0.0,Commercial Baseline,Medium
2026-09-01,CUST011,PRD0099,8,20538.63,Latest Estimate,Low
2026-10-01,CUST011,PRD0099,0,0.0,Commercial Baseline,Medium
2026-11-01,CUST011,PRD0099,0,0.0,Latest Estimate,High
2026-12-01,CUST011,PRD0099,0,0.0,Commercial Baseline,High
2025-07-01,CUST011,PRD0110,5,30770.91,Commercial Baseline,Low
2025-08-01,CUST011,PRD0110,2,12307.14,SIOP Review,Low
2025-09-01,CUST011,PRD0110,2,12667.41,Latest Estimate,High
2025-10-01,CUST011,PRD0110,5,30195.64,SIOP Review,Medium
2025-11-01,CUST011,PRD0110,1,6236.05,Commercial Baseline,Medium
2025-12-01,CUST011,PRD0110,4,26943.0,Latest Estimate,High
2026-01-01,CUST011,PRD0110,3,19855.37,Commercial Baseline,Medium
2026-02-01,CUST011,PRD0110,3,18688.76,SIOP Review,High
2026-03-01,CUST011,PRD0110,16,98103.6,Commercial Baseline,Medium
2026-04-01,CUST011,PRD0110,3,19274.05,Latest Estimate,Medium
2026-05-01,CUST011,PRD0110,4,25765.65,SIOP Review,Low
2026-06-01,CUST011,PRD0110,2,13173.64,Latest Estimate,Medium
2026-07-01,CUST011,PRD0110,1,6569.44,Latest Estimate,Medium
2026-08-01,CUST011,PRD0110,2,12068.24,Latest Estimate,High
2026-09-01,CUST011,PRD0110,3,17864.59,Latest Estimate,High
2026-10-01,CUST011,PRD0110,1,6643.3,Latest Estimate,Medium
2026-11-01,CUST011,PRD0110,4,25473.6,Latest Estimate,High
2026-12-01,CUST011,PRD0110,4,25773.1,Latest Estimate,High
2025-07-01,CUST011,PRD0001,3,122788.62,SIOP Review,Medium
2025-08-01,CUST011,PRD0001,0,0.0,Latest Estimate,Medium
2025-09-01,CUST011,PRD0001,0,0.0,Latest Estimate,Low
2025-10-01,CUST011,PRD0001,1,42047.69,Commercial Baseline,Medium
2025-11-01,CUST011,PRD0001,2,77578.56,SIOP Review,High
2025-12-01,CUST011,PRD0001,1,40672.45,Latest Estimate,Medium
2026-01-01,CUST011,PRD0001,0,0.0,Commercial Baseline,Medium
2026-02-01,CUST011,PRD0001,2,82592.95,Commercial Baseline,Medium
2026-03-01,CUST011,PRD0001,2,76092.92,Commercial Baseline,Medium
2026-04-01,CUST011,PRD0001,0,0.0,Latest Estimate,Medium
2026-05-01,CUST011,PRD0001,1,40012.19,Latest Estimate,Medium
2026-06-01,CUST011,PRD0001,0,0.0,Commercial Baseline,Medium
2026-07-01,CUST011,PRD0001,1,40730.63,Latest Estimate,Medium
2026-08-01,CUST011,PRD0001,1,40358.95,Latest Estimate,Medium
2026-09-01,CUST011,PRD0001,0,0.0,Latest Estimate,Medium
2026-10-01,CUST011,PRD0001,1,41695.51,Commercial Baseline,Medium
2026-11-01,CUST011,PRD0001,1,41671.7,SIOP Review,Low
2026-12-01,CUST011,PRD0001,1,41700.26,Commercial Baseline,High
2025-07-01,CUST011,PRD0119,2,1651.23,Latest Estimate,Medium
2025-08-01,CUST011,PRD0119,2,1492.03,SIOP Review,High
2025-09-01,CUST011,PRD0119,3,2223.29,SIOP Review,Medium
2025-10-01,CUST011,PRD0119,2,1563.46,Latest Estimate,Low
2025-11-01,CUST011,PRD0119,2,1492.31,Commercial Baseline,High
2025-12-01,CUST011,PRD0119,2,1603.66,Commercial Baseline,High
2026-01-01,CUST011,PRD0119,16,12709.35,Commercial Baseline,Medium
2026-02-01,CUST011,PRD0119,3,2448.52,SIOP Review,Low
2026-03-01,CUST011,PRD0119,5,3886.51,Latest Estimate,Low
2026-04-01,CUST011,PRD0119,16,12594.5,Latest Estimate,Medium
2026-05-01,CUST011,PRD0119,3,2228.26,Commercial Baseline,Low
2026-06-01,CUST011,PRD0119,0,0.0,Latest Estimate,Medium
2026-07-01,CUST011,PRD0119,2,1582.8,Commercial Baseline,Low
2026-08-01,CUST011,PRD0119,6,4962.04,Latest Estimate,Low
2026-09-01,CUST011,PRD0119,4,3199.27,Commercial Baseline,High
2026-10-01,CUST011,PRD0119,3,2403.41,Latest Estimate,Medium
2026-11-01,CUST011,PRD0119,3,2272.29,Commercial Baseline,Low
2026-12-01,CUST011,PRD0119,2,1560.86,SIOP Review,Medium
2025-07-01,CUST011,PRD0104,3,17695.03,SIOP Review,Low
2025-08-01,CUST011,PRD0104,3,18253.15,Latest Estimate,Medium
2025-09-01,CUST011,PRD0104,2,12299.83,Latest Estimate,Medium
2025-10-01,CUST011,PRD0104,3,18495.53,SIOP Review,High
2025-11-01,CUST011,PRD0104,4,23674.13,Commercial Baseline,High
2025-12-01,CUST011,PRD0104,2,12490.65,Commercial Baseline,Medium
2026-01-01,CUST011,PRD0104,12,77601.38,SIOP Review,Medium
2026-02-01,CUST011,PRD0104,2,11884.47,Latest Estimate,High
2026-03-01,CUST011,PRD0104,3,17435.45,Latest Estimate,Medium
2026-04-01,CUST011,PRD0104,4,22957.07,Latest Estimate,High
2026-05-01,CUST011,PRD0104,3,18662.09,Latest Estimate,High
2026-06-01,CUST011,PRD0104,1,6058.88,SIOP Review,High
2026-07-01,CUST011,PRD0104,2,12522.2,Commercial Baseline,Medium
2026-08-01,CUST011,PRD0104,1,6152.26,SIOP Review,Low
2026-09-01,CUST011,PRD0104,4,23726.31,Commercial Baseline,Low
2026-10-01,CUST011,PRD0104,3,19316.58,SIOP Review,Medium
2026-11-01,CUST011,PRD0104,3,18199.78,Latest Estimate,Medium
2026-12-01,CUST011,PRD0104,4,23778.41,Commercial Baseline,Medium
2025-07-01,CUST011,PRD0079,2,20565.54,SIOP Review,High
2025-08-01,CUST011,PRD0079,0,0.0,SIOP Review,High
2025-09-01,CUST011,PRD0079,9,88662.06,Latest Estimate,Medium
2025-10-01,CUST011,PRD0079,0,0.0,Latest Estimate,Low
2025-11-01,CUST011,PRD0079,10,96446.65,Commercial Baseline,High
2025-12-01,CUST011,PRD0079,0,0.0,SIOP Review,Medium
2026-01-01,CUST011,PRD0079,0,0.0,SIOP Review,Medium
2026-02-01,CUST011,PRD0079,1,9331.03,Commercial Baseline,Medium
2026-03-01,CUST011,PRD0079,0,0.0,Commercial Baseline,Medium
2026-04-01,CUST011,PRD0079,1,9641.18,Commercial Baseline,Medium
2026-05-01,CUST011,PRD0079,1,9290.14,Commercial Baseline,High
2026-06-01,CUST011,PRD0079,1,9431.29,Commercial Baseline,Medium
2026-07-01,CUST011,PRD0079,0,0.0,Latest Estimate,Medium
2026-08-01,CUST011,PRD0079,1,10295.43,Commercial Baseline,Medium
2026-09-01,CUST011,PRD0079,1,10098.59,Commercial Baseline,Medium
2026-10-01,CUST011,PRD0079,1,9181.65,Latest Estimate,Medium
2026-11-01,CUST011,PRD0079,2,19221.83,SIOP Review,High
2026-12-01,CUST011,PRD0079,0,0.0,Commercial Baseline,Medium
2025-07-01,CUST011,PRD0082,0,0.0,Latest Estimate,Medium
2025-08-01,CUST011,PRD0082,0,0.0,Commercial Baseline,Medium
2025-09-01,CUST011,PRD0082,0,0.0,SIOP Review,Medium
2025-10-01,CUST011,PRD0082,0,0.0,Latest Estimate,Low
2025-11-01,CUST011,PRD0082,0,0.0,Latest Estimate,Medium
2025-12-01,CUST011,PRD0082,0,0.0,Commercial Baseline,Medium
2026-01-01,CUST011,PRD0082,0,0.0,Commercial Baseline,High
2026-02-01,CUST011,PRD0082,0,0.0,SIOP Review,High
2026-03-01,CUST011,PRD0082,0,0.0,Commercial Baseline,Low
2026-04-01,CUST011,PRD0082,0,0.0,Commercial Baseline,Medium
2026-05-01,CUST011,PRD0082,0,0.0,Latest Estimate,Medium
2026-06-01,CUST011,PRD0082,0,0.0,Commercial Baseline,Medium
2026-07-01,CUST011,PRD0082,1,1817.46,Commercial Baseline,Medium
2026-08-01,CUST011,PRD0082,0,0.0,SIOP Review,High
2026-09-01,CUST011,PRD0082,0,0.0,Latest Estimate,High
2026-10-01,CUST011,PRD0082,0,0.0,Commercial Baseline,Medium
2026-11-01,CUST011,PRD0082,1,1817.32,Latest Estimate,High
2026-12-01,CUST011,PRD0082,0,0.0,Commercial Baseline,Medium
2025-07-01,CUST011,PRD0114,1,2752.58,Latest Estimate,High
2025-08-01,CUST011,PRD0114,0,0.0,SIOP Review,Medium
2025-09-01,CUST011,PRD0114,0,0.0,SIOP Review,Medium
2025-10-01,CUST011,PRD0114,0,0.0,Commercial Baseline,High
2025-11-01,CUST011,PRD0114,1,2554.03,Commercial Baseline,Low
2025-12-01,CUST011,PRD0114,11,29299.94,SIOP Review,Medium
2026-01-01,CUST011,PRD0114,1,2479.33,Commercial Baseline,Medium
2026-02-01,CUST011,PRD0114,0,0.0,Latest Estimate,Medium
2026-03-01,CUST011,PRD0114,2,5188.31,Latest Estimate,High
2026-04-01,CUST011,PRD0114,1,2643.99,SIOP Review,Medium
2026-05-01,CUST011,PRD0114,1,2788.64,Commercial Baseline,Medium
2026-06-01,CUST011,PRD0114,0,0.0,Commercial Baseline,Medium
2026-07-01,CUST011,PRD0114,0,0.0,SIOP Review,Medium
2026-08-01,CUST011,PRD0114,0,0.0,SIOP Review,High
2026-09-01,CUST011,PRD0114,0,0.0,SIOP Review,Medium
2026-10-01,CUST011,PRD0114,1,2761.58,Commercial Baseline,Low
2026-11-01,CUST011,PRD0114,0,0.0,Latest Estimate,High
2026-12-01,CUST011,PRD0114,11,30204.74,Latest Estimate,Medium
2025-07-01,CUST011,PRD0011,1,39616.18,SIOP Review,Medium
2025-08-01,CUST011,PRD0011,1,39417.34,SIOP Review,Medium
2025-09-01,CUST011,PRD0011,1,37825.75,SIOP Review,Low
2025-10-01,CUST011,PRD0011,2,73751.47,Commercial Baseline,Low
2025-11-01,CUST011,PRD0011,0,0.0,Commercial Baseline,Low
2025-12-01,CUST011,PRD0011,0,0.0,SIOP Review,Medium
2026-01-01,CUST011,PRD0011,0,0.0,Commercial Baseline,High
2026-02-01,CUST011,PRD0011,1,38062.17,SIOP Review,Medium
2026-03-01,CUST011,PRD0011,1,41521.14,Latest Estimate,High
2026-04-01,CUST011,PRD0011,1,41346.29,Commercial Baseline,Medium
2026-05-01,CUST011,PRD0011,2,79006.99,Commercial Baseline,High
2026-06-01,CUST011,PRD0011,0,0.0,Latest Estimate,Low
2026-07-01,CUST011,PRD0011,0,0.0,Commercial Baseline,High
2026-08-01,CUST011,PRD0011,0,0.0,Commercial Baseline,High
2026-09-01,CUST011,PRD0011,1,38276.96,Latest Estimate,Medium
2026-10-01,CUST011,PRD0011,1,39434.1,SIOP Review,Medium
2026-11-01,CUST011,PRD0011,1,41012.04,SIOP Review,Medium
2026-12-01,CUST011,PRD0011,7,264533.82,Commercial Baseline,Medium
2025-07-01,CUST011,PRD0057,0,0.0,Commercial Baseline,High
2025-08-01,CUST011,PRD0057,1,10609.09,Commercial Baseline,High
2025-09-01,CUST011,PRD0057,0,0.0,Latest Estimate,Low
2025-10-01,CUST011,PRD0057,2,22437.5,Commercial Baseline,Low
2025-11-01,CUST011,PRD0057,1,10590.45,Latest Estimate,Low
2025-12-01,CUST011,PRD0057,1,11254.49,Commercial Baseline,Medium
2026-01-01,CUST011,PRD0057,1,10866.86,SIOP Review,Medium
2026-02-01,CUST011,PRD0057,2,20517.36,Latest Estimate,Medium
2026-03-01,CUST011,PRD0057,0,0.0,Latest Estimate,Low
2026-04-01,CUST011,PRD0057,0,0.0,Commercial Baseline,Medium
2026-05-01,CUST011,PRD0057,1,11220.34,SIOP Review,Low
2026-06-01,CUST011,PRD0057,0,0.0,SIOP Review,Medium
2026-07-01,CUST011,PRD0057,11,117162.63,Latest Estimate,High
2026-08-01,CUST011,PRD0057,0,0.0,Commercial Baseline,Medium
2026-09-01,CUST011,PRD0057,2,23168.27,Latest Estimate,Low
2026-10-01,CUST011,PRD0057,2,20546.9,SIOP Review,Medium
2026-11-01,CUST011,PRD0057,0,0.0,Commercial Baseline,High
2026-12-01,CUST011,PRD0057,0,0.0,Latest Estimate,Medium
2025-07-01,CUST011,PRD0069,7,52198.79,SIOP Review,Medium
2025-08-01,CUST011,PRD0069,0,0.0,SIOP Review,High
2025-09-01,CUST011,PRD0069,0,0.0,SIOP Review,Low
2025-10-01,CUST011,PRD0069,2,15107.85,Commercial Baseline,High
2025-11-01,CUST011,PRD0069,1,7531.53,Commercial Baseline,Medium
2025-12-01,CUST011,PRD0069,0,0.0,Commercial Baseline,Medium
2026-01-01,CUST011,PRD0069,6,44072.7,Commercial Baseline,Medium
2026-02-01,CUST011,PRD0069,1,7492.91,SIOP Review,Medium
2026-03-01,CUST011,PRD0069,1,7104.55,Commercial Baseline,Medium
2026-04-01,CUST011,PRD0069,7,49804.54,Latest Estimate,Medium
2026-05-01,CUST011,PRD0069,2,14755.04,Latest Estimate,Medium
2026-06-01,CUST011,PRD0069,0,0.0,SIOP Review,Medium
2026-07-01,CUST011,PRD0069,1,6779.02,Latest Estimate,High
2026-08-01,CUST011,PRD0069,1,7469.18,Latest Estimate,Medium
2026-09-01,CUST011,PRD0069,1,7590.68,Latest Estimate,High
2026-10-01,CUST011,PRD0069,0,0.0,Latest Estimate,Medium
2026-11-01,CUST011,PRD0069,0,0.0,SIOP Review,Medium
2026-12-01,CUST011,PRD0069,2,14865.72,SIOP Review,Medium
2025-07-01,CUST011,PRD0028,6,52000.11,Latest Estimate,Medium
2025-08-01,CUST011,PRD0028,6,50590.27,Commercial Baseline,Low
2025-09-01,CUST011,PRD0028,6,48367.31,Commercial Baseline,Medium
2025-10-01,CUST011,PRD0028,6,46657.22,Latest Estimate,High
2025-11-01,CUST011,PRD0028,2,16554.16,Commercial Baseline,Medium
2025-12-01,CUST011,PRD0028,1,8159.09,Commercial Baseline,Low
2026-01-01,CUST011,PRD0028,5,43437.29,SIOP Review,High
2026-02-01,CUST011,PRD0028,3,25976.02,Latest Estimate,Low
2026-03-01,CUST011,PRD0028,5,42465.34,SIOP Review,Medium
2026-04-01,CUST011,PRD0028,5,41752.52,Commercial Baseline,High
2026-05-01,CUST011,PRD0028,5,41070.25,Commercial Baseline,Medium
2026-06-01,CUST011,PRD0028,5,41651.32,Latest Estimate,Low
2026-07-01,CUST011,PRD_X0014,2,16634.36,SIOP Review,Medium
2026-08-01,CUST011,PRD0028,5,38635.1,Latest Estimate,High
2026-09-01,CUST011,PRD0028,3,23397.86,Latest Estimate,High
2026-10-01,CUST011,PRD0028,5,39990.92,Latest Estimate,Low
2026-11-01,CUST011,PRD0028,6,51088.93,Latest Estimate,High
2026-12-01,CUST011,PRD0028,4,31872.1,SIOP Review,Medium
2025-07-01,CUST011,PRD0010,0,0.0,Latest Estimate,Medium
2025-08-01,CUST011,PRD0010,0,0.0,SIOP Review,Low
2025-09-01,CUST011,PRD0010,0,0.0,Latest Estimate,Low
2025-10-01,CUST011,PRD0010,0,0.0,Commercial Baseline,High
2025-11-01,CUST011,PRD0010,0,0.0,SIOP Review,High
2025-12-01,CUST011,PRD0010,0,0.0,Latest Estimate,High
2026-01-01,CUST011,PRD0010,0,0.0,Commercial Baseline,Low
2026-02-01,CUST011,PRD0010,1,7846.07,SIOP Review,Low
2026-03-01,CUST011,PRD0010,0,0.0,Latest Estimate,Medium
2026-04-01,CUST011,PRD0010,1,7970.55,Commercial Baseline,Low
2026-05-01,CUST011,PRD0010,0,0.0,Commercial Baseline,High
2026-06-01,CUST011,PRD0010,0,0.0,SIOP Review,High
2026-07-01,CUST011,PRD0010,0,0.0,SIOP Review,High
2026-08-01,CUST011,PRD0010,0,0.0,Latest Estimate,Low
2026-09-01,CUST011,PRD0010,8,66500.13,Commercial Baseline,Medium
2026-10-01,CUST011,PRD0010,1,7779.25,Commercial Baseline,High
2026-11-01,CUST011,PRD0010,0,0.0,SIOP Review,High
2026-12-01,CUST011,PRD0010,1,8254.35,SIOP Review,High
2025-07-01,CUST011,PRD0108,0,0.0,Latest Estimate,Medium
2025-08-01,CUST011,PRD0108,0,0.0,Latest Estimate,Medium
2025-09-01,CUST011,PRD0108,1,22147.41,Latest Estimate,Low
2025-10-01,CUST011,PRD0108,0,0.0,Latest Estimate,Medium
2025-11-01,CUST011,PRD0108,0,0.0,SIOP Review,Medium
2025-12-01,CUST011,PRD0108,0,0.0,Latest Estimate,High
2026-01-01,CUST011,PRD0108,1,21294.18,Commercial Baseline,Medium
2026-02-01,CUST011,PRD0108,0,0.0,SIOP Review,Medium
2026-03-01,CUST011,PRD0108,0,0.0,SIOP Review,High
2026-04-01,CUST011,PRD0108,0,0.0,Commercial Baseline,High
2026-05-01,CUST011,PRD0108,0,0.0,Latest Estimate,Low
2026-06-01,CUST011,PRD0108,6,135280.98,Latest Estimate,High
2026-07-01,CUST011,PRD0108,0,0.0,Commercial Baseline,Low
2026-08-01,CUST011,PRD0108,8,175272.25,SIOP Review,Medium
2026-09-01,CUST011,PRD0108,0,0.0,SIOP Review,Medium
2026-10-01,CUST011,PRD0108,0,0.0,Commercial Baseline,Medium
2026-11-01,CUST011,PRD0108,2,42214.34,Latest Estimate,Low
2026-12-01,CUST011,PRD0108,0,0.0,Commercial Baseline,Medium
2025-07-01,CUST011,PRD0008,3,17457.92,Commercial Baseline,Low
2025-08-01,CUST011,PRD0008,6,34880.53,SIOP Review,Medium
2025-09-01,CUST011,PRD0008,4,21835.92,SIOP Review,Medium
2025-10-01,CUST011,PRD0008,5,29233.41,Commercial Baseline,High
2025-11-01,CUST011,PRD0008,3,18024.94,Latest Estimate,Medium
2025-12-01,CUST011,PRD0008,5,28849.35,Latest Estimate,High
2026-01-01,CUST011,PRD0008,1,6113.49,Latest Estimate,Medium
2026-02-01,CUST011,PRD0008,6,32761.96,Latest Estimate,Medium
2026-03-01,CUST011,PRD0008,5,29978.42,Latest Estimate,Medium
2026-04-01,CUST011,PRD0008,3,17459.01,SIOP Review,High
2026-05-01,CUST011,PRD0008,5,27008.58,Latest Estimate,Low
2026-06-01,CUST011,PRD0008,4,21929.28,SIOP Review,Low
2026-07-01,CUST011,PRD0008,11,64672.39,Commercial Baseline,High
2026-08-01,CUST011,PRD0008,4,23167.21,Latest Estimate,Low
2026-09-01,CUST011,PRD0008,5,28911.71,Latest Estimate,Medium
2026-10-01,CUST011,PRD0008,4,21619.92,Latest Estimate,Low
2026-11-01,CUST011,PRD0008,5,28746.81,Commercial Baseline,Medium
2026-12-01,CUST011,PRD0008,5,29450.66,Latest Estimate,High
2025-07-01,CUST012,PRD0018,13,15184.88,Latest Estimate,Medium
2025-08-01,CUST012,PRD0018,9,9928.65,SIOP Review,Low
2025-09-01,CUST012,PRD0018,10,10784.82,SIOP Review,High
2025-10-01,CUST012,PRD0018,10,11235.71,SIOP Review,High
2025-11-01,CUST012,PRD0018,11,12737.23,Commercial Baseline,Medium
2025-12-01,CUST012,PRD0018,15,16125.36,Commercial Baseline,Low
2026-01-01,CUST012,PRD0018,11,12660.63,Latest Estimate,Medium
2026-02-01,CUST012,PRD0018,12,13619.98,Latest Estimate,High
2026-03-01,CUST012,PRD0018,26,30139.33,Commercial Baseline,Low
2026-04-01,CUST012,PRD0018,22,26395.43,Latest Estimate,Medium
2026-05-01,CUST012,PRD0018,12,13258.67,SIOP Review,High
2026-06-01,CUST012,PRD0018,12,13243.86,Commercial Baseline,Medium
2026-07-01,CUST012,PRD0018,20,24069.63,SIOP Review,Low
2026-08-01,CUST012,PRD0018,13,14905.17,Latest Estimate,Medium
2026-09-01,CUST012,PRD0018,22,23894.36,Commercial Baseline,Medium
2026-10-01,CUST012,PRD0018,15,16037.46,Latest Estimate,Medium
2026-11-01,CUST012,PRD0018,10,11410.24,Commercial Baseline,High
2026-12-01,CUST012,PRD0018,9,9981.05,Commercial Baseline,High
2025-07-01,CUST012,PRD0093,0,0.0,Latest Estimate,Medium
2025-08-01,CUST012,PRD0093,0,0.0,Latest Estimate,Medium
2025-09-01,CUST012,PRD0093,0,0.0,Latest Estimate,Medium
2025-10-01,CUST012,PRD0093,0,0.0,Commercial Baseline,Medium
2025-11-01,CUST012,PRD0093,0,0.0,Latest Estimate,High
2025-12-01,CUST012,PRD0093,0,0.0,SIOP Review,High
2026-01-01,CUST012,PRD0093,1,38522.29,SIOP Review,Medium
2026-02-01,CUST012,PRD0093,0,0.0,Commercial Baseline,Low
2026-03-01,CUST012,PRD0093,1,36072.45,Commercial Baseline,High
2026-04-01,CUST012,PRD0093,0,0.0,SIOP Review,High
2026-05-01,CUST012,PRD0093,0,0.0,Commercial Baseline,Medium
2026-06-01,CUST012,PRD0093,7,261819.31,Latest Estimate,Low
2026-07-01,CUST012,PRD0093,0,0.0,SIOP Review,Medium
2026-08-01,CUST012,PRD0093,0,0.0,SIOP Review,Medium
2026-09-01,CUST012,PRD0093,0,0.0,SIOP Review,Medium
2026-10-01,CUST012,PRD0093,0,0.0,Latest Estimate,Low
2026-11-01,CUST012,PRD0093,0,0.0,SIOP Review,Medium
2026-12-01,CUST012,PRD0093,0,0.0,SIOP Review,Medium
2025-07-01,CUST012,PRD0111,0,0.0,Commercial Baseline,Medium
2025-08-01,CUST012,PRD0111,0,0.0,Latest Estimate,Medium
2025-09-01,CUST012,PRD0111,1,10506.18,Commercial Baseline,High
2025-10-01,CUST012,PRD0111,0,0.0,Latest Estimate,Low
2025-11-01,CUST012,PRD0111,0,0.0,Commercial Baseline,High
2025-12-01,CUST012,PRD0111,0,0.0,Commercial Baseline,Medium
2026-01-01,CUST012,PRD0111,0,0.0,SIOP Review,Low
2026-02-01,CUST012,PRD0111,0,0.0,Latest Estimate,High
2026-03-01,CUST012,PRD0111,0,0.0,Commercial Baseline,Medium
2026-04-01,CUST012,PRD0111,0,0.0,Latest Estimate,Medium
2026-05-01,CUST012,PRD0111,0,0.0,Commercial Baseline,High
2026-06-01,CUST012,PRD0111,0,0.0,Commercial Baseline,Low
2026-07-01,CUST012,PRD0111,1,11707.62,SIOP Review,Medium
2026-08-01,CUST012,PRD0111,1,10932.5,Latest Estimate,Medium
2026-09-01,CUST012,PRD0111,1,11499.98,Commercial Baseline,Low
2026-10-01,CUST012,PRD_X0019,0,0.0,Commercial Baseline,High
2026-11-01,CUST012,PRD0111,1,11328.07,Latest Estimate,High
2026-12-01,CUST012,PRD0111,1,11854.2,Latest Estimate,Medium
2025-07-01,CUST012,PRD0064,0,0.0,Commercial Baseline,High
2025-08-01,CUST012,PRD0064,0,0.0,Commercial Baseline,Medium
2025-09-01,CUST012,PRD0064,11,289142.53,Commercial Baseline,Medium
2025-10-01,CUST012,PRD0064,13,317137.99,SIOP Review,Medium
2025-11-01,CUST012,PRD0064,2,47016.12,SIOP Review,Medium
2025-12-01,CUST012,PRD0064,0,0.0,Latest Estimate,Low
2026-01-01,CUST012,PRD0064,0,0.0,Latest Estimate,High
2026-02-01,CUST012,PRD0064,1,24707.76,SIOP Review,Medium
2026-03-01,CUST012,PRD0064,0,0.0,Latest Estimate,Medium
2026-04-01,CUST012,PRD0064,2,47905.91,Commercial Baseline,Low
2026-05-01,CUST012,PRD0064,0,0.0,SIOP Review,Medium
2026-06-01,CUST012,PRD0064,0,0.0,Latest Estimate,Low
2026-07-01,CUST012,PRD0064,0,0.0,SIOP Review,High
2026-08-01,CUST012,PRD0064,0,0.0,Commercial Baseline,Medium
2026-09-01,CUST012,PRD0064,0,0.0,SIOP Review,High
2026-10-01,CUST012,PRD0064,1,24033.91,SIOP Review,High
2026-11-01,CUST012,PRD0064,13,333673.7,Commercial Baseline,Medium
2026-12-01,CUST012,PRD0064,1,25337.23,Latest Estimate,High
2025-07-01,CUST012,PRD0042,6,30006.4,Latest Estimate,High
2025-08-01,CUST012,PRD0042,2,9334.86,SIOP Review,Medium
2025-09-01,CUST012,PRD0042,6,28066.48,Commercial Baseline,Low
2025-10-01,CUST012,PRD0042,9,41947.87,Commercial Baseline,High
2025-11-01,CUST012,PRD0042,6,28540.82,Commercial Baseline,Medium
2025-12-01,CUST012,PRD0042,5,25457.22,Commercial Baseline,High
2026-01-01,CUST012,PRD0042,4,20131.86,SIOP Review,Medium
2026-02-01,CUST012,PRD0042,6,28078.86,Commercial Baseline,High
2026-03-01,CUST012,PRD0042,6,28287.63,Latest Estimate,Low
2026-04-01,CUST012,PRD0042,5,23944.74,Commercial Baseline,Medium
2026-05-01,CUST012,PRD0042,4,19419.89,SIOP Review,High
2026-06-01,CUST012,PRD0042,15,69147.99,Commercial Baseline,Medium
2026-07-01,CUST012,PRD0042,5,23868.61,Commercial Baseline,High
2026-08-01,CUST012,PRD0042,16,73722.23,SIOP Review,Medium
2026-09-01,CUST012,PRD0042,13,61979.37,SIOP Review,High
2026-10-01,CUST012,PRD0042,9,41212.73,SIOP Review,Medium
2026-11-01,CUST012,PRD0042,6,30332.77,Commercial Baseline,High
2026-12-01,CUST012,PRD_X0009,5,24063.67,Latest Estimate,Medium
2025-07-01,CUST012,PRD0051,2,66216.0,Latest Estimate,Medium
2025-08-01,CUST012,PRD0051,4,130016.99,Latest Estimate,Medium
2025-09-01,CUST012,PRD0051,5,173559.84,Latest Estimate,High
2025-10-01,CUST012,PRD0051,4,144182.07,Commercial Baseline,Medium
2025-11-01,CUST012,PRD0051,4,128895.69,SIOP Review,High
2025-12-01,CUST012,PRD0051,2,68538.87,SIOP Review,Low
2026-01-01,CUST012,PRD0051,15,484433.44,SIOP Review,Medium
2026-02-01,CUST012,PRD0051,2,64311.8,Commercial Baseline,Medium
2026-03-01,CUST012,PRD0051,6,216710.01,Commercial Baseline,Medium
2026-04-01,CUST012,PRD0051,4,143627.49,Latest Estimate,Medium
2026-05-01,CUST012,PRD0051,3,98935.5,Commercial Baseline,High
2026-06-01,CUST012,PRD0051,3,100473.96,Commercial Baseline,High
2026-07-01,CUST012,PRD0051,4,132984.25,Commercial Baseline,Medium
2026-08-01,CUST012,PRD0051,3,101945.37,Latest Estimate,High
2026-09-01,CUST012,PRD0051,2,70302.57,Commercial Baseline,Low
2026-10-01,CUST012,PRD0051,4,137326.24,Commercial Baseline,Low
2026-11-01,CUST012,PRD0051,4,133764.2,SIOP Review,Low
2026-12-01,CUST012,PRD0051,3,105480.74,Latest Estimate,Low
2025-07-01,CUST012,PRD0038,1,51881.65,Commercial Baseline,Medium
2025-08-01,CUST012,PRD0038,0,0.0,SIOP Review,Low
2025-09-01,CUST012,PRD0038,2,105931.33,Latest Estimate,High
2025-10-01,CUST012,PRD0038,3,159028.25,Latest Estimate,Medium
2025-11-01,CUST012,PRD0038,7,347308.32,SIOP Review,Low
2025-12-01,CUST012,PRD0038,2,111476.12,Latest Estimate,High
2026-01-01,CUST012,PRD0038,13,685746.63,Latest Estimate,Medium
2026-02-01,CUST012,PRD0038,0,0.0,Commercial Baseline,Low
2026-03-01,CUST012,PRD0038,0,0.0,SIOP Review,High
2026-04-01,CUST012,PRD0038,8,399678.64,Latest Estimate,High
2026-05-01,CUST012,PRD0038,13,694295.77,Latest Estimate,Medium
2026-06-01,CUST012,PRD0038,1,55075.83,SIOP Review,High
2026-07-01,CUST012,PRD0038,2,106543.0,Commercial Baseline,High
2026-08-01,CUST012,PRD0038,0,0.0,SIOP Review,Medium
2026-09-01,CUST012,PRD0038,0,0.0,Commercial Baseline,Low
2026-10-01,CUST012,PRD0038,0,0.0,Commercial Baseline,High
2026-11-01,CUST012,PRD0038,0,0.0,Commercial Baseline,Medium
2026-12-01,CUST012,PRD0038,1,51159.51,Commercial Baseline,Medium
2025-07-01,CUST012,PRD0103,2,15618.98,SIOP Review,Medium
2025-08-01,CUST012,PRD0103,2,15390.17,Commercial Baseline,Low
2025-09-01,CUST012,PRD0103,4,31634.44,SIOP Review,Low
2025-10-01,CUST012,PRD0103,1,7643.09,Latest Estimate,Low
2025-11-01,CUST012,PRD0103,2,15356.29,Latest Estimate,Low
2025-12-01,CUST012,PRD0103,3,23421.28,Latest Estimate,High
2026-01-01,CUST012,PRD0103,4,31566.38,Commercial Baseline,Low
2026-02-01,CUST012,PRD0103,1,8187.82,Latest Estimate,Low
2026-03-01,CUST012,PRD0103,4,31855.99,SIOP Review,Medium
2026-04-01,CUST012,PRD0103,18,146956.58,SIOP Review,Medium
2026-05-01,CUST012,PRD0103,2,14819.7,SIOP Review,Medium
2026-06-01,CUST012,PRD0103,3,23747.82,SIOP Review,Medium
2026-07-01,CUST012,PRD0103,3,24277.55,Commercial Baseline,Low
2026-08-01,CUST012,PRD0103,4,32596.58,SIOP Review,Low
2026-09-01,CUST012,PRD0103,4,30454.11,SIOP Review,High
2026-10-01,CUST012,PRD0103,2,16261.71,SIOP Review,High
2026-11-01,CUST012,PRD0103,2,15460.18,Commercial Baseline,Low
2026-12-01,CUST012,PRD0103,1,7685.11,Commercial Baseline,Low
2025-07-01,CUST012,PRD0084,1,39744.61,SIOP Review,Medium
2025-08-01,CUST012,PRD0084,0,0.0,Latest Estimate,Medium
2025-09-01,CUST012,PRD0084,0,0.0,SIOP Review,High
2025-10-01,CUST012,PRD0084,0,0.0,SIOP Review,Medium
2025-11-01,CUST012,PRD0084,0,0.0,Latest Estimate,Low
2025-12-01,CUST012,PRD0084,0,0.0,Commercial Baseline,Medium
2026-01-01,CUST012,PRD0084,1,38700.07,Latest Estimate,High
2026-02-01,CUST012,PRD0084,0,0.0,Commercial Baseline,Low
2026-03-01,CUST012,PRD0084,0,0.0,SIOP Review,Medium
2026-04-01,CUST012,PRD0084,5,182954.06,Commercial Baseline,Low
2026-05-01,CUST012,PRD0084,1,37995.34,SIOP Review,High
2026-06-01,CUST012,PRD0084,0,0.0,SIOP Review,Medium
2026-07-01,CUST012,PRD0084,0,0.0,SIOP Review,Medium
2026-08-01,CUST012,PRD0084,12,477743.36,Commercial Baseline,Medium
2026-09-01,CUST012,PRD0084,0,0.0,Commercial Baseline,Low
2026-10-01,CUST012,PRD0084,1,38610.42,Latest Estimate,High
2026-11-01,CUST012,PRD0084,0,0.0,Latest Estimate,Low
2026-12-01,CUST012,PRD0084,0,0.0,SIOP Review,Low
2025-07-01,CUST012,PRD0010,2,16720.26,Latest Estimate,Medium
2025-08-01,CUST012,PRD0010,2,15362.31,SIOP Review,Medium
2025-09-01,CUST012,PRD0010,0,0.0,SIOP Review,High
2025-10-01,CUST012,PRD0010,2,15101.14,SIOP Review,Medium
2025-11-01,CUST012,PRD0010,1,8095.37,Latest Estimate,High
2025-12-01,CUST012,PRD0010,1,8204.01,Latest Estimate,Medium
2026-01-01,CUST012,PRD0010,2,16770.46,Commercial Baseline,High
2026-02-01,CUST012,PRD0010,2,15473.09,Latest Estimate,High
2026-03-01,CUST012,PRD0010,0,0.0,Latest Estimate,Low
2026-04-01,CUST012,PRD0010,0,0.0,Commercial Baseline,Medium
2026-05-01,CUST012,PRD0010,14,117727.05,Latest Estimate,High
2026-06-01,CUST012,PRD0010,0,0.0,SIOP Review,Low
2026-07-01,CUST012,PRD0010,0,0.0,Latest Estimate,Low
2026-08-01,CUST012,PRD0010,2,16414.6,Latest Estimate,Low
2026-09-01,CUST012,PRD0010,1,7462.75,SIOP Review,High
2026-10-01,CUST012,PRD0010,0,0.0,SIOP Review,High
2026-11-01,CUST012,PRD0010,0,0.0,SIOP Review,Low
2026-12-01,CUST012,PRD0010,0,0.0,Latest Estimate,Low
2025-07-01,CUST012,PRD0045,4,24519.28,Commercial Baseline,High
2025-08-01,CUST012,PRD0045,3,19909.34,Commercial Baseline,Medium
2025-09-01,CUST012,PRD0045,20,135446.9,Latest Estimate,Low
2025-10-01,CUST012,PRD0045,5,31221.92,Commercial Baseline,Medium
2025-11-01,CUST012,PRD0045,7,43702.48,Latest Estimate,Medium
2025-12-01,CUST012,PRD0045,5,31038.77,SIOP Review,Low
2026-01-01,CUST012,PRD0045,4,27496.32,Latest Estimate,Medium
2026-02-01,CUST012,PRD0045,3,19255.12,Commercial Baseline,High
2026-03-01,CUST012,PRD0045,3,18918.2,SIOP Review,Low
2026-04-01,CUST012,PRD0045,4,25751.68,SIOP Review,High
2026-05-01,CUST012,PRD0045,3,19651.03,Commercial Baseline,Low
2026-06-01,CUST012,PRD0045,5,34385.52,Commercial Baseline,Medium
2026-07-01,CUST012,PRD0045,4,27385.0,Latest Estimate,High
2026-08-01,CUST012,PRD0045,4,24452.96,Commercial Baseline,Medium
2026-09-01,CUST012,PRD0045,6,38805.55,Commercial Baseline,High
2026-10-01,CUST012,PRD0045,4,26432.49,Latest Estimate,Low
2026-11-01,CUST012,PRD0045,12,78802.38,Latest Estimate,Medium
2026-12-01,CUST012,PRD0045,3,18288.38,Commercial Baseline,Medium
2025-07-01,CUST012,PRD0101,3,20762.87,Commercial Baseline,Low
2025-08-01,CUST012,PRD0101,3,20145.6,SIOP Review,Medium
2025-09-01,CUST012,PRD0101,5,34131.4,Commercial Baseline,Medium
2025-10-01,CUST012,PRD0101,4,26803.5,Commercial Baseline,High
2025-11-01,CUST012,PRD0101,4,29324.41,Commercial Baseline,Medium
2025-12-01,CUST012,PRD0101,3,20873.02,SIOP Review,Low
2026-01-01,CUST012,PRD0101,2,13216.13,Commercial Baseline,Medium
2026-02-01,CUST012,PRD0101,0,0.0,Latest Estimate,Medium
2026-03-01,CUST012,PRD0101,5,36441.34,SIOP Review,Medium
2026-04-01,CUST012,PRD0101,16,110184.45,Commercial Baseline,Medium
2026-05-01,CUST012,PRD0101,3,19627.96,Latest Estimate,High
2026-06-01,CUST012,PRD0101,3,21390.53,SIOP Review,High
2026-07-01,CUST012,PRD0101,4,26588.71,SIOP Review,Low
2026-08-01,CUST012,PRD0101,4,26619.56,Commercial Baseline,Low
2026-09-01,CUST012,PRD0101,4,28647.61,SIOP Review,Low
2026-10-01,CUST012,PRD0101,4,26180.66,Latest Estimate,Low
2026-11-01,CUST012,PRD0101,3,22039.74,Commercial Baseline,High
2026-12-01,CUST012,PRD0101,3,20027.74,Commercial Baseline,Medium
2025-07-01,CUST012,PRD0086,9,45954.3,Latest Estimate,Medium
2025-08-01,CUST012,PRD0086,6,30031.24,SIOP Review,Medium
2025-09-01,CUST012,PRD0086,7,33847.14,SIOP Review,Medium
2025-10-01,CUST012,PRD0086,8,38689.03,Latest Estimate,Medium
2025-11-01,CUST012,PRD0086,4,20018.53,Latest Estimate,Low
2025-12-01,CUST012,PRD0086,5,25474.44,Commercial Baseline,High
2026-01-01,CUST012,PRD0086,8,38692.29,Commercial Baseline,High
2026-02-01,CUST012,PRD0086,8,38200.42,Commercial Baseline,High
2026-03-01,CUST012,PRD0086,12,54800.28,Commercial Baseline,Medium
2026-04-01,CUST012,PRD0086,15,71956.97,Commercial Baseline,Low
2026-05-01,CUST012,PRD0086,7,32556.4,Latest Estimate,Low
2026-06-01,CUST012,PRD0086,7,32732.27,Commercial Baseline,Medium
2026-07-01,CUST012,PRD0086,2,9149.83,SIOP Review,Medium
2026-08-01,CUST012,PRD0086,6,29767.57,Latest Estimate,Medium
2026-09-01,CUST012,PRD0086,10,46785.64,SIOP Review,Medium
2026-10-01,CUST012,PRD0086,13,63198.6,Commercial Baseline,High
2026-11-01,CUST012,PRD0086,8,41186.9,Commercial Baseline,Medium
2026-12-01,CUST012,PRD0086,7,32759.01,SIOP Review,High
2025-07-01,CUST012,PRD0092,26,438010.56,Latest Estimate,High
2025-08-01,CUST012,PRD0092,6,94344.94,Latest Estimate,High
2025-09-01,CUST012,PRD0092,16,257693.55,SIOP Review,Medium
2025-10-01,CUST012,PRD0092,8,135257.69,Latest Estimate,Low
2025-11-01,CUST012,PRD0092,11,188450.24,Commercial Baseline,Low
2025-12-01,CUST012,PRD0092,13,209321.89,Latest Estimate,Medium
2026-01-01,CUST012,PRD0092,9,149438.54,Latest Estimate,Medium
2026-02-01,CUST012,PRD0092,15,256880.24,Latest Estimate,Medium
2026-03-01,CUST012,PRD0092,13,216378.53,Latest Estimate,Medium
2026-04-01,CUST012,PRD0092,15,255896.31,Commercial Baseline,Medium
2026-05-01,CUST012,PRD0092,8,121058.92,Latest Estimate,High
2026-06-01,CUST012,PRD0092,8,126525.92,Commercial Baseline,Medium
2026-07-01,CUST012,PRD0092,6,100262.39,SIOP Review,Medium
2026-08-01,CUST012,PRD0092,7,111771.09,Commercial Baseline,High
2026-09-01,CUST012,PRD0092,9,145653.61,SIOP Review,High
2026-10-01,CUST012,PRD0092,6,102758.66,Latest Estimate,Low
2026-11-01,CUST012,PRD0092,9,143167.63,Commercial Baseline,Medium
2026-12-01,CUST012,PRD0092,3,45892.98,Latest Estimate,Low
2025-07-01,CUST012,PRD0040,0,0.0,Commercial Baseline,High
2025-08-01,CUST012,PRD0040,0,0.0,SIOP Review,Medium
2025-09-01,CUST012,PRD0040,1,14222.4,Latest Estimate,Medium
2025-10-01,CUST012,PRD0040,0,0.0,SIOP Review,Low
2025-11-01,CUST012,PRD0040,9,126980.11,SIOP Review,Low
2025-12-01,CUST012,PRD0040,0,0.0,Latest Estimate,Medium
2026-01-01,CUST012,PRD0040,0,0.0,Latest Estimate,Low
2026-02-01,CUST012,PRD0040,0,0.0,Latest Estimate,Medium
2026-03-01,CUST012,PRD0040,0,0.0,SIOP Review,Low
2026-04-01,CUST012,PRD0040,0,0.0,Latest Estimate,Medium
2026-05-01,CUST012,PRD0040,0,0.0,Latest Estimate,High
2026-06-01,CUST012,PRD0040,0,0.0,Latest Estimate,Medium
2026-07-01,CUST012,PRD0040,0,0.0,Latest Estimate,Medium
2026-08-01,CUST012,PRD0040,0,0.0,Commercial Baseline,Medium
2026-09-01,CUST012,PRD0040,0,0.0,Latest Estimate,Medium
2026-10-01,CUST012,PRD0040,0,0.0,Commercial Baseline,Medium
2026-11-01,CUST012,PRD0040,0,0.0,Latest Estimate,High
2026-12-01,CUST012,PRD0040,1,13913.48,Latest Estimate,High
2025-07-01,CUST012,PRD0108,14,315904.14,SIOP Review,Low
2025-08-01,CUST012,PRD0108,8,172144.94,SIOP Review,Medium
2025-09-01,CUST012,PRD0108,8,173835.88,SIOP Review,High
2025-10-01,CUST012,PRD0108,10,209783.79,Latest Estimate,Medium
2025-11-01,CUST012,PRD0108,9,186435.49,Commercial Baseline,Medium
2025-12-01,CUST012,PRD0108,2,45193.48,SIOP Review,Medium
2026-01-01,CUST012,PRD0108,7,145891.61,SIOP Review,High
2026-02-01,CUST012,PRD0108,3,64933.14,Latest Estimate,Medium
2026-03-01,CUST012,PRD0108,11,232039.79,Commercial Baseline,Low
2026-04-01,CUST012,PRD0108,11,248973.89,Commercial Baseline,Low
2026-05-01,CUST012,PRD0108,11,225228.19,Latest Estimate,Medium
2026-06-01,CUST012,PRD0108,10,220149.97,Latest Estimate,Low
2026-07-01,CUST012,PRD0108,18,408286.54,Latest Estimate,Medium
2026-08-01,CUST012,PRD0108,7,156041.29,Latest Estimate,Medium
2026-09-01,CUST012,PRD0108,5,100602.9,Latest Estimate,High
2026-10-01,CUST012,PRD0108,15,336806.92,Commercial Baseline,High
2026-11-01,CUST012,PRD0108,4,86561.78,Latest Estimate,Low
2026-12-01,CUST012,PRD0108,1,20995.14,Commercial Baseline,Medium
2025-07-01,CUST012,PRD0094,0,0.0,Commercial Baseline,Low
2025-08-01,CUST012,PRD0094,1,21611.58,Latest Estimate,High
2025-09-01,CUST012,PRD0094,0,0.0,Latest Estimate,Medium
2025-10-01,CUST012,PRD0094,0,0.0,Commercial Baseline,Medium
2025-11-01,CUST012,PRD0094,0,0.0,Commercial Baseline,Medium
2025-12-01,CUST012,PRD0094,0,0.0,Latest Estimate,Low
2026-01-01,CUST012,PRD0094,0,0.0,Commercial Baseline,Medium
2026-02-01,CUST012,PRD0094,0,0.0,Commercial Baseline,Low
2026-03-01,CUST012,PRD0094,12,244408.79,Commercial Baseline,Medium
2026-04-01,CUST012,PRD0094,0,0.0,SIOP Review,High
2026-05-01,CUST012,PRD0094,1,20270.24,SIOP Review,High
2026-06-01,CUST012,PRD0094,0,0.0,Commercial Baseline,Low
2026-07-01,CUST012,PRD0094,0,0.0,SIOP Review,High
2026-08-01,CUST012,PRD0094,0,0.0,Latest Estimate,Medium
2026-09-01,CUST012,PRD0094,0,0.0,SIOP Review,Medium
2026-10-01,CUST012,PRD0094,1,21840.68,SIOP Review,High
2026-11-01,CUST012,PRD0094,1,20709.69,Commercial Baseline,Low
2026-12-01,CUST012,PRD0094,5,104456.28,Commercial Baseline,High
2025-07-01,CUST012,PRD0003,5,52862.45,SIOP Review,Medium
2025-08-01,CUST012,PRD0003,4,43258.17,Commercial Baseline,Medium
2025-09-01,CUST012,PRD0003,4,41969.74,Commercial Baseline,Low
2025-10-01,CUST012,PRD0003,3,29623.8,SIOP Review,Medium
2025-11-01,CUST012,PRD0003,7,72901.92,Latest Estimate,Medium
2025-12-01,CUST012,PRD0003,5,51065.67,SIOP Review,High
2026-01-01,CUST012,PRD0003,3,31634.3,Latest Estimate,Medium
2026-02-01,CUST012,PRD0003,3,30998.06,SIOP Review,Medium
2026-03-01,CUST012,PRD0003,7,75974.92,SIOP Review,Medium
2026-04-01,CUST012,PRD0003,6,59485.29,Commercial Baseline,Medium
2026-05-01,CUST012,PRD0003,1,9766.88,SIOP Review,Medium
2026-06-01,CUST012,PRD0003,6,65461.71,Latest Estimate,Low
2026-07-01,CUST012,PRD0003,1,9899.04,Commercial Baseline,Medium
2026-08-01,CUST012,PRD0003,3,29470.05,Commercial Baseline,Medium
2026-09-01,CUST012,PRD0003,8,86449.13,SIOP Review,Low
2026-10-01,CUST012,PRD0003,21,231822.85,SIOP Review,Medium
2026-11-01,CUST012,PRD0003,2,20379.02,Latest Estimate,Medium
2026-12-01,CUST012,PRD0003,5,50575.36,SIOP Review,High
2025-07-01,CUST012,PRD0006,6,56151.13,Commercial Baseline,Medium
2025-08-01,CUST012,PRD0006,16,163985.06,SIOP Review,Medium
2025-09-01,CUST012,PRD0006,10,100861.93,SIOP Review,Low
2025-10-01,CUST012,PRD0006,10,94859.64,Latest Estimate,Medium
2025-11-01,CUST012,PRD0006,8,78930.98,Commercial Baseline,Low
2025-12-01,CUST012,PRD0006,9,86042.96,Commercial Baseline,Medium
2026-01-01,CUST012,PRD0006,14,145479.76,Commercial Baseline,Medium
2026-02-01,CUST012,PRD0006,8,81709.59,SIOP Review,Medium
2026-03-01,CUST012,PRD0006,8,78795.31,Commercial Baseline,Low
2026-04-01,CUST012,PRD0006,14,138092.05,SIOP Review,High
2026-05-01,CUST012,PRD0006,9,89287.87,SIOP Review,Medium
2026-06-01,CUST012,PRD0006,9,89437.75,Latest Estimate,Medium
2026-07-01,CUST012,PRD0006,9,94022.28,Commercial Baseline,Medium
2026-08-01,CUST012,PRD0006,13,135146.18,SIOP Review,Medium
2026-09-01,CUST012,PRD0006,7,67759.61,Commercial Baseline,Medium
2026-10-01,CUST012,PRD0006,7,73326.41,SIOP Review,Medium
2026-11-01,CUST012,PRD0006,6,55652.59,Latest Estimate,Medium
2026-12-01,CUST012,PRD0006,7,68569.84,Commercial Baseline,High
2025-07-01,CUST012,PRD0114,1,2720.15,SIOP Review,Low
2025-08-01,CUST012,PRD0114,1,2699.24,Latest Estimate,Medium
2025-09-01,CUST012,PRD0114,3,7991.0,Commercial Baseline,Low
2025-10-01,CUST012,PRD0114,4,10353.92,Commercial Baseline,Low
2025-11-01,CUST012,PRD0114,3,7696.07,SIOP Review,Medium
2025-12-01,CUST012,PRD0114,12,33297.92,Latest Estimate,Medium
2026-01-01,CUST012,PRD0114,4,10528.95,SIOP Review,High
2026-02-01,CUST012,PRD0114,2,5278.05,Commercial Baseline,Medium
2026-03-01,CUST012,PRD0114,4,10295.23,SIOP Review,Low
2026-04-01,CUST012,PRD0114,3,7643.31,SIOP Review,Low
2026-05-01,CUST012,PRD0114,3,7904.7,Commercial Baseline,Low
2026-06-01,CUST012,PRD0114,3,7581.61,Latest Estimate,Medium
2026-07-01,CUST012,PRD0114,4,10201.35,Latest Estimate,Medium
2026-08-01,CUST012,PRD0114,3,7558.05,Commercial Baseline,Low
2026-09-01,CUST012,PRD_X0012,4,10579.75,Latest Estimate,Medium
2026-10-01,CUST012,PRD0114,3,7805.84,Commercial Baseline,Medium
2026-11-01,CUST012,PRD0114,2,5215.04,SIOP Review,Medium
2026-12-01,CUST012,PRD0114,2,5017.84,SIOP Review,Low
2025-07-01,CUST012,PRD0022,3,3545.93,Latest Estimate,Low
2025-08-01,CUST012,PRD0022,2,2212.57,SIOP Review,Medium
2025-09-01,CUST012,PRD0022,4,4274.28,Latest Estimate,Medium
2025-10-01,CUST012,PRD0022,12,13894.13,Latest Estimate,Low
2025-11-01,CUST012,PRD0022,3,3188.05,Latest Estimate,High
2025-12-01,CUST012,PRD0022,3,3580.82,Latest Estimate,Low
2026-01-01,CUST012,PRD0022,6,7032.34,Latest Estimate,Low
2026-02-01,CUST012,PRD0022,1,1158.61,Latest Estimate,High
2026-03-01,CUST012,PRD0022,6,6681.19,SIOP Review,Medium
2026-04-01,CUST012,PRD0022,3,3534.01,Commercial Baseline,High
2026-05-01,CUST012,PRD0022,3,3567.62,Commercial Baseline,Medium
2026-06-01,CUST012,PRD0022,5,5864.7,Latest Estimate,Low
2026-07-01,CUST012,PRD0022,15,16290.88,Latest Estimate,Medium
2026-08-01,CUST012,PRD0022,5,5993.4,Latest Estimate,Medium
2026-09-01,CUST012,PRD0022,3,3279.81,SIOP Review,Medium
2026-10-01,CUST012,PRD0022,5,5414.59,SIOP Review,Low
2026-11-01,CUST012,PRD0022,6,6929.41,SIOP Review,Medium
2026-12-01,CUST012,PRD0022,5,5396.05,Commercial Baseline,Low
2025-07-01,CUST012,PRD0097,2,1602.58,Latest Estimate,Medium
2025-08-01,CUST012,PRD0097,2,1696.0,SIOP Review,Low
2025-09-01,CUST012,PRD0097,3,2473.77,SIOP Review,Medium
2025-10-01,CUST012,PRD0097,1,827.05,Latest Estimate,Low
2025-11-01,CUST012,PRD0097,3,2590.41,SIOP Review,Low
2025-12-01,CUST012,PRD0097,0,0.0,SIOP Review,Medium
2026-01-01,CUST012,PRD0097,1,872.91,Commercial Baseline,Medium
2026-02-01,CUST012,PRD0097,2,1731.92,Commercial Baseline,Low
2026-03-01,CUST012,PRD0097,2,1719.85,SIOP Review,Medium
2026-04-01,CUST012,PRD0097,2,1622.67,SIOP Review,High
2026-05-01,CUST012,PRD0097,1,828.54,SIOP Review,Medium
2026-06-01,CUST012,PRD0097,4,3222.09,SIOP Review,Medium
2026-07-01,CUST012,PRD0097,2,1593.45,SIOP Review,Medium
2026-08-01,CUST012,PRD0097,2,1796.3,SIOP Review,Medium
2026-09-01,CUST012,PRD0097,0,0.0,Commercial Baseline,Medium
2026-10-01,CUST012,PRD0097,3,2567.77,Latest Estimate,Low
2026-11-01,CUST012,PRD0097,3,2672.24,Commercial Baseline,Medium
2026-12-01,CUST012,PRD0097,2,1779.19,Commercial Baseline,Medium
2025-07-01,CUST012,PRD0039,3,32262.24,Commercial Baseline,Medium
2025-08-01,CUST012,PRD0039,9,96435.97,SIOP Review,High
2025-09-01,CUST012,PRD0039,9,98131.08,Latest Estimate,Medium
2025-10-01,CUST012,PRD0039,11,119642.85,Latest Estimate,Medium
2025-11-01,CUST012,PRD0039,11,127679.2,Commercial Baseline,Low
2025-12-01,CUST012,PRD0039,7,77508.86,Commercial Baseline,Medium
2026-01-01,CUST012,PRD0039,11,125353.88,Latest Estimate,Low
2026-02-01,CUST012,PRD0039,7,76094.71,SIOP Review,Low
2026-03-01,CUST012,PRD0039,7,77172.46,Latest Estimate,Low
2026-04-01,CUST012,PRD0039,7,75138.91,Commercial Baseline,Medium
2026-05-01,CUST012,PRD0039,4,42746.41,SIOP Review,Low
2026-06-01,CUST012,PRD0039,9,94757.26,Commercial Baseline,Medium
2026-07-01,CUST012,PRD0039,10,102544.76,Latest Estimate,Medium
2026-08-01,CUST012,PRD0039,5,56921.42,Latest Estimate,Medium
2026-09-01,CUST012,PRD0039,9,97400.03,Latest Estimate,Medium
2026-10-01,CUST012,PRD0039,6,68889.31,SIOP Review,Medium
2026-11-01,CUST012,PRD0039,8,84436.16,SIOP Review,Medium
2026-12-01,CUST012,PRD0039,5,52715.08,Commercial Baseline,Low
2025-07-01,CUST012,PRD0035,1,7506.08,Latest Estimate,Low
2025-08-01,CUST012,PRD0035,0,0.0,SIOP Review,Low
2025-09-01,CUST012,PRD0035,1,7355.33,SIOP Review,High
2025-10-01,CUST012,PRD0035,17,124907.3,Commercial Baseline,Medium
2025-11-01,CUST012,PRD0035,2,14111.96,Latest Estimate,Medium
2025-12-01,CUST012,PRD0035,2,13971.58,Latest Estimate,Medium
2026-01-01,CUST012,PRD0035,0,0.0,Commercial Baseline,High
2026-02-01,CUST012,PRD0035,0,0.0,Commercial Baseline,Low
2026-03-01,CUST012,PRD0035,2,14172.5,Commercial Baseline,High
2026-04-01,CUST012,PRD0035,1,7307.95,SIOP Review,Low
2026-05-01,CUST012,PRD0035,0,0.0,SIOP Review,Medium
2026-06-01,CUST012,PRD0035,3,23296.17,SIOP Review,Low
2026-07-01,CUST012,PRD0035,2,15085.26,Commercial Baseline,Low
2026-08-01,CUST012,PRD0035,10,74857.23,SIOP Review,High
2026-09-01,CUST012,PRD0035,0,0.0,Latest Estimate,Low
2026-10-01,CUST012,PRD0035,1,7708.27,SIOP Review,Medium
2026-11-01,CUST012,PRD0035,0,0.0,Latest Estimate,High
2026-12-01,CUST012,PRD0035,0,0.0,Commercial Baseline,High
2025-07-01,CUST012,PRD0080,0,0.0,Commercial Baseline,Medium
2025-08-01,CUST012,PRD0080,0,0.0,Latest Estimate,Medium
2025-09-01,CUST012,PRD0080,0,0.0,SIOP Review,Low
2025-10-01,CUST012,PRD0080,2,12080.9,Commercial Baseline,Low
2025-11-01,CUST012,PRD0080,13,73914.41,Commercial Baseline,Low
2025-12-01,CUST012,PRD0080,0,0.0,Commercial Baseline,Low
2026-01-01,CUST012,PRD0080,0,0.0,Commercial Baseline,Low
2026-02-01,CUST012,PRD0080,0,0.0,Latest Estimate,High
2026-03-01,CUST012,PRD0080,6,33113.23,SIOP Review,Low
2026-04-01,CUST012,PRD0080,1,5942.54,Latest Estimate,High
2026-05-01,CUST012,PRD0080,0,0.0,Latest Estimate,Low
2026-06-01,CUST012,PRD0080,0,0.0,SIOP Review,Medium
2026-07-01,CUST012,PRD0080,0,0.0,SIOP Review,High
2026-08-01,CUST012,PRD0080,0,0.0,SIOP Review,Low
2026-09-01,CUST012,PRD0080,13,80509.37,SIOP Review,Medium
2026-10-01,CUST012,PRD0080,0,0.0,Latest Estimate,Medium
2026-11-01,CUST012,PRD0080,0,0.0,SIOP Review,Low
2026-12-01,CUST012,PRD0080,0,0.0,SIOP Review,Medium
2025-07-01,CUST012,PRD0069,1,7093.25,SIOP Review,High
2025-08-01,CUST012,PRD0069,1,7216.18,Commercial Baseline,Medium
2025-09-01,CUST012,PRD0069,1,7548.0,SIOP Review,Medium
2025-10-01,CUST012,PRD0069,1,6829.72,SIOP Review,Medium
2025-11-01,CUST012,PRD0069,0,0.0,Commercial Baseline,Medium
2025-12-01,CUST012,PRD0069,1,7380.69,Latest Estimate,Medium
2026-01-01,CUST012,PRD0069,0,0.0,SIOP Review,Low
2026-02-01,CUST012,PRD0069,0,0.0,Latest Estimate,Medium
2026-03-01,CUST012,PRD0069,0,0.0,SIOP Review,Low
2026-04-01,CUST012,PRD0069,1,6893.85,SIOP Review,Low
2026-05-01,CUST012,PRD0069,1,7613.62,Latest Estimate,Medium
2026-06-01,CUST012,PRD0069,15,102659.55,SIOP Review,High
2026-07-01,CUST012,PRD0069,0,0.0,Latest Estimate,Medium
2026-08-01,CUST012,PRD0069,2,14265.4,Latest Estimate,Medium
2026-09-01,CUST012,PRD0069,2,15344.82,SIOP Review,Medium
2026-10-01,CUST012,PRD0069,2,13787.3,Commercial Baseline,Medium
2026-11-01,CUST012,PRD0069,1,7489.31,Commercial Baseline,High
2026-12-01,CUST012,PRD0069,2,14164.09,SIOP Review,Low
2025-07-01,CUST012,PRD0116,5,75368.54,SIOP Review,Medium
2025-08-01,CUST012,PRD0116,3,45312.2,Latest Estimate,Low
2025-09-01,CUST012,PRD0116,7,102146.67,SIOP Review,Medium
2025-10-01,CUST012,PRD0116,4,62539.93,SIOP Review,Low
2025-11-01,CUST012,PRD0116,3,44662.26,SIOP Review,Medium
2025-12-01,CUST012,PRD0116,5,79231.0,Commercial Baseline,Low
2026-01-01,CUST012,PRD0116,0,0.0,Latest Estimate,Low
2026-02-01,CUST012,PRD0116,17,252989.21,Commercial Baseline,Medium
2026-03-01,CUST012,PRD0116,6,98068.91,SIOP Review,Low
2026-04-01,CUST012,PRD0116,4,66000.16,SIOP Review,High
2026-05-01,CUST012,PRD0116,4,65609.36,SIOP Review,Medium
2026-06-01,CUST012,PRD0116,4,60645.98,Commercial Baseline,Low
2026-07-01,CUST012,PRD0116,4,64940.73,Commercial Baseline,Low
2026-08-01,CUST012,PRD0116,3,49836.79,SIOP Review,Medium
2026-09-01,CUST012,PRD0116,5,80349.21,Latest Estimate,Medium
2026-10-01,CUST012,PRD0116,4,58532.11,Latest Estimate,Medium
2026-11-01,CUST012,PRD0116,6,99032.61,Commercial Baseline,Medium
2026-12-01,CUST012,PRD0116,5,74835.04,SIOP Review,Low
2025-07-01,CUST012,PRD0062,3,54678.23,SIOP Review,Medium
2025-08-01,CUST012,PRD0062,1,18019.0,Latest Estimate,Medium
2025-09-01,CUST012,PRD0062,5,87934.64,Latest Estimate,High
2025-10-01,CUST012,PRD0062,3,55479.83,Commercial Baseline,High
2025-11-01,CUST012,PRD0062,2,33814.18,Latest Estimate,High
2025-12-01,CUST012,PRD0062,4,72893.27,Commercial Baseline,Medium
2026-01-01,CUST012,PRD0062,3,50416.24,SIOP Review,Low
2026-02-01,CUST012,PRD0062,4,67445.33,SIOP Review,Low
2026-03-01,CUST012,PRD0062,6,108005.79,SIOP Review,Medium
2026-04-01,CUST012,PRD0062,2,36151.74,Latest Estimate,Medium
2026-05-01,CUST012,PRD0062,5,90138.07,Commercial Baseline,Medium
2026-06-01,CUST012,PRD0062,1,16419.16,SIOP Review,Low
2026-07-01,CUST012,PRD0062,3,53472.8,Commercial Baseline,Low
2026-08-01,CUST012,PRD0062,2,34315.02,SIOP Review,High
2026-09-01,CUST012,PRD0062,3,54233.3,Latest Estimate,Medium
2026-10-01,CUST012,PRD0062,4,66562.01,SIOP Review,Medium
2026-11-01,CUST012,PRD0062,1,17090.11,Commercial Baseline,Medium
2026-12-01,CUST012,PRD0062,8,146473.55,Commercial Baseline,Medium
2025-07-01,CUST012,PRD0060,1,20042.46,Commercial Baseline,Medium
2025-08-01,CUST012,PRD0060,2,39423.39,Latest Estimate,High
2025-09-01,CUST012,PRD0060,0,0.0,Latest Estimate,High
2025-10-01,CUST012,PRD0060,3,54850.64,SIOP Review,Medium
2025-11-01,CUST012,PRD0060,14,266021.87,Commercial Baseline,High
2025-12-01,CUST012,PRD0060,0,0.0,SIOP Review,Medium
2026-01-01,CUST012,PRD0060,2,38799.4,SIOP Review,Low
2026-02-01,CUST012,PRD0060,1,17790.08,SIOP Review,High
2026-03-01,CUST012,PRD0060,1,17784.82,Commercial Baseline,Low
2026-04-01,CUST012,PRD0060,2,35327.48,Latest Estimate,Low
2026-05-01,CUST012,PRD0060,2,39240.71,Latest Estimate,Medium
2026-06-01,CUST012,PRD0060,0,0.0,Commercial Baseline,Medium
2026-07-01,CUST012,PRD0060,0,0.0,Commercial Baseline,Medium
2026-08-01,CUST012,PRD0060,0,0.0,SIOP Review,Low
2026-09-01,CUST012,PRD0060,0,0.0,Commercial Baseline,Medium
2026-10-01,CUST012,PRD0060,2,37392.48,Commercial Baseline,High
2026-11-01,CUST012,PRD0060,0,0.0,Latest Estimate,Medium
2026-12-01,CUST012,PRD0060,0,0.0,SIOP Review,Medium
2025-07-01,CUST012,PRD0083,3,12031.38,SIOP Review,High
2025-08-01,CUST012,PRD0083,0,0.0,SIOP Review,Low
2025-09-01,CUST012,PRD0083,3,12619.9,Commercial Baseline,High
2025-10-01,CUST012,PRD0083,3,12015.6,SIOP Review,Medium
2025-11-01,CUST012,PRD0083,2,7924.46,SIOP Review,Medium
2025-12-01,CUST012,PRD0083,1,4062.03,SIOP Review,Medium
2026-01-01,CUST012,PRD0083,2,8629.92,SIOP Review,Low
2026-02-01,CUST012,PRD0083,3,12572.8,Commercial Baseline,High
2026-03-01,CUST012,PRD0083,5,21627.3,Commercial Baseline,Medium
2026-04-01,CUST012,PRD0083,2,8462.96,Commercial Baseline,Low
2026-05-01,CUST012,PRD0083,1,3923.04,Commercial Baseline,Medium
2026-06-01,CUST012,PRD0083,3,11908.6,Latest Estimate,Medium
2026-07-01,CUST012,PRD0083,12,49457.67,Commercial Baseline,Medium
2026-08-01,CUST012,PRD0083,3,11518.77,Commercial Baseline,Medium
2026-09-01,CUST012,PRD0083,4,16461.08,SIOP Review,Medium
2026-10-01,CUST012,PRD0083,12,48359.27,Commercial Baseline,Medium
2026-11-01,CUST012,PRD0083,2,8146.1,SIOP Review,Medium
2026-12-01,CUST012,PRD0083,2,8247.7,Commercial Baseline,Low
2025-07-01,CUST012,PRD0033,2,18986.02,Latest Estimate,Low
2025-08-01,CUST012,PRD0033,4,37682.42,Latest Estimate,Medium
2025-09-01,CUST012,PRD0033,8,78373.83,SIOP Review,Low
2025-10-01,CUST012,PRD0033,6,59615.05,SIOP Review,Low
2025-11-01,CUST012,PRD0033,5,48014.52,Latest Estimate,Medium
2025-12-01,CUST012,PRD0033,5,47153.41,Latest Estimate,Medium
2026-01-01,CUST012,PRD0033,3,31225.09,Commercial Baseline,Low
2026-02-01,CUST012,PRD0033,3,31693.41,SIOP Review,Medium
2026-03-01,CUST012,PRD0033,4,40673.48,SIOP Review,Low
2026-04-01,CUST012,PRD0033,4,39263.42,Commercial Baseline,High
2026-05-01,CUST012,PRD0033,4,40873.88,Commercial Baseline,Medium
2026-06-01,CUST012,PRD0033,3,28294.57,Commercial Baseline,Medium
2026-07-01,CUST012,PRD0033,3,28398.83,SIOP Review,Medium
2026-08-01,CUST012,PRD0033,3,30849.73,Latest Estimate,Low
2026-09-01,CUST012,PRD0033,15,147235.08,SIOP Review,Low
2026-10-01,CUST012,PRD0033,5,47519.09,SIOP Review,High
2026-11-01,CUST012,PRD0033,0,0.0,Commercial Baseline,High
2026-12-01,CUST012,PRD0033,8,78912.09,Latest Estimate,Medium
2025-07-01,CUST012,PRD0061,4,31982.71,SIOP Review,High
2025-08-01,CUST012,PRD0061,4,30393.18,Commercial Baseline,Medium
2025-09-01,CUST012,PRD0061,6,44820.22,Latest Estimate,Medium
2025-10-01,CUST012,PRD0061,6,45938.34,Latest Estimate,High
2025-11-01,CUST012,PRD0061,2,15015.91,Commercial Baseline,High
2025-12-01,CUST012,PRD0061,4,29895.69,Commercial Baseline,Medium
2026-01-01,CUST012,PRD0061,5,36977.31,SIOP Review,High
2026-02-01,CUST012,PRD0061,3,24332.14,Commercial Baseline,Medium
2026-03-01,CUST012,PRD0061,4,30733.82,SIOP Review,Medium
2026-04-01,CUST012,PRD0061,3,22798.78,Commercial Baseline,Low
2026-05-01,CUST012,PRD0061,2,16540.75,Commercial Baseline,Medium
2026-06-01,CUST012,PRD0061,4,33536.98,Commercial Baseline,High
2026-07-01,CUST012,PRD0061,4,31017.56,Latest Estimate,Low
2026-08-01,CUST012,PRD0061,3,23567.13,SIOP Review,High
2026-09-01,CUST012,PRD0061,4,30649.34,Latest Estimate,Medium
2026-10-01,CUST012,PRD0061,5,39847.07,SIOP Review,Low
2026-11-01,CUST012,PRD0061,5,40923.57,SIOP Review,Low
2026-12-01,CUST012,PRD0061,6,44387.13,Commercial Baseline,Low
2025-07-01,CUST012,PRD0118,0,0.0,Latest Estimate,Medium
2025-08-01,CUST012,PRD0118,0,0.0,SIOP Review,High
2025-09-01,CUST012,PRD0118,0,0.0,Latest Estimate,High
2025-10-01,CUST012,PRD0118,0,0.0,SIOP Review,Medium
2025-11-01,CUST012,PRD0118,0,0.0,Commercial Baseline,Low
2025-12-01,CUST012,PRD0118,1,12302.31,Latest Estimate,Medium
2026-01-01,CUST012,PRD0118,0,0.0,Latest Estimate,Medium
2026-02-01,CUST012,PRD0118,0,0.0,Commercial Baseline,Medium
2026-03-01,CUST012,PRD0118,1,13096.35,SIOP Review,Medium
2026-04-01,CUST012,PRD0118,0,0.0,SIOP Review,Low
2026-05-01,CUST012,PRD0118,0,0.0,SIOP Review,High
2026-06-01,CUST012,PRD0118,0,0.0,Latest Estimate,Low
2026-07-01,CUST012,PRD0118,0,0.0,Latest Estimate,Medium
2026-08-01,CUST012,PRD0118,0,0.0,Commercial Baseline,Medium
2026-09-01,CUST012,PRD0118,1,12681.41,Commercial Baseline,Medium
2026-10-01,CUST012,PRD0118,0,0.0,Latest Estimate,High
2026-11-01,CUST012,PRD0118,1,12152.11,Latest Estimate,Medium
2026-12-01,CUST012,PRD0118,0,0.0,Commercial Baseline,Medium
2025-07-01,CUST012,PRD0015,6,233143.18,SIOP Review,Medium
2025-08-01,CUST012,PRD0015,2,77194.28,Latest Estimate,Low
2025-09-01,CUST012,PRD0015,6,244381.11,Latest Estimate,High
2025-10-01,CUST012,PRD0015,3,121985.86,SIOP Review,Medium
2025-11-01,CUST012,PRD0015,1,41174.09,Commercial Baseline,Medium
2025-12-01,CUST012,PRD0015,4,154238.33,SIOP Review,Medium
2026-01-01,CUST012,PRD0015,0,0.0,Latest Estimate,Medium
2026-02-01,CUST012,PRD0015,3,123912.45,Commercial Baseline,Medium
2026-03-01,CUST012,PRD0015,6,228242.84,SIOP Review,High
2026-04-01,CUST012,PRD0015,6,221717.81,Latest Estimate,Medium
2026-05-01,CUST012,PRD0015,4,162075.54,SIOP Review,Low
2026-06-01,CUST012,PRD0015,3,124160.21,Commercial Baseline,High
2026-07-01,CUST012,PRD0015,5,204084.36,Commercial Baseline,Medium
2026-08-01,CUST012,PRD0015,5,205590.84,Commercial Baseline,High
2026-09-01,CUST012,PRD0015,6,219662.45,SIOP Review,Medium
2026-10-01,CUST012,PRD0015,4,147711.17,Commercial Baseline,Medium
2026-11-01,CUST012,PRD0015,4,166023.67,SIOP Review,Medium
2026-12-01,CUST012,PRD0015,4,164769.6,SIOP Review,Medium
2025-07-01,CUST012,PRD0076,3,64921.74,Commercial Baseline,Medium
2025-08-01,CUST012,PRD0076,7,150194.92,Commercial Baseline,High
2025-09-01,CUST012,PRD0076,6,117516.9,Latest Estimate,Medium
2025-10-01,CUST012,PRD0076,3,66390.73,Commercial Baseline,Medium
2025-11-01,CUST012,PRD0076,9,194858.86,Latest Estimate,High
2025-12-01,CUST012,PRD0076,4,84845.18,SIOP Review,Low
2026-01-01,CUST012,PRD0076,2,44272.69,Latest Estimate,Medium
2026-02-01,CUST012,PRD0076,2,41088.63,SIOP Review,Low
2026-03-01,CUST012,PRD0076,4,80636.79,SIOP Review,Low
2026-04-01,CUST012,PRD0076,7,147509.44,Latest Estimate,Medium
2026-05-01,CUST012,PRD0076,5,105799.34,Latest Estimate,High
2026-06-01,CUST012,PRD0076,3,58845.58,SIOP Review,Medium
2026-07-01,CUST012,PRD0076,3,65455.7,Commercial Baseline,Medium
2026-08-01,CUST012,PRD0076,7,142800.92,Latest Estimate,High
2026-09-01,CUST012,PRD0076,9,189888.48,Commercial Baseline,High
2026-10-01,CUST012,PRD0076,4,80805.75,SIOP Review,Medium
2026-11-01,CUST012,PRD0076,1,20111.64,Commercial Baseline,Low
2026-12-01,CUST012,PRD0076,11,227968.6,Latest Estimate,Medium
2025-07-01,CUST012,PRD0099,5,12511.61,SIOP Review,Low
2025-08-01,CUST012,PRD0099,2,5197.59,Commercial Baseline,Medium
2025-09-01,CUST012,PRD0099,4,10197.67,Latest Estimate,High
2025-10-01,CUST012,PRD0099,3,7661.33,SIOP Review,Low
2025-11-01,CUST012,PRD0099,4,10161.18,Latest Estimate,High
2025-12-01,CUST012,PRD0099,4,9901.41,SIOP Review,High
2026-01-01,CUST012,PRD0099,4,10516.76,Commercial Baseline,Medium
2026-02-01,CUST012,PRD0099,2,5438.2,Latest Estimate,High
2026-03-01,CUST012,PRD0099,4,10532.66,SIOP Review,High
2026-04-01,CUST012,PRD0099,6,15658.87,SIOP Review,Medium
2026-05-01,CUST012,PRD0099,4,10230.81,Commercial Baseline,Medium
2026-06-01,CUST012,PRD0099,3,8339.74,Latest Estimate,Medium
2026-07-01,CUST012,PRD0099,4,10339.01,SIOP Review,Low
2026-08-01,CUST012,PRD0099,2,5098.35,Latest Estimate,High
2026-09-01,CUST012,PRD0099,4,9855.33,SIOP Review,Low
2026-10-01,CUST012,PRD0099,5,13910.35,SIOP Review,Low
2026-11-01,CUST012,PRD0099,4,9925.94,Commercial Baseline,Medium
2026-12-01,CUST012,PRD0099,1,2555.57,SIOP Review,Low
2025-07-01,CUST012,PRD0028,0,0.0,SIOP Review,Low
2025-08-01,CUST012,PRD0028,2,17318.03,Latest Estimate,Medium
2025-09-01,CUST012,PRD0028,10,86344.66,Latest Estimate,Medium
2025-10-01,CUST012,PRD_X0010,1,7851.15,Commercial Baseline,High
2025-11-01,CUST012,PRD0028,0,0.0,SIOP Review,Medium
2025-12-01,CUST012,PRD0028,0,0.0,Commercial Baseline,Medium
2026-01-01,CUST012,PRD0028,0,0.0,SIOP Review,Low
2026-02-01,CUST012,PRD0028,2,17287.65,Commercial Baseline,Medium
2026-03-01,CUST012,PRD0028,0,0.0,Commercial Baseline,Low
2026-04-01,CUST012,PRD0028,1,7658.42,Commercial Baseline,Medium
2026-05-01,CUST012,PRD0028,0,0.0,Commercial Baseline,Low
2026-06-01,CUST012,PRD0028,0,0.0,Latest Estimate,Medium
2026-07-01,CUST012,PRD0028,2,15922.86,SIOP Review,Low
2026-08-01,CUST012,PRD0028,1,7669.42,Commercial Baseline,Medium
2026-09-01,CUST012,PRD0028,1,7804.05,SIOP Review,High
2026-10-01,CUST012,PRD0028,1,8610.59,SIOP Review,Medium
2026-11-01,CUST012,PRD0028,1,7912.6,SIOP Review,Low
2026-12-01,CUST012,PRD0028,2,16474.12,Commercial Baseline,Medium
2025-07-01,CUST012,PRD0072,4,40994.54,Latest Estimate,Medium
2025-08-01,CUST012,PRD0072,2,21179.58,SIOP Review,Medium
2025-09-01,CUST012,PRD0072,2,22033.01,SIOP Review,Medium
2025-10-01,CUST012,PRD0072,5,53490.65,SIOP Review,Medium
2025-11-01,CUST012,PRD0072,4,40392.81,Commercial Baseline,Medium
2025-12-01,CUST012,PRD0072,6,63404.11,SIOP Review,High
2026-01-01,CUST012,PRD0072,4,40231.5,Latest Estimate,Medium
2026-02-01,CUST012,PRD0072,5,54188.57,Latest Estimate,Medium
2026-03-01,CUST012,PRD0072,6,62862.48,SIOP Review,High
2026-04-01,CUST012,PRD0072,6,62448.99,SIOP Review,Low
2026-05-01,CUST012,PRD0072,4,39223.0,SIOP Review,Low
2026-06-01,CUST012,PRD0072,3,32373.17,Latest Estimate,High
2026-07-01,CUST012,PRD0072,21,230777.79,Latest Estimate,High
2026-08-01,CUST012,PRD0072,7,77572.35,Latest Estimate,Medium
2026-09-01,CUST012,PRD0072,3,29308.23,Commercial Baseline,Low
2026-10-01,CUST012,PRD0072,7,75265.43,SIOP Review,Low
2026-11-01,CUST012,PRD0072,5,52084.43,Latest Estimate,Medium
2026-12-01,CUST012,PRD0072,5,53975.99,SIOP Review,Medium
2025-07-01,CUST012,PRD0017,2,13182.32,Commercial Baseline,Low
2025-08-01,CUST012,PRD0017,0,0.0,Commercial Baseline,Medium
2025-09-01,CUST012,PRD0017,13,85190.86,Latest Estimate,Medium
2025-10-01,CUST012,PRD0017,3,21059.36,Latest Estimate,Medium
2025-11-01,CUST012,PRD0017,2,13877.92,Commercial Baseline,Low
2025-12-01,CUST012,PRD0017,2,12487.63,Latest Estimate,High
2026-01-01,CUST012,PRD0017,1,6506.17,SIOP Review,High
2026-02-01,CUST012,PRD0017,1,6393.41,SIOP Review,Medium
2026-03-01,CUST012,PRD0017,3,20606.61,Commercial Baseline,Low
2026-04-01,CUST012,PRD0017,2,12961.24,Commercial Baseline,Medium
2026-05-01,CUST012,PRD0017,1,6865.47,SIOP Review,Medium
2026-06-01,CUST012,PRD0017,3,19800.24,Latest Estimate,Low
2026-07-01,CUST012,PRD0017,0,0.0,SIOP Review,High
2026-08-01,CUST012,PRD0017,0,0.0,Commercial Baseline,Medium
2026-09-01,CUST012,PRD0017,2,13623.37,Latest Estimate,Medium
2026-10-01,CUST012,PRD0017,1,7055.44,SIOP Review,Low
2026-11-01,CUST012,PRD0017,10,67379.6,Commercial Baseline,Low
2026-12-01,CUST012,PRD0017,1,7041.0,SIOP Review,High
2025-07-01,CUST012,PRD0024,1,27594.42,Latest Estimate,Low
2025-08-01,CUST012,PRD0024,2,56122.36,Commercial Baseline,Low
2025-09-01,CUST012,PRD0024,12,332050.99,Latest Estimate,Low
2025-10-01,CUST012,PRD0024,0,0.0,Latest Estimate,Medium
2025-11-01,CUST012,PRD0024,1,27079.9,Commercial Baseline,Medium
2025-12-01,CUST012,PRD0024,0,0.0,SIOP Review,High
2026-01-01,CUST012,PRD0024,0,0.0,Commercial Baseline,Medium
2026-02-01,CUST012,PRD0024,1,26747.55,SIOP Review,Low
2026-03-01,CUST012,PRD0024,3,75983.78,Latest Estimate,High
2026-04-01,CUST012,PRD0024,0,0.0,SIOP Review,Medium
2026-05-01,CUST012,PRD0024,1,28086.81,Commercial Baseline,High
2026-06-01,CUST012,PRD0024,1,27273.83,SIOP Review,Medium
2026-07-01,CUST012,PRD0024,0,0.0,Latest Estimate,Medium
2026-08-01,CUST012,PRD0024,0,0.0,Latest Estimate,Low
2026-09-01,CUST012,PRD0024,0,0.0,Latest Estimate,Medium
2026-10-01,CUST012,PRD0024,0,0.0,Latest Estimate,High
2026-11-01,CUST012,PRD0024,2,52934.87,Latest Estimate,Medium
2026-12-01,CUST012,PRD0024,0,0.0,Commercial Baseline,Medium
2025-07-01,CUST012,PRD0120,1,11092.84,Latest Estimate,Medium
2025-08-01,CUST012,PRD0120,0,0.0,Latest Estimate,Medium
2025-09-01,CUST012,PRD0120,0,0.0,SIOP Review,Medium
2025-10-01,CUST012,PRD0120,3,36768.46,SIOP Review,Medium
2025-11-01,CUST012,PRD0120,2,22175.85,Latest Estimate,High
2025-12-01,CUST012,PRD0120,1,11387.49,Commercial Baseline,High
2026-01-01,CUST012,PRD0120,2,23686.52,SIOP Review,High
2026-02-01,CUST012,PRD0120,2,22277.55,Commercial Baseline,Low
2026-03-01,CUST012,PRD0120,0,0.0,Latest Estimate,Low
2026-04-01,CUST012,PRD0120,3,35296.81,SIOP Review,High
2026-05-01,CUST012,PRD0120,1,11801.97,Latest Estimate,Low
2026-06-01,CUST012,PRD0120,1,11027.43,Latest Estimate,Low
2026-07-01,CUST012,PRD0120,1,11042.54,SIOP Review,Medium
2026-08-01,CUST012,PRD0120,15,185766.88,SIOP Review,High
2026-09-01,CUST012,PRD0120,3,36394.38,SIOP Review,High
2026-10-01,CUST012,PRD0120,3,35681.42,Latest Estimate,High
2026-11-01,CUST012,PRD0120,2,22004.97,Latest Estimate,Medium
2026-12-01,CUST012,PRD0120,1,11440.61,SIOP Review,Low
2025-07-01,CUST012,PRD0079,2,19332.15,Latest Estimate,Medium
2025-08-01,CUST012,PRD0079,2,18440.7,Commercial Baseline,Medium
2025-09-01,CUST012,PRD0079,4,38273.82,Commercial Baseline,High
2025-10-01,CUST012,PRD0079,4,40489.52,Latest Estimate,High
2025-11-01,CUST012,PRD0079,14,131067.92,Latest Estimate,Medium
2025-12-01,CUST012,PRD0079,3,28870.56,Commercial Baseline,Medium
2026-01-01,CUST012,PRD0079,3,29333.81,SIOP Review,Medium
2026-02-01,CUST012,PRD0079,3,30455.12,Commercial Baseline,Low
2026-03-01,CUST012,PRD0079,4,37379.86,SIOP Review,Medium
2026-04-01,CUST012,PRD0079,3,29548.86,SIOP Review,Low
2026-05-01,CUST012,PRD0079,2,19915.31,Latest Estimate,Medium
2026-06-01,CUST012,PRD0079,15,150511.03,Commercial Baseline,High
2026-07-01,CUST012,PRD0079,2,18788.26,SIOP Review,High
2026-08-01,CUST012,PRD0079,2,20197.44,Commercial Baseline,High
2026-09-01,CUST012,PRD0079,6,58574.26,Latest Estimate,Low
2026-10-01,CUST012,PRD0079,3,27466.48,Latest Estimate,Medium
2026-11-01,CUST012,PRD0079,2,18897.95,SIOP Review,High
2026-12-01,CUST012,PRD0079,1,9417.07,Commercial Baseline,Low
2025-07-01,CUST012,PRD0005,13,63381.81,Commercial Baseline,High
2025-08-01,CUST012,PRD0005,11,58503.57,SIOP Review,Low
2025-09-01,CUST012,PRD0005,13,68678.92,Latest Estimate,High
2025-10-01,CUST012,PRD0005,13,71342.03,Latest Estimate,Low
2025-11-01,CUST012,PRD0005,10,49450.5,Commercial Baseline,Low
2025-12-01,CUST012,PRD0005,10,53704.33,Latest Estimate,Medium
2026-01-01,CUST012,PRD0005,10,48487.02,Latest Estimate,High
2026-02-01,CUST012,PRD0005,15,79136.09,Latest Estimate,High
2026-03-01,CUST012,PRD0005,5,25741.5,SIOP Review,High
2026-04-01,CUST012,PRD0005,7,38348.03,Latest Estimate,Medium
2026-05-01,CUST012,PRD0005,9,45405.02,Commercial Baseline,Low
2026-06-01,CUST012,PRD0005,9,49416.7,SIOP Review,Medium
2026-07-01,CUST012,PRD0005,9,47083.89,Latest Estimate,Low
2026-08-01,CUST012,PRD0005,7,34977.74,Commercial Baseline,Medium
2026-09-01,CUST012,PRD0005,12,59139.76,SIOP Review,Medium
2026-10-01,CUST012,PRD0005,9,48794.11,Latest Estimate,Medium
2026-11-01,CUST012,PRD0005,10,54220.89,Commercial Baseline,Medium
2026-12-01,CUST012,PRD0005,8,39966.01,SIOP Review,Medium
2025-07-01,CUST012,PRD0065,0,0.0,Commercial Baseline,Medium
2025-08-01,CUST012,PRD0065,1,1606.82,Commercial Baseline,Low
2025-09-01,CUST012,PRD0065,0,0.0,Commercial Baseline,Low
2025-10-01,CUST012,PRD0065,1,1552.92,Commercial Baseline,High
2025-11-01,CUST012,PRD0065,1,1587.59,SIOP Review,Low
2025-12-01,CUST012,PRD0065,1,1570.04,Commercial Baseline,Medium
2026-01-01,CUST012,PRD0065,0,0.0,Commercial Baseline,Low
2026-02-01,CUST012,PRD0065,0,0.0,Latest Estimate,Low
2026-03-01,CUST012,PRD0065,2,2864.7,SIOP Review,Medium
2026-04-01,CUST012,PRD0065,0,0.0,Latest Estimate,Low
2026-05-01,CUST012,PRD0065,1,1547.77,Latest Estimate,High
2026-06-01,CUST012,PRD0065,2,2853.65,Commercial Baseline,Medium
2026-07-01,CUST012,PRD0065,0,0.0,Latest Estimate,Low
2026-08-01,CUST012,PRD0065,0,0.0,Commercial Baseline,Medium
2026-09-01,CUST012,PRD0065,2,3051.48,Commercial Baseline,Medium
2026-10-01,CUST012,PRD0065,0,0.0,Latest Estimate,Low
2026-11-01,CUST012,PRD0065,0,0.0,Latest Estimate,High
2026-12-01,CUST012,PRD0065,1,1513.43,Latest Estimate,High
2025-07-01,CUST012,PRD0089,0,0.0,Commercial Baseline,Medium
2025-08-01,CUST012,PRD0089,0,0.0,Latest Estimate,High
2025-09-01,CUST012,PRD0089,0,0.0,Latest Estimate,Medium
2025-10-01,CUST012,PRD0089,0,0.0,Commercial Baseline,Low
2025-11-01,CUST012,PRD0089,0,0.0,Commercial Baseline,Medium
2025-12-01,CUST012,PRD0089,0,0.0,Commercial Baseline,Medium
2026-01-01,CUST012,PRD0089,0,0.0,Commercial Baseline,High
2026-02-01,CUST012,PRD0089,0,0.0,Commercial Baseline,Medium
2026-03-01,CUST012,PRD0089,0,0.0,Latest Estimate,Low
2026-04-01,CUST012,PRD0089,0,0.0,SIOP Review,Medium
2026-05-01,CUST012,PRD0089,1,9306.69,Latest Estimate,Medium
2026-06-01,CUST012,PRD0089,0,0.0,SIOP Review,Medium
2026-07-01,CUST012,PRD0089,0,0.0,Commercial Baseline,Low
2026-08-01,CUST012,PRD0089,0,0.0,Latest Estimate,High
2026-09-01,CUST012,PRD0089,0,0.0,SIOP Review,High
2026-10-01,CUST012,PRD0089,0,0.0,Latest Estimate,Low
2026-11-01,CUST012,PRD0089,0,0.0,Commercial Baseline,Low
2026-12-01,CUST012,PRD0089,0,0.0,Commercial Baseline,Medium
2025-07-01,CUST013,PRD0001,0,0.0,Latest Estimate,High
2025-08-01,CUST013,PRD0001,0,0.0,Commercial Baseline,High
2025-09-01,CUST013,PRD0001,1,39183.11,Commercial Baseline,High
2025-10-01,CUST013,PRD0001,2,82437.43,Latest Estimate,Low
2025-11-01,CUST013,PRD0001,0,0.0,Commercial Baseline,Low
2025-12-01,CUST013,PRD0001,0,0.0,Latest Estimate,Low
2026-01-01,CUST013,PRD0001,0,0.0,Commercial Baseline,Medium
2026-02-01,CUST013,PRD0001,1,37132.32,Latest Estimate,High
2026-03-01,CUST013,PRD0001,2,75338.4,Latest Estimate,Medium
2026-04-01,CUST013,PRD0001,1,41319.98,SIOP Review,Medium
2026-05-01,CUST013,PRD0001,0,0.0,Latest Estimate,High
2026-06-01,CUST013,PRD0001,0,0.0,SIOP Review,Medium
2026-07-01,CUST013,PRD0001,3,122865.71,Commercial Baseline,Medium
2026-08-01,CUST013,PRD0001,2,75483.53,Latest Estimate,Low
2026-09-01,CUST013,PRD0001,2,84211.13,Commercial Baseline,High
2026-10-01,CUST013,PRD0001,2,75949.47,Commercial Baseline,Low
2026-11-01,CUST013,PRD0001,0,0.0,SIOP Review,High
2026-12-01,CUST013,PRD0001,1,40658.08,SIOP Review,High
2025-07-01,CUST013,PRD0014,0,0.0,Latest Estimate,Low
2025-08-01,CUST013,PRD0014,0,0.0,Latest Estimate,Medium
2025-09-01,CUST013,PRD0014,0,0.0,Latest Estimate,Low
2025-10-01,CUST013,PRD0014,0,0.0,Latest Estimate,High
2025-11-01,CUST013,PRD0014,0,0.0,Latest Estimate,Medium
2025-12-01,CUST013,PRD0014,0,0.0,Latest Estimate,Low
2026-01-01,CUST013,PRD0014,0,0.0,Latest Estimate,Medium
2026-02-01,CUST013,PRD0014,0,0.0,SIOP Review,Medium
2026-03-01,CUST013,PRD0014,0,0.0,Commercial Baseline,High
2026-04-01,CUST013,PRD0014,0,0.0,SIOP Review,Medium
2026-05-01,CUST013,PRD0014,0,0.0,Commercial Baseline,Medium
2026-06-01,CUST013,PRD0014,0,0.0,SIOP Review,Medium
2026-07-01,CUST013,PRD0014,0,0.0,Commercial Baseline,Low
2026-08-01,CUST013,PRD0014,0,0.0,Latest Estimate,Low
2026-09-01,CUST013,PRD0014,0,0.0,Commercial Baseline,Medium
2026-10-01,CUST013,PRD0014,0,0.0,SIOP Review,Medium
2026-11-01,CUST013,PRD0014,0,0.0,SIOP Review,Low
2026-12-01,CUST013,PRD0014,0,0.0,Latest Estimate,Medium
2025-07-01,CUST013,PRD0109,3,91141.26,Commercial Baseline,Medium
2025-08-01,CUST013,PRD0109,4,129398.39,Commercial Baseline,High
2025-09-01,CUST013,PRD0109,6,183523.7,SIOP Review,Medium
2025-10-01,CUST013,PRD0109,9,281916.12,Commercial Baseline,Low
2025-11-01,CUST013,PRD0109,19,602600.64,SIOP Review,Medium
2025-12-01,CUST013,PRD0109,5,160888.81,Commercial Baseline,High
2026-01-01,CUST013,PRD0109,4,128337.88,Latest Estimate,Medium
2026-02-01,CUST013,PRD0109,1,31590.41,Commercial Baseline,High
2026-03-01,CUST013,PRD0109,8,255078.54,Commercial Baseline,High
2026-04-01,CUST013,PRD0109,5,158587.13,Latest Estimate,High
2026-05-01,CUST013,PRD0109,4,127386.24,Commercial Baseline,High
2026-06-01,CUST013,PRD0109,0,0.0,Latest Estimate,Medium
2026-07-01,CUST013,PRD0109,7,230098.7,Commercial Baseline,Medium
2026-08-01,CUST013,PRD0109,4,119238.63,Commercial Baseline,Medium
2026-09-01,CUST013,PRD0109,7,225400.95,Latest Estimate,High
2026-10-01,CUST013,PRD0109,7,216244.29,SIOP Review,Medium
2026-11-01,CUST013,PRD0109,6,193492.78,Commercial Baseline,Medium
2026-12-01,CUST013,PRD0109,4,132065.39,SIOP Review,Low
2025-07-01,CUST013,PRD0017,3,20970.85,Latest Estimate,Medium
2025-08-01,CUST013,PRD0017,5,33607.89,Commercial Baseline,Medium
2025-09-01,CUST013,PRD0017,4,24977.01,Commercial Baseline,Medium
2025-10-01,CUST013,PRD0017,4,27729.63,Commercial Baseline,High
2025-11-01,CUST013,PRD0017,4,25562.59,Latest Estimate,Medium
2025-12-01,CUST013,PRD0017,3,20027.71,Latest Estimate,Low
2026-01-01,CUST013,PRD0017,4,27966.41,Commercial Baseline,Medium
2026-02-01,CUST013,PRD0017,2,13407.75,SIOP Review,Low
2026-03-01,CUST013,PRD0017,5,34540.02,SIOP Review,High
2026-04-01,CUST013,PRD0017,2,13671.77,SIOP Review,Medium
2026-05-01,CUST013,PRD0017,3,19172.54,Commercial Baseline,Low
2026-06-01,CUST013,PRD0017,3,18937.72,SIOP Review,Low
2026-07-01,CUST013,PRD0017,3,19105.52,SIOP Review,Low
2026-08-01,CUST013,PRD0017,4,27182.62,Latest Estimate,Low
2026-09-01,CUST013,PRD0017,5,33208.27,Commercial Baseline,Low
2026-10-01,CUST013,PRD0017,7,45546.2,Latest Estimate,High
2026-11-01,CUST013,PRD0017,3,19316.15,SIOP Review,Medium
2026-12-01,CUST013,PRD0017,9,59577.94,Latest Estimate,Medium
2025-07-01,CUST013,PRD0036,14,41241.93,Commercial Baseline,Medium
2025-08-01,CUST013,PRD0036,0,0.0,Latest Estimate,Low
2025-09-01,CUST013,PRD0036,1,2892.08,SIOP Review,Medium
2025-10-01,CUST013,PRD0036,2,6176.2,SIOP Review,Low
2025-11-01,CUST013,PRD0036,11,33029.15,Commercial Baseline,Medium
2025-12-01,CUST013,PRD0036,0,0.0,Commercial Baseline,Medium
2026-01-01,CUST013,PRD0036,1,3179.38,Commercial Baseline,Medium
2026-02-01,CUST013,PRD0036,6,17660.0,Commercial Baseline,Medium
2026-03-01,CUST013,PRD0036,1,3219.48,Commercial Baseline,Medium
2026-04-01,CUST013,PRD0036,0,0.0,Latest Estimate,Low
2026-05-01,CUST013,PRD0036,0,0.0,Commercial Baseline,Low
2026-06-01,CUST013,PRD0036,1,3207.41,Latest Estimate,Low
2026-07-01,CUST013,PRD0036,0,0.0,Latest Estimate,Medium
2026-08-01,CUST013,PRD0036,1,2949.31,Commercial Baseline,Low
2026-09-01,CUST013,PRD0036,0,0.0,Commercial Baseline,Low
2026-10-01,CUST013,PRD0036,2,6536.43,Commercial Baseline,Medium
2026-11-01,CUST013,PRD0036,1,3014.97,Latest Estimate,Low
2026-12-01,CUST013,PRD0036,0,0.0,Latest Estimate,Low
2025-07-01,CUST013,PRD0080,7,42402.51,Latest Estimate,Low
2025-08-01,CUST013,PRD0080,8,45189.54,Commercial Baseline,Low
2025-09-01,CUST013,PRD0080,11,60482.66,SIOP Review,Low
2025-10-01,CUST013,PRD0080,6,32639.36,SIOP Review,Medium
2025-11-01,CUST013,PRD0080,9,51549.14,Commercial Baseline,Low
2025-12-01,CUST013,PRD0080,5,29532.87,Commercial Baseline,Medium
2026-01-01,CUST013,PRD0080,7,38843.48,Latest Estimate,Medium
2026-02-01,CUST013,PRD0080,6,33229.41,Latest Estimate,Medium
2026-03-01,CUST013,PRD0080,19,108398.19,Latest Estimate,High
2026-04-01,CUST013,PRD0080,13,71639.62,SIOP Review,High
2026-05-01,CUST013,PRD0080,9,52119.32,Latest Estimate,Medium
2026-06-01,CUST013,PRD0080,7,41818.57,Commercial Baseline,Medium
2026-07-01,CUST013,PRD0080,15,85240.59,Commercial Baseline,Medium
2026-08-01,CUST013,PRD0080,9,50078.16,Latest Estimate,High
2026-09-01,CUST013,PRD0080,11,63134.74,SIOP Review,High
2026-10-01,CUST013,PRD0080,7,42534.5,Commercial Baseline,Medium
2026-11-01,CUST013,PRD0080,12,73948.08,Commercial Baseline,Medium
2026-12-01,CUST013,PRD0080,6,34203.06,Commercial Baseline,Medium
2025-07-01,CUST013,PRD_X0021,1,6141.42,Latest Estimate,Medium
2025-08-01,CUST013,PRD0047,1,5873.69,SIOP Review,High
2025-09-01,CUST013,PRD0047,0,0.0,Latest Estimate,Low
2025-10-01,CUST013,PRD0047,0,0.0,Commercial Baseline,Medium
2025-11-01,CUST013,PRD0047,0,0.0,SIOP Review,Low
2025-12-01,CUST013,PRD0047,1,6209.36,Commercial Baseline,Medium
2026-01-01,CUST013,PRD0047,0,0.0,Commercial Baseline,High
2026-02-01,CUST013,PRD0047,0,0.0,SIOP Review,Low
2026-03-01,CUST013,PRD0047,0,0.0,Commercial Baseline,Medium
2026-04-01,CUST013,PRD0047,0,0.0,Commercial Baseline,Medium
2026-05-01,CUST013,PRD0047,0,0.0,Commercial Baseline,Low
2026-06-01,CUST013,PRD0047,0,0.0,Commercial Baseline,Medium
2026-07-01,CUST013,PRD0047,0,0.0,Latest Estimate,Low
2026-08-01,CUST013,PRD0047,0,0.0,Commercial Baseline,Medium
2026-09-01,CUST013,PRD0047,0,0.0,SIOP Review,Low
2026-10-01,CUST013,PRD0047,0,0.0,SIOP Review,Medium
2026-11-01,CUST013,PRD0047,0,0.0,SIOP Review,Medium
2026-12-01,CUST013,PRD0047,0,0.0,Latest Estimate,Medium
2025-07-01,CUST013,PRD0111,0,0.0,Commercial Baseline,Medium
2025-08-01,CUST013,PRD0111,0,0.0,Commercial Baseline,High
2025-09-01,CUST013,PRD0111,0,0.0,SIOP Review,Medium
2025-10-01,CUST013,PRD0111,0,0.0,Latest Estimate,Medium
2025-11-01,CUST013,PRD0111,0,0.0,SIOP Review,Medium
2025-12-01,CUST013,PRD0111,1,11868.72,Latest Estimate,High
2026-01-01,CUST013,PRD0111,0,0.0,Latest Estimate,Medium
2026-02-01,CUST013,PRD0111,9,107109.62,Latest Estimate,High
2026-03-01,CUST013,PRD0111,0,0.0,Commercial Baseline,Low
2026-04-01,CUST013,PRD0111,10,115317.01,Latest Estimate,Medium
2026-05-01,CUST013,PRD0111,0,0.0,Latest Estimate,Medium
2026-06-01,CUST013,PRD0111,0,0.0,Commercial Baseline,Low
2026-07-01,CUST013,PRD0111,0,0.0,SIOP Review,High
2026-08-01,CUST013,PRD0111,0,0.0,Commercial Baseline,Low
2026-09-01,CUST013,PRD0111,1,11667.25,Commercial Baseline,Medium
2026-10-01,CUST013,PRD0111,0,0.0,Commercial Baseline,Medium
2026-11-01,CUST013,PRD0111,0,0.0,SIOP Review,Medium
2026-12-01,CUST013,PRD0111,0,0.0,Commercial Baseline,Medium
2025-07-01,CUST013,PRD0044,4,131002.46,Commercial Baseline,Medium
2025-08-01,CUST013,PRD0044,1,34905.03,SIOP Review,Medium
2025-09-01,CUST013,PRD0044,1,34320.78,Latest Estimate,High
2025-10-01,CUST013,PRD0044,3,104521.36,SIOP Review,Medium
2025-11-01,CUST013,PRD0044,1,33286.5,SIOP Review,Low
2025-12-01,CUST013,PRD0044,2,64658.44,SIOP Review,Medium
2026-01-01,CUST013,PRD0044,1,31509.29,Latest Estimate,High
2026-02-01,CUST013,PRD0044,1,32968.48,Commercial Baseline,Medium
2026-03-01,CUST013,PRD0044,2,63879.27,SIOP Review,Medium
2026-04-01,CUST013,PRD0044,3,101660.01,Commercial Baseline,Medium
2026-05-01,CUST013,PRD0044,2,64331.98,SIOP Review,Medium
2026-06-01,CUST013,PRD0044,2,68037.2,Commercial Baseline,High
2026-07-01,CUST013,PRD0044,1,34492.36,Commercial Baseline,Low
2026-08-01,CUST013,PRD0044,13,460270.69,SIOP Review,High
2026-09-01,CUST013,PRD0044,1,32499.98,SIOP Review,Low
2026-10-01,CUST013,PRD0044,3,105982.82,Latest Estimate,Low
2026-11-01,CUST013,PRD0044,0,0.0,SIOP Review,Low
2026-12-01,CUST013,PRD0044,2,65959.82,Latest Estimate,Medium
2025-07-01,CUST013,PRD0052,4,39627.0,Latest Estimate,Medium
2025-08-01,CUST013,PRD0052,7,78004.53,SIOP Review,High
2025-09-01,CUST013,PRD0052,6,66652.12,Commercial Baseline,Medium
2025-10-01,CUST013,PRD0052,5,50390.45,SIOP Review,High
2025-11-01,CUST013,PRD0052,5,56175.19,Commercial Baseline,Low
2025-12-01,CUST013,PRD0052,6,62787.41,Latest Estimate,Medium
2026-01-01,CUST013,PRD0052,6,64422.35,SIOP Review,Low
2026-02-01,CUST013,PRD0052,4,44582.45,SIOP Review,High
2026-03-01,CUST013,PRD0052,6,62815.69,Latest Estimate,High
2026-04-01,CUST013,PRD0052,2,22399.95,SIOP Review,High
2026-05-01,CUST013,PRD0052,2,22439.27,Latest Estimate,Low
2026-06-01,CUST013,PRD0052,6,59621.13,Commercial Baseline,Medium
2026-07-01,CUST013,PRD0052,1,11231.62,Commercial Baseline,Medium
2026-08-01,CUST013,PRD0052,7,74915.21,SIOP Review,Medium
2026-09-01,CUST013,PRD0052,6,64316.8,Commercial Baseline,High
2026-10-01,CUST013,PRD0052,5,53206.19,Commercial Baseline,High
2026-11-01,CUST013,PRD0052,7,69536.51,Latest Estimate,Medium
2026-12-01,CUST013,PRD0052,6,63352.74,Commercial Baseline,Medium
2025-07-01,CUST013,PRD0101,0,0.0,Latest Estimate,Medium
2025-08-01,CUST013,PRD0101,1,6812.75,SIOP Review,High
2025-09-01,CUST013,PRD0101,3,22153.93,Latest Estimate,Low
2025-10-01,CUST013,PRD0101,2,13584.67,Latest Estimate,Medium
2025-11-01,CUST013,PRD0101,1,6859.77,Commercial Baseline,Medium
2025-12-01,CUST013,PRD0101,1,6991.1,Latest Estimate,Medium
2026-01-01,CUST013,PRD0101,8,52056.81,Latest Estimate,High
2026-02-01,CUST013,PRD0101,2,13946.69,Commercial Baseline,Low
2026-03-01,CUST013,PRD0101,2,13475.45,SIOP Review,Low
2026-04-01,CUST013,PRD0101,2,14142.46,Latest Estimate,Low
2026-05-01,CUST013,PRD0101,2,13504.75,SIOP Review,Medium
2026-06-01,CUST013,PRD0101,2,13749.92,Latest Estimate,Low
2026-07-01,CUST013,PRD0101,14,102574.76,SIOP Review,High
2026-08-01,CUST013,PRD0101,3,22191.23,Latest Estimate,High
2026-09-01,CUST013,PRD0101,1,7148.16,Commercial Baseline,Medium
2026-10-01,CUST013,PRD0101,3,21088.5,Latest Estimate,High
2026-11-01,CUST013,PRD0101,2,14364.21,SIOP Review,Medium
2026-12-01,CUST013,PRD0101,2,13499.64,SIOP Review,Medium
2025-07-01,CUST013,PRD0031,4,44743.92,Commercial Baseline,Medium
2025-08-01,CUST013,PRD0031,2,21412.81,Commercial Baseline,Low
2025-09-01,CUST013,PRD0031,6,61658.32,Commercial Baseline,Medium
2025-10-01,CUST013,PRD0031,4,44828.23,SIOP Review,Medium
2025-11-01,CUST013,PRD0031,4,42752.11,SIOP Review,Medium
2025-12-01,CUST013,PRD0031,8,82279.18,Commercial Baseline,High
2026-01-01,CUST013,PRD0031,4,41648.17,Commercial Baseline,High
2026-02-01,CUST013,PRD0031,5,55760.32,Commercial Baseline,Medium
2026-03-01,CUST013,PRD0031,3,33497.97,SIOP Review,High
2026-04-01,CUST013,PRD0031,21,238497.82,Commercial Baseline,Medium
2026-05-01,CUST013,PRD0031,2,20755.59,SIOP Review,Medium
2026-06-01,CUST013,PRD0031,1,10373.44,SIOP Review,High
2026-07-01,CUST013,PRD0031,5,51819.27,SIOP Review,High
2026-08-01,CUST013,PRD0031,6,67270.19,Commercial Baseline,Medium
2026-09-01,CUST013,PRD0031,3,31196.52,Latest Estimate,High
2026-10-01,CUST013,PRD0031,18,186361.8,Latest Estimate,High
2026-11-01,CUST013,PRD0031,4,42889.78,Commercial Baseline,Medium
2026-12-01,CUST013,PRD0031,1,10526.2,Latest Estimate,Medium
2025-07-01,CUST013,PRD0074,13,439949.95,Latest Estimate,Low
2025-08-01,CUST013,PRD0074,0,0.0,Latest Estimate,High
2025-09-01,CUST013,PRD0074,2,64430.06,Latest Estimate,Medium
2025-10-01,CUST013,PRD0074,1,33612.0,Commercial Baseline,Medium
2025-11-01,CUST013,PRD0074,0,0.0,Latest Estimate,Low
2025-12-01,CUST013,PRD0074,2,65286.73,Latest Estimate,High
2026-01-01,CUST013,PRD0074,1,35223.69,Commercial Baseline,Low
2026-02-01,CUST013,PRD0074,1,34041.56,Commercial Baseline,Low
2026-03-01,CUST013,PRD0074,1,33225.69,SIOP Review,Medium
2026-04-01,CUST013,PRD0074,1,35399.19,Commercial Baseline,Low
2026-05-01,CUST013,PRD0074,0,0.0,Latest Estimate,Medium
2026-06-01,CUST013,PRD0074,2,62522.36,Commercial Baseline,Medium
2026-07-01,CUST013,PRD0074,0,0.0,Latest Estimate,Medium
2026-08-01,CUST013,PRD0074,0,0.0,Latest Estimate,Low
2026-09-01,CUST013,PRD0074,0,0.0,Commercial Baseline,Low
2026-10-01,CUST013,PRD0074,0,0.0,Commercial Baseline,High
2026-11-01,CUST013,PRD0074,0,0.0,Latest Estimate,Medium
2026-12-01,CUST013,PRD0074,1,35131.73,SIOP Review,High
2025-07-01,CUST013,PRD0042,7,35313.06,Commercial Baseline,High
2025-08-01,CUST013,PRD0042,17,88119.53,SIOP Review,Medium
2025-09-01,CUST013,PRD0042,8,39172.22,SIOP Review,Low
2025-10-01,CUST013,PRD0042,3,15349.53,SIOP Review,High
2025-11-01,CUST013,PRD0042,6,28726.39,SIOP Review,Medium
2025-12-01,CUST013,PRD0042,5,23647.31,Latest Estimate,High
2026-01-01,CUST013,PRD0042,13,61380.75,Latest Estimate,Low
2026-02-01,CUST013,PRD0042,4,19009.12,SIOP Review,Medium
2026-03-01,CUST013,PRD0042,6,30794.08,Latest Estimate,High
2026-04-01,CUST013,PRD0042,3,15460.53,Commercial Baseline,High
2026-05-01,CUST013,PRD0042,3,14815.76,Latest Estimate,Medium
2026-06-01,CUST013,PRD0042,7,34024.96,SIOP Review,Low
2026-07-01,CUST013,PRD0042,8,37507.19,Commercial Baseline,Medium
2026-08-01,CUST013,PRD0042,4,19340.14,SIOP Review,Medium
2026-09-01,CUST013,PRD0042,5,24728.95,SIOP Review,Medium
2026-10-01,CUST013,PRD0042,2,9421.25,Latest Estimate,Low
2026-11-01,CUST013,PRD0042,6,29009.43,SIOP Review,High
2026-12-01,CUST013,PRD0042,4,19899.84,Latest Estimate,High
2025-07-01,CUST013,PRD0004,5,34046.5,SIOP Review,Low
2025-08-01,CUST013,PRD0004,7,46203.69,Latest Estimate,Medium
2025-09-01,CUST013,PRD0004,9,57024.91,Commercial Baseline,Medium
2025-10-01,CUST013,PRD0004,14,87721.16,Commercial Baseline,High
2025-11-01,CUST013,PRD0004,7,45153.34,Commercial Baseline,Low
2025-12-01,CUST013,PRD0004,11,66637.26,Latest Estimate,High
2026-01-01,CUST013,PRD0004,5,33188.38,SIOP Review,Low
2026-02-01,CUST013,PRD0004,10,62595.7,Commercial Baseline,High
2026-03-01,CUST013,PRD0004,8,52647.64,Latest Estimate,High
2026-04-01,CUST013,PRD0004,12,82027.36,Latest Estimate,Low
2026-05-01,CUST013,PRD0004,10,61335.63,Commercial Baseline,Medium
2026-06-01,CUST013,PRD0004,8,54463.3,Commercial Baseline,Medium
2026-07-01,CUST013,PRD0004,10,65989.0,SIOP Review,High
2026-08-01,CUST013,PRD0004,7,43541.11,SIOP Review,High
2026-09-01,CUST013,PRD0004,7,47107.49,Commercial Baseline,Medium
2026-10-01,CUST013,PRD0004,11,74272.19,Commercial Baseline,Medium
2026-11-01,CUST013,PRD0004,7,47349.25,SIOP Review,Medium
2026-12-01,CUST013,PRD0004,11,72644.22,Commercial Baseline,Medium
2025-07-01,CUST013,PRD0035,0,0.0,Latest Estimate,High
2025-08-01,CUST013,PRD0035,0,0.0,Latest Estimate,Low
2025-09-01,CUST013,PRD0035,0,0.0,Latest Estimate,High
2025-10-01,CUST013,PRD0035,8,56074.21,Latest Estimate,Low
2025-11-01,CUST013,PRD0035,0,0.0,Commercial Baseline,Medium
2025-12-01,CUST013,PRD0035,2,14973.14,SIOP Review,Medium
2026-01-01,CUST013,PRD0035,2,13838.26,Commercial Baseline,Medium
2026-02-01,CUST013,PRD0035,0,0.0,Latest Estimate,High
2026-03-01,CUST013,PRD0035,11,82048.69,SIOP Review,High
2026-04-01,CUST013,PRD0035,0,0.0,Commercial Baseline,Low
2026-05-01,CUST013,PRD0035,0,0.0,SIOP Review,Medium
2026-06-01,CUST013,PRD0035,0,0.0,Latest Estimate,High
2026-07-01,CUST013,PRD0035,1,7367.56,Latest Estimate,Medium
2026-08-01,CUST013,PRD0035,0,0.0,SIOP Review,Medium
2026-09-01,CUST013,PRD0035,1,7602.95,Latest Estimate,Medium
2026-10-01,CUST013,PRD0035,1,7349.94,Latest Estimate,High
2026-11-01,CUST013,PRD0035,0,0.0,Latest Estimate,Medium
2026-12-01,CUST013,PRD0035,2,14687.23,Commercial Baseline,Low
2025-07-01,CUST013,PRD0083,2,8290.39,Latest Estimate,High
2025-08-01,CUST013,PRD0083,2,8131.57,SIOP Review,High
2025-09-01,CUST013,PRD0083,3,12103.68,Latest Estimate,Low
2025-10-01,CUST013,PRD0083,3,11997.47,Latest Estimate,Medium
2025-11-01,CUST013,PRD0083,3,12754.5,Commercial Baseline,Medium
2025-12-01,CUST013,PRD0083,1,3916.92,Commercial Baseline,High
2026-01-01,CUST013,PRD0083,1,4136.66,SIOP Review,Medium
2026-02-01,CUST013,PRD0083,1,4120.6,Commercial Baseline,Medium
2026-03-01,CUST013,PRD0083,4,15764.67,Latest Estimate,Low
2026-04-01,CUST013,PRD0083,3,11654.4,SIOP Review,High
2026-05-01,CUST013,PRD0083,4,15814.87,SIOP Review,Medium
2026-06-01,CUST013,PRD0083,2,8094.92,Commercial Baseline,Low
2026-07-01,CUST013,PRD0083,3,12265.89,Commercial Baseline,Low
2026-08-01,CUST013,PRD0083,2,7684.25,Commercial Baseline,Medium
2026-09-01,CUST013,PRD0083,2,8689.82,Latest Estimate,Medium
2026-10-01,CUST013,PRD0083,4,16018.42,Commercial Baseline,Medium
2026-11-01,CUST013,PRD0083,2,8526.45,Commercial Baseline,Low
2026-12-01,CUST013,PRD0083,4,17234.26,SIOP Review,Medium
2025-07-01,CUST013,PRD0073,3,96041.94,Commercial Baseline,High
2025-08-01,CUST013,PRD0073,0,0.0,Commercial Baseline,Low
2025-09-01,CUST013,PRD0073,0,0.0,Latest Estimate,Medium
2025-10-01,CUST013,PRD0073,1,34001.83,Commercial Baseline,Medium
2025-11-01,CUST013,PRD0073,3,93027.62,Commercial Baseline,High
2025-12-01,CUST013,PRD0073,1,30373.77,Latest Estimate,Low
2026-01-01,CUST013,PRD0073,2,62816.79,Latest Estimate,High
2026-02-01,CUST013,PRD0073,0,0.0,Latest Estimate,High
2026-03-01,CUST013,PRD0073,3,95945.61,SIOP Review,Low
2026-04-01,CUST013,PRD0073,1,32407.58,Commercial Baseline,High
2026-05-01,CUST013,PRD0073,2,62122.17,Latest Estimate,High
2026-06-01,CUST013,PRD0073,13,415173.46,SIOP Review,High
2026-07-01,CUST013,PRD0073,4,119936.49,Commercial Baseline,Low
2026-08-01,CUST013,PRD0073,1,31979.7,Commercial Baseline,Medium
2026-09-01,CUST013,PRD0073,3,96299.22,Latest Estimate,Low
2026-10-01,CUST013,PRD0073,2,61506.85,SIOP Review,Low
2026-11-01,CUST013,PRD0073,3,100811.33,SIOP Review,High
2026-12-01,CUST013,PRD0073,0,0.0,Commercial Baseline,Medium
2025-07-01,CUST013,PRD0011,3,125152.17,Commercial Baseline,High
2025-08-01,CUST013,PRD_X0026,3,116821.47,Commercial Baseline,Low
2025-09-01,CUST013,PRD0011,4,167581.51,Commercial Baseline,High
2025-10-01,CUST013,PRD0011,2,81205.8,SIOP Review,Medium
2025-11-01,CUST013,PRD0011,4,150402.15,Commercial Baseline,High
2025-12-01,CUST013,PRD0011,3,125468.96,Commercial Baseline,Medium
2026-01-01,CUST013,PRD0011,4,163881.17,SIOP Review,Medium
2026-02-01,CUST013,PRD0011,18,708036.92,Commercial Baseline,Low
2026-03-01,CUST013,PRD0011,5,193857.83,Latest Estimate,Medium
2026-04-01,CUST013,PRD0011,5,198969.11,Commercial Baseline,Medium
2026-05-01,CUST013,PRD0011,4,157287.09,Latest Estimate,Medium
2026-06-01,CUST013,PRD0011,3,124439.39,Latest Estimate,Medium
2026-07-01,CUST013,PRD0011,3,119657.82,SIOP Review,Low
2026-08-01,CUST013,PRD0011,6,227172.55,Commercial Baseline,High
2026-09-01,CUST013,PRD0011,6,225461.04,Commercial Baseline,Medium
2026-10-01,CUST013,PRD0011,6,246540.24,SIOP Review,Medium
2026-11-01,CUST013,PRD0011,4,148086.89,SIOP Review,Medium
2026-12-01,CUST013,PRD0011,4,147621.76,SIOP Review,Medium
2025-07-01,CUST013,PRD0069,7,47891.32,Commercial Baseline,High
2025-08-01,CUST013,PRD0069,9,65861.35,SIOP Review,Low
2025-09-01,CUST013,PRD0069,10,72843.67,Commercial Baseline,Medium
2025-10-01,CUST013,PRD0069,8,53979.64,SIOP Review,Low
2025-11-01,CUST013,PRD0069,4,28524.07,SIOP Review,Medium
2025-12-01,CUST013,PRD0069,8,60766.3,Commercial Baseline,Medium
2026-01-01,CUST013,PRD0069,11,77232.74,SIOP Review,Medium
2026-02-01,CUST013,PRD0069,2,15090.67,Commercial Baseline,High
2026-03-01,CUST013,PRD0069,10,75335.28,Latest Estimate,Medium
2026-04-01,CUST013,PRD0069,11,75613.89,SIOP Review,Medium
2026-05-01,CUST013,PRD0069,5,34446.05,Commercial Baseline,High
2026-06-01,CUST013,PRD0069,6,42187.02,Commercial Baseline,Medium
2026-07-01,CUST013,PRD0069,5,36485.71,Commercial Baseline,Low
2026-08-01,CUST013,PRD0069,4,29861.72,SIOP Review,Medium
2026-09-01,CUST013,PRD0069,10,68619.49,SIOP Review,Low
2026-10-01,CUST013,PRD0069,12,87322.11,Commercial Baseline,High
2026-11-01,CUST013,PRD0069,10,68076.14,SIOP Review,Medium
2026-12-01,CUST013,PRD0069,8,56832.41,SIOP Review,Medium
2025-07-01,CUST013,PRD0026,6,62729.7,SIOP Review,Low
2025-08-01,CUST013,PRD0026,15,167652.82,Latest Estimate,Medium
2025-09-01,CUST013,PRD0026,9,96336.39,SIOP Review,Medium
2025-10-01,CUST013,PRD0026,8,85947.48,Latest Estimate,Medium
2025-11-01,CUST013,PRD0026,5,51460.52,Commercial Baseline,Medium
2025-12-01,CUST013,PRD0026,3,32626.97,Commercial Baseline,High
2026-01-01,CUST013,PRD0026,23,248233.19,Commercial Baseline,Low
2026-02-01,CUST013,PRD0026,4,41696.74,Latest Estimate,Medium
2026-03-01,CUST013,PRD0026,6,65610.01,Latest Estimate,Medium
2026-04-01,CUST013,PRD0026,21,232541.62,SIOP Review,High
2026-05-01,CUST013,PRD0026,3,34191.36,Latest Estimate,Low
2026-06-01,CUST013,PRD0026,4,46018.12,SIOP Review,Low
2026-07-01,CUST013,PRD0026,3,33578.12,Latest Estimate,Medium
2026-08-01,CUST013,PRD0026,5,53052.75,SIOP Review,Low
2026-09-01,CUST013,PRD0026,8,91940.24,Latest Estimate,High
2026-10-01,CUST013,PRD0026,6,62823.84,Latest Estimate,High
2026-11-01,CUST013,PRD0026,4,44960.56,Latest Estimate,High
2026-12-01,CUST013,PRD0026,2,22365.04,Latest Estimate,Medium
2025-07-01,CUST013,PRD0086,0,0.0,Latest Estimate,High
2025-08-01,CUST013,PRD0086,0,0.0,SIOP Review,Medium
2025-09-01,CUST013,PRD0086,1,4556.27,Latest Estimate,Medium
2025-10-01,CUST013,PRD0086,1,4636.65,SIOP Review,Medium
2025-11-01,CUST013,PRD0086,0,0.0,Latest Estimate,Medium
2025-12-01,CUST013,PRD0086,0,0.0,Latest Estimate,Medium
2026-01-01,CUST013,PRD0086,13,64694.84,Latest Estimate,Medium
2026-02-01,CUST013,PRD0086,0,0.0,Latest Estimate,Low
2026-03-01,CUST013,PRD0086,0,0.0,Commercial Baseline,Low
2026-04-01,CUST013,PRD0086,0,0.0,Latest Estimate,Medium
2026-05-01,CUST013,PRD0086,0,0.0,Latest Estimate,High
2026-06-01,CUST013,PRD0086,0,0.0,Latest Estimate,Medium
2026-07-01,CUST013,PRD0086,0,0.0,Latest Estimate,Low
2026-08-01,CUST013,PRD0086,1,4543.84,Latest Estimate,Medium
2026-09-01,CUST013,PRD0086,0,0.0,Latest Estimate,Low
2026-10-01,CUST013,PRD0086,0,0.0,Commercial Baseline,Medium
2026-11-01,CUST013,PRD0086,0,0.0,Latest Estimate,Low
2026-12-01,CUST013,PRD0086,0,0.0,Commercial Baseline,Medium
2025-07-01,CUST013,PRD0002,0,0.0,SIOP Review,Medium
2025-08-01,CUST013,PRD0002,1,22250.44,Commercial Baseline,Low
2025-09-01,CUST013,PRD0002,0,0.0,Commercial Baseline,Medium
2025-10-01,CUST013,PRD0002,0,0.0,Latest Estimate,Low
2025-11-01,CUST013,PRD0002,1,20528.31,Commercial Baseline,Medium
2025-12-01,CUST013,PRD0002,0,0.0,Latest Estimate,Low
2026-01-01,CUST013,PRD0002,1,19710.52,Latest Estimate,Medium
2026-02-01,CUST013,PRD0002,0,0.0,Latest Estimate,Medium
2026-03-01,CUST013,PRD0002,0,0.0,SIOP Review,Medium
2026-04-01,CUST013,PRD0002,13,261883.88,SIOP Review,Low
2026-05-01,CUST013,PRD0002,0,0.0,SIOP Review,Low
2026-06-01,CUST013,PRD0002,0,0.0,SIOP Review,Low
2026-07-01,CUST013,PRD0002,0,0.0,SIOP Review,High
2026-08-01,CUST013,PRD0002,0,0.0,Commercial Baseline,High
2026-09-01,CUST013,PRD0002,10,211697.54,SIOP Review,Medium
2026-10-01,CUST013,PRD0002,0,0.0,Commercial Baseline,High
2026-11-01,CUST013,PRD0002,0,0.0,SIOP Review,Low
2026-12-01,CUST013,PRD0002,0,0.0,Latest Estimate,Medium
2025-07-01,CUST013,PRD0007,2,10329.45,Commercial Baseline,High
2025-08-01,CUST013,PRD0007,3,14605.53,SIOP Review,Medium
2025-09-01,CUST013,PRD0007,4,20736.04,Latest Estimate,Medium
2025-10-01,CUST013,PRD0007,3,14556.09,Latest Estimate,Low
2025-11-01,CUST013,PRD0007,3,14079.02,Commercial Baseline,High
2025-12-01,CUST013,PRD0007,3,14614.84,SIOP Review,High
2026-01-01,CUST013,PRD0007,5,23379.23,Latest Estimate,High
2026-02-01,CUST013,PRD0007,1,4659.91,Commercial Baseline,Low
2026-03-01,CUST013,PRD0007,3,15339.06,Commercial Baseline,High
2026-04-01,CUST013,PRD0007,4,20776.97,Commercial Baseline,Medium
2026-05-01,CUST013,PRD0007,1,4644.14,SIOP Review,High
2026-06-01,CUST013,PRD0007,1,5232.93,SIOP Review,Low
2026-07-01,CUST013,PRD0007,4,20401.01,SIOP Review,Medium
2026-08-01,CUST013,PRD0007,15,72459.77,Latest Estimate,Low
2026-09-01,CUST013,PRD0007,3,15061.16,SIOP Review,High
2026-10-01,CUST013,PRD0007,6,28481.41,SIOP Review,Medium
2026-11-01,CUST013,PRD0007,2,9400.13,Latest Estimate,Low
2026-12-01,CUST013,PRD0007,3,14357.39,Commercial Baseline,Medium
2025-07-01,CUST014,PRD0113,1,1807.09,SIOP Review,High
2025-08-01,CUST014,PRD0113,16,28169.82,Latest Estimate,High
2025-09-01,CUST014,PRD0113,0,0.0,Commercial Baseline,Low
2025-10-01,CUST014,PRD0113,0,0.0,SIOP Review,High
2025-11-01,CUST014,PRD0113,1,1839.93,Commercial Baseline,Low
2025-12-01,CUST014,PRD0113,1,1869.56,Latest Estimate,Medium
2026-01-01,CUST014,PRD0113,4,7257.51,Latest Estimate,High
2026-02-01,CUST014,PRD0113,6,10487.25,Latest Estimate,Low
2026-03-01,CUST014,PRD0113,3,5468.14,Latest Estimate,Medium
2026-04-01,CUST014,PRD0113,0,0.0,Latest Estimate,High
2026-05-01,CUST014,PRD0113,1,1753.79,Commercial Baseline,Medium
2026-06-01,CUST014,PRD0113,2,3571.92,Commercial Baseline,Medium
2026-07-01,CUST014,PRD0113,1,1870.42,SIOP Review,High
2026-08-01,CUST014,PRD0113,0,0.0,SIOP Review,High
2026-09-01,CUST014,PRD0113,1,1727.68,Commercial Baseline,Medium
2026-10-01,CUST014,PRD0113,0,0.0,Latest Estimate,Medium
2026-11-01,CUST014,PRD0113,0,0.0,SIOP Review,Low
2026-12-01,CUST014,PRD0113,2,3475.67,SIOP Review,Low
2025-07-01,CUST014,PRD0087,1,2298.28,Latest Estimate,Medium
2025-08-01,CUST014,PRD0087,1,2276.64,Commercial Baseline,Medium
2025-09-01,CUST014,PRD0087,2,4345.46,SIOP Review,Low
2025-10-01,CUST014,PRD0087,9,19762.71,Commercial Baseline,Medium
2025-11-01,CUST014,PRD0087,7,14335.21,Latest Estimate,Low
2025-12-01,CUST014,PRD0087,1,2267.63,SIOP Review,Medium
2026-01-01,CUST014,PRD0087,2,4318.23,SIOP Review,Medium
2026-02-01,CUST014,PRD0087,1,2178.13,Latest Estimate,High
2026-03-01,CUST014,PRD0087,2,4417.32,SIOP Review,Medium
2026-04-01,CUST014,PRD0087,2,4535.19,SIOP Review,High
2026-05-01,CUST014,PRD0087,1,2165.58,Latest Estimate,Medium
2026-06-01,CUST014,PRD0087,1,2080.19,Latest Estimate,Medium
2026-07-01,CUST014,PRD0087,1,2287.38,Latest Estimate,Low
2026-08-01,CUST014,PRD0087,1,2183.86,Commercial Baseline,Medium
2026-09-01,CUST014,PRD0087,0,0.0,Latest Estimate,Medium
2026-10-01,CUST014,PRD0087,2,4309.3,Latest Estimate,Low
2026-11-01,CUST014,PRD0087,0,0.0,Latest Estimate,Medium
2026-12-01,CUST014,PRD0087,1,2275.29,Commercial Baseline,High
2025-07-01,CUST014,PRD0109,0,0.0,Latest Estimate,Low
2025-08-01,CUST014,PRD0109,0,0.0,SIOP Review,Medium
2025-09-01,CUST014,PRD0109,0,0.0,SIOP Review,Medium
2025-10-01,CUST014,PRD0109,0,0.0,Commercial Baseline,Medium
2025-11-01,CUST014,PRD0109,0,0.0,Latest Estimate,Medium
2025-12-01,CUST014,PRD0109,0,0.0,Latest Estimate,Low
2026-01-01,CUST014,PRD0109,1,30559.31,SIOP Review,High
2026-02-01,CUST014,PRD0109,0,0.0,SIOP Review,Low
2026-03-01,CUST014,PRD0109,1,31479.12,Latest Estimate,Medium
2026-04-01,CUST014,PRD0109,0,0.0,Latest Estimate,Medium
2026-05-01,CUST014,PRD0109,0,0.0,SIOP Review,Low
2026-06-01,CUST014,PRD0109,0,0.0,SIOP Review,Medium
2026-07-01,CUST014,PRD0109,0,0.0,SIOP Review,High
2026-08-01,CUST014,PRD0109,0,0.0,Latest Estimate,Medium
2026-09-01,CUST014,PRD0109,0,0.0,Commercial Baseline,Low
2026-10-01,CUST014,PRD0109,1,29368.32,Latest Estimate,High
2026-11-01,CUST014,PRD0109,6,198066.66,SIOP Review,Low
2026-12-01,CUST014,PRD0109,0,0.0,SIOP Review,Medium
2025-07-01,CUST014,PRD0074,0,0.0,SIOP Review,High
2025-08-01,CUST014,PRD0074,0,0.0,SIOP Review,Medium
2025-09-01,CUST014,PRD0074,0,0.0,Latest Estimate,Low
2025-10-01,CUST014,PRD0074,0,0.0,SIOP Review,Medium
2025-11-01,CUST014,PRD0074,0,0.0,SIOP Review,Low
2025-12-01,CUST014,PRD0074,0,0.0,Commercial Baseline,Medium
2026-01-01,CUST014,PRD0074,0,0.0,SIOP Review,Low
2026-02-01,CUST014,PRD0074,0,0.0,Latest Estimate,Medium
2026-03-01,CUST014,PRD0074,0,0.0,Latest Estimate,Low
2026-04-01,CUST014,PRD0074,0,0.0,Latest Estimate,Medium
2026-05-01,CUST014,PRD0074,0,0.0,Latest Estimate,Medium
2026-06-01,CUST014,PRD0074,0,0.0,Latest Estimate,Medium
2026-07-01,CUST014,PRD0074,0,0.0,Latest Estimate,Low
2026-08-01,CUST014,PRD0074,0,0.0,Latest Estimate,Medium
2026-09-01,CUST014,PRD0074,0,0.0,Latest Estimate,Medium
2026-10-01,CUST014,PRD0074,0,0.0,Commercial Baseline,High
2026-11-01,CUST014,PRD0074,0,0.0,SIOP Review,Medium
2026-12-01,CUST014,PRD0074,0,0.0,Latest Estimate,Medium
2025-07-01,CUST014,PRD0082,3,5585.64,Commercial Baseline,High
2025-08-01,CUST014,PRD0082,6,10854.24,Commercial Baseline,Medium
2025-09-01,CUST014,PRD0082,5,9601.73,SIOP Review,Medium
2025-10-01,CUST014,PRD0082,4,7379.5,Latest Estimate,Medium
2025-11-01,CUST014,PRD0082,3,5599.97,Commercial Baseline,Low
2025-12-01,CUST014,PRD0082,3,5835.48,Latest Estimate,Medium
2026-01-01,CUST014,PRD0082,7,13064.92,SIOP Review,Low
2026-02-01,CUST014,PRD0082,3,5422.56,Commercial Baseline,Low
2026-03-01,CUST014,PRD0082,17,31345.75,Commercial Baseline,Medium
2026-04-01,CUST014,PRD0082,5,9745.13,Latest Estimate,High
2026-05-01,CUST014,PRD0082,2,3660.58,Latest Estimate,Medium
2026-06-01,CUST014,PRD0082,5,9683.21,Latest Estimate,Medium
2026-07-01,CUST014,PRD0082,3,5621.45,Commercial Baseline,Medium
2026-08-01,CUST014,PRD0082,3,5602.66,SIOP Review,Low
2026-09-01,CUST014,PRD0082,14,27725.73,SIOP Review,High
2026-10-01,CUST014,PRD0082,10,19044.39,SIOP Review,Medium
2026-11-01,CUST014,PRD0082,2,3633.37,Latest Estimate,High
2026-12-01,CUST014,PRD0082,3,6034.73,Latest Estimate,High
2025-07-01,CUST014,PRD0033,1,9552.7,Commercial Baseline,High
2025-08-01,CUST014,PRD0033,1,9433.86,SIOP Review,High
2025-09-01,CUST014,PRD0033,0,0.0,Commercial Baseline,Low
2025-10-01,CUST014,PRD0033,2,21295.88,SIOP Review,Low
2025-11-01,CUST014,PRD0033,0,0.0,SIOP Review,Medium
2025-12-01,CUST014,PRD0033,0,0.0,SIOP Review,Low
2026-01-01,CUST014,PRD0033,1,9472.69,Latest Estimate,Medium
2026-02-01,CUST014,PRD0033,1,10628.26,Latest Estimate,High
2026-03-01,CUST014,PRD0033,0,0.0,Commercial Baseline,Low
2026-04-01,CUST014,PRD0033,0,0.0,Latest Estimate,Low
2026-05-01,CUST014,PRD0033,0,0.0,Latest Estimate,Low
2026-06-01,CUST014,PRD0033,12,116439.74,Commercial Baseline,High
2026-07-01,CUST014,PRD0033,2,19301.84,Commercial Baseline,High
2026-08-01,CUST014,PRD0033,2,21251.15,Latest Estimate,Medium
2026-09-01,CUST014,PRD0033,0,0.0,Commercial Baseline,Medium
2026-10-01,CUST014,PRD0033,2,19197.9,Commercial Baseline,Medium
2026-11-01,CUST014,PRD0033,1,10029.65,Commercial Baseline,Medium
2026-12-01,CUST014,PRD0033,0,0.0,Commercial Baseline,High
2025-07-01,CUST014,PRD0005,0,0.0,Commercial Baseline,High
2025-08-01,CUST014,PRD0005,0,0.0,Latest Estimate,Medium
2025-09-01,CUST014,PRD0005,0,0.0,SIOP Review,Medium
2025-10-01,CUST014,PRD0005,13,69917.42,Latest Estimate,Low
2025-11-01,CUST014,PRD0005,0,0.0,Latest Estimate,Medium
2025-12-01,CUST014,PRD0005,0,0.0,Latest Estimate,Medium
2026-01-01,CUST014,PRD0005,0,0.0,Commercial Baseline,Medium
2026-02-01,CUST014,PRD0005,1,5169.37,Commercial Baseline,Medium
2026-03-01,CUST014,PRD0005,0,0.0,Commercial Baseline,High
2026-04-01,CUST014,PRD0005,0,0.0,Commercial Baseline,Low
2026-05-01,CUST014,PRD0005,0,0.0,SIOP Review,Medium
2026-06-01,CUST014,PRD0005,0,0.0,SIOP Review,Medium
2026-07-01,CUST014,PRD0005,0,0.0,SIOP Review,Medium
2026-08-01,CUST014,PRD0005,1,5242.38,Latest Estimate,High
2026-09-01,CUST014,PRD0005,1,4964.1,Commercial Baseline,Medium
2026-10-01,CUST014,PRD0005,0,0.0,Commercial Baseline,Medium
2026-11-01,CUST014,PRD0005,0,0.0,Latest Estimate,Medium
2026-12-01,CUST014,PRD0005,0,0.0,Commercial Baseline,Medium
2025-07-01,CUST014,PRD0034,2,18504.53,Commercial Baseline,High
2025-08-01,CUST014,PRD0034,2,20315.42,Latest Estimate,High
2025-09-01,CUST014,PRD0034,0,0.0,Commercial Baseline,High
2025-10-01,CUST014,PRD0034,1,9761.73,Commercial Baseline,Medium
2025-11-01,CUST014,PRD0034,2,18881.71,Commercial Baseline,Medium
2025-12-01,CUST014,PRD0034,0,0.0,SIOP Review,Medium
2026-01-01,CUST014,PRD0034,2,18572.68,SIOP Review,Low
2026-02-01,CUST014,PRD0034,10,95349.26,Latest Estimate,Medium
2026-03-01,CUST014,PRD0034,2,18295.77,Commercial Baseline,High
2026-04-01,CUST014,PRD0034,1,10008.59,Commercial Baseline,Medium
2026-05-01,CUST014,PRD0034,11,106232.94,Latest Estimate,High
2026-06-01,CUST014,PRD0034,0,0.0,SIOP Review,Low
2026-07-01,CUST014,PRD0034,0,0.0,Latest Estimate,High
2026-08-01,CUST014,PRD0034,0,0.0,Latest Estimate,High
2026-09-01,CUST014,PRD0034,0,0.0,Latest Estimate,Medium
2026-10-01,CUST014,PRD0034,2,20374.43,Commercial Baseline,Low
2026-11-01,CUST014,PRD0034,2,19592.77,Latest Estimate,Medium
2026-12-01,CUST014,PRD0034,2,20008.37,Commercial Baseline,Medium
2025-07-01,CUST014,PRD0099,7,18653.81,Latest Estimate,High
2025-08-01,CUST014,PRD0099,9,24232.3,Commercial Baseline,Low
2025-09-01,CUST014,PRD0099,9,25006.97,Commercial Baseline,High
2025-10-01,CUST014,PRD0099,8,21795.22,Commercial Baseline,Medium
2025-11-01,CUST014,PRD0099,8,21952.95,Latest Estimate,Low
2025-12-01,CUST014,PRD0099,12,32203.23,SIOP Review,High
2026-01-01,CUST014,PRD0099,6,14893.25,Commercial Baseline,High
2026-02-01,CUST014,PRD0099,11,29671.64,Latest Estimate,Medium
2026-03-01,CUST014,PRD0099,14,35102.91,Latest Estimate,High
2026-04-01,CUST014,PRD0099,7,19422.95,Latest Estimate,High
2026-05-01,CUST014,PRD0099,18,44314.91,SIOP Review,High
2026-06-01,CUST014,PRD0099,13,32653.59,Commercial Baseline,Low
2026-07-01,CUST014,PRD0099,9,23056.13,Latest Estimate,Medium
2026-08-01,CUST014,PRD0099,5,12422.98,Latest Estimate,Medium
2026-09-01,CUST014,PRD0099,8,21921.72,SIOP Review,Medium
2026-10-01,CUST014,PRD0099,8,21105.71,Latest Estimate,Medium
2026-11-01,CUST014,PRD0099,9,23071.51,Latest Estimate,Medium
2026-12-01,CUST014,PRD0099,8,22060.8,Commercial Baseline,Medium
2025-07-01,CUST014,PRD0011,2,80346.18,Latest Estimate,High
2025-08-01,CUST014,PRD0011,2,83674.24,Latest Estimate,Medium
2025-09-01,CUST014,PRD0011,2,81199.0,Latest Estimate,Low
2025-10-01,CUST014,PRD0011,11,447166.11,Commercial Baseline,High
2025-11-01,CUST014,PRD0011,3,122736.16,SIOP Review,High
2025-12-01,CUST014,PRD0011,1,38211.75,Latest Estimate,Medium
2026-01-01,CUST014,PRD0011,1,41647.64,Latest Estimate,High
2026-02-01,CUST014,PRD0011,0,0.0,Commercial Baseline,Low
2026-03-01,CUST014,PRD0011,2,76962.88,Commercial Baseline,Medium
2026-04-01,CUST014,PRD0011,2,82921.59,SIOP Review,Medium
2026-05-01,CUST014,PRD0011,1,38093.94,SIOP Review,Medium
2026-06-01,CUST014,PRD0011,1,38543.05,SIOP Review,High
2026-07-01,CUST014,PRD0011,2,83548.81,SIOP Review,Medium
2026-08-01,CUST014,PRD0011,16,610709.81,SIOP Review,Medium
2026-09-01,CUST014,PRD0011,2,81533.83,Latest Estimate,Medium
2026-10-01,CUST014,PRD0011,2,82533.34,Commercial Baseline,High
2026-11-01,CUST014,PRD0011,5,195028.41,Latest Estimate,High
2026-12-01,CUST014,PRD0011,2,81573.85,Latest Estimate,High
2025-07-01,CUST014,PRD0073,0,0.0,Latest Estimate,Medium
2025-08-01,CUST014,PRD0073,0,0.0,Latest Estimate,Medium
2025-09-01,CUST014,PRD0073,0,0.0,Commercial Baseline,Low
2025-10-01,CUST014,PRD0073,16,500585.57,SIOP Review,Medium
2025-11-01,CUST014,PRD0073,1,30913.8,SIOP Review,High
2025-12-01,CUST014,PRD0073,2,62174.35,Commercial Baseline,Medium
2026-01-01,CUST014,PRD0073,1,30546.51,SIOP Review,Low
2026-02-01,CUST014,PRD0073,10,326011.0,Commercial Baseline,Medium
2026-03-01,CUST014,PRD0073,1,33220.29,SIOP Review,High
2026-04-01,CUST014,PRD0073,0,0.0,SIOP Review,Low
2026-05-01,CUST014,PRD0073,0,0.0,Commercial Baseline,Medium
2026-06-01,CUST014,PRD0073,0,0.0,SIOP Review,Medium
2026-07-01,CUST014,PRD0073,2,64592.42,Commercial Baseline,Low
2026-08-01,CUST014,PRD0073,0,0.0,Latest Estimate,High
2026-09-01,CUST014,PRD0073,1,33143.16,Commercial Baseline,High
2026-10-01,CUST014,PRD0073,2,65999.25,SIOP Review,Medium
2026-11-01,CUST014,PRD0073,0,0.0,SIOP Review,High
2026-12-01,CUST014,PRD0073,0,0.0,Latest Estimate,High
2025-07-01,CUST014,PRD0110,7,43908.05,SIOP Review,Medium
2025-08-01,CUST014,PRD0110,14,87143.35,Latest Estimate,Low
2025-09-01,CUST014,PRD0110,16,107173.12,Latest Estimate,Medium
2025-10-01,CUST014,PRD0110,20,134530.14,SIOP Review,Medium
2025-11-01,CUST014,PRD0110,8,49871.83,SIOP Review,Medium
2025-12-01,CUST014,PRD0110,12,77672.61,Commercial Baseline,Low
2026-01-01,CUST014,PRD0110,12,76123.0,SIOP Review,Medium
2026-02-01,CUST014,PRD0110,10,65331.14,Latest Estimate,Low
2026-03-01,CUST014,PRD0110,12,79746.33,Commercial Baseline,Medium
2026-04-01,CUST014,PRD0110,14,87132.73,SIOP Review,Medium
2026-05-01,CUST014,PRD0110,23,151566.84,SIOP Review,Medium
2026-06-01,CUST014,PRD0110,11,69627.21,Latest Estimate,Medium
2026-07-01,CUST014,PRD0110,19,115514.45,SIOP Review,Medium
2026-08-01,CUST014,PRD0110,5,33406.21,SIOP Review,High
2026-09-01,CUST014,PRD0110,17,102482.25,Commercial Baseline,Medium
2026-10-01,CUST014,PRD0110,12,72839.27,Latest Estimate,Medium
2026-11-01,CUST014,PRD0110,14,86807.03,SIOP Review,Medium
2026-12-01,CUST014,PRD0110,11,70192.46,Commercial Baseline,High
2025-07-01,CUST014,PRD0085,3,27819.06,Commercial Baseline,High
2025-08-01,CUST014,PRD0085,2,18889.69,SIOP Review,Medium
2025-09-01,CUST014,PRD0085,2,18662.39,Commercial Baseline,High
2025-10-01,CUST014,PRD0085,1,8866.59,Commercial Baseline,Medium
2025-11-01,CUST014,PRD0085,2,18940.5,Commercial Baseline,High
2025-12-01,CUST014,PRD0085,8,74549.77,Commercial Baseline,Medium
2026-01-01,CUST014,PRD0085,2,17825.71,Latest Estimate,High
2026-02-01,CUST014,PRD0085,2,18596.11,Commercial Baseline,Medium
2026-03-01,CUST014,PRD0085,2,18197.84,SIOP Review,High
2026-04-01,CUST014,PRD0085,3,27546.44,Latest Estimate,Low
2026-05-01,CUST014,PRD0085,2,19014.9,Commercial Baseline,Medium
2026-06-01,CUST014,PRD0085,3,28585.31,Commercial Baseline,Low
2026-07-01,CUST014,PRD0085,17,158779.58,Latest Estimate,High
2026-08-01,CUST014,PRD0085,12,107394.67,SIOP Review,High
2026-09-01,CUST014,PRD0085,2,18753.83,Latest Estimate,High
2026-10-01,CUST014,PRD0085,2,17849.93,Latest Estimate,Low
2026-11-01,CUST014,PRD0085,1,8450.9,SIOP Review,Medium
2026-12-01,CUST014,PRD0085,2,18166.55,SIOP Review,Medium
2025-07-01,CUST014,PRD0054,17,48058.58,SIOP Review,Low
2025-08-01,CUST014,PRD0054,4,11563.32,Latest Estimate,Medium
2025-09-01,CUST014,PRD0054,3,8422.07,SIOP Review,High
2025-10-01,CUST014,PRD0054,4,12044.8,Commercial Baseline,Medium
2025-11-01,CUST014,PRD0054,2,5395.56,Latest Estimate,Low
2025-12-01,CUST014,PRD0054,0,0.0,SIOP Review,Medium
2026-01-01,CUST014,PRD0054,2,5928.67,Commercial Baseline,High
2026-02-01,CUST014,PRD0054,4,10910.65,Commercial Baseline,Medium
2026-03-01,CUST014,PRD0054,3,8238.25,Commercial Baseline,Medium
2026-04-01,CUST014,PRD0054,4,11008.72,Latest Estimate,High
2026-05-01,CUST014,PRD0054,2,5745.2,SIOP Review,Medium
2026-06-01,CUST014,PRD0054,3,8351.4,Commercial Baseline,Medium
2026-07-01,CUST014,PRD0054,4,10895.78,Latest Estimate,Low
2026-08-01,CUST014,PRD0054,1,2856.0,Latest Estimate,Low
2026-09-01,CUST014,PRD0054,2,5790.44,SIOP Review,Low
2026-10-01,CUST014,PRD0054,2,5863.82,Latest Estimate,Low
2026-11-01,CUST014,PRD0054,8,21917.01,Latest Estimate,Medium
2026-12-01,CUST014,PRD0054,3,8342.61,Latest Estimate,High
2025-07-01,CUST014,PRD0068,0,0.0,SIOP Review,Medium
2025-08-01,CUST014,PRD0068,6,64670.17,Latest Estimate,Low
2025-09-01,CUST014,PRD0068,1,10338.05,SIOP Review,High
2025-10-01,CUST014,PRD0068,1,10601.83,Commercial Baseline,Medium
2025-11-01,CUST014,PRD0068,11,112083.22,Commercial Baseline,Medium
2025-12-01,CUST014,PRD0068,0,0.0,SIOP Review,High
2026-01-01,CUST014,PRD0068,1,10230.66,SIOP Review,Medium
2026-02-01,CUST014,PRD0068,0,0.0,Commercial Baseline,High
2026-03-01,CUST014,PRD0068,2,20198.27,Commercial Baseline,Medium
2026-04-01,CUST014,PRD_X0001,0,0.0,SIOP Review,Medium
2026-05-01,CUST014,PRD0068,1,9826.19,SIOP Review,Low
2026-06-01,CUST014,PRD0068,0,0.0,SIOP Review,Medium
2026-07-01,CUST014,PRD0068,2,21674.52,Latest Estimate,Medium
2026-08-01,CUST014,PRD0068,0,0.0,Commercial Baseline,Low
2026-09-01,CUST014,PRD0068,0,0.0,Commercial Baseline,Low
2026-10-01,CUST014,PRD0068,1,10196.66,Latest Estimate,Medium
2026-11-01,CUST014,PRD0068,4,42342.4,Latest Estimate,Medium
2026-12-01,CUST014,PRD0068,2,21773.18,Latest Estimate,Medium
2025-07-01,CUST014,PRD0058,1,3102.58,Commercial Baseline,High
2025-08-01,CUST014,PRD0058,0,0.0,Commercial Baseline,Medium
2025-09-01,CUST014,PRD0058,3,9727.0,Commercial Baseline,Medium
2025-10-01,CUST014,PRD0058,0,0.0,Latest Estimate,Medium
2025-11-01,CUST014,PRD0058,1,3350.58,Commercial Baseline,Low
2025-12-01,CUST014,PRD0058,1,3406.71,SIOP Review,High
2026-01-01,CUST014,PRD0058,14,46227.54,Latest Estimate,Medium
2026-02-01,CUST014,PRD0058,7,21021.84,Latest Estimate,Low
2026-03-01,CUST014,PRD0058,0,0.0,Commercial Baseline,Medium
2026-04-01,CUST014,PRD0058,1,3111.63,Latest Estimate,Low
2026-05-01,CUST014,PRD0058,2,6463.06,Latest Estimate,High
2026-06-01,CUST014,PRD0058,0,0.0,SIOP Review,Medium
2026-07-01,CUST014,PRD0058,1,3029.4,Latest Estimate,High
2026-08-01,CUST014,PRD0058,1,3113.4,SIOP Review,Medium
2026-09-01,CUST014,PRD0058,1,3344.17,Commercial Baseline,High
2026-10-01,CUST014,PRD0058,12,39146.18,Latest Estimate,Medium
2026-11-01,CUST014,PRD0058,1,3019.26,Commercial Baseline,High
2026-12-01,CUST014,PRD0058,2,6417.98,Commercial Baseline,Low
2025-07-01,CUST014,PRD0114,4,10197.59,Commercial Baseline,Low
2025-08-01,CUST014,PRD0114,4,10502.94,SIOP Review,Low
2025-09-01,CUST014,PRD0114,5,13759.55,Latest Estimate,Low
2025-10-01,CUST014,PRD0114,6,16668.65,SIOP Review,Low
2025-11-01,CUST014,PRD0114,4,10185.79,Commercial Baseline,Low
2025-12-01,CUST014,PRD_X0013,3,7847.99,SIOP Review,Low
2026-01-01,CUST014,PRD0114,3,7857.84,Commercial Baseline,Medium
2026-02-01,CUST014,PRD0114,6,15230.59,Commercial Baseline,High
2026-03-01,CUST014,PRD0114,6,15864.74,SIOP Review,Medium
2026-04-01,CUST014,PRD0114,6,15035.44,SIOP Review,Medium
2026-05-01,CUST014,PRD0114,3,8305.8,Latest Estimate,Medium
2026-06-01,CUST014,PRD0114,4,10080.41,Latest Estimate,Medium
2026-07-01,CUST014,PRD0114,1,2604.15,Commercial Baseline,High
2026-08-01,CUST014,PRD0114,6,16399.03,Commercial Baseline,Medium
2026-09-01,CUST014,PRD0114,3,7419.45,Latest Estimate,Medium
2026-10-01,CUST014,PRD0114,18,45821.05,Latest Estimate,High
2026-11-01,CUST014,PRD0114,3,7887.12,Commercial Baseline,Medium
2026-12-01,CUST014,PRD0114,5,12900.89,Commercial Baseline,Low
2025-07-01,CUST014,PRD0023,1,4741.38,Commercial Baseline,High
2025-08-01,CUST014,PRD0023,3,13661.7,Latest Estimate,Medium
2025-09-01,CUST014,PRD0023,2,8927.16,Latest Estimate,Low
2025-10-01,CUST014,PRD0023,2,8745.09,Latest Estimate,Medium
2025-11-01,CUST014,PRD0023,3,12908.96,Commercial Baseline,Low
2025-12-01,CUST014,PRD0023,3,14508.22,Commercial Baseline,Medium
2026-01-01,CUST014,PRD0023,1,4691.13,SIOP Review,High
2026-02-01,CUST014,PRD0023,1,4665.37,Commercial Baseline,Low
2026-03-01,CUST014,PRD0023,2,9057.97,Latest Estimate,Low
2026-04-01,CUST014,PRD0023,17,73332.1,Commercial Baseline,Medium
2026-05-01,CUST014,PRD0023,1,4562.73,Latest Estimate,Medium
2026-06-01,CUST014,PRD0023,0,0.0,Commercial Baseline,Medium
2026-07-01,CUST014,PRD0023,1,4491.17,Commercial Baseline,High
2026-08-01,CUST014,PRD0023,2,9500.75,Latest Estimate,Low
2026-09-01,CUST014,PRD0023,4,17502.8,Latest Estimate,Medium
2026-10-01,CUST014,PRD0023,2,9412.34,Commercial Baseline,Low
2026-11-01,CUST014,PRD0023,1,4680.68,Latest Estimate,High
2026-12-01,CUST014,PRD0023,3,14337.92,Commercial Baseline,Medium
2025-07-01,CUST014,PRD0002,0,0.0,SIOP Review,High
2025-08-01,CUST014,PRD0002,1,21771.55,SIOP Review,Medium
2025-09-01,CUST014,PRD0002,5,111031.5,SIOP Review,High
2025-10-01,CUST014,PRD0002,3,63949.59,SIOP Review,Medium
2025-11-01,CUST014,PRD0002,2,44419.29,SIOP Review,Low
2025-12-01,CUST014,PRD0002,1,20669.08,Commercial Baseline,Low
2026-01-01,CUST014,PRD0002,1,21892.94,Latest Estimate,Medium
2026-02-01,CUST014,PRD0002,1,20336.27,Commercial Baseline,Medium
2026-03-01,CUST014,PRD0002,1,21089.73,SIOP Review,Medium
2026-04-01,CUST014,PRD0002,2,40169.23,SIOP Review,Medium
2026-05-01,CUST014,PRD0002,2,43897.62,Latest Estimate,Medium
2026-06-01,CUST014,PRD0002,1,21876.16,Commercial Baseline,Medium
2026-07-01,CUST014,PRD0002,3,66684.92,Commercial Baseline,Medium
2026-08-01,CUST014,PRD0002,2,44605.95,Latest Estimate,Medium
2026-09-01,CUST014,PRD0002,2,44738.74,Commercial Baseline,Low
2026-10-01,CUST014,PRD0002,18,365822.72,SIOP Review,Low
2026-11-01,CUST014,PRD0002,1,19800.6,Latest Estimate,Medium
2026-12-01,CUST014,PRD0002,14,306789.12,Latest Estimate,Medium
2025-07-01,CUST014,PRD0006,0,0.0,SIOP Review,Low
2025-08-01,CUST014,PRD0006,0,0.0,SIOP Review,High
2025-09-01,CUST014,PRD0006,3,30235.28,Commercial Baseline,High
2025-10-01,CUST014,PRD0006,1,10060.46,SIOP Review,High
2025-11-01,CUST014,PRD0006,0,0.0,SIOP Review,Medium
2025-12-01,CUST014,PRD0006,0,0.0,Latest Estimate,Medium
2026-01-01,CUST014,PRD0006,2,18850.12,Latest Estimate,High
2026-02-01,CUST014,PRD0006,0,0.0,Latest Estimate,Medium
2026-03-01,CUST014,PRD0006,0,0.0,Latest Estimate,Medium
2026-04-01,CUST014,PRD0006,1,9781.64,Commercial Baseline,High
2026-05-01,CUST014,PRD0006,1,10479.46,Commercial Baseline,Medium
2026-06-01,CUST014,PRD0006,0,0.0,Commercial Baseline,Low
2026-07-01,CUST014,PRD0006,2,20429.68,Commercial Baseline,Medium
2026-08-01,CUST014,PRD0006,2,19760.62,SIOP Review,High
2026-09-01,CUST014,PRD0006,1,9562.81,Commercial Baseline,Medium
2026-10-01,CUST014,PRD0006,0,0.0,Latest Estimate,Medium
2026-11-01,CUST014,PRD0006,1,9512.68,Commercial Baseline,Medium
2026-12-01,CUST014,PRD0006,0,0.0,SIOP Review,High
2025-07-01,CUST014,PRD0104,1,6419.28,SIOP Review,Medium
2025-08-01,CUST014,PRD0104,7,41405.41,Latest Estimate,Low
2025-09-01,CUST014,PRD0104,0,0.0,SIOP Review,Low
2025-10-01,CUST014,PRD0104,0,0.0,Latest Estimate,Low
2025-11-01,CUST014,PRD0104,0,0.0,Commercial Baseline,High
2025-12-01,CUST014,PRD0104,0,0.0,SIOP Review,Medium
2026-01-01,CUST014,PRD0104,0,0.0,Commercial Baseline,High
2026-02-01,CUST014,PRD0104,0,0.0,Commercial Baseline,Medium
2026-03-01,CUST014,PRD0104,0,0.0,Commercial Baseline,Medium
2026-04-01,CUST014,PRD0104,0,0.0,Commercial Baseline,Low
2026-05-01,CUST014,PRD0104,0,0.0,SIOP Review,Low
2026-06-01,CUST014,PRD0104,0,0.0,Commercial Baseline,Low
2026-07-01,CUST014,PRD0104,0,0.0,Latest Estimate,High
2026-08-01,CUST014,PRD0104,0,0.0,SIOP Review,High
2026-09-01,CUST014,PRD0104,0,0.0,SIOP Review,High
2026-10-01,CUST014,PRD0104,0,0.0,Commercial Baseline,High
2026-11-01,CUST014,PRD0104,0,0.0,SIOP Review,Low
2026-12-01,CUST014,PRD0104,8,51409.18,Commercial Baseline,Medium
2025-07-01,CUST014,PRD0027,12,84655.89,Commercial Baseline,High
2025-08-01,CUST014,PRD0027,10,71840.27,Latest Estimate,High
2025-09-01,CUST014,PRD0027,10,67161.85,Commercial Baseline,Medium
2025-10-01,CUST014,PRD0027,6,41316.98,Latest Estimate,Medium
2025-11-01,CUST014,PRD0027,9,57767.41,SIOP Review,Medium
2025-12-01,CUST014,PRD0027,19,129507.4,Latest Estimate,Low
2026-01-01,CUST014,PRD0027,9,60037.77,SIOP Review,Medium
2026-02-01,CUST014,PRD0027,10,64310.95,SIOP Review,High
2026-03-01,CUST014,PRD0027,3,20407.35,Latest Estimate,Medium
2026-04-01,CUST014,PRD0027,10,71418.86,SIOP Review,Low
2026-05-01,CUST014,PRD0027,9,61059.89,Commercial Baseline,Low
2026-06-01,CUST014,PRD0027,7,49852.14,Latest Estimate,Medium
2026-07-01,CUST014,PRD0027,5,32387.08,SIOP Review,Low
2026-08-01,CUST014,PRD0027,9,62831.11,Latest Estimate,High
2026-09-01,CUST014,PRD0027,10,69770.67,Latest Estimate,Medium
2026-10-01,CUST014,PRD0027,10,66157.87,Latest Estimate,Medium
2026-11-01,CUST014,PRD0027,9,58726.98,SIOP Review,High
2026-12-01,CUST014,PRD0027,11,75815.94,Commercial Baseline,Medium
2025-07-01,CUST014,PRD0014,2,83678.79,Latest Estimate,High
2025-08-01,CUST014,PRD0014,0,0.0,Commercial Baseline,Low
2025-09-01,CUST014,PRD0014,2,89349.06,SIOP Review,Medium
2025-10-01,CUST014,PRD0014,3,123384.76,SIOP Review,Low
2025-11-01,CUST014,PRD0014,1,45295.66,SIOP Review,High
2025-12-01,CUST014,PRD0014,0,0.0,Latest Estimate,Medium
2026-01-01,CUST014,PRD0014,1,42347.27,Commercial Baseline,Medium
2026-02-01,CUST014,PRD0014,6,259218.28,SIOP Review,Low
2026-03-01,CUST014,PRD0014,2,83468.19,SIOP Review,Medium
2026-04-01,CUST014,PRD0014,1,46518.91,SIOP Review,High
2026-05-01,CUST014,PRD0014,12,545494.19,Commercial Baseline,High
2026-06-01,CUST014,PRD0014,2,82497.8,SIOP Review,Medium
2026-07-01,CUST014,PRD0014,3,122765.7,Commercial Baseline,High
2026-08-01,CUST014,PRD0014,0,0.0,Commercial Baseline,High
2026-09-01,CUST014,PRD0014,2,85658.1,Latest Estimate,Medium
2026-10-01,CUST014,PRD0014,3,139096.13,Latest Estimate,High
2026-11-01,CUST014,PRD0014,2,92081.22,Latest Estimate,Medium
2026-12-01,CUST014,PRD0014,2,82464.32,Latest Estimate,Medium
2025-07-01,CUST014,PRD0044,4,137575.18,Latest Estimate,High
2025-08-01,CUST014,PRD0044,2,63007.38,Commercial Baseline,Medium
2025-09-01,CUST014,PRD0044,5,157271.57,SIOP Review,High
2025-10-01,CUST014,PRD0044,3,103497.57,SIOP Review,High
2025-11-01,CUST014,PRD0044,4,133706.78,SIOP Review,Medium
2025-12-01,CUST014,PRD0044,3,94094.92,Latest Estimate,High
2026-01-01,CUST014,PRD0044,3,104967.78,Latest Estimate,Medium
2026-02-01,CUST014,PRD0044,1,31340.38,SIOP Review,High
2026-03-01,CUST014,PRD0044,6,203987.02,Latest Estimate,Medium
2026-04-01,CUST014,PRD0044,4,134749.63,Commercial Baseline,High
2026-05-01,CUST014,PRD0044,2,63071.52,SIOP Review,Medium
2026-06-01,CUST014,PRD0044,6,195211.57,SIOP Review,Low
2026-07-01,CUST014,PRD0044,3,99378.02,Commercial Baseline,Medium
2026-08-01,CUST014,PRD0044,3,95785.75,Latest Estimate,Medium
2026-09-01,CUST014,PRD0044,6,203792.56,SIOP Review,High
2026-10-01,CUST014,PRD0044,4,129068.01,SIOP Review,Low
2026-11-01,CUST014,PRD0044,5,157750.89,SIOP Review,Low
2026-12-01,CUST014,PRD0044,2,68682.97,SIOP Review,Medium
2025-07-01,CUST014,PRD0103,7,55443.91,Commercial Baseline,Low
2025-08-01,CUST014,PRD0103,11,82285.93,Latest Estimate,High
2025-09-01,CUST014,PRD0103,6,49524.91,Commercial Baseline,Medium
2025-10-01,CUST014,PRD0103,11,85082.15,SIOP Review,Low
2025-11-01,CUST014,PRD0103,8,64547.25,Latest Estimate,High
2025-12-01,CUST014,PRD0103,7,55461.35,Commercial Baseline,Low
2026-01-01,CUST014,PRD0103,9,69015.03,Latest Estimate,Medium
2026-02-01,CUST014,PRD0103,14,111505.44,Latest Estimate,High
2026-03-01,CUST014,PRD0103,22,180199.16,Latest Estimate,Low
2026-04-01,CUST014,PRD0103,13,106556.53,Commercial Baseline,Medium
2026-05-01,CUST014,PRD0103,7,52412.25,SIOP Review,Medium
2026-06-01,CUST014,PRD0103,14,111774.68,SIOP Review,Low
2026-07-01,CUST014,PRD0103,11,81790.38,Latest Estimate,Low
2026-08-01,CUST014,PRD0103,13,106075.2,SIOP Review,High
2026-09-01,CUST014,PRD0103,28,203252.91,Commercial Baseline,Medium
2026-10-01,CUST014,PRD0103,4,29299.73,Commercial Baseline,Low
2026-11-01,CUST014,PRD0103,9,66708.73,SIOP Review,Low
2026-12-01,CUST014,PRD0103,9,68354.04,SIOP Review,Medium
2025-07-01,CUST014,PRD0039,12,123816.07,SIOP Review,Low
2025-08-01,CUST014,PRD0039,7,74420.02,SIOP Review,Medium
2025-09-01,CUST014,PRD0039,12,134734.14,Latest Estimate,Low
2025-10-01,CUST014,PRD0039,7,79898.01,Commercial Baseline,Medium
2025-11-01,CUST014,PRD0039,11,112505.84,Latest Estimate,Low
2025-12-01,CUST014,PRD0039,6,67453.02,SIOP Review,Medium
2026-01-01,CUST014,PRD0039,7,79944.57,SIOP Review,Medium
2026-02-01,CUST014,PRD0039,5,54917.94,Commercial Baseline,Medium
2026-03-01,CUST014,PRD0039,10,109465.2,Commercial Baseline,High
2026-04-01,CUST014,PRD0039,10,102355.97,Latest Estimate,Medium
2026-05-01,CUST014,PRD0039,3,34787.34,Latest Estimate,High
2026-06-01,CUST014,PRD0039,12,136058.27,Commercial Baseline,High
2026-07-01,CUST014,PRD0039,5,56794.23,SIOP Review,High
2026-08-01,CUST014,PRD0039,12,134198.25,SIOP Review,Medium
2026-09-01,CUST014,PRD0039,13,133051.09,Latest Estimate,Low
2026-10-01,CUST014,PRD0039,6,64765.23,Latest Estimate,High
2026-11-01,CUST014,PRD0039,9,95873.95,Latest Estimate,High
2026-12-01,CUST014,PRD0039,11,118048.56,SIOP Review,Low
2025-07-01,CUST014,PRD0001,0,0.0,Latest Estimate,Medium
2025-08-01,CUST014,PRD0001,0,0.0,Commercial Baseline,High
2025-09-01,CUST014,PRD0001,2,74574.2,Latest Estimate,High
2025-10-01,CUST014,PRD0001,0,0.0,SIOP Review,Low
2025-11-01,CUST014,PRD0001,0,0.0,Latest Estimate,Medium
2025-12-01,CUST014,PRD0001,1,38568.68,SIOP Review,Medium
2026-01-01,CUST014,PRD0001,1,37424.61,SIOP Review,Medium
2026-02-01,CUST014,PRD0001,0,0.0,Latest Estimate,Low
2026-03-01,CUST014,PRD0001,0,0.0,Commercial Baseline,Medium
2026-04-01,CUST014,PRD0001,0,0.0,Commercial Baseline,Medium
2026-05-01,CUST014,PRD0001,0,0.0,SIOP Review,Medium
2026-06-01,CUST014,PRD0001,1,38859.24,Commercial Baseline,Low
2026-07-01,CUST014,PRD0001,0,0.0,Commercial Baseline,Medium
2026-08-01,CUST014,PRD0001,0,0.0,Commercial Baseline,Medium
2026-09-01,CUST014,PRD0001,0,0.0,SIOP Review,High
2026-10-01,CUST014,PRD0001,1,39298.31,SIOP Review,Low
2026-11-01,CUST014,PRD0001,0,0.0,Commercial Baseline,Low
2026-12-01,CUST014,PRD0001,0,0.0,Latest Estimate,High
2025-07-01,CUST014,PRD0010,9,69557.37,Commercial Baseline,Medium
2025-08-01,CUST014,PRD0010,10,78411.15,Commercial Baseline,Medium
2025-09-01,CUST014,PRD0010,10,78319.23,Commercial Baseline,Low
2025-10-01,CUST014,PRD0010,27,216678.06,SIOP Review,High
2025-11-01,CUST014,PRD0010,8,60907.8,Commercial Baseline,Medium
2025-12-01,CUST014,PRD0010,7,58699.88,Commercial Baseline,High
2026-01-01,CUST014,PRD0010,7,54557.86,Latest Estimate,Medium
2026-02-01,CUST014,PRD0010,10,80218.52,Latest Estimate,Medium
2026-03-01,CUST014,PRD0010,5,39897.19,Latest Estimate,Medium
2026-04-01,CUST014,PRD0010,9,72666.4,Commercial Baseline,Medium
2026-05-01,CUST014,PRD0010,9,72440.65,SIOP Review,Low
2026-06-01,CUST014,PRD0010,10,82468.23,Commercial Baseline,Medium
2026-07-01,CUST014,PRD0010,8,65226.52,SIOP Review,High
2026-08-01,CUST014,PRD0010,7,53647.48,Commercial Baseline,High
2026-09-01,CUST014,PRD0010,12,92746.61,Commercial Baseline,Medium
2026-10-01,CUST014,PRD0010,21,172434.61,Commercial Baseline,Medium
2026-11-01,CUST014,PRD0010,7,55072.94,SIOP Review,Medium
2026-12-01,CUST014,PRD0010,12,93858.87,SIOP Review,Medium
2025-07-01,CUST014,PRD0063,0,0.0,Commercial Baseline,Medium
2025-08-01,CUST014,PRD0063,0,0.0,Latest Estimate,Medium
2025-09-01,CUST014,PRD0063,1,6211.44,Latest Estimate,High
2025-10-01,CUST014,PRD0063,8,52610.06,Latest Estimate,Medium
2025-11-01,CUST014,PRD0063,8,51068.87,Latest Estimate,High
2025-12-01,CUST014,PRD0063,1,6293.76,SIOP Review,Medium
2026-01-01,CUST014,PRD0063,0,0.0,SIOP Review,Medium
2026-02-01,CUST014,PRD0063,1,6235.56,SIOP Review,Medium
2026-03-01,CUST014,PRD0063,11,66828.48,Commercial Baseline,Medium
2026-04-01,CUST014,PRD0063,1,6038.33,SIOP Review,Low
2026-05-01,CUST014,PRD0063,0,0.0,Latest Estimate,Low
2026-06-01,CUST014,PRD0063,1,5976.06,Commercial Baseline,Low
2026-07-01,CUST014,PRD0063,7,43806.83,SIOP Review,Low
2026-08-01,CUST014,PRD0063,2,12444.69,Commercial Baseline,Medium
2026-09-01,CUST014,PRD0063,0,0.0,Latest Estimate,Medium
2026-10-01,CUST014,PRD0063,2,11750.86,SIOP Review,Medium
2026-11-01,CUST014,PRD0063,1,6182.82,Latest Estimate,High
2026-12-01,CUST014,PRD0063,1,6022.57,Commercial Baseline,Medium
2025-07-01,CUST014,PRD0100,4,10683.13,Commercial Baseline,High
2025-08-01,CUST014,PRD0100,4,9972.24,SIOP Review,Low
2025-09-01,CUST014,PRD0100,7,17379.38,Latest Estimate,Medium
2025-10-01,CUST014,PRD0100,3,7981.11,SIOP Review,Low
2025-11-01,CUST014,PRD0100,4,10851.38,Latest Estimate,Medium
2025-12-01,CUST014,PRD0100,4,11117.19,SIOP Review,Medium
2026-01-01,CUST014,PRD0100,12,32525.63,Commercial Baseline,Low
2026-02-01,CUST014,PRD0100,4,10819.34,Commercial Baseline,Medium
2026-03-01,CUST014,PRD0100,4,10149.72,Commercial Baseline,High
2026-04-01,CUST014,PRD0100,3,8076.66,Latest Estimate,Medium
2026-05-01,CUST014,PRD0100,6,16036.77,Commercial Baseline,Medium
2026-06-01,CUST014,PRD0100,1,2698.93,Latest Estimate,Medium
2026-07-01,CUST014,PRD_X0022,5,12917.3,Latest Estimate,High
2026-08-01,CUST014,PRD0100,6,15452.76,Commercial Baseline,Medium
2026-09-01,CUST014,PRD0100,12,31950.93,Commercial Baseline,Medium
2026-10-01,CUST014,PRD0100,3,7792.02,SIOP Review,High
2026-11-01,CUST014,PRD0100,4,10587.97,SIOP Review,Medium
2026-12-01,CUST014,PRD0100,4,10583.73,Latest Estimate,Low
2025-07-01,CUST014,PRD0048,2,12620.5,SIOP Review,Medium
2025-08-01,CUST014,PRD0048,6,39638.93,SIOP Review,Medium
2025-09-01,CUST014,PRD0048,13,80236.04,Commercial Baseline,Medium
2025-10-01,CUST014,PRD0048,17,115026.21,Commercial Baseline,Medium
2025-11-01,CUST014,PRD0048,9,55546.3,SIOP Review,Low
2025-12-01,CUST014,PRD0048,2,13704.27,Latest Estimate,High
2026-01-01,CUST014,PRD0048,7,47278.32,SIOP Review,Medium
2026-02-01,CUST014,PRD0048,11,67845.24,Commercial Baseline,Medium
2026-03-01,CUST014,PRD0048,13,88072.23,Commercial Baseline,Low
2026-04-01,CUST014,PRD0048,7,44516.71,Commercial Baseline,Low
2026-05-01,CUST014,PRD0048,11,74396.69,Latest Estimate,High
2026-06-01,CUST014,PRD0048,15,95780.09,Latest Estimate,Medium
2026-07-01,CUST014,PRD0048,15,101540.96,Commercial Baseline,Low
2026-08-01,CUST014,PRD0048,11,70465.35,SIOP Review,Medium
2026-09-01,CUST014,PRD0048,7,43821.54,Commercial Baseline,High
2026-10-01,CUST014,PRD0048,11,75091.86,Commercial Baseline,Medium
2026-11-01,CUST014,PRD0048,18,121314.37,Latest Estimate,Medium
2026-12-01,CUST014,PRD0048,6,39960.31,SIOP Review,Medium
2025-07-01,CUST015,PRD0091,1,791.34,Latest Estimate,Medium
2025-08-01,CUST015,PRD0091,1,809.75,SIOP Review,High
2025-09-01,CUST015,PRD0091,0,0.0,SIOP Review,Medium
2025-10-01,CUST015,PRD0091,1,853.66,Latest Estimate,High
2025-11-01,CUST015,PRD0091,0,0.0,Latest Estimate,Medium
2025-12-01,CUST015,PRD0091,1,843.78,SIOP Review,Medium
2026-01-01,CUST015,PRD0091,0,0.0,Latest Estimate,Medium
2026-02-01,CUST015,PRD0091,0,0.0,Commercial Baseline,Low
2026-03-01,CUST015,PRD0091,2,1545.66,Commercial Baseline,Medium
2026-04-01,CUST015,PRD0091,4,3144.65,Latest Estimate,High
2026-05-01,CUST015,PRD0091,3,2287.76,Commercial Baseline,High
2026-06-01,CUST015,PRD0091,0,0.0,Commercial Baseline,High
2026-07-01,CUST015,PRD0091,0,0.0,SIOP Review,High
2026-08-01,CUST015,PRD0091,1,788.43,Latest Estimate,Medium
2026-09-01,CUST015,PRD0091,2,1674.99,Commercial Baseline,Low
2026-10-01,CUST015,PRD0091,2,1555.68,Commercial Baseline,High
2026-11-01,CUST015,PRD0091,0,0.0,Commercial Baseline,High
2026-12-01,CUST015,PRD0091,0,0.0,SIOP Review,Medium
2025-07-01,CUST015,PRD0028,4,33265.01,SIOP Review,Medium
2025-08-01,CUST015,PRD0028,3,23970.85,Commercial Baseline,Medium
2025-09-01,CUST015,PRD0028,6,51793.42,Latest Estimate,High
2025-10-01,CUST015,PRD0028,5,38509.47,Commercial Baseline,High
2025-11-01,CUST015,PRD0028,5,43368.46,Commercial Baseline,Medium
2025-12-01,CUST015,PRD0028,3,23307.16,Latest Estimate,Medium
2026-01-01,CUST015,PRD0028,5,40395.47,Commercial Baseline,Medium
2026-02-01,CUST015,PRD0028,2,16627.32,Latest Estimate,Medium
2026-03-01,CUST015,PRD0028,2,15874.74,Latest Estimate,High
2026-04-01,CUST015,PRD0028,17,142437.54,Latest Estimate,Medium
2026-05-01,CUST015,PRD0028,4,33360.71,SIOP Review,Medium
2026-06-01,CUST015,PRD0028,9,75434.37,SIOP Review,High
2026-07-01,CUST015,PRD0028,4,32798.25,Latest Estimate,High
2026-08-01,CUST015,PRD0028,3,24997.53,SIOP Review,Low
2026-09-01,CUST015,PRD0028,5,42965.54,SIOP Review,Medium
2026-10-01,CUST015,PRD0028,4,32503.62,Commercial Baseline,Low
2026-11-01,CUST015,PRD0028,2,16848.27,Latest Estimate,Medium
2026-12-01,CUST015,PRD0028,4,32202.47,SIOP Review,Low
2025-07-01,CUST015,PRD0003,1,10714.84,Commercial Baseline,High
2025-08-01,CUST015,PRD0003,0,0.0,Latest Estimate,Low
2025-09-01,CUST015,PRD0003,0,0.0,Latest Estimate,Medium
2025-10-01,CUST015,PRD0003,0,0.0,SIOP Review,Medium
2025-11-01,CUST015,PRD0003,0,0.0,Commercial Baseline,Medium
2025-12-01,CUST015,PRD0003,0,0.0,Commercial Baseline,Medium
2026-01-01,CUST015,PRD0003,0,0.0,Commercial Baseline,Low
2026-02-01,CUST015,PRD0003,12,118567.69,Latest Estimate,Medium
2026-03-01,CUST015,PRD0003,0,0.0,SIOP Review,Low
2026-04-01,CUST015,PRD_X0006,0,0.0,Commercial Baseline,Medium
2026-05-01,CUST015,PRD0003,0,0.0,Commercial Baseline,Low
2026-06-01,CUST015,PRD0003,0,0.0,Commercial Baseline,Low
2026-07-01,CUST015,PRD0003,2,21741.51,Latest Estimate,Medium
2026-08-01,CUST015,PRD0003,0,0.0,Latest Estimate,Medium
2026-09-01,CUST015,PRD0003,8,78109.37,Latest Estimate,Medium
2026-10-01,CUST015,PRD0003,0,0.0,Latest Estimate,High
2026-11-01,CUST015,PRD0003,0,0.0,SIOP Review,Low
2026-12-01,CUST015,PRD0003,0,0.0,Latest Estimate,High
2025-07-01,CUST015,PRD0063,9,54200.66,Commercial Baseline,High
2025-08-01,CUST015,PRD0063,8,52351.85,Commercial Baseline,Medium
2025-09-01,CUST015,PRD0063,10,65990.51,Commercial Baseline,Low
2025-10-01,CUST015,PRD0063,7,41197.22,Commercial Baseline,Low
2025-11-01,CUST015,PRD0063,3,19583.08,SIOP Review,Low
2025-12-01,CUST015,PRD0063,18,118044.17,Commercial Baseline,High
2026-01-01,CUST015,PRD0063,13,85078.01,Latest Estimate,Medium
2026-02-01,CUST015,PRD0063,7,42330.16,SIOP Review,Medium
2026-03-01,CUST015,PRD0063,13,83404.1,Commercial Baseline,High
2026-04-01,CUST015,PRD0063,13,81781.73,SIOP Review,Medium
2026-05-01,CUST015,PRD0063,11,68823.78,SIOP Review,High
2026-06-01,CUST015,PRD0063,4,26193.52,SIOP Review,High
2026-07-01,CUST015,PRD0063,13,80629.81,SIOP Review,Low
2026-08-01,CUST015,PRD0063,14,82883.35,Commercial Baseline,Low
2026-09-01,CUST015,PRD0063,15,98482.18,Commercial Baseline,Low
2026-10-01,CUST015,PRD0063,10,61867.92,SIOP Review,Medium
2026-11-01,CUST015,PRD0063,22,139405.14,Commercial Baseline,Medium
2026-12-01,CUST015,PRD0063,13,78978.9,Commercial Baseline,High
2025-07-01,CUST015,PRD0057,1,10544.98,SIOP Review,Low
2025-08-01,CUST015,PRD0057,0,0.0,Latest Estimate,High
2025-09-01,CUST015,PRD0057,0,0.0,Latest Estimate,Medium
2025-10-01,CUST015,PRD0057,0,0.0,Commercial Baseline,High
2025-11-01,CUST015,PRD0057,15,165019.76,SIOP Review,Medium
2025-12-01,CUST015,PRD0057,0,0.0,SIOP Review,Low
2026-01-01,CUST015,PRD0057,0,0.0,Latest Estimate,Low
2026-02-01,CUST015,PRD0057,1,10364.81,SIOP Review,Medium
2026-03-01,CUST015,PRD0057,2,21096.45,Commercial Baseline,High
2026-04-01,CUST015,PRD0057,1,10211.74,Commercial Baseline,High
2026-05-01,CUST015,PRD0057,2,21264.29,Commercial Baseline,Low
2026-06-01,CUST015,PRD0057,1,10451.0,Commercial Baseline,Medium
2026-07-01,CUST015,PRD0057,0,0.0,SIOP Review,Low
2026-08-01,CUST015,PRD0057,8,89799.49,SIOP Review,High
2026-09-01,CUST015,PRD0057,1,10861.04,Latest Estimate,Low
2026-10-01,CUST015,PRD0057,2,22011.46,Commercial Baseline,Low
2026-11-01,CUST015,PRD0057,0,0.0,SIOP Review,Medium
2026-12-01,CUST015,PRD0057,1,10821.28,Latest Estimate,Low
2025-07-01,CUST015,PRD0085,8,67973.31,SIOP Review,Low
2025-08-01,CUST015,PRD0085,12,106552.65,Latest Estimate,High
2025-09-01,CUST015,PRD0085,12,111746.32,Latest Estimate,High
2025-10-01,CUST015,PRD0085,14,130874.95,Latest Estimate,Low
2025-11-01,CUST015,PRD0085,8,67209.88,Latest Estimate,Medium
2025-12-01,CUST015,PRD0085,13,119017.46,Commercial Baseline,High
2026-01-01,CUST015,PRD0085,10,89036.8,Commercial Baseline,Medium
2026-02-01,CUST015,PRD0085,12,104326.36,Commercial Baseline,Medium
2026-03-01,CUST015,PRD0085,14,119395.18,Commercial Baseline,High
2026-04-01,CUST015,PRD0085,15,129600.33,Latest Estimate,Medium
2026-05-01,CUST015,PRD0085,9,77303.61,Latest Estimate,High
2026-06-01,CUST015,PRD0085,13,122588.79,Commercial Baseline,Low
2026-07-01,CUST015,PRD0085,12,111723.34,Latest Estimate,Low
2026-08-01,CUST015,PRD0085,15,139592.6,Latest Estimate,Medium
2026-09-01,CUST015,PRD0085,17,158579.85,SIOP Review,Medium
2026-10-01,CUST015,PRD0085,9,75805.94,Latest Estimate,Medium
2026-11-01,CUST015,PRD0085,6,54744.06,Latest Estimate,High
2026-12-01,CUST015,PRD0085,6,52782.41,Latest Estimate,High
2025-07-01,CUST015,PRD0089,0,0.0,Commercial Baseline,Medium
2025-08-01,CUST015,PRD0089,0,0.0,Commercial Baseline,Medium
2025-09-01,CUST015,PRD0089,0,0.0,Commercial Baseline,Low
2025-10-01,CUST015,PRD0089,0,0.0,SIOP Review,Low
2025-11-01,CUST015,PRD0089,0,0.0,Commercial Baseline,Medium
2025-12-01,CUST015,PRD0089,13,121745.36,SIOP Review,High
2026-01-01,CUST015,PRD0089,0,0.0,Latest Estimate,Medium
2026-02-01,CUST015,PRD0089,0,0.0,SIOP Review,Medium
2026-03-01,CUST015,PRD0089,0,0.0,Latest Estimate,Low
2026-04-01,CUST015,PRD0089,0,0.0,SIOP Review,High
2026-05-01,CUST015,PRD0089,1,9775.41,Commercial Baseline,High
2026-06-01,CUST015,PRD0089,2,19928.23,SIOP Review,High
2026-07-01,CUST015,PRD0089,1,9725.95,SIOP Review,High
2026-08-01,CUST015,PRD0089,0,0.0,Commercial Baseline,High
2026-09-01,CUST015,PRD0089,0,0.0,SIOP Review,Medium
2026-10-01,CUST015,PRD0089,1,9236.94,Latest Estimate,High
2026-11-01,CUST015,PRD0089,2,19209.98,Commercial Baseline,Low
2026-12-01,CUST015,PRD0089,0,0.0,Commercial Baseline,Low
2025-07-01,CUST015,PRD0112,1,23117.29,Commercial Baseline,Medium
2025-08-01,CUST015,PRD0112,11,231158.73,Latest Estimate,Medium
2025-09-01,CUST015,PRD0112,1,22893.86,SIOP Review,Medium
2025-10-01,CUST015,PRD0112,2,42116.71,SIOP Review,Medium
2025-11-01,CUST015,PRD0112,1,22027.06,Commercial Baseline,Medium
2025-12-01,CUST015,PRD0112,2,44000.54,Commercial Baseline,Low
2026-01-01,CUST015,PRD0112,1,21834.87,Commercial Baseline,Low
2026-02-01,CUST015,PRD0112,1,21935.79,Latest Estimate,Medium
2026-03-01,CUST015,PRD0112,1,23098.29,SIOP Review,Medium
2026-04-01,CUST015,PRD0112,2,44472.34,SIOP Review,Low
2026-05-01,CUST015,PRD0112,10,226083.78,SIOP Review,Low
2026-06-01,CUST015,PRD0112,2,44045.68,Latest Estimate,High
2026-07-01,CUST015,PRD0112,2,46376.66,Commercial Baseline,Medium
2026-08-01,CUST015,PRD0112,1,22006.65,SIOP Review,Medium
2026-09-01,CUST015,PRD0112,3,66191.03,SIOP Review,Low
2026-10-01,CUST015,PRD0112,3,69588.0,Commercial Baseline,Medium
2026-11-01,CUST015,PRD0112,1,22896.86,Latest Estimate,Medium
2026-12-01,CUST015,PRD0112,2,44047.32,Latest Estimate,Medium
2025-07-01,CUST015,PRD0114,2,5267.24,Latest Estimate,Medium
2025-08-01,CUST015,PRD0114,1,2646.59,SIOP Review,Medium
2025-09-01,CUST015,PRD0114,1,2648.86,Latest Estimate,Medium
2025-10-01,CUST015,PRD0114,1,2639.51,SIOP Review,Low
2025-11-01,CUST015,PRD0114,11,28681.67,SIOP Review,High
2025-12-01,CUST015,PRD0114,3,8271.46,Commercial Baseline,High
2026-01-01,CUST015,PRD0114,2,5133.98,Commercial Baseline,Medium
2026-02-01,CUST015,PRD0114,2,5261.87,SIOP Review,Medium
2026-03-01,CUST015,PRD0114,1,2785.11,Latest Estimate,Low
2026-04-01,CUST015,PRD0114,2,5359.38,Latest Estimate,Medium
2026-05-01,CUST015,PRD0114,1,2622.84,Latest Estimate,Medium
2026-06-01,CUST015,PRD0114,2,5572.21,SIOP Review,Low
2026-07-01,CUST015,PRD0114,3,7866.82,Commercial Baseline,Medium
2026-08-01,CUST015,PRD0114,3,8003.69,Commercial Baseline,High
2026-09-01,CUST015,PRD0114,1,2622.8,Latest Estimate,High
2026-10-01,CUST015,PRD0114,1,2473.19,Commercial Baseline,Medium
2026-11-01,CUST015,PRD0114,1,2611.42,Commercial Baseline,Medium
2026-12-01,CUST015,PRD0114,2,5290.41,Commercial Baseline,Low
2025-07-01,CUST015,PRD0008,2,12010.85,Latest Estimate,High
2025-08-01,CUST015,PRD0008,2,12141.09,Commercial Baseline,High
2025-09-01,CUST015,PRD0008,2,11696.82,SIOP Review,Low
2025-10-01,CUST015,PRD0008,2,11645.61,SIOP Review,Medium
2025-11-01,CUST015,PRD0008,2,11283.27,Latest Estimate,Medium
2025-12-01,CUST015,PRD0008,1,5983.36,Latest Estimate,High
2026-01-01,CUST015,PRD0008,0,0.0,SIOP Review,Medium
2026-02-01,CUST015,PRD0008,1,5617.99,SIOP Review,Medium
2026-03-01,CUST015,PRD0008,1,6060.03,Latest Estimate,Medium
2026-04-01,CUST015,PRD0008,17,92399.8,Commercial Baseline,High
2026-05-01,CUST015,PRD0008,1,5560.27,SIOP Review,High
2026-06-01,CUST015,PRD0008,0,0.0,Latest Estimate,Low
2026-07-01,CUST015,PRD0008,3,17182.2,SIOP Review,Medium
2026-08-01,CUST015,PRD0008,0,0.0,Latest Estimate,High
2026-09-01,CUST015,PRD0008,3,16333.32,Latest Estimate,Low
2026-10-01,CUST015,PRD0008,3,18188.45,SIOP Review,Low
2026-11-01,CUST015,PRD0008,1,5747.71,Latest Estimate,Medium
2026-12-01,CUST015,PRD0008,3,18210.33,Commercial Baseline,High
2025-07-01,CUST015,PRD0079,2,18239.61,Latest Estimate,Medium
2025-08-01,CUST015,PRD0079,0,0.0,SIOP Review,Low
2025-09-01,CUST015,PRD0079,2,20556.46,Commercial Baseline,Medium
2025-10-01,CUST015,PRD0079,1,10225.32,Latest Estimate,Medium
2025-11-01,CUST015,PRD0079,0,0.0,Commercial Baseline,Medium
2025-12-01,CUST015,PRD0079,1,10039.24,Commercial Baseline,Medium
2026-01-01,CUST015,PRD0079,13,127101.39,SIOP Review,Medium
2026-02-01,CUST015,PRD0079,0,0.0,Commercial Baseline,Medium
2026-03-01,CUST015,PRD0079,0,0.0,SIOP Review,Medium
2026-04-01,CUST015,PRD0079,1,9470.12,Commercial Baseline,High
2026-05-01,CUST015,PRD0079,15,153499.42,Commercial Baseline,Low
2026-06-01,CUST015,PRD0079,2,19969.5,SIOP Review,Medium
2026-07-01,CUST015,PRD0079,1,9067.95,SIOP Review,Medium
2026-08-01,CUST015,PRD0079,1,9391.32,Commercial Baseline,Medium
2026-09-01,CUST015,PRD0079,2,19344.08,SIOP Review,Low
2026-10-01,CUST015,PRD0079,3,27881.24,SIOP Review,Medium
2026-11-01,CUST015,PRD0079,0,0.0,Commercial Baseline,Low
2026-12-01,CUST015,PRD0079,1,10168.8,Latest Estimate,High
2025-07-01,CUST015,PRD0039,5,53666.02,SIOP Review,Medium
2025-08-01,CUST015,PRD0039,6,63744.32,Commercial Baseline,Low
2025-09-01,CUST015,PRD0039,5,51899.41,Latest Estimate,High
2025-10-01,CUST015,PRD0039,5,53370.03,Latest Estimate,Medium
2025-11-01,CUST015,PRD0039,2,22981.79,SIOP Review,High
2025-12-01,CUST015,PRD0039,2,21857.97,Latest Estimate,Medium
2026-01-01,CUST015,PRD0039,2,21089.87,Commercial Baseline,Medium
2026-02-01,CUST015,PRD0039,4,43708.81,SIOP Review,Medium
2026-03-01,CUST015,PRD0039,18,192404.77,Commercial Baseline,High
2026-04-01,CUST015,PRD0039,6,63499.73,SIOP Review,Low
2026-05-01,CUST015,PRD0039,4,44351.43,Latest Estimate,Low
2026-06-01,CUST015,PRD0039,4,41841.54,SIOP Review,Medium
2026-07-01,CUST015,PRD0039,3,32345.12,Commercial Baseline,Low
2026-08-01,CUST015,PRD0039,1,10215.34,Latest Estimate,Low
2026-09-01,CUST015,PRD0039,6,67119.01,SIOP Review,Low
2026-10-01,CUST015,PRD0039,4,43273.28,SIOP Review,Medium
2026-11-01,CUST015,PRD0039,2,21965.29,Latest Estimate,Medium
2026-12-01,CUST015,PRD0039,7,73281.33,SIOP Review,Medium
2025-07-01,CUST015,PRD0119,8,6259.09,Commercial Baseline,Medium
2025-08-01,CUST015,PRD0119,0,0.0,SIOP Review,Low
2025-09-01,CUST015,PRD0119,1,808.4,Latest Estimate,High
2025-10-01,CUST015,PRD0119,0,0.0,Commercial Baseline,Medium
2025-11-01,CUST015,PRD0119,1,806.09,SIOP Review,Medium
2025-12-01,CUST015,PRD0119,1,815.42,SIOP Review,High
2026-01-01,CUST015,PRD0119,1,809.47,Latest Estimate,Low
2026-02-01,CUST015,PRD0119,0,0.0,SIOP Review,Medium
2026-03-01,CUST015,PRD0119,0,0.0,SIOP Review,High
2026-04-01,CUST015,PRD0119,0,0.0,Latest Estimate,Medium
2026-05-01,CUST015,PRD0119,0,0.0,Commercial Baseline,Medium
2026-06-01,CUST015,PRD0119,1,808.67,SIOP Review,Medium
2026-07-01,CUST015,PRD0119,1,783.74,Latest Estimate,Low
2026-08-01,CUST015,PRD0119,0,0.0,Commercial Baseline,Medium
2026-09-01,CUST015,PRD0119,1,772.0,Latest Estimate,Low
2026-10-01,CUST015,PRD0119,1,741.94,Latest Estimate,Medium
2026-11-01,CUST015,PRD0119,0,0.0,Commercial Baseline,Medium
2026-12-01,CUST015,PRD0119,0,0.0,Commercial Baseline,Low
2025-07-01,CUST015,PRD0104,4,22843.62,Latest Estimate,Medium
2025-08-01,CUST015,PRD0104,5,28529.46,SIOP Review,High
2025-09-01,CUST015,PRD0104,3,19187.7,Commercial Baseline,High
2025-10-01,CUST015,PRD0104,5,30972.12,SIOP Review,Medium
2025-11-01,CUST015,PRD0104,6,36225.73,SIOP Review,High
2025-12-01,CUST015,PRD0104,2,11642.05,Latest Estimate,Low
2026-01-01,CUST015,PRD0104,4,24003.72,Commercial Baseline,High
2026-02-01,CUST015,PRD0104,2,11841.19,Commercial Baseline,Medium
2026-03-01,CUST015,PRD0104,4,24445.51,Latest Estimate,Low
2026-04-01,CUST015,PRD0104,4,23009.09,Commercial Baseline,Low
2026-05-01,CUST015,PRD0104,4,23162.41,SIOP Review,Medium
2026-06-01,CUST015,PRD0104,3,18240.39,Commercial Baseline,Low
2026-07-01,CUST015,PRD0104,11,64467.18,SIOP Review,Medium
2026-08-01,CUST015,PRD0104,4,23655.91,Commercial Baseline,Low
2026-09-01,CUST015,PRD0104,3,18612.07,Commercial Baseline,Medium
2026-10-01,CUST015,PRD0104,6,34458.42,Commercial Baseline,High
2026-11-01,CUST015,PRD0104,2,12058.71,SIOP Review,High
2026-12-01,CUST015,PRD0104,15,91482.33,SIOP Review,Medium
2025-07-01,CUST015,PRD0100,8,21283.49,SIOP Review,Medium
2025-08-01,CUST015,PRD0100,14,38267.65,SIOP Review,High
2025-09-01,CUST015,PRD0100,3,7508.82,SIOP Review,Low
2025-10-01,CUST015,PRD0100,1,2565.7,SIOP Review,Low
2025-11-01,CUST015,PRD0100,2,5114.86,Latest Estimate,Medium
2025-12-01,CUST015,PRD0100,0,0.0,Commercial Baseline,High
2026-01-01,CUST015,PRD0100,2,5253.58,Commercial Baseline,Low
2026-02-01,CUST015,PRD0100,2,5265.57,SIOP Review,High
2026-03-01,CUST015,PRD0100,3,7971.93,SIOP Review,Medium
2026-04-01,CUST015,PRD0100,1,2716.03,Commercial Baseline,High
2026-05-01,CUST015,PRD0100,2,5215.77,Latest Estimate,Medium
2026-06-01,CUST015,PRD0100,2,5317.54,SIOP Review,Medium
2026-07-01,CUST015,PRD0100,2,4986.23,Commercial Baseline,Medium
2026-08-01,CUST015,PRD0100,2,5467.71,Latest Estimate,Medium
2026-09-01,CUST015,PRD0100,0,0.0,Commercial Baseline,Low
2026-10-01,CUST015,PRD0100,3,8359.02,SIOP Review,Medium
2026-11-01,CUST015,PRD0100,0,0.0,Commercial Baseline,Low
2026-12-01,CUST015,PRD0100,3,8079.37,SIOP Review,Medium
2025-07-01,CUST015,PRD0095,6,62616.19,Latest Estimate,Low
2025-08-01,CUST015,PRD0095,12,121288.8,SIOP Review,High
2025-09-01,CUST015,PRD0095,12,126531.04,SIOP Review,Medium
2025-10-01,CUST015,PRD0095,11,108807.52,SIOP Review,Medium
2025-11-01,CUST015,PRD0095,19,204725.53,Commercial Baseline,Low
2025-12-01,CUST015,PRD0095,10,110975.46,SIOP Review,Medium
2026-01-01,CUST015,PRD0095,14,152292.55,SIOP Review,Low
2026-02-01,CUST015,PRD0095,9,92261.42,SIOP Review,Medium
2026-03-01,CUST015,PRD0095,5,51810.51,Commercial Baseline,Medium
2026-04-01,CUST015,PRD0095,14,151174.65,SIOP Review,High
2026-05-01,CUST015,PRD0095,8,83416.78,Commercial Baseline,Low
2026-06-01,CUST015,PRD0095,6,66939.4,Latest Estimate,High
2026-07-01,CUST015,PRD0095,6,64328.29,SIOP Review,Low
2026-08-01,CUST015,PRD0095,10,103188.07,Commercial Baseline,High
2026-09-01,CUST015,PRD0095,14,144469.76,Commercial Baseline,Low
2026-10-01,CUST015,PRD0095,4,42986.95,SIOP Review,Medium
2026-11-01,CUST015,PRD0095,16,176335.16,SIOP Review,Low
2026-12-01,CUST015,PRD0095,8,83172.62,SIOP Review,Low
2025-07-01,CUST015,PRD0018,1,1198.51,Latest Estimate,Medium
2025-08-01,CUST015,PRD0018,3,3544.9,Commercial Baseline,Medium
2025-09-01,CUST015,PRD0018,2,2325.8,Commercial Baseline,High
2025-10-01,CUST015,PRD0018,2,2330.12,Commercial Baseline,Medium
2025-11-01,CUST015,PRD0018,3,3209.06,Latest Estimate,High
2025-12-01,CUST015,PRD0018,2,2380.81,Commercial Baseline,Medium
2026-01-01,CUST015,PRD0018,3,3223.69,Latest Estimate,Low
2026-02-01,CUST015,PRD0018,2,2411.25,Commercial Baseline,High
2026-03-01,CUST015,PRD0018,3,3609.24,Latest Estimate,Medium
2026-04-01,CUST015,PRD0018,3,3400.76,Commercial Baseline,Low
2026-05-01,CUST015,PRD0018,2,2413.45,SIOP Review,Medium
2026-06-01,CUST015,PRD0018,4,4438.82,Commercial Baseline,Low
2026-07-01,CUST015,PRD0018,3,3234.47,SIOP Review,Low
2026-08-01,CUST015,PRD0018,3,3407.15,Latest Estimate,High
2026-09-01,CUST015,PRD0018,2,2311.65,SIOP Review,High
2026-10-01,CUST015,PRD0018,3,3283.74,Latest Estimate,Medium
2026-11-01,CUST015,PRD0018,14,16615.85,SIOP Review,High
2026-12-01,CUST015,PRD0018,3,3633.1,Commercial Baseline,Low
2025-07-01,CUST015,PRD0071,6,6754.39,SIOP Review,Medium
2025-08-01,CUST015,PRD0071,17,18761.75,SIOP Review,Medium
2025-09-01,CUST015,PRD0071,4,4367.91,SIOP Review,Medium
2025-10-01,CUST015,PRD0071,24,29247.14,Commercial Baseline,Medium
2025-11-01,CUST015,PRD0071,9,11115.0,Latest Estimate,High
2025-12-01,CUST015,PRD0071,10,11443.61,SIOP Review,High
2026-01-01,CUST015,PRD0071,15,17155.09,Latest Estimate,High
2026-02-01,CUST015,PRD0071,14,17374.82,Latest Estimate,Low
2026-03-01,CUST015,PRD0071,13,14365.5,Commercial Baseline,High
2026-04-01,CUST015,PRD0071,9,10382.04,Commercial Baseline,Low
2026-05-01,CUST015,PRD0071,9,10074.23,Latest Estimate,Medium
2026-06-01,CUST015,PRD0071,8,9265.14,Latest Estimate,Low
2026-07-01,CUST015,PRD0071,12,13146.77,Latest Estimate,High
2026-08-01,CUST015,PRD0071,9,10572.29,Latest Estimate,Medium
2026-09-01,CUST015,PRD0071,16,18762.71,Commercial Baseline,Medium
2026-10-01,CUST015,PRD0071,13,14724.98,Latest Estimate,Low
2026-11-01,CUST015,PRD0071,7,7807.94,Latest Estimate,Low
2026-12-01,CUST015,PRD0071,4,4479.78,SIOP Review,High
2025-07-01,CUST015,PRD0033,3,30196.22,Commercial Baseline,Medium
2025-08-01,CUST015,PRD0033,1,9538.52,SIOP Review,Low
2025-09-01,CUST015,PRD0033,5,50497.64,Commercial Baseline,Low
2025-10-01,CUST015,PRD0033,5,50677.34,Commercial Baseline,High
2025-11-01,CUST015,PRD0033,2,19704.54,Latest Estimate,High
2025-12-01,CUST015,PRD0033,4,40470.76,Latest Estimate,High
2026-01-01,CUST015,PRD0033,4,41873.55,SIOP Review,High
2026-02-01,CUST015,PRD0033,3,31291.99,Latest Estimate,Medium
2026-03-01,CUST015,PRD0033,6,59667.34,Commercial Baseline,Low
2026-04-01,CUST015,PRD0033,3,31472.74,Commercial Baseline,Medium
2026-05-01,CUST015,PRD0033,2,20706.22,Latest Estimate,Low
2026-06-01,CUST015,PRD0033,4,39220.09,Commercial Baseline,Low
2026-07-01,CUST015,PRD0033,1,10347.99,SIOP Review,Medium
2026-08-01,CUST015,PRD0033,4,37519.82,Commercial Baseline,Low
2026-09-01,CUST015,PRD0033,5,53306.55,Latest Estimate,High
2026-10-01,CUST015,PRD0033,7,70406.27,Latest Estimate,Medium
2026-11-01,CUST015,PRD0033,4,42592.73,Commercial Baseline,Medium
2026-12-01,CUST015,PRD0033,6,63864.13,Commercial Baseline,High
2025-07-01,CUST015,PRD0103,9,73772.85,Commercial Baseline,High
2025-08-01,CUST015,PRD0103,8,63034.39,SIOP Review,Low
2025-09-01,CUST015,PRD0103,15,123190.84,Latest Estimate,Medium
2025-10-01,CUST015,PRD0103,13,103573.35,SIOP Review,Medium
2025-11-01,CUST015,PRD0103,7,53844.36,Latest Estimate,Medium
2025-12-01,CUST015,PRD0103,5,37998.91,SIOP Review,Low
2026-01-01,CUST015,PRD0103,11,82193.55,Commercial Baseline,Low
2026-02-01,CUST015,PRD0103,9,65504.91,Latest Estimate,Medium
2026-03-01,CUST015,PRD0103,11,82505.84,Commercial Baseline,High
2026-04-01,CUST015,PRD0103,8,63525.92,Commercial Baseline,Medium
2026-05-01,CUST015,PRD0103,11,82511.29,SIOP Review,Low
2026-06-01,CUST015,PRD0103,7,53165.73,SIOP Review,Medium
2026-07-01,CUST015,PRD0103,6,48283.18,SIOP Review,High
2026-08-01,CUST015,PRD0103,10,74095.92,Latest Estimate,High
2026-09-01,CUST015,PRD0103,17,133513.12,SIOP Review,Medium
2026-10-01,CUST015,PRD0103,8,61163.51,Commercial Baseline,Medium
2026-11-01,CUST015,PRD0103,4,29621.66,Commercial Baseline,Low
2026-12-01,CUST015,PRD0103,7,52365.07,SIOP Review,Low
2025-07-01,CUST015,PRD0081,8,9857.03,Commercial Baseline,Low
2025-08-01,CUST015,PRD0081,5,5911.26,Commercial Baseline,Medium
2025-09-01,CUST015,PRD0081,5,5712.47,Commercial Baseline,Medium
2025-10-01,CUST015,PRD0081,6,7254.8,Latest Estimate,High
2025-11-01,CUST015,PRD0081,4,4989.71,Commercial Baseline,Medium
2025-12-01,CUST015,PRD0081,5,6084.1,Latest Estimate,High
2026-01-01,CUST015,PRD0081,5,6246.25,SIOP Review,Low
2026-02-01,CUST015,PRD0081,5,5659.09,Latest Estimate,Medium
2026-03-01,CUST015,PRD0081,2,2227.39,Commercial Baseline,Medium
2026-04-01,CUST015,PRD0081,7,8113.81,SIOP Review,Medium
2026-05-01,CUST015,PRD0081,10,11622.14,Commercial Baseline,Medium
2026-06-01,CUST015,PRD0081,6,6979.24,Commercial Baseline,Medium
2026-07-01,CUST015,PRD0081,3,3351.8,Latest Estimate,Low
2026-08-01,CUST015,PRD0081,2,2532.39,Commercial Baseline,Medium
2026-09-01,CUST015,PRD0081,5,5856.4,SIOP Review,Low
2026-10-01,CUST015,PRD0081,4,4973.04,Commercial Baseline,Low
2026-11-01,CUST015,PRD0081,1,1200.4,Commercial Baseline,Medium
2026-12-01,CUST015,PRD0081,7,8385.03,Commercial Baseline,High
2025-07-01,CUST015,PRD0107,0,0.0,SIOP Review,Medium
2025-08-01,CUST015,PRD0107,0,0.0,SIOP Review,Medium
2025-09-01,CUST015,PRD0107,0,0.0,Latest Estimate,High
2025-10-01,CUST015,PRD0107,1,37915.68,SIOP Review,Medium
2025-11-01,CUST015,PRD0107,0,0.0,Commercial Baseline,High
2025-12-01,CUST015,PRD0107,0,0.0,Latest Estimate,Medium
2026-01-01,CUST015,PRD0107,14,539987.7,Commercial Baseline,Low
2026-02-01,CUST015,PRD0107,1,40092.87,Latest Estimate,Medium
2026-03-01,CUST015,PRD0107,1,37999.94,Latest Estimate,Medium
2026-04-01,CUST015,PRD0107,0,0.0,Commercial Baseline,Low
2026-05-01,CUST015,PRD0107,12,439687.27,SIOP Review,Medium
2026-06-01,CUST015,PRD0107,0,0.0,SIOP Review,Medium
2026-07-01,CUST015,PRD0107,1,39281.22,Latest Estimate,Low
2026-08-01,CUST015,PRD0107,0,0.0,Commercial Baseline,Medium
2026-09-01,CUST015,PRD0107,9,347733.21,Latest Estimate,Low
2026-10-01,CUST015,PRD0107,0,0.0,Commercial Baseline,Low
2026-11-01,CUST015,PRD0107,1,35545.3,Latest Estimate,High
2026-12-01,CUST015,PRD0107,0,0.0,SIOP Review,Medium
2025-07-01,CUST015,PRD0029,12,128402.37,Commercial Baseline,Medium
2025-08-01,CUST015,PRD0029,11,130484.67,Latest Estimate,Medium
2025-09-01,CUST015,PRD0029,10,115819.06,Commercial Baseline,High
2025-10-01,CUST015,PRD0029,9,97910.22,SIOP Review,Medium
2025-11-01,CUST015,PRD0029,9,102826.78,Latest Estimate,Medium
2025-12-01,CUST015,PRD0029,10,118029.26,SIOP Review,High
2026-01-01,CUST015,PRD0029,9,100174.95,SIOP Review,High
2026-02-01,CUST015,PRD0029,7,81205.82,SIOP Review,Low
2026-03-01,CUST015,PRD0029,10,113219.32,Latest Estimate,Medium
2026-04-01,CUST015,PRD0029,8,95329.42,SIOP Review,Medium
2026-05-01,CUST015,PRD0029,12,133692.93,Commercial Baseline,Medium
2026-06-01,CUST015,PRD0029,11,124491.49,Latest Estimate,Low
2026-07-01,CUST015,PRD0029,6,63915.21,Commercial Baseline,Low
2026-08-01,CUST015,PRD0029,4,42930.87,Commercial Baseline,Low
2026-09-01,CUST015,PRD0029,11,127770.57,Latest Estimate,Low
2026-10-01,CUST015,PRD0029,10,114925.84,Latest Estimate,Low
2026-11-01,CUST015,PRD0029,4,43426.0,SIOP Review,High
2026-12-01,CUST015,PRD0029,7,79588.92,SIOP Review,Medium
2025-07-01,CUST015,PRD0099,6,16079.33,Commercial Baseline,High
2025-08-01,CUST015,PRD0099,0,0.0,Latest Estimate,Low
2025-09-01,CUST015,PRD0099,0,0.0,Latest Estimate,High
2025-10-01,CUST015,PRD0099,0,0.0,Commercial Baseline,Medium
2025-11-01,CUST015,PRD0099,1,2638.62,SIOP Review,Medium
2025-12-01,CUST015,PRD0099,0,0.0,Commercial Baseline,High
2026-01-01,CUST015,PRD0099,0,0.0,SIOP Review,High
2026-02-01,CUST015,PRD0099,0,0.0,Commercial Baseline,High
2026-03-01,CUST015,PRD0099,0,0.0,SIOP Review,Low
2026-04-01,CUST015,PRD0099,0,0.0,Commercial Baseline,Medium
2026-05-01,CUST015,PRD0099,0,0.0,Latest Estimate,Medium
2026-06-01,CUST015,PRD0099,8,20069.47,Latest Estimate,Low
2026-07-01,CUST015,PRD0099,0,0.0,Latest Estimate,Low
2026-08-01,CUST015,PRD0099,0,0.0,Commercial Baseline,Low
2026-09-01,CUST015,PRD0099,2,4956.19,SIOP Review,Medium
2026-10-01,CUST015,PRD0099,9,25184.36,Commercial Baseline,High
2026-11-01,CUST015,PRD0099,13,35346.89,Latest Estimate,Medium
2026-12-01,CUST015,PRD0099,3,7727.55,Latest Estimate,Medium
2025-07-01,CUST015,PRD0113,17,28631.77,SIOP Review,Medium
2025-08-01,CUST015,PRD0113,2,3590.16,Commercial Baseline,Low
2025-09-01,CUST015,PRD0113,17,31071.18,Latest Estimate,High
2025-10-01,CUST015,PRD0113,5,8570.57,Latest Estimate,Medium
2025-11-01,CUST015,PRD0113,10,17660.89,Latest Estimate,Medium
2025-12-01,CUST015,PRD0113,7,12778.76,Commercial Baseline,Medium
2026-01-01,CUST015,PRD0113,12,20371.5,SIOP Review,Medium
2026-02-01,CUST015,PRD0113,8,13560.26,Commercial Baseline,Low
2026-03-01,CUST015,PRD0113,10,17402.59,SIOP Review,Medium
2026-04-01,CUST015,PRD0113,12,22275.41,Latest Estimate,Medium
2026-05-01,CUST015,PRD0113,10,18009.7,SIOP Review,High
2026-06-01,CUST015,PRD0113,5,8804.08,SIOP Review,High
2026-07-01,CUST015,PRD0113,8,13349.6,Commercial Baseline,Medium
2026-08-01,CUST015,PRD0113,6,10490.01,SIOP Review,High
2026-09-01,CUST015,PRD0113,7,12669.83,Commercial Baseline,High
2026-10-01,CUST015,PRD_X0018,5,8588.25,Latest Estimate,Medium
2026-11-01,CUST015,PRD0113,13,23836.34,Commercial Baseline,Medium
2026-12-01,CUST015,PRD0113,8,14445.17,SIOP Review,High
2025-07-01,CUST015,PRD0010,5,41322.42,Latest Estimate,Medium
2025-08-01,CUST015,PRD0010,4,31156.33,Commercial Baseline,High
2025-09-01,CUST015,PRD0010,8,61276.28,Commercial Baseline,Medium
2025-10-01,CUST015,PRD0010,4,32567.71,Latest Estimate,High
2025-11-01,CUST015,PRD0010,1,8334.39,SIOP Review,Medium
2025-12-01,CUST015,PRD0010,4,33624.15,Latest Estimate,High
2026-01-01,CUST015,PRD0010,4,33051.27,SIOP Review,Medium
2026-02-01,CUST015,PRD0010,4,31612.62,Commercial Baseline,Medium
2026-03-01,CUST015,PRD0010,13,108836.51,Commercial Baseline,Medium
2026-04-01,CUST015,PRD0010,4,30074.71,SIOP Review,High
2026-05-01,CUST015,PRD0010,2,14881.06,SIOP Review,Medium
2026-06-01,CUST015,PRD0010,3,23470.06,SIOP Review,Medium
2026-07-01,CUST015,PRD0010,5,40080.86,SIOP Review,Medium
2026-08-01,CUST015,PRD0010,5,38042.0,Latest Estimate,Medium
2026-09-01,CUST015,PRD0010,4,33433.89,Commercial Baseline,Low
2026-10-01,CUST015,PRD0010,5,40945.98,SIOP Review,Low
2026-11-01,CUST015,PRD0010,6,49481.62,Latest Estimate,High
2026-12-01,CUST015,PRD0010,4,32825.06,Commercial Baseline,Medium
2025-07-01,CUST015,PRD0110,4,25033.22,Commercial Baseline,Medium
2025-08-01,CUST015,PRD0110,4,26515.68,Commercial Baseline,High
2025-09-01,CUST015,PRD0110,3,18861.16,Latest Estimate,Medium
2025-10-01,CUST015,PRD0110,7,44671.42,Commercial Baseline,High
2025-11-01,CUST015,PRD0110,5,32717.51,SIOP Review,Medium
2025-12-01,CUST015,PRD0110,5,33713.22,Commercial Baseline,High
2026-01-01,CUST015,PRD0110,2,13243.91,Latest Estimate,Low
2026-02-01,CUST015,PRD0110,5,33286.13,SIOP Review,Medium
2026-03-01,CUST015,PRD0110,7,44446.53,Commercial Baseline,High
2026-04-01,CUST015,PRD0110,5,30071.37,SIOP Review,High
2026-05-01,CUST015,PRD0110,3,18179.64,SIOP Review,Medium
2026-06-01,CUST015,PRD0110,8,50966.3,Latest Estimate,High
2026-07-01,CUST015,PRD0110,5,32831.89,SIOP Review,Low
2026-08-01,CUST015,PRD0110,5,30957.69,Commercial Baseline,Medium
2026-09-01,CUST015,PRD0110,3,19344.42,Commercial Baseline,Low
2026-10-01,CUST015,PRD0110,5,30834.14,Commercial Baseline,Medium
2026-11-01,CUST015,PRD0110,3,19138.61,SIOP Review,Medium
2026-12-01,CUST015,PRD0110,3,18432.67,SIOP Review,Medium
2025-07-01,CUST015,PRD0093,0,0.0,Latest Estimate,Medium
2025-08-01,CUST015,PRD0093,0,0.0,Latest Estimate,Low
2025-09-01,CUST015,PRD0093,0,0.0,Latest Estimate,Medium
2025-10-01,CUST015,PRD0093,0,0.0,Latest Estimate,Low
2025-11-01,CUST015,PRD0093,0,0.0,SIOP Review,High
2025-12-01,CUST015,PRD0093,0,0.0,Latest Estimate,Medium
2026-01-01,CUST015,PRD0093,0,0.0,Latest Estimate,Medium
2026-02-01,CUST015,PRD0093,1,37275.64,Latest Estimate,High
2026-03-01,CUST015,PRD0093,0,0.0,Commercial Baseline,Medium
2026-04-01,CUST015,PRD0093,0,0.0,Latest Estimate,Low
2026-05-01,CUST015,PRD0093,0,0.0,Latest Estimate,Medium
2026-06-01,CUST015,PRD0093,0,0.0,Latest Estimate,Medium
2026-07-01,CUST015,PRD0093,0,0.0,Latest Estimate,Medium
2026-08-01,CUST015,PRD0093,0,0.0,SIOP Review,Low
2026-09-01,CUST015,PRD0093,2,74544.59,SIOP Review,High
2026-10-01,CUST015,PRD0093,0,0.0,Latest Estimate,Medium
2026-11-01,CUST015,PRD0093,1,38847.58,SIOP Review,High
2026-12-01,CUST015,PRD0093,7,248505.74,Latest Estimate,Low
2025-07-01,CUST015,PRD0022,0,0.0,Latest Estimate,Medium
2025-08-01,CUST015,PRD0022,0,0.0,SIOP Review,Medium
2025-09-01,CUST015,PRD0022,0,0.0,Commercial Baseline,Medium
2025-10-01,CUST015,PRD0022,0,0.0,Latest Estimate,High
2025-11-01,CUST015,PRD0022,0,0.0,Commercial Baseline,Medium
2025-12-01,CUST015,PRD0022,0,0.0,Latest Estimate,High
2026-01-01,CUST015,PRD0022,1,1074.1,SIOP Review,Low
2026-02-01,CUST015,PRD0022,0,0.0,Latest Estimate,Medium
2026-03-01,CUST015,PRD0022,1,1071.65,Latest Estimate,Low
2026-04-01,CUST015,PRD0022,0,0.0,Commercial Baseline,Medium
2026-05-01,CUST015,PRD0022,0,0.0,SIOP Review,Medium
2026-06-01,CUST015,PRD0022,0,0.0,SIOP Review,Medium
2026-07-01,CUST015,PRD0022,11,12387.16,SIOP Review,Medium
2026-08-01,CUST015,PRD0022,0,0.0,Latest Estimate,Medium
2026-09-01,CUST015,PRD0022,0,0.0,SIOP Review,Medium
2026-10-01,CUST015,PRD0022,0,0.0,SIOP Review,Medium
2026-11-01,CUST015,PRD0022,0,0.0,SIOP Review,Medium
2026-12-01,CUST015,PRD0022,0,0.0,Latest Estimate,Medium
2025-07-01,CUST015,PRD0078,2,23153.24,SIOP Review,Medium
2025-08-01,CUST015,PRD0078,1,11188.65,Commercial Baseline,Medium
2025-09-01,CUST015,PRD0078,1,10787.81,SIOP Review,Low
2025-10-01,CUST015,PRD0078,0,0.0,SIOP Review,Medium
2025-11-01,CUST015,PRD0078,1,11322.42,Latest Estimate,High
2025-12-01,CUST015,PRD0078,2,22595.28,Latest Estimate,Low
2026-01-01,CUST015,PRD0078,1,11705.52,SIOP Review,High
2026-02-01,CUST015,PRD0078,0,0.0,SIOP Review,High
2026-03-01,CUST015,PRD0078,0,0.0,SIOP Review,Low
2026-04-01,CUST015,PRD0078,0,0.0,SIOP Review,Low
2026-05-01,CUST015,PRD0078,0,0.0,Commercial Baseline,Low
2026-06-01,CUST015,PRD0078,0,0.0,Commercial Baseline,Medium
2026-07-01,CUST015,PRD0078,0,0.0,Latest Estimate,Low
2026-08-01,CUST015,PRD0078,0,0.0,Latest Estimate,Medium
2026-09-01,CUST015,PRD0078,0,0.0,Latest Estimate,Medium
2026-10-01,CUST015,PRD0078,1,11208.09,Latest Estimate,Low
2026-11-01,CUST015,PRD0078,1,10432.63,Latest Estimate,High
2026-12-01,CUST015,PRD0078,0,0.0,Commercial Baseline,Medium
2025-07-01,CUST015,PRD0005,0,0.0,SIOP Review,Low
2025-08-01,CUST015,PRD0005,1,5498.27,Commercial Baseline,Low
2025-09-01,CUST015,PRD0005,0,0.0,SIOP Review,Medium
2025-10-01,CUST015,PRD0005,2,10813.25,SIOP Review,Medium
2025-11-01,CUST015,PRD0005,1,5232.86,Commercial Baseline,Medium
2025-12-01,CUST015,PRD0005,0,0.0,Latest Estimate,High
2026-01-01,CUST015,PRD0005,0,0.0,Latest Estimate,Low
2026-02-01,CUST015,PRD0005,1,5177.4,SIOP Review,Low
2026-03-01,CUST015,PRD0005,0,0.0,Latest Estimate,Medium
2026-04-01,CUST015,PRD0005,0,0.0,SIOP Review,Low
2026-05-01,CUST015,PRD0005,1,5213.17,SIOP Review,High
2026-06-01,CUST015,PRD0005,0,0.0,SIOP Review,Low
2026-07-01,CUST015,PRD0005,0,0.0,Latest Estimate,Low
2026-08-01,CUST015,PRD0005,0,0.0,Commercial Baseline,High
2026-09-01,CUST015,PRD0005,2,9714.06,Latest Estimate,Medium
2026-10-01,CUST015,PRD0005,0,0.0,Latest Estimate,Low
2026-11-01,CUST015,PRD0005,1,5037.79,Commercial Baseline,Low
2026-12-01,CUST015,PRD0005,0,0.0,Commercial Baseline,High
2025-07-01,CUST015,PRD0096,4,5733.68,SIOP Review,High
2025-08-01,CUST015,PRD0096,5,7198.7,Latest Estimate,Medium
2025-09-01,CUST015,PRD0096,3,4351.04,Latest Estimate,Medium
2025-10-01,CUST015,PRD0096,6,8871.73,SIOP Review,Low
2025-11-01,CUST015,PRD0096,4,6056.49,Commercial Baseline,High
2025-12-01,CUST015,PRD0096,6,9374.94,Commercial Baseline,Low
2026-01-01,CUST015,PRD0096,3,4713.35,SIOP Review,Low
2026-02-01,CUST015,PRD0096,9,13646.19,Latest Estimate,Medium
2026-03-01,CUST015,PRD0096,6,9326.88,SIOP Review,Low
2026-04-01,CUST015,PRD0096,5,7001.14,Commercial Baseline,High
2026-05-01,CUST015,PRD0096,4,5909.73,Latest Estimate,Medium
2026-06-01,CUST015,PRD0096,6,8709.54,Latest Estimate,Low
2026-07-01,CUST015,PRD0096,4,5964.63,SIOP Review,Medium
2026-08-01,CUST015,PRD0096,4,5857.33,SIOP Review,High
2026-09-01,CUST015,PRD0096,3,4693.39,Commercial Baseline,Low
2026-10-01,CUST015,PRD0096,4,5687.84,Latest Estimate,High
2026-11-01,CUST015,PRD0096,2,3024.69,SIOP Review,Medium
2026-12-01,CUST015,PRD0096,5,7079.74,Latest Estimate,Low
2025-07-01,CUST015,PRD0061,14,110087.0,Commercial Baseline,High
2025-08-01,CUST015,PRD0061,3,23814.5,Commercial Baseline,High
2025-09-01,CUST015,PRD0061,4,31204.44,Commercial Baseline,Medium
2025-10-01,CUST015,PRD0061,3,22652.02,Commercial Baseline,High
2025-11-01,CUST015,PRD0061,1,8117.1,Latest Estimate,Medium
2025-12-01,CUST015,PRD0061,1,7700.07,Latest Estimate,High
2026-01-01,CUST015,PRD0061,2,15499.82,Commercial Baseline,High
2026-02-01,CUST015,PRD0061,2,15988.46,Latest Estimate,Medium
2026-03-01,CUST015,PRD0061,2,15855.03,Latest Estimate,Medium
2026-04-01,CUST015,PRD0061,2,15783.32,Commercial Baseline,Medium
2026-05-01,CUST015,PRD0061,1,7786.37,SIOP Review,Medium
2026-06-01,CUST015,PRD0061,11,81614.97,Commercial Baseline,High
2026-07-01,CUST015,PRD0061,1,7758.21,Commercial Baseline,Medium
2026-08-01,CUST015,PRD0061,3,22269.66,SIOP Review,Medium
2026-09-01,CUST015,PRD0061,2,16184.19,Latest Estimate,Low
2026-10-01,CUST015,PRD0061,2,16136.45,SIOP Review,High
2026-11-01,CUST015,PRD0061,4,32289.69,Commercial Baseline,Low
2026-12-01,CUST015,PRD0061,0,0.0,Commercial Baseline,Medium
2025-07-01,CUST015,PRD0058,0,0.0,Commercial Baseline,Medium
2025-08-01,CUST015,PRD0058,1,3053.55,Commercial Baseline,High
2025-09-01,CUST015,PRD0058,15,48827.17,SIOP Review,High
2025-10-01,CUST015,PRD0058,1,3361.96,Latest Estimate,Low
2025-11-01,CUST015,PRD0058,17,56329.43,Commercial Baseline,High
2025-12-01,CUST015,PRD0058,1,3171.04,Commercial Baseline,Low
2026-01-01,CUST015,PRD0058,1,3079.11,SIOP Review,Low
2026-02-01,CUST015,PRD0058,11,34473.75,SIOP Review,Low
2026-03-01,CUST015,PRD0058,2,6035.76,Latest Estimate,Medium
2026-04-01,CUST015,PRD0058,2,6778.55,SIOP Review,Low
2026-05-01,CUST015,PRD0058,1,3389.97,Latest Estimate,Low
2026-06-01,CUST015,PRD0058,1,3019.7,SIOP Review,Medium
2026-07-01,CUST015,PRD0058,0,0.0,SIOP Review,Medium
2026-08-01,CUST015,PRD0058,1,3080.32,Commercial Baseline,Medium
2026-09-01,CUST015,PRD0058,1,3265.5,Commercial Baseline,Medium
2026-10-01,CUST015,PRD0058,1,3079.12,Commercial Baseline,Medium
2026-11-01,CUST015,PRD0058,1,3098.79,Commercial Baseline,Medium
2026-12-01,CUST015,PRD0058,3,9079.21,Commercial Baseline,Medium
2025-07-01,CUST015,PRD0034,20,200250.9,Latest Estimate,High
2025-08-01,CUST015,PRD0034,5,46562.51,SIOP Review,Medium
2025-09-01,CUST015,PRD0034,13,118738.62,Commercial Baseline,High
2025-10-01,CUST015,PRD0034,10,98859.14,Commercial Baseline,High
2025-11-01,CUST015,PRD0034,5,47038.13,Commercial Baseline,Medium
2025-12-01,CUST015,PRD0034,9,82995.17,Commercial Baseline,Medium
2026-01-01,CUST015,PRD0034,6,57318.37,Commercial Baseline,Low
2026-02-01,CUST015,PRD0034,5,50857.65,Commercial Baseline,Medium
2026-03-01,CUST015,PRD0034,12,110862.11,Commercial Baseline,High
2026-04-01,CUST015,PRD0034,17,159644.82,SIOP Review,Low
2026-05-01,CUST015,PRD0034,7,71027.83,Commercial Baseline,Low
2026-06-01,CUST015,PRD0034,9,89857.67,Latest Estimate,High
2026-07-01,CUST015,PRD0034,2,20138.18,Latest Estimate,High
2026-08-01,CUST015,PRD0034,5,46382.82,Commercial Baseline,Medium
2026-09-01,CUST015,PRD0034,11,107931.03,Commercial Baseline,High
2026-10-01,CUST015,PRD0034,8,71893.94,SIOP Review,Medium
2026-11-01,CUST015,PRD0034,8,77961.36,SIOP Review,Medium
2026-12-01,CUST015,PRD0034,9,86072.34,Commercial Baseline,Medium
2025-07-01,CUST015,PRD0084,0,0.0,Commercial Baseline,Low
2025-08-01,CUST015,PRD0084,0,0.0,Latest Estimate,Medium
2025-09-01,CUST015,PRD0084,2,75786.29,SIOP Review,High
2025-10-01,CUST015,PRD0084,1,38616.75,SIOP Review,High
2025-11-01,CUST015,PRD0084,0,0.0,Latest Estimate,Low
2025-12-01,CUST015,PRD0084,2,76074.67,Commercial Baseline,Low
2026-01-01,CUST015,PRD0084,1,38632.78,SIOP Review,Medium
2026-02-01,CUST015,PRD0084,3,109096.98,Latest Estimate,Medium
2026-03-01,CUST015,PRD0084,1,37043.29,Commercial Baseline,Low
2026-04-01,CUST015,PRD0084,0,0.0,SIOP Review,Medium
2026-05-01,CUST015,PRD0084,0,0.0,Latest Estimate,Medium
2026-06-01,CUST015,PRD0084,0,0.0,Latest Estimate,High
2026-07-01,CUST015,PRD0084,12,451279.35,Commercial Baseline,Low
2026-08-01,CUST015,PRD0084,0,0.0,SIOP Review,High
2026-09-01,CUST015,PRD0084,0,0.0,Latest Estimate,Medium
2026-10-01,CUST015,PRD0084,1,39017.68,Commercial Baseline,Medium
2026-11-01,CUST015,PRD0084,1,38296.01,Commercial Baseline,Low
2026-12-01,CUST015,PRD0084,2,81407.44,Latest Estimate,High
2025-07-01,CUST015,PRD0065,15,24282.68,SIOP Review,High
2025-08-01,CUST015,PRD0065,0,0.0,Latest Estimate,Medium
2025-09-01,CUST015,PRD0065,0,0.0,SIOP Review,High
2025-10-01,CUST015,PRD0065,2,2948.04,Latest Estimate,Low
2025-11-01,CUST015,PRD0065,1,1595.96,Commercial Baseline,High
2025-12-01,CUST015,PRD0065,2,3001.33,SIOP Review,Low
2026-01-01,CUST015,PRD0065,1,1428.42,Commercial Baseline,High
2026-02-01,CUST015,PRD0065,0,0.0,Latest Estimate,Medium
2026-03-01,CUST015,PRD0065,1,1514.36,Latest Estimate,Medium
2026-04-01,CUST015,PRD0065,2,3144.22,Latest Estimate,Medium
2026-05-01,CUST015,PRD0065,2,3148.32,Latest Estimate,Medium
2026-06-01,CUST015,PRD0065,1,1466.67,Commercial Baseline,Medium
2026-07-01,CUST015,PRD0065,0,0.0,Commercial Baseline,Low
2026-08-01,CUST015,PRD0065,0,0.0,SIOP Review,Medium
2026-09-01,CUST015,PRD0065,3,4690.26,SIOP Review,Medium
2026-10-01,CUST015,PRD0065,0,0.0,Latest Estimate,High
2026-11-01,CUST015,PRD0065,1,1607.53,Latest Estimate,High
2026-12-01,CUST015,PRD0065,14,20937.42,Commercial Baseline,Medium
2025-07-01,CUST015,PRD0040,1,12992.2,Commercial Baseline,Low
2025-08-01,CUST015,PRD0040,0,0.0,Commercial Baseline,High
2025-09-01,CUST015,PRD0040,0,0.0,Latest Estimate,High
2025-10-01,CUST015,PRD0040,1,12778.49,Latest Estimate,Medium
2025-11-01,CUST015,PRD0040,0,0.0,Commercial Baseline,Medium
2025-12-01,CUST015,PRD0040,1,13677.03,Commercial Baseline,Medium
2026-01-01,CUST015,PRD0040,0,0.0,SIOP Review,Medium
2026-02-01,CUST015,PRD0040,1,13489.38,SIOP Review,Medium
2026-03-01,CUST015,PRD0040,0,0.0,SIOP Review,High
2026-04-01,CUST015,PRD0040,1,12919.9,Commercial Baseline,High
2026-05-01,CUST015,PRD0040,2,26073.92,Latest Estimate,Low
2026-06-01,CUST015,PRD0040,1,13745.75,SIOP Review,Low
2026-07-01,CUST015,PRD0040,0,0.0,Latest Estimate,High
2026-08-01,CUST015,PRD0040,0,0.0,Latest Estimate,High
2026-09-01,CUST015,PRD0040,1,13046.76,Commercial Baseline,Medium
2026-10-01,CUST015,PRD0040,0,0.0,SIOP Review,High
2026-11-01,CUST015,PRD0040,0,0.0,Commercial Baseline,Low
2026-12-01,CUST015,PRD0040,0,0.0,Latest Estimate,Medium
2025-07-01,CUST015,PRD0051,1,34856.1,Commercial Baseline,Medium
2025-08-01,CUST015,PRD0051,0,0.0,Commercial Baseline,High
2025-09-01,CUST015,PRD0051,2,64241.63,Latest Estimate,Medium
2025-10-01,CUST015,PRD0051,2,64573.89,Latest Estimate,Medium
2025-11-01,CUST015,PRD0051,1,34802.56,Latest Estimate,High
2025-12-01,CUST015,PRD0051,0,0.0,Commercial Baseline,Medium
2026-01-01,CUST015,PRD0051,2,66375.38,Latest Estimate,High
2026-02-01,CUST015,PRD0051,0,0.0,SIOP Review,High
2026-03-01,CUST015,PRD0051,2,69362.44,SIOP Review,Medium
2026-04-01,CUST015,PRD0051,3,101178.74,Commercial Baseline,Low
2026-05-01,CUST015,PRD0051,2,64672.3,Latest Estimate,Low
2026-06-01,CUST015,PRD0051,0,0.0,SIOP Review,Medium
2026-07-01,CUST015,PRD0051,2,65831.27,SIOP Review,Medium
2026-08-01,CUST015,PRD0051,3,105471.07,SIOP Review,Medium
2026-09-01,CUST015,PRD0051,3,98383.03,Commercial Baseline,Medium
2026-10-01,CUST015,PRD0051,3,104998.88,Commercial Baseline,High
2026-11-01,CUST015,PRD0051,1,31959.47,Latest Estimate,Medium
2026-12-01,CUST015,PRD0051,3,102427.38,Latest Estimate,Low
2025-07-01,CUST015,PRD0120,4,45758.16,Latest Estimate,High
2025-08-01,CUST015,PRD0120,16,195803.87,Commercial Baseline,Medium
2025-09-01,CUST015,PRD0120,11,135897.63,Commercial Baseline,Medium
2025-10-01,CUST015,PRD0120,9,109786.76,SIOP Review,Low
2025-11-01,CUST015,PRD0120,7,78219.17,SIOP Review,Medium
2025-12-01,CUST015,PRD0120,9,107950.01,Commercial Baseline,Medium
2026-01-01,CUST015,PRD0120,8,91802.32,Commercial Baseline,High
2026-02-01,CUST015,PRD0120,9,106836.22,Latest Estimate,Medium
2026-03-01,CUST015,PRD0120,21,252141.41,Commercial Baseline,Medium
2026-04-01,CUST015,PRD0120,9,108867.77,Latest Estimate,Medium
2026-05-01,CUST015,PRD0120,7,79664.71,Latest Estimate,Medium
2026-06-01,CUST015,PRD0120,4,49056.65,Commercial Baseline,High
2026-07-01,CUST015,PRD0120,8,96471.35,Commercial Baseline,Medium
2026-08-01,CUST015,PRD0120,8,93431.47,SIOP Review,Medium
2026-09-01,CUST015,PRD0120,11,135280.35,Latest Estimate,Low
2026-10-01,CUST015,PRD0120,19,233278.91,SIOP Review,Medium
2026-11-01,CUST015,PRD0120,8,99212.76,SIOP Review,Medium
2026-12-01,CUST015,PRD0120,10,120896.72,Latest Estimate,Low
2025-07-01,CUST015,PRD0060,5,98573.28,SIOP Review,Low
2025-08-01,CUST015,PRD0060,4,71341.24,SIOP Review,Low
2025-09-01,CUST015,PRD0060,2,37849.0,Commercial Baseline,Medium
2025-10-01,CUST015,PRD0060,5,88439.68,Latest Estimate,Medium
2025-11-01,CUST015,PRD0060,4,71320.85,Latest Estimate,High
2025-12-01,CUST015,PRD0060,4,80083.41,SIOP Review,Medium
2026-01-01,CUST015,PRD0060,2,39359.63,SIOP Review,High
2026-02-01,CUST015,PRD0060,5,94835.54,SIOP Review,Medium
2026-03-01,CUST015,PRD0060,6,115156.23,SIOP Review,Medium
2026-04-01,CUST015,PRD0060,4,74215.61,Latest Estimate,High
2026-05-01,CUST015,PRD0060,4,74205.99,Latest Estimate,High
2026-06-01,CUST015,PRD0060,3,57264.94,Latest Estimate,Low
2026-07-01,CUST015,PRD0060,0,0.0,Commercial Baseline,Medium
2026-08-01,CUST015,PRD0060,3,55836.35,SIOP Review,Medium
2026-09-01,CUST015,PRD0060,5,89459.08,Latest Estimate,Medium
2026-10-01,CUST015,PRD0060,5,94021.03,Commercial Baseline,High
2026-11-01,CUST015,PRD0060,3,59321.26,Latest Estimate,Medium
2026-12-01,CUST015,PRD0060,2,38011.81,Latest Estimate,Low
2025-07-01,CUST015,PRD0115,3,22167.52,Commercial Baseline,Medium
2025-08-01,CUST015,PRD0115,2,15717.47,Latest Estimate,Low
2025-09-01,CUST015,PRD0115,1,7372.07,Latest Estimate,High
2025-10-01,CUST015,PRD0115,5,37121.97,SIOP Review,Medium
2025-11-01,CUST015,PRD0115,2,14802.35,SIOP Review,High
2025-12-01,CUST015,PRD0115,3,24714.12,Latest Estimate,Low
2026-01-01,CUST015,PRD0115,2,15056.86,Commercial Baseline,Low
2026-02-01,CUST015,PRD0115,3,22588.8,SIOP Review,Medium
2026-03-01,CUST015,PRD0115,16,126215.35,Latest Estimate,Medium
2026-04-01,CUST015,PRD0115,4,30746.05,SIOP Review,Medium
2026-05-01,CUST015,PRD0115,3,24982.93,Commercial Baseline,Medium
2026-06-01,CUST015,PRD0115,2,15113.39,Commercial Baseline,Medium
2026-07-01,CUST015,PRD0115,2,15245.72,Commercial Baseline,High
2026-08-01,CUST015,PRD0115,3,23639.84,Latest Estimate,Low
2026-09-01,CUST015,PRD0115,3,22378.36,Commercial Baseline,Low
2026-10-01,CUST015,PRD0115,5,37406.22,SIOP Review,Medium
2026-11-01,CUST015,PRD0115,4,29501.64,SIOP Review,High
2026-12-01,CUST015,PRD0115,3,22459.7,Latest Estimate,High
2025-07-01,CUST015,PRD0023,0,0.0,Commercial Baseline,Low
2025-08-01,CUST015,PRD0023,7,30033.78,Latest Estimate,Low
2025-09-01,CUST015,PRD0023,1,4340.78,Latest Estimate,High
2025-10-01,CUST015,PRD0023,0,0.0,Latest Estimate,Medium
2025-11-01,CUST015,PRD0023,0,0.0,Latest Estimate,High
2025-12-01,CUST015,PRD0023,0,0.0,SIOP Review,Low
2026-01-01,CUST015,PRD0023,0,0.0,Commercial Baseline,Medium
2026-02-01,CUST015,PRD0023,0,0.0,Commercial Baseline,Medium
2026-03-01,CUST015,PRD0023,0,0.0,Commercial Baseline,Medium
2026-04-01,CUST015,PRD0023,0,0.0,Latest Estimate,High
2026-05-01,CUST015,PRD0023,15,65059.76,Latest Estimate,Medium
2026-06-01,CUST015,PRD0023,6,28938.06,Latest Estimate,High
2026-07-01,CUST015,PRD0023,0,0.0,SIOP Review,High
2026-08-01,CUST015,PRD0023,0,0.0,SIOP Review,High
2026-09-01,CUST015,PRD0023,1,4409.88,Latest Estimate,Medium
2026-10-01,CUST015,PRD0023,1,4336.73,Commercial Baseline,High
2026-11-01,CUST015,PRD0023,0,0.0,Latest Estimate,High
2026-12-01,CUST015,PRD0023,0,0.0,Latest Estimate,Medium
2025-07-01,CUST015,PRD0054,7,20256.41,Latest Estimate,High
2025-08-01,CUST015,PRD0054,5,13422.95,Commercial Baseline,Low
2025-09-01,CUST015,PRD0054,7,19444.71,Latest Estimate,Low
2025-10-01,CUST015,PRD0054,2,5999.46,Commercial Baseline,Medium
2025-11-01,CUST015,PRD0054,5,14705.2,Commercial Baseline,Medium
2025-12-01,CUST015,PRD0054,4,11178.78,Latest Estimate,Medium
2026-01-01,CUST015,PRD0054,3,8415.44,SIOP Review,Low
2026-02-01,CUST015,PRD0054,3,9073.21,Commercial Baseline,High
2026-03-01,CUST015,PRD0054,7,21032.67,SIOP Review,High
2026-04-01,CUST015,PRD0054,18,53281.25,Commercial Baseline,Medium
2026-05-01,CUST015,PRD0054,5,15221.36,Latest Estimate,High
2026-06-01,CUST015,PRD0054,3,8826.06,Commercial Baseline,Medium
2026-07-01,CUST015,PRD0054,6,17945.31,Commercial Baseline,High
2026-08-01,CUST015,PRD0054,14,39259.7,Latest Estimate,Low
2026-09-01,CUST015,PRD0054,6,16105.29,Latest Estimate,Medium
2026-10-01,CUST015,PRD0054,9,26811.01,Latest Estimate,Low
2026-11-01,CUST015,PRD0054,4,11796.47,SIOP Review,Medium
2026-12-01,CUST015,PRD0054,2,5633.97,Latest Estimate,Medium
2025-07-01,CUST015,PRD0097,1,858.39,Commercial Baseline,Medium
2025-08-01,CUST015,PRD0097,2,1745.05,SIOP Review,Medium
2025-09-01,CUST015,PRD0097,1,868.94,Latest Estimate,Medium
2025-10-01,CUST015,PRD0097,1,794.42,Commercial Baseline,High
2025-11-01,CUST015,PRD0097,1,793.72,Latest Estimate,High
2025-12-01,CUST015,PRD0097,1,854.67,Commercial Baseline,Medium
2026-01-01,CUST015,PRD0097,2,1775.48,Commercial Baseline,Medium
2026-02-01,CUST015,PRD0097,3,2649.48,SIOP Review,Medium
2026-03-01,CUST015,PRD0097,3,2373.04,SIOP Review,Medium
2026-04-01,CUST015,PRD0097,3,2551.29,SIOP Review,High
2026-05-01,CUST015,PRD0097,2,1636.91,Latest Estimate,High
2026-06-01,CUST015,PRD0097,13,10764.97,Commercial Baseline,High
2026-07-01,CUST015,PRD0097,3,2560.84,Commercial Baseline,Medium
2026-08-01,CUST015,PRD0097,3,2684.43,Commercial Baseline,Medium
2026-09-01,CUST015,PRD0097,2,1709.07,SIOP Review,High
2026-10-01,CUST015,PRD0097,3,2407.18,Commercial Baseline,Low
2026-11-01,CUST015,PRD0097,1,857.07,Latest Estimate,Medium
2026-12-01,CUST015,PRD0097,2,1663.62,Commercial Baseline,Low
2025-07-01,CUST015,PRD0006,4,42145.73,SIOP Review,Medium
2025-08-01,CUST015,PRD0006,3,30893.46,Commercial Baseline,Low
2025-09-01,CUST015,PRD0006,3,30068.05,Commercial Baseline,Medium
2025-10-01,CUST015,PRD0006,4,37611.6,SIOP Review,Medium
2025-11-01,CUST015,PRD0006,4,37959.16,SIOP Review,High
2025-12-01,CUST015,PRD0006,4,38766.93,SIOP Review,Medium
2026-01-01,CUST015,PRD0006,15,155878.32,Commercial Baseline,Medium
2026-02-01,CUST015,PRD0006,3,31032.72,Latest Estimate,Medium
2026-03-01,CUST015,PRD0006,4,38294.69,Latest Estimate,Medium
2026-04-01,CUST015,PRD0006,7,64908.95,Commercial Baseline,High
2026-05-01,CUST015,PRD0006,3,29603.55,Latest Estimate,Medium
2026-06-01,CUST015,PRD0006,6,62001.19,SIOP Review,Low
2026-07-01,CUST015,PRD0006,2,18723.68,Latest Estimate,High
2026-08-01,CUST015,PRD0006,2,20927.89,Commercial Baseline,Low
2026-09-01,CUST015,PRD0006,6,61422.97,Latest Estimate,Medium
2026-10-01,CUST015,PRD0006,7,67263.7,Commercial Baseline,Medium
2026-11-01,CUST015,PRD0006,5,46505.48,SIOP Review,Low
2026-12-01,CUST015,PRD0006,6,60948.1,Commercial Baseline,Low
2025-07-01,CUST015,PRD0082,0,0.0,SIOP Review,Low
2025-08-01,CUST015,PRD0082,1,1873.41,Latest Estimate,Low
2025-09-01,CUST015,PRD0082,4,7517.18,Commercial Baseline,Low
2025-10-01,CUST015,PRD0082,1,2002.65,SIOP Review,Low
2025-11-01,CUST015,PRD0082,0,0.0,Latest Estimate,Medium
2025-12-01,CUST015,PRD0082,1,1939.64,Commercial Baseline,High
2026-01-01,CUST015,PRD0082,2,3840.07,SIOP Review,Low
2026-02-01,CUST015,PRD0082,0,0.0,SIOP Review,High
2026-03-01,CUST015,PRD0082,0,0.0,Latest Estimate,Medium
2026-04-01,CUST015,PRD0082,0,0.0,Commercial Baseline,Medium
2026-05-01,CUST015,PRD0082,0,0.0,Latest Estimate,High
2026-06-01,CUST015,PRD0082,0,0.0,Commercial Baseline,Medium
2026-07-01,CUST015,PRD0082,14,28488.24,Commercial Baseline,Medium
2026-08-01,CUST015,PRD0082,0,0.0,Commercial Baseline,Medium
2026-09-01,CUST015,PRD0082,0,0.0,Commercial Baseline,Medium
2026-10-01,CUST015,PRD0082,0,0.0,Latest Estimate,Medium
2026-11-01,CUST015,PRD0082,1,2018.66,Latest Estimate,Low
2026-12-01,CUST015,PRD0082,1,1893.77,SIOP Review,Medium
2025-07-01,CUST015,PRD0072,3,31533.41,SIOP Review,Medium
2025-08-01,CUST015,PRD0072,2,20795.83,SIOP Review,High
2025-09-01,CUST015,PRD0072,18,179720.21,Latest Estimate,Medium
2025-10-01,CUST015,PRD0072,3,29267.29,Commercial Baseline,High
2025-11-01,CUST015,PRD0072,3,30487.55,Latest Estimate,Medium
2025-12-01,CUST015,PRD0072,2,19892.1,Commercial Baseline,Medium
2026-01-01,CUST015,PRD0072,2,21675.84,SIOP Review,Medium
2026-02-01,CUST015,PRD0072,4,43830.59,Commercial Baseline,High
2026-03-01,CUST015,PRD0072,1,9937.57,Commercial Baseline,High
2026-04-01,CUST015,PRD0072,5,53819.67,Commercial Baseline,Medium
2026-05-01,CUST015,PRD0072,6,65523.98,Latest Estimate,High
2026-06-01,CUST015,PRD0072,4,42212.14,Commercial Baseline,High
2026-07-01,CUST015,PRD0072,2,19498.03,Commercial Baseline,Medium
2026-08-01,CUST015,PRD0072,4,40957.55,Commercial Baseline,Medium
2026-09-01,CUST015,PRD0072,3,29803.49,Commercial Baseline,High
2026-10-01,CUST015,PRD0072,4,39465.51,SIOP Review,High
2026-11-01,CUST015,PRD0072,2,19764.3,Latest Estimate,Low
2026-12-01,CUST015,PRD0072,4,40340.56,Latest Estimate,Low
2025-07-01,CUST015,PRD0045,3,20011.44,Commercial Baseline,Medium
2025-08-01,CUST015,PRD0045,7,46176.93,Latest Estimate,High
2025-09-01,CUST015,PRD0045,6,39602.42,Latest Estimate,High
2025-10-01,CUST015,PRD0045,4,27025.46,SIOP Review,Medium
2025-11-01,CUST015,PRD0045,2,12109.38,SIOP Review,Low
2025-12-01,CUST015,PRD0045,3,18518.8,Commercial Baseline,Medium
2026-01-01,CUST015,PRD0045,6,38601.07,SIOP Review,Medium
2026-02-01,CUST015,PRD0045,6,40715.5,Commercial Baseline,Medium
2026-03-01,CUST015,PRD0045,3,19989.58,SIOP Review,Medium
2026-04-01,CUST015,PRD0045,3,18204.88,SIOP Review,Medium
2026-05-01,CUST015,PRD0045,4,26123.82,SIOP Review,Medium
2026-06-01,CUST015,PRD0045,7,45984.29,Latest Estimate,High
2026-07-01,CUST015,PRD0045,3,20397.95,Commercial Baseline,Medium
2026-08-01,CUST015,PRD0045,5,34132.01,Latest Estimate,Low
2026-09-01,CUST015,PRD0045,4,24720.68,Commercial Baseline,High
2026-10-01,CUST015,PRD0045,6,40302.37,Commercial Baseline,Low
2026-11-01,CUST015,PRD0045,6,37158.97,Commercial Baseline,Low
2026-12-01,CUST015,PRD0045,5,30783.92,Commercial Baseline,Medium
2025-07-01,CUST015,PRD0027,0,0.0,SIOP Review,Medium
2025-08-01,CUST015,PRD0027,13,83194.81,Latest Estimate,Medium
2025-09-01,CUST015,PRD0027,11,70778.03,SIOP Review,Low
2025-10-01,CUST015,PRD0027,1,6530.15,Commercial Baseline,Low
2025-11-01,CUST015,PRD0027,1,6368.52,SIOP Review,High
2025-12-01,CUST015,PRD0027,1,7009.29,Latest Estimate,High
2026-01-01,CUST015,PRD0027,1,7010.78,SIOP Review,High
2026-02-01,CUST015,PRD0027,1,6701.8,Commercial Baseline,Medium
2026-03-01,CUST015,PRD0027,0,0.0,Commercial Baseline,Low
2026-04-01,CUST015,PRD0027,1,7099.72,Latest Estimate,Low
2026-05-01,CUST015,PRD0027,2,13600.22,Latest Estimate,Medium
2026-06-01,CUST015,PRD0027,3,19571.27,SIOP Review,Low
2026-07-01,CUST015,PRD0027,0,0.0,SIOP Review,High
2026-08-01,CUST015,PRD0027,0,0.0,Commercial Baseline,Medium
2026-09-01,CUST015,PRD0027,0,0.0,Commercial Baseline,Medium
2026-10-01,CUST015,PRD0027,0,0.0,Latest Estimate,Low
2026-11-01,CUST015,PRD0027,1,6752.47,Commercial Baseline,Low
2026-12-01,CUST015,PRD0027,0,0.0,Commercial Baseline,High
2025-07-01,CUST015,PRD0068,5,50911.4,SIOP Review,Medium
2025-08-01,CUST015,PRD0068,4,41950.21,SIOP Review,High
2025-09-01,CUST015,PRD0068,10,106957.87,Latest Estimate,Medium
2025-10-01,CUST015,PRD0068,10,100766.46,Commercial Baseline,Medium
2025-11-01,CUST015,PRD0068,9,99109.08,SIOP Review,Medium
2025-12-01,CUST015,PRD0068,5,54542.68,Latest Estimate,Medium
2026-01-01,CUST015,PRD0068,7,76874.24,Commercial Baseline,Low
2026-02-01,CUST015,PRD0068,11,121328.0,Latest Estimate,Medium
2026-03-01,CUST015,PRD0068,8,82667.63,Commercial Baseline,Medium
2026-04-01,CUST015,PRD0068,11,110923.68,SIOP Review,Low
2026-05-01,CUST015,PRD0068,5,54929.17,Commercial Baseline,Medium
2026-06-01,CUST015,PRD0068,1,10085.44,Latest Estimate,Medium
2026-07-01,CUST015,PRD0068,9,90739.68,SIOP Review,Medium
2026-08-01,CUST015,PRD0068,9,97237.55,Commercial Baseline,Medium
2026-09-01,CUST015,PRD0068,8,82394.67,Commercial Baseline,Medium
2026-10-01,CUST015,PRD0068,9,90653.8,Commercial Baseline,Medium
2026-11-01,CUST015,PRD0068,6,65707.85,Commercial Baseline,Medium
2026-12-01,CUST015,PRD0068,9,90202.14,Latest Estimate,Low
2025-07-01,CUST015,PRD0098,1,1439.76,Commercial Baseline,Medium
2025-08-01,CUST015,PRD0098,0,0.0,SIOP Review,Low
2025-09-01,CUST015,PRD0098,3,4046.05,SIOP Review,Medium
2025-10-01,CUST015,PRD0098,2,2572.45,SIOP Review,Medium
2025-11-01,CUST015,PRD0098,3,3885.8,SIOP Review,Medium
2025-12-01,CUST015,PRD0098,0,0.0,Commercial Baseline,High
2026-01-01,CUST015,PRD0098,1,1281.52,Latest Estimate,Medium
2026-02-01,CUST015,PRD0098,0,0.0,Commercial Baseline,High
2026-03-01,CUST015,PRD0098,2,2787.7,Latest Estimate,High
2026-04-01,CUST015,PRD0098,1,1349.54,Latest Estimate,Medium
2026-05-01,CUST015,PRD0098,1,1409.1,Latest Estimate,Medium
2026-06-01,CUST015,PRD0098,1,1397.59,Latest Estimate,Medium
2026-07-01,CUST015,PRD0098,16,22409.78,Latest Estimate,High
2026-08-01,CUST015,PRD0098,1,1291.27,Latest Estimate,Medium
2026-09-01,CUST015,PRD0098,1,1274.39,Latest Estimate,Low
2026-10-01,CUST015,PRD0098,2,2544.7,Latest Estimate,Low
2026-11-01,CUST015,PRD0098,1,1270.95,Commercial Baseline,Medium
2026-12-01,CUST015,PRD0098,1,1352.65,Latest Estimate,High
2025-07-01,CUST015,PRD0048,0,0.0,Latest Estimate,High
2025-08-01,CUST015,PRD0048,2,12383.88,SIOP Review,Medium
2025-09-01,CUST015,PRD0048,1,6616.36,SIOP Review,Medium
2025-10-01,CUST015,PRD0048,2,12883.88,Latest Estimate,Medium
2025-11-01,CUST015,PRD0048,13,84360.47,Latest Estimate,High
2025-12-01,CUST015,PRD0048,1,6503.75,SIOP Review,Medium
2026-01-01,CUST015,PRD0048,2,12252.14,SIOP Review,Medium
2026-02-01,CUST015,PRD0048,2,13828.87,Latest Estimate,Medium
2026-03-01,CUST015,PRD0048,2,12397.06,SIOP Review,Low
2026-04-01,CUST015,PRD0048,0,0.0,Latest Estimate,High
2026-05-01,CUST015,PRD0048,1,6557.43,Latest Estimate,Medium
2026-06-01,CUST015,PRD0048,2,12458.12,SIOP Review,Medium
2026-07-01,CUST015,PRD0048,0,0.0,Commercial Baseline,Low
2026-08-01,CUST015,PRD0048,2,12457.8,SIOP Review,Low
2026-09-01,CUST015,PRD0048,1,6855.11,Commercial Baseline,Low
2026-10-01,CUST015,PRD0048,0,0.0,Commercial Baseline,High
2026-11-01,CUST015,PRD0048,1,6265.1,SIOP Review,Medium
2026-12-01,CUST015,PRD0048,1,6667.07,SIOP Review,High
2025-07-01,CUST015,PRD0087,1,2181.67,Latest Estimate,Medium
2025-08-01,CUST015,PRD0087,1,2236.82,SIOP Review,Medium
2025-09-01,CUST015,PRD0087,1,2090.65,Latest Estimate,High
2025-10-01,CUST015,PRD0087,5,10662.43,SIOP Review,Low
2025-11-01,CUST015,PRD0087,1,2311.89,Commercial Baseline,Medium
2025-12-01,CUST015,PRD0087,0,0.0,Commercial Baseline,Medium
2026-01-01,CUST015,PRD0087,15,31737.07,Latest Estimate,High
2026-02-01,CUST015,PRD0087,1,2155.51,SIOP Review,Medium
2026-03-01,CUST015,PRD0087,11,25356.47,SIOP Review,Medium
2026-04-01,CUST015,PRD0087,1,2092.58,Latest Estimate,Medium
2026-05-01,CUST015,PRD0087,1,2284.18,Latest Estimate,Medium
2026-06-01,CUST015,PRD0087,0,0.0,Commercial Baseline,High
2026-07-01,CUST015,PRD0087,1,2040.88,Latest Estimate,Medium
2026-08-01,CUST015,PRD0087,0,0.0,Commercial Baseline,Medium
2026-09-01,CUST015,PRD0087,0,0.0,SIOP Review,Medium
2026-10-01,CUST015,PRD0087,2,4198.21,Latest Estimate,Medium
2026-11-01,CUST015,PRD0087,0,0.0,Latest Estimate,Low
2026-12-01,CUST015,PRD0087,1,2130.05,Commercial Baseline,Medium
