snapshot_month,warehouse_id,warehouse_name,product_id,available_qty,reserved_qty,on_order_qty,reorder_point_qty,safety_stock_qty,stock_value_usd
2025-01-01,CDC_SCL,Santiago DC,PRD0001,2,2,5,1,0,50356.96
2025-01-01,CDC_SCL,Santiago DC,PRD0002,6,4,0,2,1,86313.3
2025-01-01,CDC_SCL,Santiago DC,PRD0003,6,3,0,2,1,45022.44
2025-01-01,CDC_SCL,Santiago DC,PRD0004,10,2,0,10,6,36545.8
2025-01-01,CDC_SCL,Santiago DC,PRD0005,12,5,10,5,3,48495.36
2025-01-01,CDC_SCL,Santiago DC,PRD0006,16,2,0,10,6,116784.8
2025-01-01,CDC_SCL,Santiago DC,PRD0007,2,0,0,2,1,6431.04
2025-01-01,CDC_SCL,Santiago DC,PRD0008,4,4,0,2,1,14510.12
2025-01-01,CDC_SCL,Santiago DC,PRD0009,8,1,5,3,1,8410.88
2025-01-01,CDC_SCL,Santiago DC,PRD0010,10,0,5,5,3,60280.2
2025-01-01,CDC_SCL,Santiago DC,PRD0011,3,3,10,3,1,72143.61
2025-01-01,CDC_SCL,Santiago DC,PRD0012,-2,0,5,0,0,0.0
2025-01-01,CDC_SCL,Santiago DC,PRD0013,14,5,5,5,3,12649.14
2025-01-01,CDC_SCL,Santiago DC,PRD0014,9,2,0,5,3,294217.92
2025-01-01,CDC_SCL,Santiago DC,PRD0015,2,2,10,2,1,49886.44
2025-01-01,CDC_SCL,Santiago DC,PRD0016,0,0,0,0,0,0.0
2025-01-01,CDC_SCL,Santiago DC,PRD0017,0,0,0,0,0,0.0
2025-01-01,CDC_SCL,Santiago DC,PRD0018,12,1,0,8,4,11572.08
2025-01-01,CDC_SCL,Santiago DC,PRD0019,35,3,5,8,4,53520.6
2025-01-01,CDC_SCL,Santiago DC,PRD0020,4,1,0,3,1,37041.32
2025-01-01,CDC_SCL,Santiago DC,PRD0021,17,4,0,10,6,18834.81
2025-01-01,CDC_SCL,Santiago DC,PRD0022,24,0,0,8,4,16572.72
2025-01-01,CDC_SCL,Santiago DC,PRD0023,9,5,10,5,3,27382.23
2025-01-01,CDC_SCL,Santiago DC,PRD0024,8,1,5,5,3,124700.8
2025-01-01,CDC_SCL,Santiago DC,PRD0025,5,4,2,3,1,2379.5
2025-01-01,CDC_SCL,Santiago DC,PRD0026,12,2,0,5,3,109167.72
2025-01-01,CDC_SCL,Santiago DC,PRD0027,0,0,2,0,0,0.0
2025-01-01,CDC_SCL,Santiago DC,PRD0028,6,3,15,5,3,35906.88
2025-01-01,CDC_SCL,Santiago DC,PRD0029,33,3,0,8,4,215878.08
2025-01-01,CDC_SCL,Santiago DC,PRD0030,1,0,2,1,0,1103.44
2025-01-01,CDC_SCL,Santiago DC,PRD0031,6,4,5,5,3,47058.3
2025-01-01,CDC_SCL,Santiago DC,PRD0032,6,1,15,2,1,2611.68
2025-01-01,CDC_SCL,Santiago DC,PRD0033,0,0,0,0,0,0.0
2025-01-01,CDC_SCL,Santiago DC,PRD0034,5,1,0,5,3,28638.7
2025-01-01,CDC_SCL,Santiago DC,PRD0035,0,0,2,0,0,0.0
2025-01-01,CDC_SCL,Santiago DC,PRD0036,11,5,0,8,4,28846.07
2025-01-01,CDC_SCL,Santiago DC,PRD0037,3,1,0,1,0,858.75
2025-01-01,CDC_SCL,Santiago DC,PRD0038,0,0,0,3,1,0.0
2025-01-01,CDC_SCL,Santiago DC,PRD0039,18,5,5,10,6,141702.48
2025-01-01,CDC_SCL,Santiago DC,PRD0040,1,1,15,0,0,9769.36
2025-01-01,CDC_SCL,Santiago DC,PRD0041,5,3,0,3,1,76975.05
2025-01-01,CDC_SCL,Santiago DC,PRD0042,4,1,10,3,1,11435.28
2025-01-01,CDC_SCL,Santiago DC,PRD0043,0,0,0,0,0,0.0
2025-01-01,CDC_SCL,Santiago DC,PRD0044,5,2,0,2,1,138703.45
2025-01-01,CDC_SCL,Santiago DC,PRD0045,0,0,15,0,0,0.0
2025-01-01,CDC_SCL,Santiago DC,PRD0046,7,2,0,5,3,2540.23
2025-01-01,CDC_SCL,Santiago DC,PRD0047,2,2,0,1,0,10330.02
2025-01-01,CDC_SCL,Santiago DC,PRD0048,3,0,0,2,1,14031.18
2025-01-01,CDC_SCL,Santiago DC,PRD0049,14,5,0,5,3,6408.22
2025-01-01,CDC_SCL,Santiago DC,PRD0050,14,3,2,3,1,2465.68
2025-01-01,CDC_SCL,Santiago DC,PRD0051,0,0,0,3,1,0.0
2025-01-01,CDC_SCL,Santiago DC,PRD0052,5,2,2,3,1,42584.35
2025-01-01,CDC_SCL,Santiago DC,PRD0053,12,2,10,5,3,9040.8
2025-01-01,CDC_SCL,Santiago DC,PRD0054,0,0,10,0,0,0.0
2025-01-01,CDC_SCL,Santiago DC,PRD0055,20,3,15,10,6,7401.6
2025-01-01,CDC_SCL,Santiago DC,PRD0056,32,4,0,10,6,866629.12
2025-01-01,CDC_SCL,Santiago DC,PRD0057,5,5,0,2,1,36265.75
2025-01-01,CDC_SCL,Santiago DC,PRD0058,5,5,0,2,1,13478.25
2025-01-01,CDC_SCL,Santiago DC,PRD0059,20,1,5,10,6,410045.8
2025-01-01,CDC_SCL,Santiago DC,PRD0060,8,2,0,5,3,122281.52
2025-01-01,CDC_SCL,Santiago DC,PRD0061,0,0,0,0,0,0.0
2025-01-01,CDC_SCL,Santiago DC,PRD0062,13,4,5,3,1,145349.1
2025-01-01,CDC_SCL,Santiago DC,PRD0063,15,2,5,10,6,79326.45
2025-01-01,CDC_SCL,Santiago DC,PRD0064,12,4,0,8,4,252013.56
2025-01-01,CDC_SCL,Santiago DC,PRD0065,0,0,15,0,0,0.0
2025-01-01,CDC_SCL,Santiago DC,PRD0066,34,2,2,10,6,9098.74
2025-01-01,CDC_SCL,Santiago DC,PRD0067,1,1,15,0,0,410.04
2025-01-01,CDC_SCL,Santiago DC,PRD0068,10,4,15,8,4,77133.4
2025-01-01,CDC_SCL,Santiago DC,PRD0069,2,2,15,1,0,9784.24
2025-01-01,CDC_SCL,Santiago DC,PRD0070,4,2,0,2,1,113874.04
2025-01-01,CDC_SCL,Santiago DC,PRD0071,11,2,2,10,6,10270.7
2025-01-01,CDC_SCL,Santiago DC,PRD0072,25,3,0,8,4,170719.5
2025-01-01,CDC_SCL,Santiago DC,PRD0073,0,0,0,0,0,0.0
2025-01-01,CDC_SCL,Santiago DC,PRD0074,35,0,15,10,6,865642.4
2025-01-01,CDC_SCL,Santiago DC,PRD0075,7,3,5,3,1,7849.24
2025-01-01,CDC_SCL,Santiago DC,PRD0076,4,0,5,5,3,65366.92
2025-01-01,CDC_SCL,Santiago DC,PRD0077,0,0,0,0,0,0.0
2025-01-01,CDC_SCL,Santiago DC,PRD0078,2,0,15,1,0,18108.26
2025-01-01,CDC_SCL,Santiago DC,PRD0079,1,0,15,2,1,5603.29
2025-01-01,CDC_SCL,Santiago DC,PRD0080,40,4,2,8,4,196524.0
2025-01-01,CDC_SCL,Santiago DC,PRD0081,0,0,0,0,0,0.0
2025-01-01,CDC_SCL,Santiago DC,PRD0082,25,2,0,8,4,30545.5
2025-01-01,CDC_SCL,Santiago DC,PRD0083,0,0,10,0,0,0.0
2025-01-01,CDC_SCL,Santiago DC,PRD0084,13,5,0,10,6,292979.96
2025-01-01,CDC_SCL,Santiago DC,PRD0085,0,0,0,0,0,0.0
2025-01-01,CDC_SCL,Santiago DC,PRD0086,1,0,0,1,0,3882.19
2025-01-01,CDC_SCL,Santiago DC,PRD0087,5,1,0,3,1,6179.85
2025-01-01,CDC_SCL,Santiago DC,PRD0088,25,2,0,8,4,20064.75
2025-01-01,CDC_SCL,Santiago DC,PRD0089,0,0,0,0,0,0.0
2025-01-01,CDC_SCL,Santiago DC,PRD0090,11,3,0,10,6,18910.1
2025-01-01,CDC_SCL,Santiago DC,PRD0091,4,4,2,2,1,2224.52
2025-01-01,CDC_SCL,Santiago DC,PRD0092,0,0,0,0,0,0.0
2025-01-01,CDC_SCL,Santiago DC,PRD0093,32,4,0,8,4,824021.12
2025-01-01,CDC_SCL,Santiago DC,PRD0094,1,0,0,1,0,16922.89
2025-01-01,CDC_SCL,Santiago DC,PRD0095,23,2,15,8,4,153168.5
2025-01-01,CDC_SCL,Santiago DC,PRD0096,4,0,0,1,0,4659.84
2025-01-01,CDC_SCL,Santiago DC,PRD0097,10,5,2,8,4,6725.0
2025-01-01,CDC_SCL,Santiago DC,PRD0098,0,0,0,0,0,0.0
2025-01-01,CDC_SCL,Santiago DC,PRD0099,10,3,0,5,3,21024.8
2025-01-01,CDC_SCL,Santiago DC,PRD0100,4,4,0,2,1,6344.04
2025-01-01,CDC_SCL,Santiago DC,PRD0101,12,2,5,5,3,59047.8
2025-01-01,CDC_SCL,Santiago DC,PRD0102,8,0,2,8,4,7444.72
2025-01-01,CDC_SCL,Santiago DC,PRD0103,3,2,15,1,0,17441.43
2025-01-01,CDC_SCL,Santiago DC,PRD0104,2,2,5,2,1,9805.54
2025-01-01,CDC_SCL,Santiago DC,PRD0105,3,2,0,2,1,1179.03
2025-01-01,CDC_SCL,Santiago DC,PRD0106,0,0,15,0,0,0.0
2025-01-01,CDC_SCL,Santiago DC,PRD0107,0,0,2,0,0,0.0
2025-01-01,CDC_SCL,Santiago DC,PRD0108,3,3,5,2,1,46321.02
2025-01-01,CDC_SCL,Santiago DC,PRD0109,27,5,0,8,4,482090.4
2025-01-01,CDC_SCL,Santiago DC,PRD0110,24,4,0,10,6,110904.72
2025-01-01,CDC_SCL,Santiago DC,PRD0111,0,0,0,3,1,0.0
2025-01-01,CDC_SCL,Santiago DC,PRD0112,1,1,0,1,0,16821.29
2025-01-01,CDC_SCL,Santiago DC,PRD0113,0,0,10,0,0,0.0
2025-01-01,CDC_SCL,Santiago DC,PRD0114,1,1,2,0,0,2222.21
2025-01-01,CDC_SCL,Santiago DC,PRD0115,13,3,15,8,4,78445.9
2025-01-01,CDC_SCL,Santiago DC,PRD0116,18,5,0,10,6,233659.44
2025-01-01,CDC_SCL,Santiago DC,PRD0117,0,0,15,2,1,0.0
2025-01-01,CDC_SCL,Santiago DC,PRD0118,0,0,0,0,0,0.0
2025-01-01,CDC_SCL,Santiago DC,PRD0119,2,0,15,1,0,943.6
2025-01-01,CDC_SCL,Santiago DC,PRD0120,2,1,0,1,0,17252.76
2025-01-01,CDC_ANT,Antofagasta DC,PRD0001,0,0,0,0,0,0.0
2025-01-01,CDC_ANT,Antofagasta DC,PRD0002,26,0,2,10,6,374024.3
2025-01-01,CDC_ANT,Antofagasta DC,PRD0003,17,1,10,5,3,127563.58
2025-01-01,CDC_ANT,Antofagasta DC,PRD0004,3,2,10,3,1,10963.74
2025-01-01,CDC_ANT,Antofagasta DC,PRD0005,18,4,0,5,3,72743.04
2025-01-01,CDC_ANT,Antofagasta DC,PRD0006,12,4,0,3,1,87588.6
2025-01-01,CDC_ANT,Antofagasta DC,PRD0007,10,2,10,5,3,32155.2
2025-01-01,CDC_ANT,Antofagasta DC,PRD0008,0,0,10,0,0,0.0
2025-01-01,CDC_ANT,Antofagasta DC,PRD0009,15,2,0,5,3,15770.4
2025-01-01,CDC_ANT,Antofagasta DC,PRD0010,13,1,15,5,3,78364.26
2025-01-01,CDC_ANT,Antofagasta DC,PRD0011,3,0,2,2,1,72143.61
2025-01-01,CDC_ANT,Antofagasta DC,PRD0012,5,3,15,2,1,1769.15
2025-01-01,CDC_ANT,Antofagasta DC,PRD0013,3,1,0,1,0,2710.53
2025-01-01,CDC_ANT,Antofagasta DC,PRD0014,14,3,0,5,3,457672.32
2025-01-01,CDC_ANT,Antofagasta DC,PRD0015,-9,2,10,8,4,698410.16
2025-01-01,CDC_ANT,Antofagasta DC,PRD0016,4,4,0,3,1,1324.96
2025-01-01,CDC_ANT,Antofagasta DC,PRD0017,21,2,15,8,4,85258.95
2025-01-01,CDC_ANT,Antofagasta DC,PRD0018,10,5,2,3,1,9643.4
2025-01-01,CDC_ANT,Antofagasta DC,PRD0019,0,0,0,0,0,0.0
2025-01-01,CDC_ANT,Antofagasta DC,PRD0020,2,1,10,1,0,18520.66
2025-01-01,CDC_ANT,Antofagasta DC,PRD0021,46,5,2,10,6,50964.78
2025-01-01,CDC_ANT,Antofagasta DC,PRD0022,0,0,5,0,0,0.0
2025-01-01,CDC_ANT,Antofagasta DC,PRD0023,0,0,0,0,0,0.0
2025-01-01,CDC_ANT,Antofagasta DC,PRD0024,5,4,0,5,3,77938.0
2025-01-01,CDC_ANT,Antofagasta DC,PRD0025,36,1,0,10,6,17132.4
2025-01-01,CDC_ANT,Antofagasta DC,PRD0026,0,0,5,0,0,0.0
2025-01-01,CDC_ANT,Antofagasta DC,PRD0027,6,3,15,3,1,33331.26
2025-01-01,CDC_ANT,Antofagasta DC,PRD0028,7,4,15,3,1,41891.36
2025-01-01,CDC_ANT,Antofagasta DC,PRD0029,17,2,10,8,4,111209.92
2025-01-01,CDC_ANT,Antofagasta DC,PRD0030,41,5,0,10,6,45241.04
2025-01-01,CDC_ANT,Antofagasta DC,PRD0031,15,2,0,8,4,117645.75
2025-01-01,CDC_ANT,Antofagasta DC,PRD0032,4,4,0,5,3,1741.12
2025-01-01,CDC_ANT,Antofagasta DC,PRD0033,0,0,2,0,0,0.0
2025-01-01,CDC_ANT,Antofagasta DC,PRD0034,1,1,0,2,1,5727.74
2025-01-01,CDC_ANT,Antofagasta DC,PRD0035,0,0,5,0,0,0.0
2025-01-01,CDC_ANT,Antofagasta DC,PRD0036,12,1,5,3,1,31468.44
2025-01-01,CDC_ANT,Antofagasta DC,PRD0037,1,1,5,0,0,286.25
2025-01-01,CDC_ANT,Antofagasta DC,PRD0038,3,0,5,2,1,101127.57
2025-01-01,CDC_ANT,Antofagasta DC,PRD0039,0,0,0,0,0,0.0
2025-01-01,CDC_ANT,Antofagasta DC,PRD0040,1,0,0,1,0,9769.36
2025-01-01,CDC_ANT,Antofagasta DC,PRD0041,0,0,15,0,0,0.0
2025-01-01,CDC_ANT,Antofagasta DC,PRD0042,1,1,5,1,0,2858.82
2025-01-01,CDC_ANT,Antofagasta DC,PRD0043,0,0,15,0,0,0.0
2025-01-01,CDC_ANT,Antofagasta DC,PRD0044,5,4,5,3,1,138703.45
2025-01-01,CDC_ANT,Antofagasta DC,PRD0045,0,0,15,2,1,0.0
2025-01-01,CDC_ANT,Antofagasta DC,PRD0046,13,3,10,5,3,4717.57
2025-01-01,CDC_ANT,Antofagasta DC,PRD0047,40,4,15,10,6,206600.4
2025-01-01,CDC_ANT,Antofagasta DC,PRD0048,15,2,2,5,3,70155.9
2025-01-01,CDC_ANT,Antofagasta DC,PRD0049,3,3,5,1,0,1373.19
2025-01-01,CDC_ANT,Antofagasta DC,PRD0050,0,0,15,0,0,0.0
2025-01-01,CDC_ANT,Antofagasta DC,PRD0051,0,0,0,0,0,0.0
2025-01-01,CDC_ANT,Antofagasta DC,PRD0052,16,4,2,5,3,136269.92
2025-01-01,CDC_ANT,Antofagasta DC,PRD0053,24,2,2,8,4,18081.6
2025-01-01,CDC_ANT,Antofagasta DC,PRD0054,34,4,0,10,6,70587.4
2025-01-01,CDC_ANT,Antofagasta DC,PRD0055,4,3,5,2,1,1480.32
2025-01-01,CDC_ANT,Antofagasta DC,PRD0056,1,1,2,1,0,27082.16
2025-01-01,CDC_ANT,Antofagasta DC,PRD0057,9,4,0,3,1,65278.35
2025-01-01,CDC_ANT,Antofagasta DC,PRD0058,24,3,15,10,6,64695.6
2025-01-01,CDC_ANT,Antofagasta DC,PRD0059,0,0,0,0,0,0.0
2025-01-01,CDC_ANT,Antofagasta DC,PRD0060,0,0,0,1,0,0.0
2025-01-01,CDC_ANT,Antofagasta DC,PRD0061,3,3,0,1,0,18744.03
2025-01-01,CDC_ANT,Antofagasta DC,PRD0062,3,0,0,3,1,33542.1
2025-01-01,CDC_ANT,Antofagasta DC,PRD0063,3,0,0,1,0,15865.29
2025-01-01,CDC_ANT,Antofagasta DC,PRD0064,0,0,10,3,1,0.0
2025-01-01,CDC_ANT,Antofagasta DC,PRD0065,0,0,15,0,0,0.0
2025-01-01,CDC_ANT,Antofagasta DC,PRD0066,28,5,15,10,6,7493.08
2025-01-01,CDC_ANT,Antofagasta DC,PRD0067,1,1,0,1,0,410.04
2025-01-01,CDC_ANT,Antofagasta DC,PRD0068,5,3,2,5,3,38566.7
2025-01-01,CDC_ANT,Antofagasta DC,PRD0069,16,0,2,8,4,78273.92
2025-01-01,CDC_ANT,Antofagasta DC,PRD0070,1,0,5,1,0,28468.51
2025-01-01,CDC_ANT,Antofagasta DC,PRD0071,0,0,15,1,0,0.0
2025-01-01,CDC_ANT,Antofagasta DC,PRD0072,2,1,15,1,0,13657.56
2025-01-01,CDC_ANT,Antofagasta DC,PRD0073,6,0,2,3,1,157584.24
2025-01-01,CDC_ANT,Antofagasta DC,PRD0074,28,2,0,10,6,692513.92
2025-01-01,CDC_ANT,Antofagasta DC,PRD0075,3,0,0,1,0,3363.96
2025-01-01,CDC_ANT,Antofagasta DC,PRD0076,28,4,0,10,6,457568.44
2025-01-01,CDC_ANT,Antofagasta DC,PRD0077,17,2,10,10,6,4226.88
2025-01-01,CDC_ANT,Antofagasta DC,PRD0078,0,0,15,0,0,0.0
2025-01-01,CDC_ANT,Antofagasta DC,PRD0079,0,0,5,0,0,0.0
2025-01-01,CDC_ANT,Antofagasta DC,PRD0080,5,1,0,5,3,24565.5
2025-01-01,CDC_ANT,Antofagasta DC,PRD0081,25,1,0,8,4,24413.5
2025-01-01,CDC_ANT,Antofagasta DC,PRD0082,2,2,2,1,0,2443.64
2025-01-01,CDC_ANT,Antofagasta DC,PRD0083,0,0,0,0,0,0.0
2025-01-01,CDC_ANT,Antofagasta DC,PRD0084,2,2,10,1,0,45073.84
2025-01-01,CDC_ANT,Antofagasta DC,PRD0085,3,3,0,3,1,15724.59
2025-01-01,CDC_ANT,Antofagasta DC,PRD0086,7,3,5,5,3,27175.33
2025-01-01,CDC_ANT,Antofagasta DC,PRD0087,5,1,5,3,1,6179.85
2025-01-01,CDC_ANT,Antofagasta DC,PRD0088,7,2,15,3,1,5618.13
2025-01-01,CDC_ANT,Antofagasta DC,PRD0089,0,0,10,0,0,0.0
2025-01-01,CDC_ANT,Antofagasta DC,PRD0090,-5,0,0,1,0,1719.1
2025-01-01,CDC_ANT,Antofagasta DC,PRD0091,0,0,0,0,0,0.0
2025-01-01,CDC_ANT,Antofagasta DC,PRD0092,1,1,2,0,0,11227.82
2025-01-01,CDC_ANT,Antofagasta DC,PRD0093,2,1,2,1,0,51501.32
2025-01-01,CDC_ANT,Antofagasta DC,PRD0094,12,5,0,5,3,203074.68
2025-01-01,CDC_ANT,Antofagasta DC,PRD0095,0,0,15,0,0,0.0
2025-01-01,CDC_ANT,Antofagasta DC,PRD0096,3,0,0,1,0,3494.88
2025-01-01,CDC_ANT,Antofagasta DC,PRD0097,13,3,2,8,4,8742.5
2025-01-01,CDC_ANT,Antofagasta DC,PRD0098,10,1,2,8,4,11121.7
2025-01-01,CDC_ANT,Antofagasta DC,PRD0099,38,3,15,8,4,79894.24
2025-01-01,CDC_ANT,Antofagasta DC,PRD0100,0,0,10,0,0,0.0
2025-01-01,CDC_ANT,Antofagasta DC,PRD0101,9,1,10,3,1,44285.85
2025-01-01,CDC_ANT,Antofagasta DC,PRD0102,3,2,15,1,0,2791.77
2025-01-01,CDC_ANT,Antofagasta DC,PRD0103,17,4,0,5,3,98834.77
2025-01-01,CDC_ANT,Antofagasta DC,PRD0104,0,0,10,0,0,0.0
2025-01-01,CDC_ANT,Antofagasta DC,PRD0105,3,2,2,3,1,1179.03
2025-01-01,CDC_ANT,Antofagasta DC,PRD0106,5,0,0,3,1,43059.05
2025-01-01,CDC_ANT,Antofagasta DC,PRD0107,0,0,0,0,0,0.0
2025-01-01,CDC_ANT,Antofagasta DC,PRD0108,0,0,15,0,0,0.0
2025-01-01,CDC_ANT,Antofagasta DC,PRD0109,0,0,0,0,0,0.0
2025-01-01,CDC_ANT,Antofagasta DC,PRD0110,9,5,5,3,1,41589.27
2025-01-01,CDC_ANT,Antofagasta DC,PRD0111,2,0,15,1,0,16159.86
2025-01-01,CDC_ANT,Antofagasta DC,PRD0112,25,3,2,8,4,420532.25
2025-01-01,CDC_ANT,Antofagasta DC,PRD0113,1,0,0,3,1,1106.9
2025-01-01,CDC_ANT,Antofagasta DC,PRD0114,5,5,0,2,1,11111.05
2025-01-01,CDC_ANT,Antofagasta DC,PRD0115,6,3,15,3,1,36205.8
2025-01-01,CDC_ANT,Antofagasta DC,PRD0116,0,0,15,0,0,0.0
2025-01-01,CDC_ANT,Antofagasta DC,PRD0117,32,1,0,10,6,30830.08
2025-01-01,CDC_ANT,Antofagasta DC,PRD0118,16,4,2,5,3,118168.32
2025-01-01,CDC_ANT,Antofagasta DC,PRD0119,6,3,5,2,1,2830.8
2025-01-01,CDC_ANT,Antofagasta DC,PRD0120,34,0,2,10,6,293296.92
2025-01-01,CDC_CAL,Calama Hub,PRD0001,20,2,5,10,6,503569.6
2025-01-01,CDC_CAL,Calama Hub,PRD0002,5,4,5,2,1,71927.75
2025-01-01,CDC_CAL,Calama Hub,PRD0003,1,0,10,0,0,7503.74
2025-01-01,CDC_CAL,Calama Hub,PRD0004,18,2,5,5,3,65782.44
2025-01-01,CDC_CAL,Calama Hub,PRD0005,3,3,10,1,0,12123.84
2025-01-01,CDC_CAL,Calama Hub,PRD0006,17,2,0,10,6,124083.85
2025-01-01,CDC_CAL,Calama Hub,PRD0007,4,2,2,1,0,12862.08
2025-01-01,CDC_CAL,Calama Hub,PRD0008,7,2,0,5,3,25392.71
2025-01-01,CDC_CAL,Calama Hub,PRD0009,13,1,2,5,3,13667.68
2025-01-01,CDC_CAL,Calama Hub,PRD0010,9,5,0,5,3,54252.18
2025-01-01,CDC_CAL,Calama Hub,PRD0011,0,0,5,0,0,0.0
2025-01-01,CDC_CAL,Calama Hub,PRD0012,6,4,15,5,3,2122.98
2025-01-01,CDC_CAL,Calama Hub,PRD0013,4,2,10,2,1,3614.04
2025-01-01,CDC_CAL,Calama Hub,PRD0014,0,0,0,0,0,0.0
2025-01-01,CDC_CAL,Calama Hub,PRD0015,1,0,0,0,0,24943.22
2025-01-01,CDC_CAL,Calama Hub,PRD0016,0,0,0,0,0,0.0
2025-01-01,CDC_CAL,Calama Hub,PRD0017,10,2,10,5,3,40599.5
2025-01-01,CDC_CAL,Calama Hub,PRD0018,6,2,0,2,1,5786.04
2025-01-01,CDC_CAL,Calama Hub,PRD0019,1,1,2,1,0,1529.16
2025-01-01,CDC_CAL,Calama Hub,PRD0020,0,0,15,0,0,0.0
2025-01-01,CDC_CAL,Calama Hub,PRD0021,0,0,10,0,0,0.0
2025-01-01,CDC_CAL,Calama Hub,PRD0022,21,4,0,10,6,14501.13
2025-01-01,CDC_CAL,Calama Hub,PRD0023,3,0,2,2,1,9127.41
2025-01-01,CDC_CAL,Calama Hub,PRD0024,32,3,2,8,4,498803.2
2025-01-01,CDC_CAL,Calama Hub,PRD0025,0,0,15,0,0,0.0
2025-01-01,CDC_CAL,Calama Hub,PRD0026,7,3,10,2,1,63681.17
2025-01-01,CDC_CAL,Calama Hub,PRD0027,2,0,0,1,0,11110.42
2025-01-01,CDC_CAL,Calama Hub,PRD0028,17,0,0,5,3,101736.16
2025-01-01,CDC_CAL,Calama Hub,PRD0029,14,1,5,5,3,91584.64
2025-01-01,CDC_CAL,Calama Hub,PRD0030,3,3,10,3,1,3310.32
2025-01-01,CDC_CAL,Calama Hub,PRD0031,7,2,0,2,1,54901.35
2025-01-01,CDC_CAL,Calama Hub,PRD0032,11,4,5,10,6,4788.08
2025-01-01,CDC_CAL,Calama Hub,PRD0033,8,3,2,3,1,46570.56
2025-01-01,CDC_CAL,Calama Hub,PRD0034,0,0,0,0,0,0.0
2025-01-01,CDC_CAL,Calama Hub,PRD0035,19,3,0,8,4,89281.76
2025-01-01,CDC_CAL,Calama Hub,PRD0036,1,1,0,2,1,2622.37
2025-01-01,CDC_CAL,Calama Hub,PRD0037,2,0,15,2,1,572.5
2025-01-01,CDC_CAL,Calama Hub,PRD0038,2,0,10,1,0,67418.38
2025-01-01,CDC_CAL,Calama Hub,PRD0039,3,0,0,1,0,23617.08
2025-01-01,CDC_CAL,Calama Hub,PRD0040,0,0,10,0,0,0.0
2025-01-01,CDC_CAL,Calama Hub,PRD0041,4,3,10,2,1,61580.04
2025-01-01,CDC_CAL,Calama Hub,PRD0042,-8,2,0,2,1,5717.64
2025-01-01,CDC_CAL,Calama Hub,PRD0043,1,0,15,1,0,14338.2
2025-01-01,CDC_CAL,Calama Hub,PRD0044,3,1,2,1,0,83222.07
2025-01-01,CDC_CAL,Calama Hub,PRD0045,0,0,15,0,0,0.0
2025-01-01,CDC_CAL,Calama Hub,PRD0046,0,0,0,0,0,0.0
2025-01-01,CDC_CAL,Calama Hub,PRD0047,0,0,0,0,0,0.0
2025-01-01,CDC_CAL,Calama Hub,PRD0048,0,0,0,0,0,0.0
2025-01-01,CDC_CAL,Calama Hub,PRD0049,24,5,0,5,3,10985.52
2025-01-01,CDC_CAL,Calama Hub,PRD0050,12,5,2,10,6,2113.44
2025-01-01,CDC_CAL,Calama Hub,PRD0051,11,2,15,5,3,232715.34
2025-01-01,CDC_CAL,Calama Hub,PRD0052,27,5,5,10,6,229955.49
2025-01-01,CDC_CAL,Calama Hub,PRD0053,6,5,10,3,1,4520.4
2025-01-01,CDC_CAL,Calama Hub,PRD0054,2,0,2,1,0,4152.2
2025-01-01,CDC_CAL,Calama Hub,PRD0055,17,2,15,8,4,6291.36
2025-01-01,CDC_CAL,Calama Hub,PRD0056,14,5,0,5,3,379150.24
2025-01-01,CDC_CAL,Calama Hub,PRD0057,19,0,2,10,6,137809.85
2025-01-01,CDC_CAL,Calama Hub,PRD0058,16,4,10,10,6,43130.4
2025-01-01,CDC_CAL,Calama Hub,PRD0059,6,3,0,2,1,123013.74
2025-01-01,CDC_CAL,Calama Hub,PRD0060,2,1,2,1,0,30570.38
2025-01-01,CDC_CAL,Calama Hub,PRD0061,16,3,0,5,3,99968.16
2025-01-01,CDC_CAL,Calama Hub,PRD0062,1,1,15,1,0,11180.7
2025-01-01,CDC_CAL,Calama Hub,PRD0063,27,0,0,8,4,142787.61
2025-01-01,CDC_CAL,Calama Hub,PRD0064,7,5,0,8,4,147007.91
2025-01-01,CDC_CAL,Calama Hub,PRD0065,1,0,0,0,0,995.12
2025-01-01,CDC_CAL,Calama Hub,PRD0066,2,1,10,1,0,535.22
2025-01-01,CDC_CAL,Calama Hub,PRD0067,11,1,5,5,3,4510.44
2025-01-01,CDC_CAL,Calama Hub,PRD0068,4,0,5,1,0,30853.36
2025-01-01,CDC_CAL,Calama Hub,PRD0069,2,2,2,0,0,9784.24
2025-01-01,CDC_CAL,Calama Hub,PRD0070,7,1,5,3,1,199279.57
2025-01-01,CDC_CAL,Calama Hub,PRD0071,5,0,15,3,1,4668.5
2025-01-01,CDC_CAL,Calama Hub,PRD0072,4,3,0,3,1,27315.12
2025-01-01,CDC_CAL,Calama Hub,PRD0073,6,4,0,2,1,157584.24
2025-01-01,CDC_CAL,Calama Hub,PRD0074,0,0,5,0,0,0.0
2025-01-01,CDC_CAL,Calama Hub,PRD0075,21,3,10,10,6,23547.72
2025-01-01,CDC_CAL,Calama Hub,PRD0076,9,5,15,10,6,147075.57
2025-01-01,CDC_CAL,Calama Hub,PRD0077,12,3,5,8,4,2983.68
2025-01-01,CDC_CAL,Calama Hub,PRD0078,9,0,5,8,4,81487.17
2025-01-01,CDC_CAL,Calama Hub,PRD0079,32,4,10,10,6,179305.28
2025-01-01,CDC_CAL,Calama Hub,PRD0080,2,1,0,2,1,9826.2
2025-01-01,CDC_CAL,Calama Hub,PRD0081,1,0,5,1,0,976.54
2025-01-01,CDC_CAL,Calama Hub,PRD0082,5,0,2,2,1,6109.1
2025-01-01,CDC_CAL,Calama Hub,PRD0083,32,1,15,10,6,76710.4
2025-01-01,CDC_CAL,Calama Hub,PRD0084,4,0,10,2,1,90147.68
2025-01-01,CDC_CAL,Calama Hub,PRD0085,11,3,0,8,4,57656.83
2025-01-01,CDC_CAL,Calama Hub,PRD0086,0,0,0,0,0,0.0
2025-01-01,CDC_CAL,Calama Hub,PRD0087,12,3,0,5,3,14831.64
2025-01-01,CDC_CAL,Calama Hub,PRD0088,0,0,15,0,0,0.0
2025-01-01,CDC_CAL,Calama Hub,PRD0089,7,0,2,2,1,44437.12
2025-01-01,CDC_CAL,Calama Hub,PRD0090,0,0,0,0,0,0.0
2025-01-01,CDC_CAL,Calama Hub,PRD0091,9,0,15,5,3,5005.17
2025-01-01,CDC_CAL,Calama Hub,PRD0092,3,3,0,2,1,33683.46
2025-01-01,CDC_CAL,Calama Hub,PRD0093,6,4,0,3,1,154503.96
2025-01-01,CDC_CAL,Calama Hub,PRD0094,2,0,10,1,0,33845.78
2025-01-01,CDC_CAL,Calama Hub,PRD0095,1,0,0,1,0,6659.5
2025-01-01,CDC_CAL,Calama Hub,PRD0096,15,2,0,8,4,17474.4
2025-01-01,CDC_CAL,Calama Hub,PRD0097,15,4,0,8,4,10087.5
2025-01-01,CDC_CAL,Calama Hub,PRD0098,29,1,15,10,6,32252.93
2025-01-01,CDC_CAL,Calama Hub,PRD0099,3,1,0,2,1,6307.44
2025-01-01,CDC_CAL,Calama Hub,PRD0100,2,2,15,1,0,3172.02
2025-01-01,CDC_CAL,Calama Hub,PRD0101,1,0,2,1,0,4920.65
2025-01-01,CDC_CAL,Calama Hub,PRD0102,17,1,0,10,6,15820.03
2025-01-01,CDC_CAL,Calama Hub,PRD0103,17,1,5,8,4,98834.77
2025-01-01,CDC_CAL,Calama Hub,PRD0104,5,2,0,3,1,24513.85
2025-01-01,CDC_CAL,Calama Hub,PRD0105,3,0,10,1,0,1179.03
2025-01-01,CDC_CAL,Calama Hub,PRD0106,10,2,10,5,3,86118.1
2025-01-01,CDC_CAL,Calama Hub,PRD0107,0,0,0,0,0,0.0
2025-01-01,CDC_CAL,Calama Hub,PRD0108,5,2,15,2,1,77201.7
2025-01-01,CDC_CAL,Calama Hub,PRD0109,16,5,0,10,6,285683.2
2025-01-01,CDC_CAL,Calama Hub,PRD0110,8,5,0,5,3,36968.24
2025-01-01,CDC_CAL,Calama Hub,PRD0111,1,1,10,1,0,8079.93
2025-01-01,CDC_CAL,Calama Hub,PRD0112,0,0,0,0,0,0.0
2025-01-01,CDC_CAL,Calama Hub,PRD0113,24,2,0,10,6,26565.6
2025-01-01,CDC_CAL,Calama Hub,PRD0114,0,0,0,0,0,0.0
2025-01-01,CDC_CAL,Calama Hub,PRD0115,14,0,0,8,4,84480.2
2025-01-01,CDC_CAL,Calama Hub,PRD0116,12,2,2,5,3,155772.96
2025-01-01,CDC_CAL,Calama Hub,PRD0117,0,0,15,0,0,0.0
2025-01-01,CDC_CAL,Calama Hub,PRD0118,4,4,10,2,1,29542.08
2025-01-01,CDC_CAL,Calama Hub,PRD0119,0,0,0,0,0,0.0
2025-01-01,CDC_CAL,Calama Hub,PRD0120,9,5,0,5,3,77637.42
2025-01-01,CDC_COP,Copiapó Hub,PRD0001,18,0,0,8,4,453212.64
2025-01-01,CDC_COP,Copiapó Hub,PRD0002,0,0,0,0,0,0.0
2025-01-01,CDC_COP,Copiapó Hub,PRD0003,5,4,0,3,1,37518.7
2025-01-01,CDC_COP,Copiapó Hub,PRD0004,11,2,15,8,4,40200.38
2025-01-01,CDC_COP,Copiapó Hub,PRD0005,2,0,10,2,1,8082.56
2025-01-01,CDC_COP,Copiapó Hub,PRD0006,19,1,0,8,4,138681.95
2025-01-01,CDC_COP,Copiapó Hub,PRD0007,2,1,10,1,0,6431.04
2025-01-01,CDC_COP,Copiapó Hub,PRD0008,0,0,5,0,0,0.0
2025-01-01,CDC_COP,Copiapó Hub,PRD0009,22,0,0,8,4,23129.92
2025-01-01,CDC_COP,Copiapó Hub,PRD0010,11,3,0,3,1,66308.22
2025-01-01,CDC_COP,Copiapó Hub,PRD0011,6,1,0,3,1,144287.22
2025-01-01,CDC_COP,Copiapó Hub,PRD0012,0,0,10,0,0,0.0
2025-01-01,CDC_COP,Copiapó Hub,PRD0013,0,0,10,0,0,0.0
2025-01-01,CDC_COP,Copiapó Hub,PRD0014,10,4,10,3,1,326908.8
2025-01-01,CDC_COP,Copiapó Hub,PRD0015,2,1,0,1,0,49886.44
2025-01-01,CDC_COP,Copiapó Hub,PRD0016,0,0,5,0,0,0.0
2025-01-01,CDC_COP,Copiapó Hub,PRD0017,0,0,0,0,0,0.0
2025-01-01,CDC_COP,Copiapó Hub,PRD0018,0,0,15,1,0,0.0
2025-01-01,CDC_COP,Copiapó Hub,PRD0019,7,3,0,3,1,10704.12
2025-01-01,CDC_COP,Copiapó Hub,PRD0020,0,0,0,1,0,0.0
2025-01-01,CDC_COP,Copiapó Hub,PRD0021,21,0,10,8,4,23266.53
2025-01-01,CDC_COP,Copiapó Hub,PRD0022,1,0,2,0,0,690.53
2025-01-01,CDC_COP,Copiapó Hub,PRD0023,0,0,2,2,1,0.0
2025-01-01,CDC_COP,Copiapó Hub,PRD0024,2,1,5,2,1,31175.2
2025-01-01,CDC_COP,Copiapó Hub,PRD0025,13,0,0,5,3,6186.7
2025-01-01,CDC_COP,Copiapó Hub,PRD0026,7,3,0,2,1,63681.17
2025-01-01,CDC_COP,Copiapó Hub,PRD0027,0,0,0,0,0,0.0
2025-01-01,CDC_COP,Copiapó Hub,PRD0028,5,2,2,8,4,29922.4
2025-01-01,CDC_COP,Copiapó Hub,PRD0029,5,0,0,5,3,32708.8
2025-01-01,CDC_COP,Copiapó Hub,PRD0030,25,0,0,8,4,27586.0
2025-01-01,CDC_COP,Copiapó Hub,PRD0031,0,0,2,0,0,0.0
2025-01-01,CDC_COP,Copiapó Hub,PRD0032,4,2,0,2,1,1741.12
2025-01-01,CDC_COP,Copiapó Hub,PRD0033,1,1,0,2,1,5821.32
2025-01-01,CDC_COP,Copiapó Hub,PRD0034,23,0,0,8,4,131738.02
2025-01-01,CDC_COP,Copiapó Hub,PRD0035,14,0,15,5,3,65786.56
2025-01-01,CDC_COP,Copiapó Hub,PRD0036,0,0,0,0,0,0.0
2025-01-01,CDC_COP,Copiapó Hub,PRD0037,4,1,0,3,1,1145.0
2025-01-01,CDC_COP,Copiapó Hub,PRD0038,0,0,2,0,0,0.0
2025-01-01,CDC_COP,Copiapó Hub,PRD0039,0,0,2,1,0,0.0
2025-01-01,CDC_COP,Copiapó Hub,PRD0040,9,4,0,3,1,87924.24
2025-01-01,CDC_COP,Copiapó Hub,PRD0041,5,3,2,2,1,76975.05
2025-01-01,CDC_COP,Copiapó Hub,PRD0042,8,3,0,3,1,22870.56
2025-01-01,CDC_COP,Copiapó Hub,PRD0043,3,3,10,2,1,43014.6
2025-01-01,CDC_COP,Copiapó Hub,PRD0044,8,5,0,2,1,221925.52
2025-01-01,CDC_COP,Copiapó Hub,PRD0045,0,0,0,0,0,0.0
2025-01-01,CDC_COP,Copiapó Hub,PRD0046,0,0,0,0,0,0.0
2025-01-01,CDC_COP,Copiapó Hub,PRD0047,1,0,15,1,0,5165.01
2025-01-01,CDC_COP,Copiapó Hub,PRD0048,9,2,0,5,3,42093.54
2025-01-01,CDC_COP,Copiapó Hub,PRD0049,0,0,0,0,0,0.0
2025-01-01,CDC_COP,Copiapó Hub,PRD0050,20,1,15,5,3,3522.4
2025-01-01,CDC_COP,Copiapó Hub,PRD0051,2,0,5,3,1,42311.88
2025-01-01,CDC_COP,Copiapó Hub,PRD0052,0,0,15,0,0,0.0
2025-01-01,CDC_COP,Copiapó Hub,PRD0053,22,5,0,8,4,16574.8
2025-01-01,CDC_COP,Copiapó Hub,PRD0054,10,1,15,5,3,20761.0
2025-01-01,CDC_COP,Copiapó Hub,PRD0055,7,1,0,3,1,2590.56
2025-01-01,CDC_COP,Copiapó Hub,PRD0056,0,0,10,2,1,0.0
2025-01-01,CDC_COP,Copiapó Hub,PRD0057,0,0,0,0,0,0.0
2025-01-01,CDC_COP,Copiapó Hub,PRD0058,9,1,0,3,1,24260.85
2025-01-01,CDC_COP,Copiapó Hub,PRD0059,1,1,15,10,6,20502.29
2025-01-01,CDC_COP,Copiapó Hub,PRD0060,31,0,15,10,6,473840.89
2025-01-01,CDC_COP,Copiapó Hub,PRD0061,2,0,0,3,1,12496.02
2025-01-01,CDC_COP,Copiapó Hub,PRD0062,18,4,10,5,3,201252.6
2025-01-01,CDC_COP,Copiapó Hub,PRD0063,23,5,5,10,6,121633.89
2025-01-01,CDC_COP,Copiapó Hub,PRD0064,2,2,10,3,1,42002.26
2025-01-01,CDC_COP,Copiapó Hub,PRD0065,9,3,10,5,3,8956.08
2025-01-01,CDC_COP,Copiapó Hub,PRD0066,5,0,0,2,1,1338.05
2025-01-01,CDC_COP,Copiapó Hub,PRD0067,0,0,5,0,0,0.0
2025-01-01,CDC_COP,Copiapó Hub,PRD0068,0,0,0,0,0,0.0
2025-01-01,CDC_COP,Copiapó Hub,PRD0069,0,0,2,0,0,0.0
2025-01-01,CDC_COP,Copiapó Hub,PRD0070,28,3,10,10,6,797118.28
2025-01-01,CDC_COP,Copiapó Hub,PRD0071,24,3,2,10,6,22408.8
2025-01-01,CDC_COP,Copiapó Hub,PRD0072,0,0,5,0,0,0.0
2025-01-01,CDC_COP,Copiapó Hub,PRD0073,0,0,15,0,0,0.0
2025-01-01,CDC_COP,Copiapó Hub,PRD0074,0,0,0,1,0,0.0
2025-01-01,CDC_COP,Copiapó Hub,PRD0075,20,5,0,8,4,22426.4
2025-01-01,CDC_COP,Copiapó Hub,PRD0076,6,1,0,2,1,98050.38
2025-01-01,CDC_COP,Copiapó Hub,PRD0077,0,0,2,0,0,0.0
2025-01-01,CDC_COP,Copiapó Hub,PRD0078,-5,3,2,5,3,63378.91
2025-01-01,CDC_COP,Copiapó Hub,PRD0079,0,0,2,0,0,0.0
2025-01-01,CDC_COP,Copiapó Hub,PRD0080,15,0,0,5,3,73696.5
2025-01-01,CDC_COP,Copiapó Hub,PRD0081,6,2,15,5,3,5859.24
2025-01-01,CDC_COP,Copiapó Hub,PRD0082,12,5,15,10,6,14661.84
2025-01-01,CDC_COP,Copiapó Hub,PRD0083,0,0,0,0,0,0.0
2025-01-01,CDC_COP,Copiapó Hub,PRD0084,5,0,0,2,1,112684.6
2025-01-01,CDC_COP,Copiapó Hub,PRD0085,0,0,0,0,0,0.0
2025-01-01,CDC_COP,Copiapó Hub,PRD0086,0,0,2,0,0,0.0
2025-01-01,CDC_COP,Copiapó Hub,PRD0087,0,0,0,0,0,0.0
2025-01-01,CDC_COP,Copiapó Hub,PRD0088,1,1,5,0,0,802.59
2025-01-01,CDC_COP,Copiapó Hub,PRD0089,2,1,2,1,0,12696.32
2025-01-01,CDC_COP,Copiapó Hub,PRD0090,7,2,0,3,1,12033.7
2025-01-01,CDC_COP,Copiapó Hub,PRD0091,0,0,10,0,0,0.0
2025-01-01,CDC_COP,Copiapó Hub,PRD0092,1,1,10,0,0,11227.82
2025-01-01,CDC_COP,Copiapó Hub,PRD0093,0,0,15,0,0,0.0
2025-01-01,CDC_COP,Copiapó Hub,PRD0094,0,0,2,0,0,0.0
2025-01-01,CDC_COP,Copiapó Hub,PRD0095,9,4,2,5,3,59935.5
2025-01-01,CDC_COP,Copiapó Hub,PRD0096,2,2,10,1,0,2329.92
2025-01-01,CDC_COP,Copiapó Hub,PRD0097,7,3,5,3,1,4707.5
2025-01-01,CDC_COP,Copiapó Hub,PRD0098,0,0,0,0,0,0.0
2025-01-01,CDC_COP,Copiapó Hub,PRD0099,15,4,5,8,4,31537.2
2025-01-01,CDC_COP,Copiapó Hub,PRD0100,20,0,2,8,4,31720.2
2025-01-01,CDC_COP,Copiapó Hub,PRD0101,10,2,15,10,6,49206.5
2025-01-01,CDC_COP,Copiapó Hub,PRD0102,0,0,0,0,0,0.0
2025-01-01,CDC_COP,Copiapó Hub,PRD0103,0,0,10,0,0,0.0
2025-01-01,CDC_COP,Copiapó Hub,PRD0104,6,1,0,2,1,29416.62
2025-01-01,CDC_COP,Copiapó Hub,PRD0105,0,0,0,0,0,0.0
2025-01-01,CDC_COP,Copiapó Hub,PRD0106,2,1,15,1,0,17223.62
2025-01-01,CDC_COP,Copiapó Hub,PRD0107,30,3,5,10,6,823579.8
2025-01-01,CDC_COP,Copiapó Hub,PRD0108,3,2,15,1,0,46321.02
2025-01-01,CDC_COP,Copiapó Hub,PRD0109,13,2,2,3,1,232117.6
2025-01-01,CDC_COP,Copiapó Hub,PRD0110,2,1,5,1,0,9242.06
2025-01-01,CDC_COP,Copiapó Hub,PRD0111,17,3,10,10,6,137358.81
2025-01-01,CDC_COP,Copiapó Hub,PRD0112,12,4,0,5,3,201855.48
2025-01-01,CDC_COP,Copiapó Hub,PRD0113,0,0,0,0,0,0.0
2025-01-01,CDC_COP,Copiapó Hub,PRD0114,0,0,0,0,0,0.0
2025-01-01,CDC_COP,Copiapó Hub,PRD0115,10,2,0,3,1,60343.0
2025-01-01,CDC_COP,Copiapó Hub,PRD0116,22,0,0,10,6,285583.76
2025-01-01,CDC_COP,Copiapó Hub,PRD0117,0,0,0,0,0,0.0
2025-01-01,CDC_COP,Copiapó Hub,PRD0118,0,0,0,0,0,0.0
2025-01-01,CDC_COP,Copiapó Hub,PRD0119,10,3,0,3,1,4718.0
2025-01-01,CDC_COP,Copiapó Hub,PRD0120,24,3,0,10,6,207033.12
2025-02-01,CDC_SCL,Santiago DC,PRD0001,0,0,0,0,0,0.0
2025-02-01,CDC_SCL,Santiago DC,PRD0002,15,0,0,5,3,215783.25
2025-02-01,CDC_SCL,Santiago DC,PRD0003,1,0,0,1,0,7503.74
2025-02-01,CDC_SCL,Santiago DC,PRD0004,18,0,5,10,6,65782.44
2025-02-01,CDC_SCL,Santiago DC,PRD0005,3,0,5,2,1,12123.84
2025-02-01,CDC_SCL,Santiago DC,PRD0006,29,5,0,8,4,211672.45
2025-02-01,CDC_SCL,Santiago DC,PRD0007,41,0,0,10,6,131836.32
2025-02-01,CDC_SCL,Santiago DC,PRD0008,23,3,10,8,4,83433.19
2025-02-01,CDC_SCL,Santiago DC,PRD0009,35,0,0,10,6,36797.6
2025-02-01,CDC_SCL,Santiago DC,PRD0010,2,2,0,1,0,12056.04
2025-02-01,CDC_SCL,Santiago DC,PRD0011,4,2,0,3,1,96191.48
2025-02-01,CDC_SCL,Santiago DC,PRD0012,16,4,0,8,4,5661.28
2025-02-01,CDC_SCL,Santiago DC,PRD0013,0,0,10,0,0,0.0
2025-02-01,CDC_SCL,Santiago DC,PRD0014,23,4,0,10,6,751890.24
2025-02-01,CDC_SCL,Santiago DC,PRD0015,0,0,0,0,0,0.0
2025-02-01,CDC_SCL,Santiago DC,PRD0016,10,1,0,5,3,3312.4
2025-02-01,CDC_SCL,Santiago DC,PRD0017,13,3,2,10,6,52779.35
2025-02-01,CDC_SCL,Santiago DC,PRD0018,9,0,15,5,3,8679.06
2025-02-01,CDC_SCL,Santiago DC,PRD0019,3,1,0,2,1,4587.48
2025-02-01,CDC_SCL,Santiago DC,PRD0020,3,1,0,2,1,27780.99
2025-02-01,CDC_SCL,Santiago DC,PRD0021,0,0,0,0,0,0.0
2025-02-01,CDC_SCL,Santiago DC,PRD0022,6,3,0,3,1,4143.18
2025-02-01,CDC_SCL,Santiago DC,PRD0023,15,5,0,10,6,45637.05
2025-02-01,CDC_SCL,Santiago DC,PRD0024,1,1,15,3,1,15587.6
2025-02-01,CDC_SCL,Santiago DC,PRD0025,5,2,5,2,1,2379.5
2025-02-01,CDC_SCL,Santiago DC,PRD0026,3,0,5,3,1,27291.93
2025-02-01,CDC_SCL,Santiago DC,PRD0027,3,1,0,3,1,16665.63
2025-02-01,CDC_SCL,Santiago DC,PRD0028,0,0,5,0,0,0.0
2025-02-01,CDC_SCL,Santiago DC,PRD0029,14,4,5,5,3,91584.64
2025-02-01,CDC_SCL,Santiago DC,PRD0030,22,3,15,10,6,24275.68
2025-02-01,CDC_SCL,Santiago DC,PRD0031,2,2,15,2,1,15686.1
2025-02-01,CDC_SCL,Santiago DC,PRD0032,27,5,2,8,4,11752.56
2025-02-01,CDC_SCL,Santiago DC,PRD0033,22,3,0,8,4,128069.04
2025-02-01,CDC_SCL,Santiago DC,PRD0034,6,5,0,10,6,34366.44
2025-02-01,CDC_SCL,Santiago DC,PRD0035,4,3,15,1,0,18796.16
2025-02-01,CDC_SCL,Santiago DC,PRD0036,5,5,5,5,3,13111.85
2025-02-01,CDC_SCL,Santiago DC,PRD0037,0,0,15,0,0,0.0
2025-02-01,CDC_SCL,Santiago DC,PRD0038,6,4,0,3,1,202255.14
2025-02-01,CDC_SCL,Santiago DC,PRD0039,17,5,2,5,3,133830.12
2025-02-01,CDC_SCL,Santiago DC,PRD0040,31,0,0,10,6,302850.16
2025-02-01,CDC_SCL,Santiago DC,PRD0041,0,0,2,0,0,0.0
2025-02-01,CDC_SCL,Santiago DC,PRD0042,16,4,15,5,3,45741.12
2025-02-01,CDC_SCL,Santiago DC,PRD0043,11,4,15,8,4,157720.2
2025-02-01,CDC_SCL,Santiago DC,PRD0044,2,1,2,3,1,55481.38
2025-02-01,CDC_SCL,Santiago DC,PRD0045,7,5,10,2,1,33838.0
2025-02-01,CDC_SCL,Santiago DC,PRD0046,6,1,10,5,3,2177.34
2025-02-01,CDC_SCL,Santiago DC,PRD0047,3,3,15,1,0,15495.03
2025-02-01,CDC_SCL,Santiago DC,PRD0048,8,2,15,3,1,37416.48
2025-02-01,CDC_SCL,Santiago DC,PRD0049,0,0,2,0,0,0.0
2025-02-01,CDC_SCL,Santiago DC,PRD0050,7,2,2,3,1,1232.84
2025-02-01,CDC_SCL,Santiago DC,PRD0051,0,0,0,0,0,0.0
2025-02-01,CDC_SCL,Santiago DC,PRD0052,11,5,15,5,3,93685.57
2025-02-01,CDC_SCL,Santiago DC,PRD0053,5,2,0,8,4,3767.0
2025-02-01,CDC_SCL,Santiago DC,PRD0054,1,1,2,0,0,2076.1
2025-02-01,CDC_SCL,Santiago DC,PRD0055,1,1,5,1,0,370.08
2025-02-01,CDC_SCL,Santiago DC,PRD0056,38,3,10,10,6,1029122.08
2025-02-01,CDC_SCL,Santiago DC,PRD0057,21,5,5,8,4,152316.15
2025-02-01,CDC_SCL,Santiago DC,PRD0058,13,1,0,5,3,35043.45
2025-02-01,CDC_SCL,Santiago DC,PRD0059,4,0,0,3,1,82009.16
2025-02-01,CDC_SCL,Santiago DC,PRD0060,0,0,15,1,0,0.0
2025-02-01,CDC_SCL,Santiago DC,PRD0061,26,1,2,10,6,162448.26
2025-02-01,CDC_SCL,Santiago DC,PRD0062,0,0,0,0,0,0.0
2025-02-01,CDC_SCL,Santiago DC,PRD0063,39,2,0,10,6,206248.77
2025-02-01,CDC_SCL,Santiago DC,PRD0064,15,4,10,5,3,315016.95
2025-02-01,CDC_SCL,Santiago DC,PRD0065,2,2,5,1,0,1990.24
2025-02-01,CDC_SCL,Santiago DC,PRD0066,29,5,5,10,6,7760.69
2025-02-01,CDC_SCL,Santiago DC,PRD0067,14,0,10,5,3,5740.56
2025-02-01,CDC_SCL,Santiago DC,PRD0068,2,2,0,1,0,15426.68
2025-02-01,CDC_SCL,Santiago DC,PRD0069,4,4,0,5,3,19568.48
2025-02-01,CDC_SCL,Santiago DC,PRD0070,2,0,5,2,1,56937.02
2025-02-01,CDC_SCL,Santiago DC,PRD0071,6,5,10,2,1,5602.2
2025-02-01,CDC_SCL,Santiago DC,PRD0072,1,0,15,3,1,6828.78
2025-02-01,CDC_SCL,Santiago DC,PRD0073,8,0,10,5,3,210112.32
2025-02-01,CDC_SCL,Santiago DC,PRD0074,5,3,15,2,1,123663.2
2025-02-01,CDC_SCL,Santiago DC,PRD0075,4,2,10,2,1,4485.28
2025-02-01,CDC_SCL,Santiago DC,PRD0076,21,0,2,8,4,343176.33
2025-02-01,CDC_SCL,Santiago DC,PRD0077,0,0,5,0,0,0.0
2025-02-01,CDC_SCL,Santiago DC,PRD0078,4,2,5,5,3,36216.52
2025-02-01,CDC_SCL,Santiago DC,PRD0079,19,0,0,10,6,106462.51
2025-02-01,CDC_SCL,Santiago DC,PRD0080,2,2,15,1,0,9826.2
2025-02-01,CDC_SCL,Santiago DC,PRD0081,0,0,0,0,0,0.0
2025-02-01,CDC_SCL,Santiago DC,PRD0082,0,0,0,0,0,0.0
2025-02-01,CDC_SCL,Santiago DC,PRD0083,13,4,0,8,4,31163.6
2025-02-01,CDC_SCL,Santiago DC,PRD0084,0,0,15,0,0,0.0
2025-02-01,CDC_SCL,Santiago DC,PRD0085,18,1,0,10,6,94347.54
2025-02-01,CDC_SCL,Santiago DC,PRD0086,29,5,0,10,6,112583.51
2025-02-01,CDC_SCL,Santiago DC,PRD0087,4,3,10,3,1,4943.88
2025-02-01,CDC_SCL,Santiago DC,PRD0088,0,0,2,0,0,0.0
2025-02-01,CDC_SCL,Santiago DC,PRD0089,2,2,2,3,1,12696.32
2025-02-01,CDC_SCL,Santiago DC,PRD0090,3,3,0,3,1,5157.3
2025-02-01,CDC_SCL,Santiago DC,PRD0091,6,3,0,2,1,3336.78
2025-02-01,CDC_SCL,Santiago DC,PRD0092,0,0,2,0,0,0.0
2025-02-01,CDC_SCL,Santiago DC,PRD0093,0,0,15,0,0,0.0
2025-02-01,CDC_SCL,Santiago DC,PRD0094,23,4,10,10,6,389226.47
2025-02-01,CDC_SCL,Santiago DC,PRD0095,3,2,5,3,1,19978.5
2025-02-01,CDC_SCL,Santiago DC,PRD0096,-4,0,0,8,4,6989.76
2025-02-01,CDC_SCL,Santiago DC,PRD0097,0,0,10,0,0,0.0
2025-02-01,CDC_SCL,Santiago DC,PRD0098,0,0,10,0,0,0.0
2025-02-01,CDC_SCL,Santiago DC,PRD0099,9,3,0,8,4,18922.32
2025-02-01,CDC_SCL,Santiago DC,PRD0100,3,2,15,1,0,4758.03
2025-02-01,CDC_SCL,Santiago DC,PRD0101,0,0,0,0,0,0.0
2025-02-01,CDC_SCL,Santiago DC,PRD0102,2,2,5,1,0,1861.18
2025-02-01,CDC_SCL,Santiago DC,PRD0103,8,4,15,5,3,46510.48
2025-02-01,CDC_SCL,Santiago DC,PRD0104,0,0,0,0,0,0.0
2025-02-01,CDC_SCL,Santiago DC,PRD0105,0,0,0,8,4,0.0
2025-02-01,CDC_SCL,Santiago DC,PRD0106,2,2,0,1,0,17223.62
2025-02-01,CDC_SCL,Santiago DC,PRD0107,9,0,0,3,1,247073.94
2025-02-01,CDC_SCL,Santiago DC,PRD0108,24,2,0,10,6,370568.16
2025-02-01,CDC_SCL,Santiago DC,PRD0109,19,3,15,8,4,339248.8
2025-02-01,CDC_SCL,Santiago DC,PRD0110,16,0,0,10,6,73936.48
2025-02-01,CDC_SCL,Santiago DC,PRD0111,0,0,10,0,0,0.0
2025-02-01,CDC_SCL,Santiago DC,PRD0112,4,0,2,2,1,67285.16
2025-02-01,CDC_SCL,Santiago DC,PRD0113,17,3,0,8,4,18817.3
2025-02-01,CDC_SCL,Santiago DC,PRD0114,10,1,5,3,1,22222.1
2025-02-01,CDC_SCL,Santiago DC,PRD0115,2,2,10,8,4,12068.6
2025-02-01,CDC_SCL,Santiago DC,PRD0116,1,0,5,0,0,12981.08
2025-02-01,CDC_SCL,Santiago DC,PRD0117,17,0,0,8,4,16378.48
2025-02-01,CDC_SCL,Santiago DC,PRD0118,0,0,0,0,0,0.0
2025-02-01,CDC_SCL,Santiago DC,PRD0119,0,0,0,0,0,0.0
2025-02-01,CDC_SCL,Santiago DC,PRD0120,19,3,0,5,3,163901.22
2025-02-01,CDC_ANT,Antofagasta DC,PRD0001,1,0,5,0,0,25178.48
2025-02-01,CDC_ANT,Antofagasta DC,PRD0002,5,4,0,2,1,71927.75
2025-02-01,CDC_ANT,Antofagasta DC,PRD0003,0,0,0,0,0,0.0
2025-02-01,CDC_ANT,Antofagasta DC,PRD0004,11,1,2,8,4,40200.38
2025-02-01,CDC_ANT,Antofagasta DC,PRD0005,9,3,0,5,3,36371.52
2025-02-01,CDC_ANT,Antofagasta DC,PRD0006,3,2,0,2,1,21897.15
2025-02-01,CDC_ANT,Antofagasta DC,PRD0007,9,0,5,10,6,28939.68
2025-02-01,CDC_ANT,Antofagasta DC,PRD0008,8,0,0,3,1,29020.24
2025-02-01,CDC_ANT,Antofagasta DC,PRD0009,21,2,15,8,4,22078.56
2025-02-01,CDC_ANT,Antofagasta DC,PRD0010,0,0,0,0,0,0.0
2025-02-01,CDC_ANT,Antofagasta DC,PRD0011,23,3,0,10,6,553101.01
2025-02-01,CDC_ANT,Antofagasta DC,PRD0012,0,0,5,1,0,0.0
2025-02-01,CDC_ANT,Antofagasta DC,PRD0013,0,0,5,0,0,0.0
2025-02-01,CDC_ANT,Antofagasta DC,PRD0014,10,1,15,3,1,326908.8
2025-02-01,CDC_ANT,Antofagasta DC,PRD0015,30,2,0,10,6,748296.6
2025-02-01,CDC_ANT,Antofagasta DC,PRD0016,0,0,0,0,0,0.0
2025-02-01,CDC_ANT,Antofagasta DC,PRD0017,2,0,10,1,0,8119.9
2025-02-01,CDC_ANT,Antofagasta DC,PRD0018,19,5,15,10,6,18322.46
2025-02-01,CDC_ANT,Antofagasta DC,PRD0019,4,2,0,2,1,6116.64
2025-02-01,CDC_ANT,Antofagasta DC,PRD0020,18,3,2,8,4,166685.94
2025-02-01,CDC_ANT,Antofagasta DC,PRD0021,0,0,2,8,4,0.0
2025-02-01,CDC_ANT,Antofagasta DC,PRD0022,0,0,0,0,0,0.0
2025-02-01,CDC_ANT,Antofagasta DC,PRD0023,4,0,10,2,1,12169.88
2025-02-01,CDC_ANT,Antofagasta DC,PRD0024,33,1,5,8,4,514390.8
2025-02-01,CDC_ANT,Antofagasta DC,PRD0025,14,4,0,8,4,6662.6
2025-02-01,CDC_ANT,Antofagasta DC,PRD0026,2,0,2,2,1,18194.62
2025-02-01,CDC_ANT,Antofagasta DC,PRD0027,32,0,0,8,4,177766.72
2025-02-01,CDC_ANT,Antofagasta DC,PRD0028,32,5,15,10,6,191503.36
2025-02-01,CDC_ANT,Antofagasta DC,PRD0029,1,0,15,1,0,6541.76
2025-02-01,CDC_ANT,Antofagasta DC,PRD0030,14,3,0,5,3,15448.16
2025-02-01,CDC_ANT,Antofagasta DC,PRD0031,0,0,5,1,0,0.0
2025-02-01,CDC_ANT,Antofagasta DC,PRD0032,10,2,5,3,1,4352.8
2025-02-01,CDC_ANT,Antofagasta DC,PRD0033,0,0,0,0,0,0.0
2025-02-01,CDC_ANT,Antofagasta DC,PRD0034,6,0,15,2,1,34366.44
2025-02-01,CDC_ANT,Antofagasta DC,PRD0035,5,3,10,3,1,23495.2
2025-02-01,CDC_ANT,Antofagasta DC,PRD0036,0,0,0,0,0,0.0
2025-02-01,CDC_ANT,Antofagasta DC,PRD0037,0,0,10,0,0,0.0
2025-02-01,CDC_ANT,Antofagasta DC,PRD0038,0,0,2,0,0,0.0
2025-02-01,CDC_ANT,Antofagasta DC,PRD0039,1,0,0,0,0,7872.36
2025-02-01,CDC_ANT,Antofagasta DC,PRD0040,5,3,2,10,6,48846.8
2025-02-01,CDC_ANT,Antofagasta DC,PRD0041,17,4,0,5,3,261715.17
2025-02-01,CDC_ANT,Antofagasta DC,PRD0042,2,0,2,2,1,5717.64
2025-02-01,CDC_ANT,Antofagasta DC,PRD0043,6,0,10,3,1,86029.2
2025-02-01,CDC_ANT,Antofagasta DC,PRD0044,4,1,2,3,1,110962.76
2025-02-01,CDC_ANT,Antofagasta DC,PRD0045,10,5,2,8,4,48340.0
2025-02-01,CDC_ANT,Antofagasta DC,PRD0046,0,0,0,0,0,0.0
2025-02-01,CDC_ANT,Antofagasta DC,PRD0047,-3,2,0,8,4,10330.02
2025-02-01,CDC_ANT,Antofagasta DC,PRD0048,17,0,0,5,3,79510.02
2025-02-01,CDC_ANT,Antofagasta DC,PRD0049,32,1,0,10,6,14647.36
2025-02-01,CDC_ANT,Antofagasta DC,PRD0050,0,0,2,0,0,0.0
2025-02-01,CDC_ANT,Antofagasta DC,PRD0051,2,2,0,1,0,42311.88
2025-02-01,CDC_ANT,Antofagasta DC,PRD0052,0,0,10,0,0,0.0
2025-02-01,CDC_ANT,Antofagasta DC,PRD0053,0,0,0,0,0,0.0
2025-02-01,CDC_ANT,Antofagasta DC,PRD0054,0,0,0,0,0,0.0
2025-02-01,CDC_ANT,Antofagasta DC,PRD0055,0,0,0,0,0,0.0
2025-02-01,CDC_ANT,Antofagasta DC,PRD0056,0,0,0,0,0,0.0
2025-02-01,CDC_ANT,Antofagasta DC,PRD0057,1,0,0,2,1,7253.15
2025-02-01,CDC_ANT,Antofagasta DC,PRD0058,16,5,0,10,6,43130.4
2025-02-01,CDC_ANT,Antofagasta DC,PRD0059,2,2,10,1,0,41004.58
2025-02-01,CDC_ANT,Antofagasta DC,PRD0060,6,5,0,2,1,91711.14
2025-02-01,CDC_ANT,Antofagasta DC,PRD0061,0,0,0,0,0,0.0
2025-02-01,CDC_ANT,Antofagasta DC,PRD0062,32,4,5,8,4,357782.4
2025-02-01,CDC_ANT,Antofagasta DC,PRD0063,2,2,5,3,1,10576.86
2025-02-01,CDC_ANT,Antofagasta DC,PRD0064,40,1,10,10,6,840045.2
2025-02-01,CDC_ANT,Antofagasta DC,PRD0065,21,3,15,8,4,20897.52
2025-02-01,CDC_ANT,Antofagasta DC,PRD0066,0,0,15,0,0,0.0
2025-02-01,CDC_ANT,Antofagasta DC,PRD0067,15,2,0,5,3,6150.6
2025-02-01,CDC_ANT,Antofagasta DC,PRD0068,6,1,5,2,1,46280.04
2025-02-01,CDC_ANT,Antofagasta DC,PRD0069,0,0,0,0,0,0.0
2025-02-01,CDC_ANT,Antofagasta DC,PRD0070,3,3,10,2,1,85405.53
2025-02-01,CDC_ANT,Antofagasta DC,PRD0071,2,1,5,2,1,1867.4
2025-02-01,CDC_ANT,Antofagasta DC,PRD0072,3,2,0,2,1,20486.34
2025-02-01,CDC_ANT,Antofagasta DC,PRD0073,17,4,2,5,3,446488.68
2025-02-01,CDC_ANT,Antofagasta DC,PRD0074,1,1,2,1,0,24732.64
2025-02-01,CDC_ANT,Antofagasta DC,PRD0075,0,0,5,0,0,0.0
2025-02-01,CDC_ANT,Antofagasta DC,PRD0076,9,4,0,3,1,147075.57
2025-02-01,CDC_ANT,Antofagasta DC,PRD0077,1,1,0,1,0,248.64
2025-02-01,CDC_ANT,Antofagasta DC,PRD0078,14,3,5,5,3,126757.82
2025-02-01,CDC_ANT,Antofagasta DC,PRD0079,22,2,2,10,6,123272.38
2025-02-01,CDC_ANT,Antofagasta DC,PRD0080,4,3,2,5,3,19652.4
2025-02-01,CDC_ANT,Antofagasta DC,PRD0081,27,3,10,10,6,26366.58
2025-02-01,CDC_ANT,Antofagasta DC,PRD0082,2,1,0,2,1,2443.64
2025-02-01,CDC_ANT,Antofagasta DC,PRD0083,13,5,5,5,3,31163.6
2025-02-01,CDC_ANT,Antofagasta DC,PRD0084,0,0,0,0,0,0.0
2025-02-01,CDC_ANT,Antofagasta DC,PRD0085,3,1,0,3,1,15724.59
2025-02-01,CDC_ANT,Antofagasta DC,PRD0086,0,0,0,1,0,0.0
2025-02-01,CDC_ANT,Antofagasta DC,PRD0087,7,0,0,5,3,8651.79
2025-02-01,CDC_ANT,Antofagasta DC,PRD0088,8,5,0,5,3,6420.72
2025-02-01,CDC_ANT,Antofagasta DC,PRD0089,3,0,0,2,1,19044.48
2025-02-01,CDC_ANT,Antofagasta DC,PRD0090,0,0,10,0,0,0.0
2025-02-01,CDC_ANT,Antofagasta DC,PRD0091,10,2,2,8,4,5561.3
2025-02-01,CDC_ANT,Antofagasta DC,PRD0092,0,0,10,0,0,0.0
2025-02-01,CDC_ANT,Antofagasta DC,PRD0093,1,1,10,2,1,25750.66
2025-02-01,CDC_ANT,Antofagasta DC,PRD0094,7,1,0,3,1,118460.23
2025-02-01,CDC_ANT,Antofagasta DC,PRD0095,9,0,10,10,6,59935.5
2025-02-01,CDC_ANT,Antofagasta DC,PRD0096,3,0,15,1,0,3494.88
2025-02-01,CDC_ANT,Antofagasta DC,PRD0097,14,0,0,8,4,9415.0
2025-02-01,CDC_ANT,Antofagasta DC,PRD0098,3,0,10,1,0,3336.51
2025-02-01,CDC_ANT,Antofagasta DC,PRD0099,22,0,15,8,4,46254.56
2025-02-01,CDC_ANT,Antofagasta DC,PRD0100,9,1,0,8,4,14274.09
2025-02-01,CDC_ANT,Antofagasta DC,PRD0101,20,4,2,10,6,98413.0
2025-02-01,CDC_ANT,Antofagasta DC,PRD0102,0,0,2,0,0,0.0
2025-02-01,CDC_ANT,Antofagasta DC,PRD0103,0,0,5,0,0,0.0
2025-02-01,CDC_ANT,Antofagasta DC,PRD0104,5,4,5,2,1,24513.85
2025-02-01,CDC_ANT,Antofagasta DC,PRD0105,2,2,5,1,0,786.02
2025-02-01,CDC_ANT,Antofagasta DC,PRD0106,11,4,10,5,3,94729.91
2025-02-01,CDC_ANT,Antofagasta DC,PRD0107,1,1,10,1,0,27452.66
2025-02-01,CDC_ANT,Antofagasta DC,PRD0108,1,0,5,0,0,15440.34
2025-02-01,CDC_ANT,Antofagasta DC,PRD0109,7,3,15,2,1,124986.4
2025-02-01,CDC_ANT,Antofagasta DC,PRD0110,13,1,2,5,3,60073.39
2025-02-01,CDC_ANT,Antofagasta DC,PRD0111,1,0,0,0,0,8079.93
2025-02-01,CDC_ANT,Antofagasta DC,PRD0112,17,3,5,10,6,285961.93
2025-02-01,CDC_ANT,Antofagasta DC,PRD0113,0,0,15,0,0,0.0
2025-02-01,CDC_ANT,Antofagasta DC,PRD0114,3,2,0,3,1,6666.63
2025-02-01,CDC_ANT,Antofagasta DC,PRD0115,4,3,5,2,1,24137.2
2025-02-01,CDC_ANT,Antofagasta DC,PRD0116,8,2,2,5,3,103848.64
2025-02-01,CDC_ANT,Antofagasta DC,PRD0117,4,3,15,3,1,3853.76
2025-02-01,CDC_ANT,Antofagasta DC,PRD0118,1,1,2,1,0,7385.52
2025-02-01,CDC_ANT,Antofagasta DC,PRD0119,26,1,2,10,6,12266.8
2025-02-01,CDC_ANT,Antofagasta DC,PRD0120,1,0,0,0,0,8626.38
2025-02-01,CDC_CAL,Calama Hub,PRD0001,11,3,0,8,4,276963.28
2025-02-01,CDC_CAL,Calama Hub,PRD0002,15,0,2,5,3,215783.25
2025-02-01,CDC_CAL,Calama Hub,PRD0003,5,1,10,2,1,37518.7
2025-02-01,CDC_CAL,Calama Hub,PRD0004,0,0,15,0,0,0.0
2025-02-01,CDC_CAL,Calama Hub,PRD0005,0,0,0,0,0,0.0
2025-02-01,CDC_CAL,Calama Hub,PRD0006,0,0,5,10,6,0.0
2025-02-01,CDC_CAL,Calama Hub,PRD0007,6,1,0,3,1,19293.12
2025-02-01,CDC_CAL,Calama Hub,PRD0008,1,0,0,0,0,3627.53
2025-02-01,CDC_CAL,Calama Hub,PRD0009,0,0,0,0,0,0.0
2025-02-01,CDC_CAL,Calama Hub,PRD0010,0,0,0,0,0,0.0
2025-02-01,CDC_CAL,Calama Hub,PRD0011,17,3,15,8,4,408813.79
2025-02-01,CDC_CAL,Calama Hub,PRD0012,14,0,0,10,6,4953.62
2025-02-01,CDC_CAL,Calama Hub,PRD0013,10,4,2,5,3,9035.1
2025-02-01,CDC_CAL,Calama Hub,PRD0014,9,1,15,8,4,294217.92
2025-02-01,CDC_CAL,Calama Hub,PRD0015,0,0,0,3,1,0.0
2025-02-01,CDC_CAL,Calama Hub,PRD0016,19,5,15,10,6,6293.56
2025-02-01,CDC_CAL,Calama Hub,PRD0017,3,1,0,1,0,12179.85
2025-02-01,CDC_CAL,Calama Hub,PRD0018,18,4,0,5,3,17358.12
2025-02-01,CDC_CAL,Calama Hub,PRD0019,45,3,2,10,6,68812.2
2025-02-01,CDC_CAL,Calama Hub,PRD0020,0,0,15,0,0,0.0
2025-02-01,CDC_CAL,Calama Hub,PRD0021,0,0,15,0,0,0.0
2025-02-01,CDC_CAL,Calama Hub,PRD0022,6,1,0,2,1,4143.18
2025-02-01,CDC_CAL,Calama Hub,PRD0023,3,0,5,1,0,9127.41
2025-02-01,CDC_CAL,Calama Hub,PRD0024,1,0,5,0,0,15587.6
2025-02-01,CDC_CAL,Calama Hub,PRD0025,25,2,0,10,6,11897.5
2025-02-01,CDC_CAL,Calama Hub,PRD0026,6,4,10,3,1,54583.86
2025-02-01,CDC_CAL,Calama Hub,PRD0027,0,0,0,0,0,0.0
2025-02-01,CDC_CAL,Calama Hub,PRD0028,3,2,0,2,1,17953.44
2025-02-01,CDC_CAL,Calama Hub,PRD0029,0,0,5,2,1,0.0
2025-02-01,CDC_CAL,Calama Hub,PRD0030,29,4,10,8,4,31999.76
2025-02-01,CDC_CAL,Calama Hub,PRD0031,9,5,0,5,3,70587.45
2025-02-01,CDC_CAL,Calama Hub,PRD0032,0,0,0,0,0,0.0
2025-02-01,CDC_CAL,Calama Hub,PRD0033,13,4,2,5,3,75677.16
2025-02-01,CDC_CAL,Calama Hub,PRD0034,24,3,2,8,4,137465.76
2025-02-01,CDC_CAL,Calama Hub,PRD0035,10,0,0,5,3,46990.4
2025-02-01,CDC_CAL,Calama Hub,PRD0036,4,0,0,2,1,10489.48
2025-02-01,CDC_CAL,Calama Hub,PRD0037,15,0,10,10,6,4293.75
2025-02-01,CDC_CAL,Calama Hub,PRD0038,1,1,10,0,0,33709.19
2025-02-01,CDC_CAL,Calama Hub,PRD0039,3,2,15,2,1,23617.08
2025-02-01,CDC_CAL,Calama Hub,PRD0040,5,0,0,3,1,48846.8
2025-02-01,CDC_CAL,Calama Hub,PRD0041,0,0,2,0,0,0.0
2025-02-01,CDC_CAL,Calama Hub,PRD0042,29,2,0,10,6,82905.78
2025-02-01,CDC_CAL,Calama Hub,PRD0043,8,2,0,3,1,114705.6
2025-02-01,CDC_CAL,Calama Hub,PRD0044,32,5,2,10,6,887702.08
2025-02-01,CDC_CAL,Calama Hub,PRD0045,6,2,5,5,3,29004.0
2025-02-01,CDC_CAL,Calama Hub,PRD0046,7,3,5,3,1,2540.23
2025-02-01,CDC_CAL,Calama Hub,PRD0047,0,0,15,0,0,0.0
2025-02-01,CDC_CAL,Calama Hub,PRD0048,15,1,2,8,4,70155.9
2025-02-01,CDC_CAL,Calama Hub,PRD0049,0,0,15,0,0,0.0
2025-02-01,CDC_CAL,Calama Hub,PRD0050,14,0,2,5,3,2465.68
2025-02-01,CDC_CAL,Calama Hub,PRD0051,0,0,0,0,0,0.0
2025-02-01,CDC_CAL,Calama Hub,PRD0052,27,3,0,10,6,229955.49
2025-02-01,CDC_CAL,Calama Hub,PRD0053,14,5,0,8,4,10547.6
2025-02-01,CDC_CAL,Calama Hub,PRD0054,22,3,0,8,4,45674.2
2025-02-01,CDC_CAL,Calama Hub,PRD0055,0,0,0,1,0,0.0
2025-02-01,CDC_CAL,Calama Hub,PRD0056,29,3,0,10,6,785382.64
2025-02-01,CDC_CAL,Calama Hub,PRD0057,1,0,2,0,0,7253.15
2025-02-01,CDC_CAL,Calama Hub,PRD0058,16,1,0,8,4,43130.4
2025-02-01,CDC_CAL,Calama Hub,PRD0059,0,0,0,0,0,0.0
2025-02-01,CDC_CAL,Calama Hub,PRD0060,20,4,15,5,3,305703.8
2025-02-01,CDC_CAL,Calama Hub,PRD0061,0,0,2,0,0,0.0
2025-02-01,CDC_CAL,Calama Hub,PRD0062,3,1,0,8,4,33542.1
2025-02-01,CDC_CAL,Calama Hub,PRD0063,1,0,0,1,0,5288.43
2025-02-01,CDC_CAL,Calama Hub,PRD0064,3,2,2,2,1,63003.39
2025-02-01,CDC_CAL,Calama Hub,PRD0065,0,0,0,1,0,0.0
2025-02-01,CDC_CAL,Calama Hub,PRD0066,0,0,15,0,0,0.0
2025-02-01,CDC_CAL,Calama Hub,PRD0067,3,3,0,1,0,1230.12
2025-02-01,CDC_CAL,Calama Hub,PRD0068,2,1,0,3,1,15426.68
2025-02-01,CDC_CAL,Calama Hub,PRD0069,0,0,0,0,0,0.0
2025-02-01,CDC_CAL,Calama Hub,PRD0070,0,0,15,0,0,0.0
2025-02-01,CDC_CAL,Calama Hub,PRD0071,0,0,2,0,0,0.0
2025-02-01,CDC_CAL,Calama Hub,PRD0072,17,5,0,5,3,116089.26
2025-02-01,CDC_CAL,Calama Hub,PRD0073,1,1,5,0,0,26264.04
2025-02-01,CDC_CAL,Calama Hub,PRD0074,7,2,5,2,1,173128.48
2025-02-01,CDC_CAL,Calama Hub,PRD0075,0,0,0,0,0,0.0
2025-02-01,CDC_CAL,Calama Hub,PRD0076,1,1,0,3,1,16341.73
2025-02-01,CDC_CAL,Calama Hub,PRD0077,23,2,15,10,6,5718.72
2025-02-01,CDC_CAL,Calama Hub,PRD0078,11,5,0,5,3,99595.43
2025-02-01,CDC_CAL,Calama Hub,PRD0079,33,2,0,10,6,184908.57
2025-02-01,CDC_CAL,Calama Hub,PRD0080,0,0,2,0,0,0.0
2025-02-01,CDC_CAL,Calama Hub,PRD0081,1,0,0,1,0,976.54
2025-02-01,CDC_CAL,Calama Hub,PRD0082,22,5,2,10,6,26880.04
2025-02-01,CDC_CAL,Calama Hub,PRD0083,2,0,0,0,0,4794.4
2025-02-01,CDC_CAL,Calama Hub,PRD0084,3,1,2,2,1,67610.76
2025-02-01,CDC_CAL,Calama Hub,PRD0085,9,2,15,5,3,47173.77
2025-02-01,CDC_CAL,Calama Hub,PRD0086,0,0,5,1,0,0.0
2025-02-01,CDC_CAL,Calama Hub,PRD0087,3,2,0,2,1,3707.91
2025-02-01,CDC_CAL,Calama Hub,PRD0088,4,3,2,2,1,3210.36
2025-02-01,CDC_CAL,Calama Hub,PRD0089,20,5,0,8,4,126963.2
2025-02-01,CDC_CAL,Calama Hub,PRD0090,0,0,2,0,0,0.0
2025-02-01,CDC_CAL,Calama Hub,PRD0091,9,4,2,3,1,5005.17
2025-02-01,CDC_CAL,Calama Hub,PRD0092,0,0,2,0,0,0.0
2025-02-01,CDC_CAL,Calama Hub,PRD0093,35,1,10,10,6,901273.1
2025-02-01,CDC_CAL,Calama Hub,PRD0094,30,2,0,10,6,507686.7
2025-02-01,CDC_CAL,Calama Hub,PRD0095,0,0,0,0,0,0.0
2025-02-01,CDC_CAL,Calama Hub,PRD0096,19,4,0,8,4,22134.24
2025-02-01,CDC_CAL,Calama Hub,PRD0097,8,3,0,3,1,5380.0
2025-02-01,CDC_CAL,Calama Hub,PRD0098,3,2,5,1,0,3336.51
2025-02-01,CDC_CAL,Calama Hub,PRD0099,6,2,15,3,1,12614.88
2025-02-01,CDC_CAL,Calama Hub,PRD0100,9,1,0,3,1,14274.09
2025-02-01,CDC_CAL,Calama Hub,PRD0101,28,3,5,8,4,137778.2
2025-02-01,CDC_CAL,Calama Hub,PRD0102,3,1,5,3,1,2791.77
2025-02-01,CDC_CAL,Calama Hub,PRD0103,1,0,10,2,1,5813.81
2025-02-01,CDC_CAL,Calama Hub,PRD0104,0,0,0,0,0,0.0
2025-02-01,CDC_CAL,Calama Hub,PRD0105,3,1,5,2,1,1179.03
2025-02-01,CDC_CAL,Calama Hub,PRD0106,1,1,2,1,0,8611.81
2025-02-01,CDC_CAL,Calama Hub,PRD0107,3,3,0,10,6,82357.98
2025-02-01,CDC_CAL,Calama Hub,PRD0108,0,0,0,0,0,0.0
2025-02-01,CDC_CAL,Calama Hub,PRD0109,0,0,0,0,0,0.0
2025-02-01,CDC_CAL,Calama Hub,PRD0110,9,4,10,2,1,41589.27
2025-02-01,CDC_CAL,Calama Hub,PRD0111,11,5,0,5,3,88879.23
2025-02-01,CDC_CAL,Calama Hub,PRD0112,20,4,15,10,6,336425.8
2025-02-01,CDC_CAL,Calama Hub,PRD0113,20,0,2,8,4,22138.0
2025-02-01,CDC_CAL,Calama Hub,PRD0114,13,0,5,3,1,28888.73
2025-02-01,CDC_CAL,Calama Hub,PRD0115,14,5,5,8,4,84480.2
2025-02-01,CDC_CAL,Calama Hub,PRD0116,4,3,2,2,1,51924.32
2025-02-01,CDC_CAL,Calama Hub,PRD0117,4,0,0,3,1,3853.76
2025-02-01,CDC_CAL,Calama Hub,PRD0118,7,4,0,3,1,51698.64
2025-02-01,CDC_CAL,Calama Hub,PRD0119,3,1,15,8,4,1415.4
2025-02-01,CDC_CAL,Calama Hub,PRD0120,26,3,5,10,6,224285.88
2025-02-01,CDC_COP,Copiapó Hub,PRD0001,0,0,5,0,0,0.0
2025-02-01,CDC_COP,Copiapó Hub,PRD0002,0,0,5,0,0,0.0
2025-02-01,CDC_COP,Copiapó Hub,PRD0003,3,0,2,2,1,22511.22
2025-02-01,CDC_COP,Copiapó Hub,PRD0004,1,0,0,0,0,3654.58
2025-02-01,CDC_COP,Copiapó Hub,PRD0005,5,3,2,5,3,20206.4
2025-02-01,CDC_COP,Copiapó Hub,PRD0006,3,0,5,1,0,21897.15
2025-02-01,CDC_COP,Copiapó Hub,PRD0007,0,0,0,0,0,0.0
2025-02-01,CDC_COP,Copiapó Hub,PRD0008,0,0,10,0,0,0.0
2025-02-01,CDC_COP,Copiapó Hub,PRD0009,1,0,15,1,0,1051.36
2025-02-01,CDC_COP,Copiapó Hub,PRD0010,4,4,5,2,1,24112.08
2025-02-01,CDC_COP,Copiapó Hub,PRD0011,0,0,10,0,0,0.0
2025-02-01,CDC_COP,Copiapó Hub,PRD0012,14,1,5,8,4,4953.62
2025-02-01,CDC_COP,Copiapó Hub,PRD0013,2,2,0,1,0,1807.02
2025-02-01,CDC_COP,Copiapó Hub,PRD0014,3,3,2,1,0,98072.64
2025-02-01,CDC_COP,Copiapó Hub,PRD0015,16,4,0,10,6,399091.52
2025-02-01,CDC_COP,Copiapó Hub,PRD0016,-2,5,0,10,6,9605.96
2025-02-01,CDC_COP,Copiapó Hub,PRD0017,2,2,5,5,3,8119.9
2025-02-01,CDC_COP,Copiapó Hub,PRD0018,24,5,15,10,6,23144.16
2025-02-01,CDC_COP,Copiapó Hub,PRD0019,3,1,5,2,1,4587.48
2025-02-01,CDC_COP,Copiapó Hub,PRD0020,1,1,15,0,0,9260.33
2025-02-01,CDC_COP,Copiapó Hub,PRD0021,3,2,15,1,0,3323.79
2025-02-01,CDC_COP,Copiapó Hub,PRD0022,35,4,15,10,6,24168.55
2025-02-01,CDC_COP,Copiapó Hub,PRD0023,8,3,5,5,3,24339.76
2025-02-01,CDC_COP,Copiapó Hub,PRD0024,3,1,15,2,1,46762.8
2025-02-01,CDC_COP,Copiapó Hub,PRD0025,0,0,10,0,0,0.0
2025-02-01,CDC_COP,Copiapó Hub,PRD0026,0,0,10,3,1,0.0
2025-02-01,CDC_COP,Copiapó Hub,PRD0027,0,0,15,1,0,0.0
2025-02-01,CDC_COP,Copiapó Hub,PRD0028,1,0,0,1,0,5984.48
2025-02-01,CDC_COP,Copiapó Hub,PRD0029,6,4,0,3,1,39250.56
2025-02-01,CDC_COP,Copiapó Hub,PRD0030,4,0,5,8,4,4413.76
2025-02-01,CDC_COP,Copiapó Hub,PRD0031,30,2,15,10,6,235291.5
2025-02-01,CDC_COP,Copiapó Hub,PRD0032,0,0,0,0,0,0.0
2025-02-01,CDC_COP,Copiapó Hub,PRD0033,1,0,5,0,0,5821.32
2025-02-01,CDC_COP,Copiapó Hub,PRD0034,0,0,0,0,0,0.0
2025-02-01,CDC_COP,Copiapó Hub,PRD0035,6,4,0,10,6,28194.24
2025-02-01,CDC_COP,Copiapó Hub,PRD0036,0,0,5,2,1,0.0
2025-02-01,CDC_COP,Copiapó Hub,PRD0037,2,1,10,0,0,572.5
2025-02-01,CDC_COP,Copiapó Hub,PRD0038,0,0,10,0,0,0.0
2025-02-01,CDC_COP,Copiapó Hub,PRD0039,22,1,5,10,6,173191.92
2025-02-01,CDC_COP,Copiapó Hub,PRD0040,33,0,0,10,6,322388.88
2025-02-01,CDC_COP,Copiapó Hub,PRD0041,0,0,0,0,0,0.0
2025-02-01,CDC_COP,Copiapó Hub,PRD0042,1,0,15,1,0,2858.82
2025-02-01,CDC_COP,Copiapó Hub,PRD0043,0,0,0,0,0,0.0
2025-02-01,CDC_COP,Copiapó Hub,PRD0044,2,2,15,0,0,55481.38
2025-02-01,CDC_COP,Copiapó Hub,PRD0045,0,0,10,0,0,0.0
2025-02-01,CDC_COP,Copiapó Hub,PRD0046,40,3,10,10,6,14515.6
2025-02-01,CDC_COP,Copiapó Hub,PRD0047,5,2,0,2,1,25825.05
2025-02-01,CDC_COP,Copiapó Hub,PRD0048,4,3,15,2,1,18708.24
2025-02-01,CDC_COP,Copiapó Hub,PRD0049,8,5,0,8,4,3661.84
2025-02-01,CDC_COP,Copiapó Hub,PRD0050,1,1,2,0,0,176.12
2025-02-01,CDC_COP,Copiapó Hub,PRD0051,0,0,0,0,0,0.0
2025-02-01,CDC_COP,Copiapó Hub,PRD0052,4,3,0,3,1,34067.48
2025-02-01,CDC_COP,Copiapó Hub,PRD0053,0,0,0,0,0,0.0
2025-02-01,CDC_COP,Copiapó Hub,PRD0054,2,1,0,1,0,4152.2
2025-02-01,CDC_COP,Copiapó Hub,PRD0055,10,4,10,8,4,3700.8
2025-02-01,CDC_COP,Copiapó Hub,PRD0056,0,0,5,2,1,0.0
2025-02-01,CDC_COP,Copiapó Hub,PRD0057,9,2,2,5,3,65278.35
2025-02-01,CDC_COP,Copiapó Hub,PRD0058,14,3,5,10,6,37739.1
2025-02-01,CDC_COP,Copiapó Hub,PRD0059,7,0,5,2,1,143516.03
2025-02-01,CDC_COP,Copiapó Hub,PRD0060,0,0,0,1,0,0.0
2025-02-01,CDC_COP,Copiapó Hub,PRD0061,9,4,10,3,1,56232.09
2025-02-01,CDC_COP,Copiapó Hub,PRD0062,3,3,0,3,1,33542.1
2025-02-01,CDC_COP,Copiapó Hub,PRD0063,6,4,2,2,1,31730.58
2025-02-01,CDC_COP,Copiapó Hub,PRD0064,5,5,0,3,1,105005.65
2025-02-01,CDC_COP,Copiapó Hub,PRD0065,13,0,10,8,4,12936.56
2025-02-01,CDC_COP,Copiapó Hub,PRD0066,0,0,0,0,0,0.0
2025-02-01,CDC_COP,Copiapó Hub,PRD0067,0,0,0,0,0,0.0
2025-02-01,CDC_COP,Copiapó Hub,PRD0068,13,1,2,8,4,100273.42
2025-02-01,CDC_COP,Copiapó Hub,PRD0069,5,2,0,2,1,24460.6
2025-02-01,CDC_COP,Copiapó Hub,PRD0070,2,1,0,1,0,56937.02
2025-02-01,CDC_COP,Copiapó Hub,PRD0071,11,2,15,10,6,10270.7
2025-02-01,CDC_COP,Copiapó Hub,PRD0072,0,0,0,0,0,0.0
2025-02-01,CDC_COP,Copiapó Hub,PRD0073,0,0,10,0,0,0.0
2025-02-01,CDC_COP,Copiapó Hub,PRD0074,13,1,0,10,6,321524.32
2025-02-01,CDC_COP,Copiapó Hub,PRD0075,7,3,2,5,3,7849.24
2025-02-01,CDC_COP,Copiapó Hub,PRD0076,1,1,0,0,0,16341.73
2025-02-01,CDC_COP,Copiapó Hub,PRD0077,-7,3,0,8,4,3480.96
2025-02-01,CDC_COP,Copiapó Hub,PRD0078,10,4,10,5,3,90541.3
2025-02-01,CDC_COP,Copiapó Hub,PRD0079,0,0,0,0,0,0.0
2025-02-01,CDC_COP,Copiapó Hub,PRD0080,5,2,2,3,1,24565.5
2025-02-01,CDC_COP,Copiapó Hub,PRD0081,1,1,0,1,0,976.54
2025-02-01,CDC_COP,Copiapó Hub,PRD0082,18,3,5,8,4,21992.76
2025-02-01,CDC_COP,Copiapó Hub,PRD0083,3,2,5,2,1,7191.6
2025-02-01,CDC_COP,Copiapó Hub,PRD0084,1,1,10,0,0,22536.92
2025-02-01,CDC_COP,Copiapó Hub,PRD0085,21,1,15,10,6,110072.13
2025-02-01,CDC_COP,Copiapó Hub,PRD0086,6,4,10,3,1,23293.14
2025-02-01,CDC_COP,Copiapó Hub,PRD0087,21,0,0,8,4,25955.37
2025-02-01,CDC_COP,Copiapó Hub,PRD0088,10,1,0,3,1,8025.9
2025-02-01,CDC_COP,Copiapó Hub,PRD0089,0,0,2,0,0,0.0
2025-02-01,CDC_COP,Copiapó Hub,PRD0090,0,0,2,0,0,0.0
2025-02-01,CDC_COP,Copiapó Hub,PRD0091,2,1,15,1,0,1112.26
2025-02-01,CDC_COP,Copiapó Hub,PRD0092,0,0,2,0,0,0.0
2025-02-01,CDC_COP,Copiapó Hub,PRD0093,9,4,2,3,1,231755.94
2025-02-01,CDC_COP,Copiapó Hub,PRD0094,2,0,0,1,0,33845.78
2025-02-01,CDC_COP,Copiapó Hub,PRD0095,27,1,0,10,6,179806.5
2025-02-01,CDC_COP,Copiapó Hub,PRD0096,1,1,0,0,0,1164.96
2025-02-01,CDC_COP,Copiapó Hub,PRD0097,19,1,2,8,4,12777.5
2025-02-01,CDC_COP,Copiapó Hub,PRD0098,0,0,0,1,0,0.0
2025-02-01,CDC_COP,Copiapó Hub,PRD0099,29,3,0,8,4,60971.92
2025-02-01,CDC_COP,Copiapó Hub,PRD0100,25,3,0,10,6,39650.25
2025-02-01,CDC_COP,Copiapó Hub,PRD0101,22,2,0,8,4,108254.3
2025-02-01,CDC_COP,Copiapó Hub,PRD0102,5,3,5,3,1,4652.95
2025-02-01,CDC_COP,Copiapó Hub,PRD0103,6,3,0,3,1,34882.86
2025-02-01,CDC_COP,Copiapó Hub,PRD0104,0,0,5,0,0,0.0
2025-02-01,CDC_COP,Copiapó Hub,PRD0105,0,0,5,0,0,0.0
2025-02-01,CDC_COP,Copiapó Hub,PRD0106,12,3,0,10,6,103341.72
2025-02-01,CDC_COP,Copiapó Hub,PRD0107,0,0,2,1,0,0.0
2025-02-01,CDC_COP,Copiapó Hub,PRD0108,2,0,15,2,1,30880.68
2025-02-01,CDC_COP,Copiapó Hub,PRD0109,1,0,10,2,1,17855.2
2025-02-01,CDC_COP,Copiapó Hub,PRD0110,7,5,10,2,1,32347.21
2025-02-01,CDC_COP,Copiapó Hub,PRD0111,13,2,10,5,3,105039.09
2025-02-01,CDC_COP,Copiapó Hub,PRD0112,0,0,0,2,1,0.0
2025-02-01,CDC_COP,Copiapó Hub,PRD0113,0,0,5,0,0,0.0
2025-02-01,CDC_COP,Copiapó Hub,PRD0114,4,0,2,2,1,8888.84
2025-02-01,CDC_COP,Copiapó Hub,PRD0115,3,1,2,1,0,18102.9
2025-02-01,CDC_COP,Copiapó Hub,PRD0116,0,0,10,0,0,0.0
2025-02-01,CDC_COP,Copiapó Hub,PRD0117,18,0,10,5,3,17341.92
2025-02-01,CDC_COP,Copiapó Hub,PRD0118,2,1,0,2,1,14771.04
2025-02-01,CDC_COP,Copiapó Hub,PRD0119,0,0,15,0,0,0.0
2025-02-01,CDC_COP,Copiapó Hub,PRD0120,0,0,0,0,0,0.0
2025-03-01,CDC_SCL,Santiago DC,PRD0001,2,2,15,1,0,50356.96
2025-03-01,CDC_SCL,Santiago DC,PRD0002,0,0,10,0,0,0.0
2025-03-01,CDC_SCL,Santiago DC,PRD0003,3,2,0,2,1,22511.22
2025-03-01,CDC_SCL,Santiago DC,PRD0004,9,1,10,8,4,32891.22
2025-03-01,CDC_SCL,Santiago DC,PRD0005,10,0,5,5,3,40412.8
2025-03-01,CDC_SCL,Santiago DC,PRD0006,6,2,2,5,3,43794.3
2025-03-01,CDC_SCL,Santiago DC,PRD0007,8,0,5,5,3,25724.16
2025-03-01,CDC_SCL,Santiago DC,PRD0008,2,2,15,1,0,7255.06
2025-03-01,CDC_SCL,Santiago DC,PRD0009,4,4,0,2,1,4205.44
2025-03-01,CDC_SCL,Santiago DC,PRD0010,27,4,0,8,4,162756.54
2025-03-01,CDC_SCL,Santiago DC,PRD0011,10,3,10,5,3,240478.7
2025-03-01,CDC_SCL,Santiago DC,PRD0012,10,1,0,2,1,3538.3
2025-03-01,CDC_SCL,Santiago DC,PRD0013,1,0,0,1,0,903.51
2025-03-01,CDC_SCL,Santiago DC,PRD0014,2,1,5,1,0,65381.76
2025-03-01,CDC_SCL,Santiago DC,PRD0015,0,0,0,0,0,0.0
2025-03-01,CDC_SCL,Santiago DC,PRD0016,0,0,2,5,3,0.0
2025-03-01,CDC_SCL,Santiago DC,PRD0017,12,3,0,8,4,48719.4
2025-03-01,CDC_SCL,Santiago DC,PRD0018,2,1,0,1,0,1928.68
2025-03-01,CDC_SCL,Santiago DC,PRD0019,1,0,0,0,0,1529.16
2025-03-01,CDC_SCL,Santiago DC,PRD0020,1,1,0,2,1,9260.33
2025-03-01,CDC_SCL,Santiago DC,PRD0021,2,2,0,1,0,2215.86
2025-03-01,CDC_SCL,Santiago DC,PRD0022,0,0,10,0,0,0.0
2025-03-01,CDC_SCL,Santiago DC,PRD0023,1,1,0,3,1,3042.47
2025-03-01,CDC_SCL,Santiago DC,PRD0024,2,1,5,1,0,31175.2
2025-03-01,CDC_SCL,Santiago DC,PRD0025,0,0,0,0,0,0.0
2025-03-01,CDC_SCL,Santiago DC,PRD0026,0,0,0,0,0,0.0
2025-03-01,CDC_SCL,Santiago DC,PRD0027,5,0,0,2,1,27776.05
2025-03-01,CDC_SCL,Santiago DC,PRD0028,7,2,10,5,3,41891.36
2025-03-01,CDC_SCL,Santiago DC,PRD0029,20,1,0,8,4,130835.2
2025-03-01,CDC_SCL,Santiago DC,PRD0030,9,2,15,5,3,9930.96
2025-03-01,CDC_SCL,Santiago DC,PRD0031,16,3,2,5,3,125488.8
2025-03-01,CDC_SCL,Santiago DC,PRD0032,14,3,2,5,3,6093.92
2025-03-01,CDC_SCL,Santiago DC,PRD0033,23,4,0,8,4,133890.36
2025-03-01,CDC_SCL,Santiago DC,PRD0034,7,1,15,3,1,40094.18
2025-03-01,CDC_SCL,Santiago DC,PRD0035,0,0,2,0,0,0.0
2025-03-01,CDC_SCL,Santiago DC,PRD0036,2,0,10,1,0,5244.74
2025-03-01,CDC_SCL,Santiago DC,PRD0037,2,1,0,1,0,572.5
2025-03-01,CDC_SCL,Santiago DC,PRD0038,25,1,10,8,4,842729.75
2025-03-01,CDC_SCL,Santiago DC,PRD0039,15,5,0,10,6,118085.4
2025-03-01,CDC_SCL,Santiago DC,PRD0040,0,0,0,0,0,0.0
2025-03-01,CDC_SCL,Santiago DC,PRD0041,15,3,15,5,3,230925.15
2025-03-01,CDC_SCL,Santiago DC,PRD0042,5,2,2,3,1,14294.1
2025-03-01,CDC_SCL,Santiago DC,PRD0043,0,0,10,0,0,0.0
2025-03-01,CDC_SCL,Santiago DC,PRD0044,4,4,0,8,4,110962.76
2025-03-01,CDC_SCL,Santiago DC,PRD0045,9,0,0,3,1,43506.0
2025-03-01,CDC_SCL,Santiago DC,PRD0046,0,0,0,0,0,0.0
2025-03-01,CDC_SCL,Santiago DC,PRD0047,0,0,0,0,0,0.0
2025-03-01,CDC_SCL,Santiago DC,PRD0048,0,0,2,0,0,0.0
2025-03-01,CDC_SCL,Santiago DC,PRD0049,1,1,15,2,1,457.73
2025-03-01,CDC_SCL,Santiago DC,PRD0050,39,3,0,10,6,6868.68
2025-03-01,CDC_SCL,Santiago DC,PRD0051,3,1,10,2,1,63467.82
2025-03-01,CDC_SCL,Santiago DC,PRD0052,20,5,0,8,4,170337.4
2025-03-01,CDC_SCL,Santiago DC,PRD0053,28,3,5,10,6,21095.2
2025-03-01,CDC_SCL,Santiago DC,PRD0054,22,3,5,8,4,45674.2
2025-03-01,CDC_SCL,Santiago DC,PRD0055,6,2,10,3,1,2220.48
2025-03-01,CDC_SCL,Santiago DC,PRD0056,0,0,5,0,0,0.0
2025-03-01,CDC_SCL,Santiago DC,PRD0057,4,2,0,3,1,29012.6
2025-03-01,CDC_SCL,Santiago DC,PRD0058,7,4,2,3,1,18869.55
2025-03-01,CDC_SCL,Santiago DC,PRD0059,9,5,0,10,6,184520.61
2025-03-01,CDC_SCL,Santiago DC,PRD0060,-8,0,10,10,6,382129.75
2025-03-01,CDC_SCL,Santiago DC,PRD0061,14,1,0,5,3,87472.14
2025-03-01,CDC_SCL,Santiago DC,PRD0062,1,0,15,0,0,11180.7
2025-03-01,CDC_SCL,Santiago DC,PRD0063,27,3,0,8,4,142787.61
2025-03-01,CDC_SCL,Santiago DC,PRD0064,36,0,0,10,6,756040.68
2025-03-01,CDC_SCL,Santiago DC,PRD0065,3,2,15,2,1,2985.36
2025-03-01,CDC_SCL,Santiago DC,PRD0066,30,5,10,10,6,8028.3
2025-03-01,CDC_SCL,Santiago DC,PRD0067,0,0,0,0,0,0.0
2025-03-01,CDC_SCL,Santiago DC,PRD0068,1,1,10,0,0,7713.34
2025-03-01,CDC_SCL,Santiago DC,PRD0069,5,2,0,2,1,24460.6
2025-03-01,CDC_SCL,Santiago DC,PRD0070,18,2,5,10,6,512433.18
2025-03-01,CDC_SCL,Santiago DC,PRD0071,1,0,2,0,0,933.7
2025-03-01,CDC_SCL,Santiago DC,PRD0072,2,0,0,1,0,13657.56
2025-03-01,CDC_SCL,Santiago DC,PRD0073,0,0,5,0,0,0.0
2025-03-01,CDC_SCL,Santiago DC,PRD0074,0,0,0,0,0,0.0
2025-03-01,CDC_SCL,Santiago DC,PRD0075,3,1,0,1,0,3363.96
2025-03-01,CDC_SCL,Santiago DC,PRD0076,18,2,2,8,4,294151.14
2025-03-01,CDC_SCL,Santiago DC,PRD0077,4,1,2,2,1,994.56
2025-03-01,CDC_SCL,Santiago DC,PRD0078,20,5,0,5,3,181082.6
2025-03-01,CDC_SCL,Santiago DC,PRD0079,0,0,0,0,0,0.0
2025-03-01,CDC_SCL,Santiago DC,PRD0080,14,2,2,8,4,68783.4
2025-03-01,CDC_SCL,Santiago DC,PRD0081,3,0,0,1,0,2929.62
2025-03-01,CDC_SCL,Santiago DC,PRD0082,0,0,2,0,0,0.0
2025-03-01,CDC_SCL,Santiago DC,PRD0083,18,4,10,5,3,43149.6
2025-03-01,CDC_SCL,Santiago DC,PRD0084,0,0,0,0,0,0.0
2025-03-01,CDC_SCL,Santiago DC,PRD0085,9,5,15,5,3,47173.77
2025-03-01,CDC_SCL,Santiago DC,PRD0086,0,0,2,0,0,0.0
2025-03-01,CDC_SCL,Santiago DC,PRD0087,18,4,0,8,4,22247.46
2025-03-01,CDC_SCL,Santiago DC,PRD0088,5,5,2,5,3,4012.95
2025-03-01,CDC_SCL,Santiago DC,PRD0089,13,1,2,5,3,82526.08
2025-03-01,CDC_SCL,Santiago DC,PRD0090,5,2,5,2,1,8595.5
2025-03-01,CDC_SCL,Santiago DC,PRD0091,0,0,0,0,0,0.0
2025-03-01,CDC_SCL,Santiago DC,PRD0092,43,2,2,10,6,482796.26
2025-03-01,CDC_SCL,Santiago DC,PRD0093,29,1,0,10,6,746769.14
2025-03-01,CDC_SCL,Santiago DC,PRD0094,3,0,15,2,1,50768.67
2025-03-01,CDC_SCL,Santiago DC,PRD0095,15,2,2,8,4,99892.5
2025-03-01,CDC_SCL,Santiago DC,PRD0096,18,3,0,10,6,20969.28
2025-03-01,CDC_SCL,Santiago DC,PRD0097,0,0,15,0,0,0.0
2025-03-01,CDC_SCL,Santiago DC,PRD0098,0,0,2,1,0,0.0
2025-03-01,CDC_SCL,Santiago DC,PRD0099,6,5,0,2,1,12614.88
2025-03-01,CDC_SCL,Santiago DC,PRD0100,0,0,10,0,0,0.0
2025-03-01,CDC_SCL,Santiago DC,PRD0101,10,0,0,5,3,49206.5
2025-03-01,CDC_SCL,Santiago DC,PRD0102,14,5,5,5,3,13028.26
2025-03-01,CDC_SCL,Santiago DC,PRD0103,1,0,0,1,0,5813.81
2025-03-01,CDC_SCL,Santiago DC,PRD0104,1,1,0,1,0,4902.77
2025-03-01,CDC_SCL,Santiago DC,PRD0105,0,0,0,1,0,0.0
2025-03-01,CDC_SCL,Santiago DC,PRD0106,15,2,0,5,3,129177.15
2025-03-01,CDC_SCL,Santiago DC,PRD0107,6,5,5,5,3,164715.96
2025-03-01,CDC_SCL,Santiago DC,PRD0108,5,5,15,5,3,77201.7
2025-03-01,CDC_SCL,Santiago DC,PRD0109,2,0,0,5,3,35710.4
2025-03-01,CDC_SCL,Santiago DC,PRD0110,2,1,0,1,0,9242.06
2025-03-01,CDC_SCL,Santiago DC,PRD0111,0,0,2,3,1,0.0
2025-03-01,CDC_SCL,Santiago DC,PRD0112,0,0,10,0,0,0.0
2025-03-01,CDC_SCL,Santiago DC,PRD0113,2,1,10,3,1,2213.8
2025-03-01,CDC_SCL,Santiago DC,PRD0114,9,1,0,5,3,19999.89
2025-03-01,CDC_SCL,Santiago DC,PRD0115,1,1,0,1,0,6034.3
2025-03-01,CDC_SCL,Santiago DC,PRD0116,1,1,5,1,0,12981.08
2025-03-01,CDC_SCL,Santiago DC,PRD0117,3,2,5,2,1,2890.32
2025-03-01,CDC_SCL,Santiago DC,PRD0118,0,0,10,0,0,0.0
2025-03-01,CDC_SCL,Santiago DC,PRD0119,0,0,10,0,0,0.0
2025-03-01,CDC_SCL,Santiago DC,PRD0120,7,5,5,3,1,60384.66
2025-03-01,CDC_ANT,Antofagasta DC,PRD0001,26,4,10,10,6,654640.48
2025-03-01,CDC_ANT,Antofagasta DC,PRD0002,22,5,2,10,6,316482.1
2025-03-01,CDC_ANT,Antofagasta DC,PRD0003,31,3,5,8,4,232615.94
2025-03-01,CDC_ANT,Antofagasta DC,PRD0004,0,0,2,0,0,0.0
2025-03-01,CDC_ANT,Antofagasta DC,PRD0005,17,1,0,5,3,68701.76
2025-03-01,CDC_ANT,Antofagasta DC,PRD0006,0,0,10,0,0,0.0
2025-03-01,CDC_ANT,Antofagasta DC,PRD0007,2,2,5,2,1,6431.04
2025-03-01,CDC_ANT,Antofagasta DC,PRD0008,45,1,10,10,6,163238.85
2025-03-01,CDC_ANT,Antofagasta DC,PRD0009,2,0,0,2,1,2102.72
2025-03-01,CDC_ANT,Antofagasta DC,PRD0010,17,1,0,5,3,102476.34
2025-03-01,CDC_ANT,Antofagasta DC,PRD0011,0,0,10,0,0,0.0
2025-03-01,CDC_ANT,Antofagasta DC,PRD0012,15,4,10,5,3,5307.45
2025-03-01,CDC_ANT,Antofagasta DC,PRD0013,12,4,15,5,3,10842.12
2025-03-01,CDC_ANT,Antofagasta DC,PRD0014,4,1,2,1,0,130763.52
2025-03-01,CDC_ANT,Antofagasta DC,PRD0015,10,1,10,8,4,249432.2
2025-03-01,CDC_ANT,Antofagasta DC,PRD0016,6,5,15,2,1,1987.44
2025-03-01,CDC_ANT,Antofagasta DC,PRD0017,0,0,0,0,0,0.0
2025-03-01,CDC_ANT,Antofagasta DC,PRD0018,8,2,2,5,3,7714.72
2025-03-01,CDC_ANT,Antofagasta DC,PRD0019,0,0,10,0,0,0.0
2025-03-01,CDC_ANT,Antofagasta DC,PRD0020,4,3,10,2,1,37041.32
2025-03-01,CDC_ANT,Antofagasta DC,PRD0021,3,1,0,5,3,3323.79
2025-03-01,CDC_ANT,Antofagasta DC,PRD0022,0,0,10,1,0,0.0
2025-03-01,CDC_ANT,Antofagasta DC,PRD0023,5,2,2,2,1,15212.35
2025-03-01,CDC_ANT,Antofagasta DC,PRD0024,0,0,15,0,0,0.0
2025-03-01,CDC_ANT,Antofagasta DC,PRD0025,8,2,0,5,3,3807.2
2025-03-01,CDC_ANT,Antofagasta DC,PRD0026,0,0,15,0,0,0.0
2025-03-01,CDC_ANT,Antofagasta DC,PRD0027,9,3,0,8,4,49996.89
2025-03-01,CDC_ANT,Antofagasta DC,PRD0028,6,3,5,3,1,35906.88
2025-03-01,CDC_ANT,Antofagasta DC,PRD0029,5,4,5,3,1,32708.8
2025-03-01,CDC_ANT,Antofagasta DC,PRD0030,8,1,0,8,4,8827.52
2025-03-01,CDC_ANT,Antofagasta DC,PRD0031,1,0,5,0,0,7843.05
2025-03-01,CDC_ANT,Antofagasta DC,PRD0032,26,3,10,8,4,11317.28
2025-03-01,CDC_ANT,Antofagasta DC,PRD0033,2,0,15,2,1,11642.64
2025-03-01,CDC_ANT,Antofagasta DC,PRD0034,10,1,2,8,4,57277.4
2025-03-01,CDC_ANT,Antofagasta DC,PRD0035,24,5,0,10,6,112776.96
2025-03-01,CDC_ANT,Antofagasta DC,PRD0036,8,0,5,3,1,20978.96
2025-03-01,CDC_ANT,Antofagasta DC,PRD0037,16,4,0,5,3,4580.0
2025-03-01,CDC_ANT,Antofagasta DC,PRD0038,0,0,2,0,0,0.0
2025-03-01,CDC_ANT,Antofagasta DC,PRD0039,19,5,2,10,6,149574.84
2025-03-01,CDC_ANT,Antofagasta DC,PRD0040,0,0,0,0,0,0.0
2025-03-01,CDC_ANT,Antofagasta DC,PRD0041,15,4,15,10,6,230925.15
2025-03-01,CDC_ANT,Antofagasta DC,PRD0042,6,1,0,5,3,17152.92
2025-03-01,CDC_ANT,Antofagasta DC,PRD0043,22,4,0,8,4,315440.4
2025-03-01,CDC_ANT,Antofagasta DC,PRD0044,0,0,5,0,0,0.0
2025-03-01,CDC_ANT,Antofagasta DC,PRD0045,2,1,5,1,0,9668.0
2025-03-01,CDC_ANT,Antofagasta DC,PRD0046,11,5,10,8,4,3991.79
2025-03-01,CDC_ANT,Antofagasta DC,PRD0047,1,1,5,0,0,5165.01
2025-03-01,CDC_ANT,Antofagasta DC,PRD0048,4,4,2,5,3,18708.24
2025-03-01,CDC_ANT,Antofagasta DC,PRD0049,0,0,0,0,0,0.0
2025-03-01,CDC_ANT,Antofagasta DC,PRD0050,0,0,10,0,0,0.0
2025-03-01,CDC_ANT,Antofagasta DC,PRD0051,7,3,10,3,1,148091.58
2025-03-01,CDC_ANT,Antofagasta DC,PRD0052,1,0,2,0,0,8516.87
2025-03-01,CDC_ANT,Antofagasta DC,PRD0053,6,4,15,3,1,4520.4
2025-03-01,CDC_ANT,Antofagasta DC,PRD0054,20,1,10,10,6,41522.0
2025-03-01,CDC_ANT,Antofagasta DC,PRD0055,2,2,0,1,0,740.16
2025-03-01,CDC_ANT,Antofagasta DC,PRD0056,14,2,0,5,3,379150.24
2025-03-01,CDC_ANT,Antofagasta DC,PRD0057,1,0,0,0,0,7253.15
2025-03-01,CDC_ANT,Antofagasta DC,PRD0058,18,2,10,8,4,48521.7
2025-03-01,CDC_ANT,Antofagasta DC,PRD0059,23,0,0,10,6,471552.67
2025-03-01,CDC_ANT,Antofagasta DC,PRD0060,7,4,0,8,4,106996.33
2025-03-01,CDC_ANT,Antofagasta DC,PRD0061,16,1,0,8,4,99968.16
2025-03-01,CDC_ANT,Antofagasta DC,PRD0062,6,0,0,8,4,67084.2
2025-03-01,CDC_ANT,Antofagasta DC,PRD0063,2,2,0,1,0,10576.86
2025-03-01,CDC_ANT,Antofagasta DC,PRD0064,0,0,0,0,0,0.0
2025-03-01,CDC_ANT,Antofagasta DC,PRD0065,21,0,0,8,4,20897.52
2025-03-01,CDC_ANT,Antofagasta DC,PRD0066,0,0,0,0,0,0.0
2025-03-01,CDC_ANT,Antofagasta DC,PRD0067,19,3,15,8,4,7790.76
2025-03-01,CDC_ANT,Antofagasta DC,PRD0068,0,0,0,0,0,0.0
2025-03-01,CDC_ANT,Antofagasta DC,PRD0069,7,4,0,2,1,34244.84
2025-03-01,CDC_ANT,Antofagasta DC,PRD0070,15,5,5,8,4,427027.65
2025-03-01,CDC_ANT,Antofagasta DC,PRD0071,4,3,5,5,3,3734.8
2025-03-01,CDC_ANT,Antofagasta DC,PRD0072,12,1,5,8,4,81945.36
2025-03-01,CDC_ANT,Antofagasta DC,PRD0073,2,2,10,1,0,52528.08
2025-03-01,CDC_ANT,Antofagasta DC,PRD0074,0,0,0,0,0,0.0
2025-03-01,CDC_ANT,Antofagasta DC,PRD0075,31,3,0,8,4,34760.92
2025-03-01,CDC_ANT,Antofagasta DC,PRD0076,0,0,10,0,0,0.0
2025-03-01,CDC_ANT,Antofagasta DC,PRD0077,9,2,5,3,1,2237.76
2025-03-01,CDC_ANT,Antofagasta DC,PRD0078,0,0,15,0,0,0.0
2025-03-01,CDC_ANT,Antofagasta DC,PRD0079,12,0,0,5,3,67239.48
2025-03-01,CDC_ANT,Antofagasta DC,PRD0080,8,4,5,5,3,39304.8
2025-03-01,CDC_ANT,Antofagasta DC,PRD0081,29,1,15,10,6,28319.66
2025-03-01,CDC_ANT,Antofagasta DC,PRD0082,20,5,0,5,3,24436.4
2025-03-01,CDC_ANT,Antofagasta DC,PRD0083,26,4,0,10,6,62327.2
2025-03-01,CDC_ANT,Antofagasta DC,PRD0084,11,0,10,5,3,247906.12
2025-03-01,CDC_ANT,Antofagasta DC,PRD0085,16,3,15,5,3,83864.48
2025-03-01,CDC_ANT,Antofagasta DC,PRD0086,5,0,0,8,4,19410.95
2025-03-01,CDC_ANT,Antofagasta DC,PRD0087,0,0,0,0,0,0.0
2025-03-01,CDC_ANT,Antofagasta DC,PRD0088,2,2,10,2,1,1605.18
2025-03-01,CDC_ANT,Antofagasta DC,PRD0089,0,0,0,0,0,0.0
2025-03-01,CDC_ANT,Antofagasta DC,PRD0090,0,0,0,0,0,0.0
2025-03-01,CDC_ANT,Antofagasta DC,PRD0091,4,3,15,1,0,2224.52
2025-03-01,CDC_ANT,Antofagasta DC,PRD0092,3,3,0,1,0,33683.46
2025-03-01,CDC_ANT,Antofagasta DC,PRD0093,4,2,0,2,1,103002.64
2025-03-01,CDC_ANT,Antofagasta DC,PRD0094,24,4,0,8,4,406149.36
2025-03-01,CDC_ANT,Antofagasta DC,PRD0095,3,2,0,1,0,19978.5
2025-03-01,CDC_ANT,Antofagasta DC,PRD0096,11,2,0,5,3,12814.56
2025-03-01,CDC_ANT,Antofagasta DC,PRD0097,3,1,10,2,1,2017.5
2025-03-01,CDC_ANT,Antofagasta DC,PRD0098,3,2,0,1,0,3336.51
2025-03-01,CDC_ANT,Antofagasta DC,PRD0099,8,0,15,5,3,16819.84
2025-03-01,CDC_ANT,Antofagasta DC,PRD0100,11,1,5,10,6,17446.11
2025-03-01,CDC_ANT,Antofagasta DC,PRD0101,9,1,5,5,3,44285.85
2025-03-01,CDC_ANT,Antofagasta DC,PRD0102,11,0,10,5,3,10236.49
2025-03-01,CDC_ANT,Antofagasta DC,PRD0103,1,1,0,0,0,5813.81
2025-03-01,CDC_ANT,Antofagasta DC,PRD0104,0,0,0,0,0,0.0
2025-03-01,CDC_ANT,Antofagasta DC,PRD0105,0,0,0,0,0,0.0
2025-03-01,CDC_ANT,Antofagasta DC,PRD0106,4,2,0,3,1,34447.24
2025-03-01,CDC_ANT,Antofagasta DC,PRD0107,9,4,10,3,1,247073.94
2025-03-01,CDC_ANT,Antofagasta DC,PRD0108,3,1,5,1,0,46321.02
2025-03-01,CDC_ANT,Antofagasta DC,PRD0109,1,1,15,1,0,17855.2
2025-03-01,CDC_ANT,Antofagasta DC,PRD0110,0,0,5,0,0,0.0
2025-03-01,CDC_ANT,Antofagasta DC,PRD0111,1,0,5,0,0,8079.93
2025-03-01,CDC_ANT,Antofagasta DC,PRD0112,9,3,0,5,3,151391.61
2025-03-01,CDC_ANT,Antofagasta DC,PRD0113,13,2,10,5,3,14389.7
2025-03-01,CDC_ANT,Antofagasta DC,PRD0114,15,1,0,8,4,33333.15
2025-03-01,CDC_ANT,Antofagasta DC,PRD0115,9,1,10,5,3,54308.7
2025-03-01,CDC_ANT,Antofagasta DC,PRD0116,15,3,2,8,4,194716.2
2025-03-01,CDC_ANT,Antofagasta DC,PRD0117,0,0,0,0,0,0.0
2025-03-01,CDC_ANT,Antofagasta DC,PRD0118,0,0,0,10,6,0.0
2025-03-01,CDC_ANT,Antofagasta DC,PRD0119,16,2,0,5,3,7548.8
2025-03-01,CDC_ANT,Antofagasta DC,PRD0120,0,0,0,1,0,0.0
2025-03-01,CDC_CAL,Calama Hub,PRD0001,2,1,10,1,0,50356.96
2025-03-01,CDC_CAL,Calama Hub,PRD0002,5,0,10,2,1,71927.75
2025-03-01,CDC_CAL,Calama Hub,PRD0003,4,2,0,3,1,30014.96
2025-03-01,CDC_CAL,Calama Hub,PRD0004,7,4,15,8,4,25582.06
2025-03-01,CDC_CAL,Calama Hub,PRD0005,9,3,0,3,1,36371.52
2025-03-01,CDC_CAL,Calama Hub,PRD0006,12,1,2,8,4,87588.6
2025-03-01,CDC_CAL,Calama Hub,PRD0007,0,0,2,0,0,0.0
2025-03-01,CDC_CAL,Calama Hub,PRD0008,1,0,2,0,0,3627.53
2025-03-01,CDC_CAL,Calama Hub,PRD0009,12,5,15,10,6,12616.32
2025-03-01,CDC_CAL,Calama Hub,PRD0010,14,5,5,5,3,84392.28
2025-03-01,CDC_CAL,Calama Hub,PRD0011,4,4,15,2,1,96191.48
2025-03-01,CDC_CAL,Calama Hub,PRD0012,0,0,0,0,0,0.0
2025-03-01,CDC_CAL,Calama Hub,PRD0013,10,1,0,3,1,9035.1
2025-03-01,CDC_CAL,Calama Hub,PRD0014,12,2,10,8,4,392290.56
2025-03-01,CDC_CAL,Calama Hub,PRD0015,21,4,2,5,3,523807.62
2025-03-01,CDC_CAL,Calama Hub,PRD0016,17,4,5,5,3,5631.08
2025-03-01,CDC_CAL,Calama Hub,PRD0017,0,0,0,0,0,0.0
2025-03-01,CDC_CAL,Calama Hub,PRD0018,0,0,5,0,0,0.0
2025-03-01,CDC_CAL,Calama Hub,PRD0019,8,5,0,3,1,12233.28
2025-03-01,CDC_CAL,Calama Hub,PRD0020,2,0,0,2,1,18520.66
2025-03-01,CDC_CAL,Calama Hub,PRD0021,0,0,0,0,0,0.0
2025-03-01,CDC_CAL,Calama Hub,PRD0022,0,0,0,1,0,0.0
2025-03-01,CDC_CAL,Calama Hub,PRD0023,16,3,0,5,3,48679.52
2025-03-01,CDC_CAL,Calama Hub,PRD0024,0,0,5,0,0,0.0
2025-03-01,CDC_CAL,Calama Hub,PRD0025,9,5,10,10,6,4283.1
2025-03-01,CDC_CAL,Calama Hub,PRD0026,3,0,0,1,0,27291.93
2025-03-01,CDC_CAL,Calama Hub,PRD0027,6,5,0,2,1,33331.26
2025-03-01,CDC_CAL,Calama Hub,PRD0028,12,0,5,5,3,71813.76
2025-03-01,CDC_CAL,Calama Hub,PRD0029,8,1,0,5,3,52334.08
2025-03-01,CDC_CAL,Calama Hub,PRD0030,0,0,15,0,0,0.0
2025-03-01,CDC_CAL,Calama Hub,PRD0031,0,0,5,2,1,0.0
2025-03-01,CDC_CAL,Calama Hub,PRD0032,16,2,0,10,6,6964.48
2025-03-01,CDC_CAL,Calama Hub,PRD0033,5,4,0,8,4,29106.6
2025-03-01,CDC_CAL,Calama Hub,PRD0034,17,1,0,10,6,97371.58
2025-03-01,CDC_CAL,Calama Hub,PRD0035,1,1,0,1,0,4699.04
2025-03-01,CDC_CAL,Calama Hub,PRD0036,13,1,0,5,3,34090.81
2025-03-01,CDC_CAL,Calama Hub,PRD0037,0,0,5,0,0,0.0
2025-03-01,CDC_CAL,Calama Hub,PRD0038,1,1,2,1,0,33709.19
2025-03-01,CDC_CAL,Calama Hub,PRD0039,17,1,15,5,3,133830.12
2025-03-01,CDC_CAL,Calama Hub,PRD0040,23,1,15,10,6,224695.28
2025-03-01,CDC_CAL,Calama Hub,PRD0041,0,0,2,0,0,0.0
2025-03-01,CDC_CAL,Calama Hub,PRD0042,25,1,10,10,6,71470.5
2025-03-01,CDC_CAL,Calama Hub,PRD0043,4,0,10,1,0,57352.8
2025-03-01,CDC_CAL,Calama Hub,PRD0044,4,1,5,2,1,110962.76
2025-03-01,CDC_CAL,Calama Hub,PRD0045,5,0,15,2,1,24170.0
2025-03-01,CDC_CAL,Calama Hub,PRD0046,4,4,15,2,1,1451.56
2025-03-01,CDC_CAL,Calama Hub,PRD0047,20,5,15,10,6,103300.2
2025-03-01,CDC_CAL,Calama Hub,PRD0048,13,3,10,5,3,60801.78
2025-03-01,CDC_CAL,Calama Hub,PRD0049,10,5,0,3,1,4577.3
2025-03-01,CDC_CAL,Calama Hub,PRD0050,16,5,0,10,6,2817.92
2025-03-01,CDC_CAL,Calama Hub,PRD0051,3,1,0,2,1,63467.82
2025-03-01,CDC_CAL,Calama Hub,PRD0052,3,0,0,8,4,25550.61
2025-03-01,CDC_CAL,Calama Hub,PRD0053,1,1,10,1,0,753.4
2025-03-01,CDC_CAL,Calama Hub,PRD0054,0,0,10,0,0,0.0
2025-03-01,CDC_CAL,Calama Hub,PRD0055,0,0,0,0,0,0.0
2025-03-01,CDC_CAL,Calama Hub,PRD0056,2,0,0,1,0,54164.32
2025-03-01,CDC_CAL,Calama Hub,PRD0057,12,2,10,8,4,87037.8
2025-03-01,CDC_CAL,Calama Hub,PRD0058,21,4,15,10,6,56608.65
2025-03-01,CDC_CAL,Calama Hub,PRD0059,0,0,15,0,0,0.0
2025-03-01,CDC_CAL,Calama Hub,PRD0060,0,0,0,1,0,0.0
2025-03-01,CDC_CAL,Calama Hub,PRD0061,32,5,0,10,6,199936.32
2025-03-01,CDC_CAL,Calama Hub,PRD0062,2,0,2,1,0,22361.4
2025-03-01,CDC_CAL,Calama Hub,PRD0063,0,0,10,0,0,0.0
2025-03-01,CDC_CAL,Calama Hub,PRD0064,0,0,0,1,0,0.0
2025-03-01,CDC_CAL,Calama Hub,PRD0065,16,5,15,8,4,15921.92
2025-03-01,CDC_CAL,Calama Hub,PRD0066,3,1,0,1,0,802.83
2025-03-01,CDC_CAL,Calama Hub,PRD0067,6,2,0,2,1,2460.24
2025-03-01,CDC_CAL,Calama Hub,PRD0068,13,1,0,10,6,100273.42
2025-03-01,CDC_CAL,Calama Hub,PRD0069,6,1,2,2,1,29352.72
2025-03-01,CDC_CAL,Calama Hub,PRD0070,11,1,0,5,3,313153.61
2025-03-01,CDC_CAL,Calama Hub,PRD0071,20,3,0,10,6,18674.0
2025-03-01,CDC_CAL,Calama Hub,PRD0072,0,0,0,0,0,0.0
2025-03-01,CDC_CAL,Calama Hub,PRD0073,0,0,10,0,0,0.0
2025-03-01,CDC_CAL,Calama Hub,PRD0074,2,0,0,0,0,49465.28
2025-03-01,CDC_CAL,Calama Hub,PRD0075,1,0,0,1,0,1121.32
2025-03-01,CDC_CAL,Calama Hub,PRD0076,8,3,0,3,1,130733.84
2025-03-01,CDC_CAL,Calama Hub,PRD0077,0,0,0,0,0,0.0
2025-03-01,CDC_CAL,Calama Hub,PRD0078,0,0,0,0,0,0.0
2025-03-01,CDC_CAL,Calama Hub,PRD0079,6,0,0,8,4,33619.74
2025-03-01,CDC_CAL,Calama Hub,PRD0080,4,2,10,2,1,19652.4
2025-03-01,CDC_CAL,Calama Hub,PRD0081,5,0,10,10,6,4882.7
2025-03-01,CDC_CAL,Calama Hub,PRD0082,2,0,0,2,1,2443.64
2025-03-01,CDC_CAL,Calama Hub,PRD0083,27,2,10,8,4,64724.4
2025-03-01,CDC_CAL,Calama Hub,PRD0084,0,0,0,0,0,0.0
2025-03-01,CDC_CAL,Calama Hub,PRD0085,0,0,2,0,0,0.0
2025-03-01,CDC_CAL,Calama Hub,PRD0086,11,0,0,5,3,42704.09
2025-03-01,CDC_CAL,Calama Hub,PRD0087,4,2,10,2,1,4943.88
2025-03-01,CDC_CAL,Calama Hub,PRD0088,9,2,10,5,3,7223.31
2025-03-01,CDC_CAL,Calama Hub,PRD0089,26,2,15,10,6,165052.16
2025-03-01,CDC_CAL,Calama Hub,PRD0090,3,0,10,3,1,5157.3
2025-03-01,CDC_CAL,Calama Hub,PRD0091,29,0,2,8,4,16127.77
2025-03-01,CDC_CAL,Calama Hub,PRD0092,1,0,0,1,0,11227.82
2025-03-01,CDC_CAL,Calama Hub,PRD0093,8,3,0,8,4,206005.28
2025-03-01,CDC_CAL,Calama Hub,PRD0094,29,4,0,10,6,490763.81
2025-03-01,CDC_CAL,Calama Hub,PRD0095,1,0,0,3,1,6659.5
2025-03-01,CDC_CAL,Calama Hub,PRD0096,0,0,10,0,0,0.0
2025-03-01,CDC_CAL,Calama Hub,PRD0097,1,0,0,3,1,672.5
2025-03-01,CDC_CAL,Calama Hub,PRD0098,1,1,10,1,0,1112.17
2025-03-01,CDC_CAL,Calama Hub,PRD0099,0,0,15,0,0,0.0
2025-03-01,CDC_CAL,Calama Hub,PRD0100,8,0,0,3,1,12688.08
2025-03-01,CDC_CAL,Calama Hub,PRD0101,14,4,0,10,6,68889.1
2025-03-01,CDC_CAL,Calama Hub,PRD0102,0,0,15,0,0,0.0
2025-03-01,CDC_CAL,Calama Hub,PRD0103,2,0,2,2,1,11627.62
2025-03-01,CDC_CAL,Calama Hub,PRD0104,14,4,5,5,3,68638.78
2025-03-01,CDC_CAL,Calama Hub,PRD0105,1,0,10,0,0,393.01
2025-03-01,CDC_CAL,Calama Hub,PRD0106,1,0,15,0,0,8611.81
2025-03-01,CDC_CAL,Calama Hub,PRD0107,2,2,0,1,0,54905.32
2025-03-01,CDC_CAL,Calama Hub,PRD0108,0,0,0,10,6,0.0
2025-03-01,CDC_CAL,Calama Hub,PRD0109,9,0,0,5,3,160696.8
2025-03-01,CDC_CAL,Calama Hub,PRD0110,0,0,2,2,1,0.0
2025-03-01,CDC_CAL,Calama Hub,PRD0111,2,0,10,1,0,16159.86
2025-03-01,CDC_CAL,Calama Hub,PRD0112,10,0,0,5,3,168212.9
2025-03-01,CDC_CAL,Calama Hub,PRD0113,10,0,2,5,3,11069.0
2025-03-01,CDC_CAL,Calama Hub,PRD0114,14,4,10,5,3,31110.94
2025-03-01,CDC_CAL,Calama Hub,PRD0115,23,2,0,10,6,138788.9
2025-03-01,CDC_CAL,Calama Hub,PRD0116,0,0,0,0,0,0.0
2025-03-01,CDC_CAL,Calama Hub,PRD0117,6,5,0,2,1,5780.64
2025-03-01,CDC_CAL,Calama Hub,PRD0118,1,0,5,1,0,7385.52
2025-03-01,CDC_CAL,Calama Hub,PRD0119,0,0,2,0,0,0.0
2025-03-01,CDC_CAL,Calama Hub,PRD0120,0,0,5,0,0,0.0
2025-03-01,CDC_COP,Copiapó Hub,PRD0001,19,0,0,8,4,478391.12
2025-03-01,CDC_COP,Copiapó Hub,PRD0002,14,4,2,8,4,201397.7
2025-03-01,CDC_COP,Copiapó Hub,PRD0003,2,2,0,0,0,15007.48
2025-03-01,CDC_COP,Copiapó Hub,PRD0004,15,1,2,8,4,54818.7
2025-03-01,CDC_COP,Copiapó Hub,PRD0005,26,0,0,10,6,105073.28
2025-03-01,CDC_COP,Copiapó Hub,PRD0006,9,5,2,5,3,65691.45
2025-03-01,CDC_COP,Copiapó Hub,PRD0007,20,2,0,10,6,64310.4
2025-03-01,CDC_COP,Copiapó Hub,PRD0008,0,0,0,1,0,0.0
2025-03-01,CDC_COP,Copiapó Hub,PRD0009,8,5,2,5,3,8410.88
2025-03-01,CDC_COP,Copiapó Hub,PRD0010,0,0,0,0,0,0.0
2025-03-01,CDC_COP,Copiapó Hub,PRD0011,31,0,10,10,6,745483.97
2025-03-01,CDC_COP,Copiapó Hub,PRD0012,5,3,5,2,1,1769.15
2025-03-01,CDC_COP,Copiapó Hub,PRD0013,23,2,0,8,4,20780.73
2025-03-01,CDC_COP,Copiapó Hub,PRD0014,6,4,2,5,3,196145.28
2025-03-01,CDC_COP,Copiapó Hub,PRD0015,2,0,2,2,1,49886.44
2025-03-01,CDC_COP,Copiapó Hub,PRD0016,12,5,5,5,3,3974.88
2025-03-01,CDC_COP,Copiapó Hub,PRD0017,0,0,0,0,0,0.0
2025-03-01,CDC_COP,Copiapó Hub,PRD0018,0,0,2,0,0,0.0
2025-03-01,CDC_COP,Copiapó Hub,PRD0019,1,0,0,1,0,1529.16
2025-03-01,CDC_COP,Copiapó Hub,PRD0020,0,0,10,0,0,0.0
2025-03-01,CDC_COP,Copiapó Hub,PRD0021,8,1,5,5,3,8863.44
2025-03-01,CDC_COP,Copiapó Hub,PRD0022,0,0,5,0,0,0.0
2025-03-01,CDC_COP,Copiapó Hub,PRD0023,0,0,0,1,0,0.0
2025-03-01,CDC_COP,Copiapó Hub,PRD0024,27,1,2,10,6,420865.2
2025-03-01,CDC_COP,Copiapó Hub,PRD0025,23,5,0,10,6,10945.7
2025-03-01,CDC_COP,Copiapó Hub,PRD0026,4,1,15,3,1,36389.24
2025-03-01,CDC_COP,Copiapó Hub,PRD0027,14,2,5,5,3,77772.94
2025-03-01,CDC_COP,Copiapó Hub,PRD0028,0,0,5,0,0,0.0
2025-03-01,CDC_COP,Copiapó Hub,PRD0029,8,4,0,3,1,52334.08
2025-03-01,CDC_COP,Copiapó Hub,PRD0030,0,0,2,0,0,0.0
2025-03-01,CDC_COP,Copiapó Hub,PRD0031,13,3,15,8,4,101959.65
2025-03-01,CDC_COP,Copiapó Hub,PRD0032,6,1,0,2,1,2611.68
2025-03-01,CDC_COP,Copiapó Hub,PRD0033,21,3,0,8,4,122247.72
2025-03-01,CDC_COP,Copiapó Hub,PRD0034,8,1,5,3,1,45821.92
2025-03-01,CDC_COP,Copiapó Hub,PRD0035,22,1,0,10,6,103378.88
2025-03-01,CDC_COP,Copiapó Hub,PRD0036,3,0,15,2,1,7867.11
2025-03-01,CDC_COP,Copiapó Hub,PRD0037,6,5,0,3,1,1717.5
2025-03-01,CDC_COP,Copiapó Hub,PRD0038,0,0,10,0,0,0.0
2025-03-01,CDC_COP,Copiapó Hub,PRD0039,9,4,0,3,1,70851.24
2025-03-01,CDC_COP,Copiapó Hub,PRD0040,9,0,0,5,3,87924.24
2025-03-01,CDC_COP,Copiapó Hub,PRD0041,13,0,0,5,3,200135.13
2025-03-01,CDC_COP,Copiapó Hub,PRD0042,17,1,2,5,3,48599.94
2025-03-01,CDC_COP,Copiapó Hub,PRD0043,0,0,0,0,0,0.0
2025-03-01,CDC_COP,Copiapó Hub,PRD0044,28,5,10,8,4,776739.32
2025-03-01,CDC_COP,Copiapó Hub,PRD0045,0,0,0,0,0,0.0
2025-03-01,CDC_COP,Copiapó Hub,PRD0046,8,4,0,2,1,2903.12
2025-03-01,CDC_COP,Copiapó Hub,PRD0047,2,0,0,1,0,10330.02
2025-03-01,CDC_COP,Copiapó Hub,PRD0048,12,2,0,5,3,56124.72
2025-03-01,CDC_COP,Copiapó Hub,PRD0049,3,1,15,2,1,1373.19
2025-03-01,CDC_COP,Copiapó Hub,PRD0050,2,2,5,1,0,352.24
2025-03-01,CDC_COP,Copiapó Hub,PRD0051,0,0,0,0,0,0.0
2025-03-01,CDC_COP,Copiapó Hub,PRD0052,0,0,2,0,0,0.0
2025-03-01,CDC_COP,Copiapó Hub,PRD0053,6,0,15,5,3,4520.4
2025-03-01,CDC_COP,Copiapó Hub,PRD0054,11,0,0,5,3,22837.1
2025-03-01,CDC_COP,Copiapó Hub,PRD0055,0,0,0,0,0,0.0
2025-03-01,CDC_COP,Copiapó Hub,PRD0056,13,5,0,10,6,352068.08
2025-03-01,CDC_COP,Copiapó Hub,PRD0057,37,1,15,10,6,268366.55
2025-03-01,CDC_COP,Copiapó Hub,PRD0058,3,2,0,2,1,8086.95
2025-03-01,CDC_COP,Copiapó Hub,PRD0059,8,5,5,3,1,164018.32
2025-03-01,CDC_COP,Copiapó Hub,PRD0060,3,3,2,3,1,45855.57
2025-03-01,CDC_COP,Copiapó Hub,PRD0061,11,5,10,10,6,68728.11
2025-03-01,CDC_COP,Copiapó Hub,PRD0062,37,1,0,8,4,413685.9
2025-03-01,CDC_COP,Copiapó Hub,PRD0063,2,1,0,3,1,10576.86
2025-03-01,CDC_COP,Copiapó Hub,PRD0064,2,1,0,1,0,42002.26
2025-03-01,CDC_COP,Copiapó Hub,PRD0065,0,0,0,0,0,0.0
2025-03-01,CDC_COP,Copiapó Hub,PRD0066,0,0,2,0,0,0.0
2025-03-01,CDC_COP,Copiapó Hub,PRD0067,0,0,15,0,0,0.0
2025-03-01,CDC_COP,Copiapó Hub,PRD0068,0,0,0,0,0,0.0
2025-03-01,CDC_COP,Copiapó Hub,PRD0069,3,3,10,1,0,14676.36
2025-03-01,CDC_COP,Copiapó Hub,PRD0070,20,3,0,8,4,569370.2
2025-03-01,CDC_COP,Copiapó Hub,PRD0071,9,4,0,3,1,8403.3
2025-03-01,CDC_COP,Copiapó Hub,PRD0072,27,0,0,8,4,184377.06
2025-03-01,CDC_COP,Copiapó Hub,PRD0073,2,2,0,1,0,52528.08
2025-03-01,CDC_COP,Copiapó Hub,PRD0074,8,5,0,3,1,197861.12
2025-03-01,CDC_COP,Copiapó Hub,PRD0075,0,0,10,0,0,0.0
2025-03-01,CDC_COP,Copiapó Hub,PRD0076,11,2,0,8,4,179759.03
2025-03-01,CDC_COP,Copiapó Hub,PRD0077,10,1,2,3,1,2486.4
2025-03-01,CDC_COP,Copiapó Hub,PRD0078,20,3,15,8,4,181082.6
2025-03-01,CDC_COP,Copiapó Hub,PRD0079,6,5,0,2,1,33619.74
2025-03-01,CDC_COP,Copiapó Hub,PRD0080,0,0,0,0,0,0.0
2025-03-01,CDC_COP,Copiapó Hub,PRD0081,33,2,0,10,6,32225.82
2025-03-01,CDC_COP,Copiapó Hub,PRD0082,0,0,10,0,0,0.0
2025-03-01,CDC_COP,Copiapó Hub,PRD0083,10,3,0,5,3,23972.0
2025-03-01,CDC_COP,Copiapó Hub,PRD0084,0,0,10,0,0,0.0
2025-03-01,CDC_COP,Copiapó Hub,PRD0085,31,1,5,10,6,162487.43
2025-03-01,CDC_COP,Copiapó Hub,PRD0086,6,2,0,3,1,23293.14
2025-03-01,CDC_COP,Copiapó Hub,PRD0087,1,1,0,0,0,1235.97
2025-03-01,CDC_COP,Copiapó Hub,PRD0088,33,4,0,10,6,26485.47
2025-03-01,CDC_COP,Copiapó Hub,PRD0089,5,5,15,3,1,31740.8
2025-03-01,CDC_COP,Copiapó Hub,PRD0090,4,4,5,2,1,6876.4
2025-03-01,CDC_COP,Copiapó Hub,PRD0091,0,0,10,1,0,0.0
2025-03-01,CDC_COP,Copiapó Hub,PRD0092,0,0,0,0,0,0.0
2025-03-01,CDC_COP,Copiapó Hub,PRD0093,5,2,5,3,1,128753.3
2025-03-01,CDC_COP,Copiapó Hub,PRD0094,8,4,0,2,1,135383.12
2025-03-01,CDC_COP,Copiapó Hub,PRD0095,0,0,0,0,0,0.0
2025-03-01,CDC_COP,Copiapó Hub,PRD0096,9,5,5,8,4,10484.64
2025-03-01,CDC_COP,Copiapó Hub,PRD0097,29,1,0,8,4,19502.5
2025-03-01,CDC_COP,Copiapó Hub,PRD0098,20,0,10,10,6,22243.4
2025-03-01,CDC_COP,Copiapó Hub,PRD0099,16,2,15,5,3,33639.68
2025-03-01,CDC_COP,Copiapó Hub,PRD0100,4,1,0,2,1,6344.04
2025-03-01,CDC_COP,Copiapó Hub,PRD0101,7,0,15,3,1,34444.55
2025-03-01,CDC_COP,Copiapó Hub,PRD0102,2,2,10,1,0,1861.18
2025-03-01,CDC_COP,Copiapó Hub,PRD0103,12,2,5,5,3,69765.72
2025-03-01,CDC_COP,Copiapó Hub,PRD0104,14,5,10,8,4,68638.78
2025-03-01,CDC_COP,Copiapó Hub,PRD0105,8,4,0,3,1,3144.08
2025-03-01,CDC_COP,Copiapó Hub,PRD0106,4,0,10,2,1,34447.24
2025-03-01,CDC_COP,Copiapó Hub,PRD0107,2,2,0,1,0,54905.32
2025-03-01,CDC_COP,Copiapó Hub,PRD0108,19,1,5,10,6,293366.46
2025-03-01,CDC_COP,Copiapó Hub,PRD0109,19,4,0,10,6,339248.8
2025-03-01,CDC_COP,Copiapó Hub,PRD0110,5,5,0,2,1,23105.15
2025-03-01,CDC_COP,Copiapó Hub,PRD0111,20,1,10,8,4,161598.6
2025-03-01,CDC_COP,Copiapó Hub,PRD0112,0,0,0,0,0,0.0
2025-03-01,CDC_COP,Copiapó Hub,PRD0113,0,0,5,0,0,0.0
2025-03-01,CDC_COP,Copiapó Hub,PRD0114,0,0,15,0,0,0.0
2025-03-01,CDC_COP,Copiapó Hub,PRD0115,6,2,0,5,3,36205.8
2025-03-01,CDC_COP,Copiapó Hub,PRD0116,17,1,0,10,6,220678.36
2025-03-01,CDC_COP,Copiapó Hub,PRD0117,4,0,0,2,1,3853.76
2025-03-01,CDC_COP,Copiapó Hub,PRD0118,22,0,2,8,4,162481.44
2025-03-01,CDC_COP,Copiapó Hub,PRD0119,7,0,2,5,3,3302.6
2025-03-01,CDC_COP,Copiapó Hub,PRD0120,2,2,10,2,1,17252.76
2025-04-01,CDC_SCL,Santiago DC,PRD0001,9,5,0,3,1,226606.32
2025-04-01,CDC_SCL,Santiago DC,PRD0002,14,0,5,8,4,201397.7
2025-04-01,CDC_SCL,Santiago DC,PRD0003,7,4,0,3,1,52526.18
2025-04-01,CDC_SCL,Santiago DC,PRD0004,1,0,15,1,0,3654.58
2025-04-01,CDC_SCL,Santiago DC,PRD0005,-5,5,10,5,3,28288.96
2025-04-01,CDC_SCL,Santiago DC,PRD0006,0,0,0,0,0,0.0
2025-04-01,CDC_SCL,Santiago DC,PRD0007,0,0,2,0,0,0.0
2025-04-01,CDC_SCL,Santiago DC,PRD0008,5,1,0,3,1,18137.65
2025-04-01,CDC_SCL,Santiago DC,PRD0009,1,1,10,0,0,1051.36
2025-04-01,CDC_SCL,Santiago DC,PRD0010,0,0,10,0,0,0.0
2025-04-01,CDC_SCL,Santiago DC,PRD0011,3,1,0,2,1,72143.61
2025-04-01,CDC_SCL,Santiago DC,PRD0012,8,2,5,3,1,2830.64
2025-04-01,CDC_SCL,Santiago DC,PRD0013,0,0,10,1,0,0.0
2025-04-01,CDC_SCL,Santiago DC,PRD0014,13,4,2,10,6,424981.44
2025-04-01,CDC_SCL,Santiago DC,PRD0015,5,1,5,8,4,124716.1
2025-04-01,CDC_SCL,Santiago DC,PRD0016,3,0,0,8,4,993.72
2025-04-01,CDC_SCL,Santiago DC,PRD0017,4,1,0,2,1,16239.8
2025-04-01,CDC_SCL,Santiago DC,PRD0018,30,1,15,8,4,28930.2
2025-04-01,CDC_SCL,Santiago DC,PRD0019,9,5,2,3,1,13762.44
2025-04-01,CDC_SCL,Santiago DC,PRD0020,17,2,0,10,6,157425.61
2025-04-01,CDC_SCL,Santiago DC,PRD0021,5,3,0,8,4,5539.65
2025-04-01,CDC_SCL,Santiago DC,PRD0022,1,0,0,0,0,690.53
2025-04-01,CDC_SCL,Santiago DC,PRD0023,19,0,2,10,6,57806.93
2025-04-01,CDC_SCL,Santiago DC,PRD0024,1,1,10,1,0,15587.6
2025-04-01,CDC_SCL,Santiago DC,PRD0025,8,5,5,3,1,3807.2
2025-04-01,CDC_SCL,Santiago DC,PRD0026,24,0,10,8,4,218335.44
2025-04-01,CDC_SCL,Santiago DC,PRD0027,21,0,10,10,6,116659.41
2025-04-01,CDC_SCL,Santiago DC,PRD0028,6,0,10,3,1,35906.88
2025-04-01,CDC_SCL,Santiago DC,PRD0029,4,1,2,2,1,26167.04
2025-04-01,CDC_SCL,Santiago DC,PRD0030,0,0,2,8,4,0.0
2025-04-01,CDC_SCL,Santiago DC,PRD0031,18,0,5,8,4,141174.9
2025-04-01,CDC_SCL,Santiago DC,PRD0032,6,5,0,5,3,2611.68
2025-04-01,CDC_SCL,Santiago DC,PRD0033,2,0,15,2,1,11642.64
2025-04-01,CDC_SCL,Santiago DC,PRD0034,0,0,0,0,0,0.0
2025-04-01,CDC_SCL,Santiago DC,PRD0035,6,3,2,5,3,28194.24
2025-04-01,CDC_SCL,Santiago DC,PRD0036,18,1,0,10,6,47202.66
2025-04-01,CDC_SCL,Santiago DC,PRD0037,0,0,0,0,0,0.0
2025-04-01,CDC_SCL,Santiago DC,PRD0038,11,4,0,5,3,370801.09
2025-04-01,CDC_SCL,Santiago DC,PRD0039,0,0,15,0,0,0.0
2025-04-01,CDC_SCL,Santiago DC,PRD0040,25,0,15,10,6,244234.0
2025-04-01,CDC_SCL,Santiago DC,PRD0041,8,0,5,3,1,123160.08
2025-04-01,CDC_SCL,Santiago DC,PRD0042,1,1,15,0,0,2858.82
2025-04-01,CDC_SCL,Santiago DC,PRD0043,4,4,0,8,4,57352.8
2025-04-01,CDC_SCL,Santiago DC,PRD0044,0,0,0,0,0,0.0
2025-04-01,CDC_SCL,Santiago DC,PRD0045,3,1,10,8,4,14502.0
2025-04-01,CDC_SCL,Santiago DC,PRD0046,7,5,0,3,1,2540.23
2025-04-01,CDC_SCL,Santiago DC,PRD0047,11,0,15,3,1,56815.11
2025-04-01,CDC_SCL,Santiago DC,PRD0048,26,2,10,10,6,121603.56
2025-04-01,CDC_SCL,Santiago DC,PRD0049,1,1,5,1,0,457.73
2025-04-01,CDC_SCL,Santiago DC,PRD0050,7,4,5,2,1,1232.84
2025-04-01,CDC_SCL,Santiago DC,PRD0051,11,2,0,5,3,232715.34
2025-04-01,CDC_SCL,Santiago DC,PRD0052,11,3,15,5,3,93685.57
2025-04-01,CDC_SCL,Santiago DC,PRD0053,9,1,0,3,1,6780.6
2025-04-01,CDC_SCL,Santiago DC,PRD0054,17,4,2,5,3,35293.7
2025-04-01,CDC_SCL,Santiago DC,PRD0055,0,0,15,0,0,0.0
2025-04-01,CDC_SCL,Santiago DC,PRD0056,16,2,0,5,3,433314.56
2025-04-01,CDC_SCL,Santiago DC,PRD0057,0,0,0,0,0,0.0
2025-04-01,CDC_SCL,Santiago DC,PRD0058,7,1,0,3,1,18869.55
2025-04-01,CDC_SCL,Santiago DC,PRD0059,0,0,0,0,0,0.0
2025-04-01,CDC_SCL,Santiago DC,PRD0060,0,0,2,0,0,0.0
2025-04-01,CDC_SCL,Santiago DC,PRD0061,25,1,0,10,6,156200.25
2025-04-01,CDC_SCL,Santiago DC,PRD0062,0,0,5,0,0,0.0
2025-04-01,CDC_SCL,Santiago DC,PRD0063,10,1,0,5,3,52884.3
2025-04-01,CDC_SCL,Santiago DC,PRD0064,2,0,0,2,1,42002.26
2025-04-01,CDC_SCL,Santiago DC,PRD0065,-7,0,0,0,0,0.0
2025-04-01,CDC_SCL,Santiago DC,PRD0066,4,4,0,1,0,1070.44
2025-04-01,CDC_SCL,Santiago DC,PRD0067,4,3,5,2,1,1640.16
2025-04-01,CDC_SCL,Santiago DC,PRD0068,0,0,0,0,0,0.0
2025-04-01,CDC_SCL,Santiago DC,PRD0069,0,0,15,0,0,0.0
2025-04-01,CDC_SCL,Santiago DC,PRD0070,28,4,10,10,6,797118.28
2025-04-01,CDC_SCL,Santiago DC,PRD0071,6,5,10,2,1,5602.2
2025-04-01,CDC_SCL,Santiago DC,PRD0072,2,1,0,1,0,13657.56
2025-04-01,CDC_SCL,Santiago DC,PRD0073,0,0,2,0,0,0.0
2025-04-01,CDC_SCL,Santiago DC,PRD0074,6,5,0,3,1,148395.84
2025-04-01,CDC_SCL,Santiago DC,PRD0075,14,4,0,5,3,15698.48
2025-04-01,CDC_SCL,Santiago DC,PRD0076,0,0,0,0,0,0.0
2025-04-01,CDC_SCL,Santiago DC,PRD0077,2,0,5,1,0,497.28
2025-04-01,CDC_SCL,Santiago DC,PRD0078,1,0,0,10,6,9054.13
2025-04-01,CDC_SCL,Santiago DC,PRD0079,16,2,0,10,6,89652.64
2025-04-01,CDC_SCL,Santiago DC,PRD0080,2,1,5,1,0,9826.2
2025-04-01,CDC_SCL,Santiago DC,PRD0081,2,0,5,3,1,1953.08
2025-04-01,CDC_SCL,Santiago DC,PRD0082,1,0,0,1,0,1221.82
2025-04-01,CDC_SCL,Santiago DC,PRD0083,30,3,0,10,6,71916.0
2025-04-01,CDC_SCL,Santiago DC,PRD0084,18,5,5,5,3,405664.56
2025-04-01,CDC_SCL,Santiago DC,PRD0085,4,3,0,2,1,20966.12
2025-04-01,CDC_SCL,Santiago DC,PRD0086,7,1,15,3,1,27175.33
2025-04-01,CDC_SCL,Santiago DC,PRD0087,0,0,0,0,0,0.0
2025-04-01,CDC_SCL,Santiago DC,PRD0088,7,0,15,2,1,5618.13
2025-04-01,CDC_SCL,Santiago DC,PRD0089,0,0,0,0,0,0.0
2025-04-01,CDC_SCL,Santiago DC,PRD0090,0,0,0,0,0,0.0
2025-04-01,CDC_SCL,Santiago DC,PRD0091,10,4,5,3,1,5561.3
2025-04-01,CDC_SCL,Santiago DC,PRD0092,18,3,0,5,3,202100.76
2025-04-01,CDC_SCL,Santiago DC,PRD0093,0,0,5,0,0,0.0
2025-04-01,CDC_SCL,Santiago DC,PRD0094,29,4,15,10,6,490763.81
2025-04-01,CDC_SCL,Santiago DC,PRD0095,16,3,2,8,4,106552.0
2025-04-01,CDC_SCL,Santiago DC,PRD0096,20,5,0,5,3,23299.2
2025-04-01,CDC_SCL,Santiago DC,PRD0097,11,0,15,5,3,7397.5
2025-04-01,CDC_SCL,Santiago DC,PRD0098,17,0,0,10,6,18906.89
2025-04-01,CDC_SCL,Santiago DC,PRD0099,3,0,10,2,1,6307.44
2025-04-01,CDC_SCL,Santiago DC,PRD0100,0,0,0,0,0,0.0
2025-04-01,CDC_SCL,Santiago DC,PRD0101,28,2,0,10,6,137778.2
2025-04-01,CDC_SCL,Santiago DC,PRD0102,3,3,15,1,0,2791.77
2025-04-01,CDC_SCL,Santiago DC,PRD0103,2,1,0,1,0,11627.62
2025-04-01,CDC_SCL,Santiago DC,PRD0104,3,1,0,2,1,14708.31
2025-04-01,CDC_SCL,Santiago DC,PRD0105,9,3,10,2,1,3537.09
2025-04-01,CDC_SCL,Santiago DC,PRD0106,0,0,10,0,0,0.0
2025-04-01,CDC_SCL,Santiago DC,PRD0107,0,0,15,1,0,0.0
2025-04-01,CDC_SCL,Santiago DC,PRD0108,1,0,0,0,0,15440.34
2025-04-01,CDC_SCL,Santiago DC,PRD0109,7,2,10,3,1,124986.4
2025-04-01,CDC_SCL,Santiago DC,PRD0110,5,3,10,2,1,23105.15
2025-04-01,CDC_SCL,Santiago DC,PRD0111,2,2,5,1,0,16159.86
2025-04-01,CDC_SCL,Santiago DC,PRD0112,1,1,0,1,0,16821.29
2025-04-01,CDC_SCL,Santiago DC,PRD0113,0,0,0,0,0,0.0
2025-04-01,CDC_SCL,Santiago DC,PRD0114,25,5,0,10,6,55555.25
2025-04-01,CDC_SCL,Santiago DC,PRD0115,8,1,0,3,1,48274.4
2025-04-01,CDC_SCL,Santiago DC,PRD0116,24,1,10,8,4,311545.92
2025-04-01,CDC_SCL,Santiago DC,PRD0117,0,0,0,0,0,0.0
2025-04-01,CDC_SCL,Santiago DC,PRD0118,24,3,0,10,6,177252.48
2025-04-01,CDC_SCL,Santiago DC,PRD0119,27,3,0,10,6,12738.6
2025-04-01,CDC_SCL,Santiago DC,PRD0120,-12,5,5,2,1,43131.9
2025-04-01,CDC_ANT,Antofagasta DC,PRD0001,4,0,0,2,1,100713.92
2025-04-01,CDC_ANT,Antofagasta DC,PRD0002,3,2,10,1,0,43156.65
2025-04-01,CDC_ANT,Antofagasta DC,PRD0003,0,0,2,0,0,0.0
2025-04-01,CDC_ANT,Antofagasta DC,PRD0004,15,4,10,5,3,54818.7
2025-04-01,CDC_ANT,Antofagasta DC,PRD0005,4,3,10,3,1,16165.12
2025-04-01,CDC_ANT,Antofagasta DC,PRD0006,20,4,0,10,6,145981.0
2025-04-01,CDC_ANT,Antofagasta DC,PRD0007,0,0,2,0,0,0.0
2025-04-01,CDC_ANT,Antofagasta DC,PRD0008,0,0,10,0,0,0.0
2025-04-01,CDC_ANT,Antofagasta DC,PRD0009,0,0,2,0,0,0.0
2025-04-01,CDC_ANT,Antofagasta DC,PRD0010,0,0,2,0,0,0.0
2025-04-01,CDC_ANT,Antofagasta DC,PRD0011,13,0,10,8,4,312622.31
2025-04-01,CDC_ANT,Antofagasta DC,PRD0012,2,1,0,2,1,707.66
2025-04-01,CDC_ANT,Antofagasta DC,PRD0013,11,2,10,5,3,9938.61
2025-04-01,CDC_ANT,Antofagasta DC,PRD0014,18,2,10,8,4,588435.84
2025-04-01,CDC_ANT,Antofagasta DC,PRD0015,3,3,5,1,0,74829.66
2025-04-01,CDC_ANT,Antofagasta DC,PRD0016,3,0,2,1,0,993.72
2025-04-01,CDC_ANT,Antofagasta DC,PRD0017,12,5,5,5,3,48719.4
2025-04-01,CDC_ANT,Antofagasta DC,PRD0018,12,4,0,3,1,11572.08
2025-04-01,CDC_ANT,Antofagasta DC,PRD0019,37,5,2,10,6,56578.92
2025-04-01,CDC_ANT,Antofagasta DC,PRD0020,2,0,0,1,0,18520.66
2025-04-01,CDC_ANT,Antofagasta DC,PRD0021,3,3,2,2,1,3323.79
2025-04-01,CDC_ANT,Antofagasta DC,PRD0022,4,0,5,2,1,2762.12
2025-04-01,CDC_ANT,Antofagasta DC,PRD0023,4,0,0,3,1,12169.88
2025-04-01,CDC_ANT,Antofagasta DC,PRD0024,5,2,15,3,1,77938.0
2025-04-01,CDC_ANT,Antofagasta DC,PRD0025,23,0,15,10,6,10945.7
2025-04-01,CDC_ANT,Antofagasta DC,PRD0026,19,3,0,10,6,172848.89
2025-04-01,CDC_ANT,Antofagasta DC,PRD0027,4,2,2,2,1,22220.84
2025-04-01,CDC_ANT,Antofagasta DC,PRD0028,8,2,0,3,1,47875.84
2025-04-01,CDC_ANT,Antofagasta DC,PRD0029,6,5,2,2,1,39250.56
2025-04-01,CDC_ANT,Antofagasta DC,PRD0030,18,0,10,8,4,19861.92
2025-04-01,CDC_ANT,Antofagasta DC,PRD0031,0,0,2,2,1,0.0
2025-04-01,CDC_ANT,Antofagasta DC,PRD0032,3,2,2,2,1,1305.84
2025-04-01,CDC_ANT,Antofagasta DC,PRD0033,11,1,5,3,1,64034.52
2025-04-01,CDC_ANT,Antofagasta DC,PRD0034,1,0,0,1,0,5727.74
2025-04-01,CDC_ANT,Antofagasta DC,PRD0035,13,2,0,10,6,61087.52
2025-04-01,CDC_ANT,Antofagasta DC,PRD0036,0,0,15,0,0,0.0
2025-04-01,CDC_ANT,Antofagasta DC,PRD0037,0,0,10,0,0,0.0
2025-04-01,CDC_ANT,Antofagasta DC,PRD0038,0,0,5,0,0,0.0
2025-04-01,CDC_ANT,Antofagasta DC,PRD0039,0,0,2,0,0,0.0
2025-04-01,CDC_ANT,Antofagasta DC,PRD0040,2,1,10,1,0,19538.72
2025-04-01,CDC_ANT,Antofagasta DC,PRD0041,2,2,0,3,1,30790.02
2025-04-01,CDC_ANT,Antofagasta DC,PRD0042,2,0,5,2,1,5717.64
2025-04-01,CDC_ANT,Antofagasta DC,PRD0043,4,4,0,1,0,57352.8
2025-04-01,CDC_ANT,Antofagasta DC,PRD0044,6,3,5,3,1,166444.14
2025-04-01,CDC_ANT,Antofagasta DC,PRD0045,8,4,10,3,1,38672.0
2025-04-01,CDC_ANT,Antofagasta DC,PRD0046,1,0,5,3,1,362.89
2025-04-01,CDC_ANT,Antofagasta DC,PRD0047,8,2,2,3,1,41320.08
2025-04-01,CDC_ANT,Antofagasta DC,PRD0048,5,3,5,3,1,23385.3
2025-04-01,CDC_ANT,Antofagasta DC,PRD0049,10,3,5,10,6,4577.3
2025-04-01,CDC_ANT,Antofagasta DC,PRD0050,13,1,0,8,4,2289.56
2025-04-01,CDC_ANT,Antofagasta DC,PRD0051,16,0,10,5,3,338495.04
2025-04-01,CDC_ANT,Antofagasta DC,PRD0052,4,0,5,3,1,34067.48
2025-04-01,CDC_ANT,Antofagasta DC,PRD0053,0,0,2,0,0,0.0
2025-04-01,CDC_ANT,Antofagasta DC,PRD0054,1,1,0,1,0,2076.1
2025-04-01,CDC_ANT,Antofagasta DC,PRD0055,4,4,0,2,1,1480.32
2025-04-01,CDC_ANT,Antofagasta DC,PRD0056,2,2,5,3,1,54164.32
2025-04-01,CDC_ANT,Antofagasta DC,PRD0057,3,1,0,2,1,21759.45
2025-04-01,CDC_ANT,Antofagasta DC,PRD0058,22,3,2,8,4,59304.3
2025-04-01,CDC_ANT,Antofagasta DC,PRD0059,14,5,2,5,3,287032.06
2025-04-01,CDC_ANT,Antofagasta DC,PRD0060,4,1,10,2,1,61140.76
2025-04-01,CDC_ANT,Antofagasta DC,PRD0061,6,0,0,5,3,37488.06
2025-04-01,CDC_ANT,Antofagasta DC,PRD0062,0,0,0,0,0,0.0
2025-04-01,CDC_ANT,Antofagasta DC,PRD0063,23,1,5,8,4,121633.89
2025-04-01,CDC_ANT,Antofagasta DC,PRD0064,26,3,2,8,4,546029.38
2025-04-01,CDC_ANT,Antofagasta DC,PRD0065,6,5,0,3,1,5970.72
2025-04-01,CDC_ANT,Antofagasta DC,PRD0066,11,3,2,3,1,2943.71
2025-04-01,CDC_ANT,Antofagasta DC,PRD0067,0,0,0,0,0,0.0
2025-04-01,CDC_ANT,Antofagasta DC,PRD0068,11,1,15,5,3,84846.74
2025-04-01,CDC_ANT,Antofagasta DC,PRD0069,23,4,15,10,6,112518.76
2025-04-01,CDC_ANT,Antofagasta DC,PRD0070,0,0,0,0,0,0.0
2025-04-01,CDC_ANT,Antofagasta DC,PRD0071,3,3,5,2,1,2801.1
2025-04-01,CDC_ANT,Antofagasta DC,PRD0072,11,3,0,3,1,75116.58
2025-04-01,CDC_ANT,Antofagasta DC,PRD0073,7,0,0,5,3,183848.28
2025-04-01,CDC_ANT,Antofagasta DC,PRD0074,5,0,0,3,1,123663.2
2025-04-01,CDC_ANT,Antofagasta DC,PRD0075,7,3,15,10,6,7849.24
2025-04-01,CDC_ANT,Antofagasta DC,PRD0076,26,2,0,10,6,424884.98
2025-04-01,CDC_ANT,Antofagasta DC,PRD0077,0,0,10,0,0,0.0
2025-04-01,CDC_ANT,Antofagasta DC,PRD0078,0,0,0,0,0,0.0
2025-04-01,CDC_ANT,Antofagasta DC,PRD0079,1,1,0,1,0,5603.29
2025-04-01,CDC_ANT,Antofagasta DC,PRD0080,0,0,0,0,0,0.0
2025-04-01,CDC_ANT,Antofagasta DC,PRD0081,1,1,0,0,0,976.54
2025-04-01,CDC_ANT,Antofagasta DC,PRD0082,6,0,10,3,1,7330.92
2025-04-01,CDC_ANT,Antofagasta DC,PRD0083,7,5,0,2,1,16780.4
2025-04-01,CDC_ANT,Antofagasta DC,PRD0084,18,2,5,8,4,405664.56
2025-04-01,CDC_ANT,Antofagasta DC,PRD0085,29,2,10,10,6,152004.37
2025-04-01,CDC_ANT,Antofagasta DC,PRD0086,14,3,5,10,6,54350.66
2025-04-01,CDC_ANT,Antofagasta DC,PRD0087,16,5,0,5,3,19775.52
2025-04-01,CDC_ANT,Antofagasta DC,PRD0088,11,1,0,8,4,8828.49
2025-04-01,CDC_ANT,Antofagasta DC,PRD0089,22,0,10,10,6,139659.52
2025-04-01,CDC_ANT,Antofagasta DC,PRD0090,2,2,5,1,0,3438.2
2025-04-01,CDC_ANT,Antofagasta DC,PRD0091,1,0,5,1,0,556.13
2025-04-01,CDC_ANT,Antofagasta DC,PRD0092,0,0,0,0,0,0.0
2025-04-01,CDC_ANT,Antofagasta DC,PRD0093,13,3,10,8,4,334758.58
2025-04-01,CDC_ANT,Antofagasta DC,PRD0094,17,0,5,10,6,287689.13
2025-04-01,CDC_ANT,Antofagasta DC,PRD0095,18,3,10,8,4,119871.0
2025-04-01,CDC_ANT,Antofagasta DC,PRD0096,35,2,5,10,6,40773.6
2025-04-01,CDC_ANT,Antofagasta DC,PRD0097,5,4,2,3,1,3362.5
2025-04-01,CDC_ANT,Antofagasta DC,PRD0098,5,1,2,3,1,5560.85
2025-04-01,CDC_ANT,Antofagasta DC,PRD0099,0,0,15,1,0,0.0
2025-04-01,CDC_ANT,Antofagasta DC,PRD0100,6,0,10,3,1,9516.06
2025-04-01,CDC_ANT,Antofagasta DC,PRD0101,32,4,0,10,6,157460.8
2025-04-01,CDC_ANT,Antofagasta DC,PRD0102,1,1,5,0,0,930.59
2025-04-01,CDC_ANT,Antofagasta DC,PRD0103,26,1,5,8,4,151159.06
2025-04-01,CDC_ANT,Antofagasta DC,PRD0104,4,1,2,5,3,19611.08
2025-04-01,CDC_ANT,Antofagasta DC,PRD0105,1,1,5,2,1,393.01
2025-04-01,CDC_ANT,Antofagasta DC,PRD0106,15,1,0,8,4,129177.15
2025-04-01,CDC_ANT,Antofagasta DC,PRD0107,7,5,15,3,1,192168.62
2025-04-01,CDC_ANT,Antofagasta DC,PRD0108,2,0,2,1,0,30880.68
2025-04-01,CDC_ANT,Antofagasta DC,PRD0109,5,5,2,3,1,89276.0
2025-04-01,CDC_ANT,Antofagasta DC,PRD0110,0,0,0,0,0,0.0
2025-04-01,CDC_ANT,Antofagasta DC,PRD0111,1,0,0,1,0,8079.93
2025-04-01,CDC_ANT,Antofagasta DC,PRD0112,1,0,0,1,0,16821.29
2025-04-01,CDC_ANT,Antofagasta DC,PRD0113,6,3,15,3,1,6641.4
2025-04-01,CDC_ANT,Antofagasta DC,PRD0114,0,0,0,0,0,0.0
2025-04-01,CDC_ANT,Antofagasta DC,PRD0115,2,2,2,1,0,12068.6
2025-04-01,CDC_ANT,Antofagasta DC,PRD0116,1,1,5,0,0,12981.08
2025-04-01,CDC_ANT,Antofagasta DC,PRD0117,0,0,0,0,0,0.0
2025-04-01,CDC_ANT,Antofagasta DC,PRD0118,5,0,0,3,1,36927.6
2025-04-01,CDC_ANT,Antofagasta DC,PRD0119,0,0,0,1,0,0.0
2025-04-01,CDC_ANT,Antofagasta DC,PRD0120,0,0,0,0,0,0.0
2025-04-01,CDC_CAL,Calama Hub,PRD0001,16,3,15,8,4,402855.68
2025-04-01,CDC_CAL,Calama Hub,PRD0002,3,0,0,2,1,43156.65
2025-04-01,CDC_CAL,Calama Hub,PRD0003,0,0,15,0,0,0.0
2025-04-01,CDC_CAL,Calama Hub,PRD0004,11,1,2,5,3,40200.38
2025-04-01,CDC_CAL,Calama Hub,PRD0005,8,3,2,5,3,32330.24
2025-04-01,CDC_CAL,Calama Hub,PRD0006,4,3,5,1,0,29196.2
2025-04-01,CDC_CAL,Calama Hub,PRD0007,4,4,0,2,1,12862.08
2025-04-01,CDC_CAL,Calama Hub,PRD0008,30,5,5,8,4,108825.9
2025-04-01,CDC_CAL,Calama Hub,PRD0009,18,5,2,8,4,18924.48
2025-04-01,CDC_CAL,Calama Hub,PRD0010,35,2,0,10,6,210980.7
2025-04-01,CDC_CAL,Calama Hub,PRD0011,0,0,10,0,0,0.0
2025-04-01,CDC_CAL,Calama Hub,PRD0012,3,3,5,3,1,1061.49
2025-04-01,CDC_CAL,Calama Hub,PRD0013,0,0,0,0,0,0.0
2025-04-01,CDC_CAL,Calama Hub,PRD0014,29,2,2,10,6,948035.52
2025-04-01,CDC_CAL,Calama Hub,PRD0015,3,0,0,1,0,74829.66
2025-04-01,CDC_CAL,Calama Hub,PRD0016,0,0,15,0,0,0.0
2025-04-01,CDC_CAL,Calama Hub,PRD0017,0,0,0,0,0,0.0
2025-04-01,CDC_CAL,Calama Hub,PRD0018,29,3,2,10,6,27965.86
2025-04-01,CDC_CAL,Calama Hub,PRD0019,18,3,0,8,4,27524.88
2025-04-01,CDC_CAL,Calama Hub,PRD0020,21,2,10,8,4,194466.93
2025-04-01,CDC_CAL,Calama Hub,PRD0021,0,0,2,0,0,0.0
2025-04-01,CDC_CAL,Calama Hub,PRD0022,41,0,10,10,6,28311.73
2025-04-01,CDC_CAL,Calama Hub,PRD0023,7,3,0,3,1,21297.29
2025-04-01,CDC_CAL,Calama Hub,PRD0024,2,2,10,1,0,31175.2
2025-04-01,CDC_CAL,Calama Hub,PRD0025,12,0,0,5,3,5710.8
2025-04-01,CDC_CAL,Calama Hub,PRD0026,24,4,5,10,6,218335.44
2025-04-01,CDC_CAL,Calama Hub,PRD0027,3,1,0,2,1,16665.63
2025-04-01,CDC_CAL,Calama Hub,PRD0028,11,4,10,3,1,65829.28
2025-04-01,CDC_CAL,Calama Hub,PRD0029,14,3,10,5,3,91584.64
2025-04-01,CDC_CAL,Calama Hub,PRD0030,13,3,0,5,3,14344.72
2025-04-01,CDC_CAL,Calama Hub,PRD0031,9,1,2,5,3,70587.45
2025-04-01,CDC_CAL,Calama Hub,PRD0032,23,0,15,10,6,10011.44
2025-04-01,CDC_CAL,Calama Hub,PRD0033,0,0,0,0,0,0.0
2025-04-01,CDC_CAL,Calama Hub,PRD0034,0,0,15,0,0,0.0
2025-04-01,CDC_CAL,Calama Hub,PRD0035,0,0,0,0,0,0.0
2025-04-01,CDC_CAL,Calama Hub,PRD0036,1,1,10,0,0,2622.37
2025-04-01,CDC_CAL,Calama Hub,PRD0037,0,0,2,0,0,0.0
2025-04-01,CDC_CAL,Calama Hub,PRD0038,3,3,15,2,1,101127.57
2025-04-01,CDC_CAL,Calama Hub,PRD0039,0,0,10,0,0,0.0
2025-04-01,CDC_CAL,Calama Hub,PRD0040,1,0,0,1,0,9769.36
2025-04-01,CDC_CAL,Calama Hub,PRD0041,0,0,10,0,0,0.0
2025-04-01,CDC_CAL,Calama Hub,PRD0042,1,0,10,0,0,2858.82
2025-04-01,CDC_CAL,Calama Hub,PRD0043,3,3,0,2,1,43014.6
2025-04-01,CDC_CAL,Calama Hub,PRD0044,0,0,2,5,3,0.0
2025-04-01,CDC_CAL,Calama Hub,PRD0045,21,5,2,10,6,101514.0
2025-04-01,CDC_CAL,Calama Hub,PRD0046,1,1,0,1,0,362.89
2025-04-01,CDC_CAL,Calama Hub,PRD0047,0,0,10,0,0,0.0
2025-04-01,CDC_CAL,Calama Hub,PRD0048,1,0,10,1,0,4677.06
2025-04-01,CDC_CAL,Calama Hub,PRD0049,0,0,5,0,0,0.0
2025-04-01,CDC_CAL,Calama Hub,PRD0050,20,5,0,10,6,3522.4
2025-04-01,CDC_CAL,Calama Hub,PRD0051,12,5,10,8,4,253871.28
2025-04-01,CDC_CAL,Calama Hub,PRD0052,0,0,0,0,0,0.0
2025-04-01,CDC_CAL,Calama Hub,PRD0053,1,0,2,2,1,753.4
2025-04-01,CDC_CAL,Calama Hub,PRD0054,6,0,5,3,1,12456.6
2025-04-01,CDC_CAL,Calama Hub,PRD0055,45,2,0,8,4,16653.6
2025-04-01,CDC_CAL,Calama Hub,PRD0056,0,0,5,0,0,0.0
2025-04-01,CDC_CAL,Calama Hub,PRD0057,2,2,15,0,0,14506.3
2025-04-01,CDC_CAL,Calama Hub,PRD0058,3,0,0,3,1,8086.95
2025-04-01,CDC_CAL,Calama Hub,PRD0059,12,2,2,8,4,246027.48
2025-04-01,CDC_CAL,Calama Hub,PRD0060,4,3,0,5,3,61140.76
2025-04-01,CDC_CAL,Calama Hub,PRD0061,12,0,10,8,4,74976.12
2025-04-01,CDC_CAL,Calama Hub,PRD0062,0,0,0,0,0,0.0
2025-04-01,CDC_CAL,Calama Hub,PRD0063,7,3,2,3,1,37019.01
2025-04-01,CDC_CAL,Calama Hub,PRD0064,22,4,5,8,4,462024.86
2025-04-01,CDC_CAL,Calama Hub,PRD0065,19,5,10,10,6,18907.28
2025-04-01,CDC_CAL,Calama Hub,PRD0066,8,5,2,3,1,2140.88
2025-04-01,CDC_CAL,Calama Hub,PRD0067,7,3,0,3,1,2870.28
2025-04-01,CDC_CAL,Calama Hub,PRD0068,10,5,10,5,3,77133.4
2025-04-01,CDC_CAL,Calama Hub,PRD0069,1,0,15,0,0,4892.12
2025-04-01,CDC_CAL,Calama Hub,PRD0070,0,0,10,0,0,0.0
2025-04-01,CDC_CAL,Calama Hub,PRD0071,21,3,5,10,6,19607.7
2025-04-01,CDC_CAL,Calama Hub,PRD0072,10,3,0,8,4,68287.8
2025-04-01,CDC_CAL,Calama Hub,PRD0073,14,5,2,8,4,367696.56
2025-04-01,CDC_CAL,Calama Hub,PRD0074,6,5,0,2,1,148395.84
2025-04-01,CDC_CAL,Calama Hub,PRD0075,0,0,10,0,0,0.0
2025-04-01,CDC_CAL,Calama Hub,PRD0076,29,3,0,8,4,473910.17
2025-04-01,CDC_CAL,Calama Hub,PRD0077,7,2,0,8,4,1740.48
2025-04-01,CDC_CAL,Calama Hub,PRD0078,12,0,2,8,4,108649.56
2025-04-01,CDC_CAL,Calama Hub,PRD0079,2,0,15,3,1,11206.58
2025-04-01,CDC_CAL,Calama Hub,PRD0080,15,3,0,10,6,73696.5
2025-04-01,CDC_CAL,Calama Hub,PRD0081,10,0,10,8,4,9765.4
2025-04-01,CDC_CAL,Calama Hub,PRD0082,0,0,0,1,0,0.0
2025-04-01,CDC_CAL,Calama Hub,PRD0083,0,0,2,0,0,0.0
2025-04-01,CDC_CAL,Calama Hub,PRD0084,1,1,0,1,0,22536.92
2025-04-01,CDC_CAL,Calama Hub,PRD0085,13,4,0,3,1,68139.89
2025-04-01,CDC_CAL,Calama Hub,PRD0086,1,1,10,0,0,3882.19
2025-04-01,CDC_CAL,Calama Hub,PRD0087,0,0,15,0,0,0.0
2025-04-01,CDC_CAL,Calama Hub,PRD0088,10,1,0,8,4,8025.9
2025-04-01,CDC_CAL,Calama Hub,PRD0089,31,5,0,8,4,196792.96
2025-04-01,CDC_CAL,Calama Hub,PRD0090,25,1,10,8,4,42977.5
2025-04-01,CDC_CAL,Calama Hub,PRD0091,4,3,15,2,1,2224.52
2025-04-01,CDC_CAL,Calama Hub,PRD0092,10,0,0,5,3,112278.2
2025-04-01,CDC_CAL,Calama Hub,PRD0093,16,5,0,8,4,412010.56
2025-04-01,CDC_CAL,Calama Hub,PRD0094,0,0,0,0,0,0.0
2025-04-01,CDC_CAL,Calama Hub,PRD0095,3,1,2,2,1,19978.5
2025-04-01,CDC_CAL,Calama Hub,PRD0096,0,0,2,0,0,0.0
2025-04-01,CDC_CAL,Calama Hub,PRD0097,8,3,5,3,1,5380.0
2025-04-01,CDC_CAL,Calama Hub,PRD0098,2,2,15,1,0,2224.34
2025-04-01,CDC_CAL,Calama Hub,PRD0099,0,0,0,0,0,0.0
2025-04-01,CDC_CAL,Calama Hub,PRD0100,8,5,0,5,3,12688.08
2025-04-01,CDC_CAL,Calama Hub,PRD0101,11,1,2,8,4,54127.15
2025-04-01,CDC_CAL,Calama Hub,PRD0102,3,1,0,3,1,2791.77
2025-04-01,CDC_CAL,Calama Hub,PRD0103,25,1,15,10,6,145345.25
2025-04-01,CDC_CAL,Calama Hub,PRD0104,23,0,15,10,6,112763.71
2025-04-01,CDC_CAL,Calama Hub,PRD0105,3,0,5,1,0,1179.03
2025-04-01,CDC_CAL,Calama Hub,PRD0106,0,0,10,2,1,0.0
2025-04-01,CDC_CAL,Calama Hub,PRD0107,0,0,15,0,0,0.0
2025-04-01,CDC_CAL,Calama Hub,PRD0108,3,3,0,3,1,46321.02
2025-04-01,CDC_CAL,Calama Hub,PRD0109,3,0,10,2,1,53565.6
2025-04-01,CDC_CAL,Calama Hub,PRD0110,7,4,2,2,1,32347.21
2025-04-01,CDC_CAL,Calama Hub,PRD0111,7,1,10,5,3,56559.51
2025-04-01,CDC_CAL,Calama Hub,PRD0112,3,2,0,3,1,50463.87
2025-04-01,CDC_CAL,Calama Hub,PRD0113,3,2,15,1,0,3320.7
2025-04-01,CDC_CAL,Calama Hub,PRD0114,39,3,10,10,6,86666.19
2025-04-01,CDC_CAL,Calama Hub,PRD0115,19,5,2,5,3,114651.7
2025-04-01,CDC_CAL,Calama Hub,PRD0116,6,2,5,3,1,77886.48
2025-04-01,CDC_CAL,Calama Hub,PRD0117,0,0,10,0,0,0.0
2025-04-01,CDC_CAL,Calama Hub,PRD0118,12,3,0,3,1,88626.24
2025-04-01,CDC_CAL,Calama Hub,PRD0119,0,0,15,0,0,0.0
2025-04-01,CDC_CAL,Calama Hub,PRD0120,37,4,15,10,6,319176.06
2025-04-01,CDC_COP,Copiapó Hub,PRD0001,2,2,0,2,1,50356.96
2025-04-01,CDC_COP,Copiapó Hub,PRD0002,0,0,0,3,1,0.0
2025-04-01,CDC_COP,Copiapó Hub,PRD0003,21,1,2,10,6,157578.54
2025-04-01,CDC_COP,Copiapó Hub,PRD0004,0,0,0,0,0,0.0
2025-04-01,CDC_COP,Copiapó Hub,PRD0005,3,0,0,1,0,12123.84
2025-04-01,CDC_COP,Copiapó Hub,PRD0006,18,0,0,10,6,131382.9
2025-04-01,CDC_COP,Copiapó Hub,PRD0007,6,3,0,8,4,19293.12
2025-04-01,CDC_COP,Copiapó Hub,PRD0008,6,0,0,5,3,21765.18
2025-04-01,CDC_COP,Copiapó Hub,PRD0009,11,5,0,8,4,11564.96
2025-04-01,CDC_COP,Copiapó Hub,PRD0010,25,4,15,8,4,150700.5
2025-04-01,CDC_COP,Copiapó Hub,PRD0011,18,3,10,8,4,432861.66
2025-04-01,CDC_COP,Copiapó Hub,PRD0012,1,0,0,0,0,353.83
2025-04-01,CDC_COP,Copiapó Hub,PRD0013,0,0,0,0,0,0.0
2025-04-01,CDC_COP,Copiapó Hub,PRD0014,13,4,0,8,4,424981.44
2025-04-01,CDC_COP,Copiapó Hub,PRD0015,9,0,5,3,1,224488.98
2025-04-01,CDC_COP,Copiapó Hub,PRD0016,28,3,15,8,4,9274.72
2025-04-01,CDC_COP,Copiapó Hub,PRD0017,2,2,2,0,0,8119.9
2025-04-01,CDC_COP,Copiapó Hub,PRD0018,8,5,5,3,1,7714.72
2025-04-01,CDC_COP,Copiapó Hub,PRD0019,10,0,0,3,1,15291.6
2025-04-01,CDC_COP,Copiapó Hub,PRD0020,0,0,15,0,0,0.0
2025-04-01,CDC_COP,Copiapó Hub,PRD0021,0,0,0,0,0,0.0
2025-04-01,CDC_COP,Copiapó Hub,PRD0022,31,2,0,10,6,21406.43
2025-04-01,CDC_COP,Copiapó Hub,PRD0023,0,0,15,2,1,0.0
2025-04-01,CDC_COP,Copiapó Hub,PRD0024,4,0,5,2,1,62350.4
2025-04-01,CDC_COP,Copiapó Hub,PRD0025,12,0,0,10,6,5710.8
2025-04-01,CDC_COP,Copiapó Hub,PRD0026,0,0,0,0,0,0.0
2025-04-01,CDC_COP,Copiapó Hub,PRD0027,31,5,0,10,6,172211.51
2025-04-01,CDC_COP,Copiapó Hub,PRD0028,0,0,0,1,0,0.0
2025-04-01,CDC_COP,Copiapó Hub,PRD0029,19,1,2,8,4,124293.44
2025-04-01,CDC_COP,Copiapó Hub,PRD0030,2,1,0,1,0,2206.88
2025-04-01,CDC_COP,Copiapó Hub,PRD0031,0,0,0,1,0,0.0
2025-04-01,CDC_COP,Copiapó Hub,PRD0032,0,0,0,8,4,0.0
2025-04-01,CDC_COP,Copiapó Hub,PRD0033,24,4,0,10,6,139711.68
2025-04-01,CDC_COP,Copiapó Hub,PRD0034,0,0,5,0,0,0.0
2025-04-01,CDC_COP,Copiapó Hub,PRD0035,11,5,0,5,3,51689.44
2025-04-01,CDC_COP,Copiapó Hub,PRD0036,5,0,10,2,1,13111.85
2025-04-01,CDC_COP,Copiapó Hub,PRD0037,9,1,5,5,3,2576.25
2025-04-01,CDC_COP,Copiapó Hub,PRD0038,14,0,15,5,3,471928.66
2025-04-01,CDC_COP,Copiapó Hub,PRD0039,2,0,0,2,1,15744.72
2025-04-01,CDC_COP,Copiapó Hub,PRD0040,12,2,15,5,3,117232.32
2025-04-01,CDC_COP,Copiapó Hub,PRD0041,0,0,0,0,0,0.0
2025-04-01,CDC_COP,Copiapó Hub,PRD0042,0,0,10,0,0,0.0
2025-04-01,CDC_COP,Copiapó Hub,PRD0043,0,0,10,0,0,0.0
2025-04-01,CDC_COP,Copiapó Hub,PRD0044,3,3,2,2,1,83222.07
2025-04-01,CDC_COP,Copiapó Hub,PRD0045,0,0,2,0,0,0.0
2025-04-01,CDC_COP,Copiapó Hub,PRD0046,0,0,15,10,6,0.0
2025-04-01,CDC_COP,Copiapó Hub,PRD0047,4,2,0,2,1,20660.04
2025-04-01,CDC_COP,Copiapó Hub,PRD0048,25,1,0,8,4,116926.5
2025-04-01,CDC_COP,Copiapó Hub,PRD0049,1,0,2,1,0,457.73
2025-04-01,CDC_COP,Copiapó Hub,PRD0050,7,0,0,3,1,1232.84
2025-04-01,CDC_COP,Copiapó Hub,PRD0051,3,3,10,1,0,63467.82
2025-04-01,CDC_COP,Copiapó Hub,PRD0052,2,1,2,2,1,17033.74
2025-04-01,CDC_COP,Copiapó Hub,PRD0053,1,1,0,0,0,753.4
2025-04-01,CDC_COP,Copiapó Hub,PRD0054,0,0,10,0,0,0.0
2025-04-01,CDC_COP,Copiapó Hub,PRD0055,0,0,5,0,0,0.0
2025-04-01,CDC_COP,Copiapó Hub,PRD0056,28,4,2,10,6,758300.48
2025-04-01,CDC_COP,Copiapó Hub,PRD0057,1,1,5,0,0,7253.15
2025-04-01,CDC_COP,Copiapó Hub,PRD0058,17,5,0,10,6,45826.05
2025-04-01,CDC_COP,Copiapó Hub,PRD0059,0,0,15,0,0,0.0
2025-04-01,CDC_COP,Copiapó Hub,PRD0060,1,0,0,0,0,15285.19
2025-04-01,CDC_COP,Copiapó Hub,PRD0061,3,2,0,3,1,18744.03
2025-04-01,CDC_COP,Copiapó Hub,PRD0062,0,0,10,0,0,0.0
2025-04-01,CDC_COP,Copiapó Hub,PRD0063,7,0,15,2,1,37019.01
2025-04-01,CDC_COP,Copiapó Hub,PRD0064,19,0,0,10,6,399021.47
2025-04-01,CDC_COP,Copiapó Hub,PRD0065,0,0,0,0,0,0.0
2025-04-01,CDC_COP,Copiapó Hub,PRD0066,29,3,10,10,6,7760.69
2025-04-01,CDC_COP,Copiapó Hub,PRD0067,0,0,15,1,0,0.0
2025-04-01,CDC_COP,Copiapó Hub,PRD0068,7,4,10,5,3,53993.38
2025-04-01,CDC_COP,Copiapó Hub,PRD0069,11,1,10,5,3,53813.32
2025-04-01,CDC_COP,Copiapó Hub,PRD0070,1,1,0,1,0,28468.51
2025-04-01,CDC_COP,Copiapó Hub,PRD0071,10,3,0,3,1,9337.0
2025-04-01,CDC_COP,Copiapó Hub,PRD0072,3,2,2,2,1,20486.34
2025-04-01,CDC_COP,Copiapó Hub,PRD0073,17,4,0,10,6,446488.68
2025-04-01,CDC_COP,Copiapó Hub,PRD0074,30,4,0,8,4,741979.2
2025-04-01,CDC_COP,Copiapó Hub,PRD0075,3,1,2,2,1,3363.96
2025-04-01,CDC_COP,Copiapó Hub,PRD0076,11,1,0,8,4,179759.03
2025-04-01,CDC_COP,Copiapó Hub,PRD0077,3,2,0,5,3,745.92
2025-04-01,CDC_COP,Copiapó Hub,PRD0078,26,4,2,10,6,235407.38
2025-04-01,CDC_COP,Copiapó Hub,PRD0079,23,1,2,10,6,128875.67
2025-04-01,CDC_COP,Copiapó Hub,PRD0080,0,0,0,0,0,0.0
2025-04-01,CDC_COP,Copiapó Hub,PRD0081,6,4,10,2,1,5859.24
2025-04-01,CDC_COP,Copiapó Hub,PRD0082,0,0,5,0,0,0.0
2025-04-01,CDC_COP,Copiapó Hub,PRD0083,0,0,0,0,0,0.0
2025-04-01,CDC_COP,Copiapó Hub,PRD0084,6,3,0,8,4,135221.52
2025-04-01,CDC_COP,Copiapó Hub,PRD0085,23,5,0,10,6,120555.19
2025-04-01,CDC_COP,Copiapó Hub,PRD0086,2,0,5,1,0,7764.38
2025-04-01,CDC_COP,Copiapó Hub,PRD0087,0,0,0,0,0,0.0
2025-04-01,CDC_COP,Copiapó Hub,PRD0088,3,2,0,1,0,2407.77
2025-04-01,CDC_COP,Copiapó Hub,PRD0089,21,1,0,8,4,133311.36
2025-04-01,CDC_COP,Copiapó Hub,PRD0090,6,4,15,3,1,10314.6
2025-04-01,CDC_COP,Copiapó Hub,PRD0091,11,4,0,5,3,6117.43
2025-04-01,CDC_COP,Copiapó Hub,PRD0092,0,0,15,0,0,0.0
2025-04-01,CDC_COP,Copiapó Hub,PRD0093,26,4,2,10,6,669517.16
2025-04-01,CDC_COP,Copiapó Hub,PRD0094,11,0,15,10,6,186151.79
2025-04-01,CDC_COP,Copiapó Hub,PRD0095,6,0,0,3,1,39957.0
2025-04-01,CDC_COP,Copiapó Hub,PRD0096,5,0,10,5,3,5824.8
2025-04-01,CDC_COP,Copiapó Hub,PRD0097,5,0,5,2,1,3362.5
2025-04-01,CDC_COP,Copiapó Hub,PRD0098,0,0,0,0,0,0.0
2025-04-01,CDC_COP,Copiapó Hub,PRD0099,16,3,2,8,4,33639.68
2025-04-01,CDC_COP,Copiapó Hub,PRD0100,7,2,2,5,3,11102.07
2025-04-01,CDC_COP,Copiapó Hub,PRD0101,0,0,0,1,0,0.0
2025-04-01,CDC_COP,Copiapó Hub,PRD0102,7,5,0,8,4,6514.13
2025-04-01,CDC_COP,Copiapó Hub,PRD0103,1,0,5,1,0,5813.81
2025-04-01,CDC_COP,Copiapó Hub,PRD0104,4,3,2,8,4,19611.08
2025-04-01,CDC_COP,Copiapó Hub,PRD0105,7,1,5,5,3,2751.07
2025-04-01,CDC_COP,Copiapó Hub,PRD0106,2,1,0,5,3,17223.62
2025-04-01,CDC_COP,Copiapó Hub,PRD0107,17,5,5,10,6,466695.22
2025-04-01,CDC_COP,Copiapó Hub,PRD0108,0,0,2,0,0,0.0
2025-04-01,CDC_COP,Copiapó Hub,PRD0109,3,1,5,1,0,53565.6
2025-04-01,CDC_COP,Copiapó Hub,PRD0110,3,1,15,1,0,13863.09
2025-04-01,CDC_COP,Copiapó Hub,PRD0111,0,0,0,0,0,0.0
2025-04-01,CDC_COP,Copiapó Hub,PRD0112,20,4,2,8,4,336425.8
2025-04-01,CDC_COP,Copiapó Hub,PRD0113,1,1,0,0,0,1106.9
2025-04-01,CDC_COP,Copiapó Hub,PRD0114,1,0,0,1,0,2222.21
2025-04-01,CDC_COP,Copiapó Hub,PRD0115,0,0,0,8,4,0.0
2025-04-01,CDC_COP,Copiapó Hub,PRD0116,17,5,0,5,3,220678.36
2025-04-01,CDC_COP,Copiapó Hub,PRD0117,14,5,2,8,4,13488.16
2025-04-01,CDC_COP,Copiapó Hub,PRD0118,28,3,0,10,6,206794.56
2025-04-01,CDC_COP,Copiapó Hub,PRD0119,20,0,0,5,3,9436.0
2025-04-01,CDC_COP,Copiapó Hub,PRD0120,26,1,0,10,6,224285.88
2025-05-01,CDC_SCL,Santiago DC,PRD0001,4,2,5,8,4,100713.92
2025-05-01,CDC_SCL,Santiago DC,PRD0002,0,0,5,2,1,0.0
2025-05-01,CDC_SCL,Santiago DC,PRD0003,1,1,2,1,0,7503.74
2025-05-01,CDC_SCL,Santiago DC,PRD0004,0,0,10,0,0,0.0
2025-05-01,CDC_SCL,Santiago DC,PRD0005,21,0,10,8,4,84866.88
2025-05-01,CDC_SCL,Santiago DC,PRD0006,2,2,10,1,0,14598.1
2025-05-01,CDC_SCL,Santiago DC,PRD0007,3,2,15,1,0,9646.56
2025-05-01,CDC_SCL,Santiago DC,PRD0008,19,4,0,5,3,68923.07
2025-05-01,CDC_SCL,Santiago DC,PRD0009,6,3,2,5,3,6308.16
2025-05-01,CDC_SCL,Santiago DC,PRD0010,0,0,15,0,0,0.0
2025-05-01,CDC_SCL,Santiago DC,PRD0011,5,3,2,2,1,120239.35
2025-05-01,CDC_SCL,Santiago DC,PRD0012,-1,4,5,10,6,8491.92
2025-05-01,CDC_SCL,Santiago DC,PRD0013,2,0,0,1,0,1807.02
2025-05-01,CDC_SCL,Santiago DC,PRD0014,15,1,0,5,3,490363.2
2025-05-01,CDC_SCL,Santiago DC,PRD0015,18,2,0,10,6,448977.96
2025-05-01,CDC_SCL,Santiago DC,PRD0016,7,0,0,3,1,2318.68
2025-05-01,CDC_SCL,Santiago DC,PRD0017,0,0,15,0,0,0.0
2025-05-01,CDC_SCL,Santiago DC,PRD0018,11,4,0,10,6,10607.74
2025-05-01,CDC_SCL,Santiago DC,PRD0019,0,0,10,0,0,0.0
2025-05-01,CDC_SCL,Santiago DC,PRD0020,4,1,5,5,3,37041.32
2025-05-01,CDC_SCL,Santiago DC,PRD0021,0,0,10,2,1,0.0
2025-05-01,CDC_SCL,Santiago DC,PRD0022,18,0,10,10,6,12429.54
2025-05-01,CDC_SCL,Santiago DC,PRD0023,18,3,5,8,4,54764.46
2025-05-01,CDC_SCL,Santiago DC,PRD0024,13,1,0,3,1,202638.8
2025-05-01,CDC_SCL,Santiago DC,PRD0025,8,3,0,5,3,3807.2
2025-05-01,CDC_SCL,Santiago DC,PRD0026,1,0,0,1,0,9097.31
2025-05-01,CDC_SCL,Santiago DC,PRD0027,0,0,5,0,0,0.0
2025-05-01,CDC_SCL,Santiago DC,PRD0028,1,1,0,0,0,5984.48
2025-05-01,CDC_SCL,Santiago DC,PRD0029,2,0,15,1,0,13083.52
2025-05-01,CDC_SCL,Santiago DC,PRD0030,2,2,5,2,1,2206.88
2025-05-01,CDC_SCL,Santiago DC,PRD0031,29,4,2,10,6,227448.45
2025-05-01,CDC_SCL,Santiago DC,PRD0032,3,1,10,1,0,1305.84
2025-05-01,CDC_SCL,Santiago DC,PRD0033,21,3,5,8,4,122247.72
2025-05-01,CDC_SCL,Santiago DC,PRD0034,0,0,0,0,0,0.0
2025-05-01,CDC_SCL,Santiago DC,PRD0035,26,0,0,10,6,122175.04
2025-05-01,CDC_SCL,Santiago DC,PRD0036,3,3,2,2,1,7867.11
2025-05-01,CDC_SCL,Santiago DC,PRD0037,3,1,0,1,0,858.75
2025-05-01,CDC_SCL,Santiago DC,PRD0038,28,0,2,8,4,943857.32
2025-05-01,CDC_SCL,Santiago DC,PRD0039,34,2,5,8,4,267660.24
2025-05-01,CDC_SCL,Santiago DC,PRD0040,8,5,0,3,1,78154.88
2025-05-01,CDC_SCL,Santiago DC,PRD0041,7,5,0,3,1,107765.07
2025-05-01,CDC_SCL,Santiago DC,PRD0042,13,4,15,10,6,37164.66
2025-05-01,CDC_SCL,Santiago DC,PRD0043,0,0,0,0,0,0.0
2025-05-01,CDC_SCL,Santiago DC,PRD0044,0,0,5,0,0,0.0
2025-05-01,CDC_SCL,Santiago DC,PRD0045,0,0,0,5,3,0.0
2025-05-01,CDC_SCL,Santiago DC,PRD0046,5,0,2,2,1,1814.45
2025-05-01,CDC_SCL,Santiago DC,PRD0047,4,4,5,3,1,20660.04
2025-05-01,CDC_SCL,Santiago DC,PRD0048,7,0,10,2,1,32739.42
2025-05-01,CDC_SCL,Santiago DC,PRD0049,21,1,0,5,3,9612.33
2025-05-01,CDC_SCL,Santiago DC,PRD0050,1,1,0,0,0,176.12
2025-05-01,CDC_SCL,Santiago DC,PRD0051,35,0,0,10,6,740457.9
2025-05-01,CDC_SCL,Santiago DC,PRD0052,2,0,5,1,0,17033.74
2025-05-01,CDC_SCL,Santiago DC,PRD0053,0,0,15,0,0,0.0
2025-05-01,CDC_SCL,Santiago DC,PRD0054,35,2,0,10,6,72663.5
2025-05-01,CDC_SCL,Santiago DC,PRD0055,8,2,0,5,3,2960.64
2025-05-01,CDC_SCL,Santiago DC,PRD0056,8,3,0,5,3,216657.28
2025-05-01,CDC_SCL,Santiago DC,PRD0057,0,0,2,0,0,0.0
2025-05-01,CDC_SCL,Santiago DC,PRD0058,6,4,10,3,1,16173.9
2025-05-01,CDC_SCL,Santiago DC,PRD0059,8,1,2,5,3,164018.32
2025-05-01,CDC_SCL,Santiago DC,PRD0060,0,0,0,0,0,0.0
2025-05-01,CDC_SCL,Santiago DC,PRD0061,18,3,0,10,6,112464.18
2025-05-01,CDC_SCL,Santiago DC,PRD0062,9,2,2,3,1,100626.3
2025-05-01,CDC_SCL,Santiago DC,PRD0063,0,0,0,0,0,0.0
2025-05-01,CDC_SCL,Santiago DC,PRD0064,2,0,0,5,3,42002.26
2025-05-01,CDC_SCL,Santiago DC,PRD0065,0,0,15,0,0,0.0
2025-05-01,CDC_SCL,Santiago DC,PRD0066,19,4,10,10,6,5084.59
2025-05-01,CDC_SCL,Santiago DC,PRD0067,10,2,5,8,4,4100.4
2025-05-01,CDC_SCL,Santiago DC,PRD0068,31,3,0,10,6,239113.54
2025-05-01,CDC_SCL,Santiago DC,PRD0069,0,0,0,0,0,0.0
2025-05-01,CDC_SCL,Santiago DC,PRD0070,3,1,2,2,1,85405.53
2025-05-01,CDC_SCL,Santiago DC,PRD0071,10,0,15,10,6,9337.0
2025-05-01,CDC_SCL,Santiago DC,PRD0072,6,3,0,3,1,40972.68
2025-05-01,CDC_SCL,Santiago DC,PRD0073,12,0,0,10,6,315168.48
2025-05-01,CDC_SCL,Santiago DC,PRD0074,5,1,15,3,1,123663.2
2025-05-01,CDC_SCL,Santiago DC,PRD0075,8,3,5,5,3,8970.56
2025-05-01,CDC_SCL,Santiago DC,PRD0076,6,4,10,5,3,98050.38
2025-05-01,CDC_SCL,Santiago DC,PRD0077,12,5,10,5,3,2983.68
2025-05-01,CDC_SCL,Santiago DC,PRD0078,1,0,2,0,0,9054.13
2025-05-01,CDC_SCL,Santiago DC,PRD0079,6,5,0,3,1,33619.74
2025-05-01,CDC_SCL,Santiago DC,PRD0080,0,0,10,0,0,0.0
2025-05-01,CDC_SCL,Santiago DC,PRD0081,12,4,0,3,1,11718.48
2025-05-01,CDC_SCL,Santiago DC,PRD0082,0,0,10,0,0,0.0
2025-05-01,CDC_SCL,Santiago DC,PRD0083,7,2,5,3,1,16780.4
2025-05-01,CDC_SCL,Santiago DC,PRD0084,22,0,0,8,4,495812.24
2025-05-01,CDC_SCL,Santiago DC,PRD0085,3,3,15,2,1,15724.59
2025-05-01,CDC_SCL,Santiago DC,PRD0086,0,0,15,1,0,0.0
2025-05-01,CDC_SCL,Santiago DC,PRD0087,30,4,0,10,6,37079.1
2025-05-01,CDC_SCL,Santiago DC,PRD0088,6,4,15,3,1,4815.54
2025-05-01,CDC_SCL,Santiago DC,PRD0089,29,1,15,10,6,184096.64
2025-05-01,CDC_SCL,Santiago DC,PRD0090,8,1,15,3,1,13752.8
2025-05-01,CDC_SCL,Santiago DC,PRD0091,21,1,2,8,4,11678.73
2025-05-01,CDC_SCL,Santiago DC,PRD0092,0,0,0,0,0,0.0
2025-05-01,CDC_SCL,Santiago DC,PRD0093,3,3,0,1,0,77251.98
2025-05-01,CDC_SCL,Santiago DC,PRD0094,0,0,5,0,0,0.0
2025-05-01,CDC_SCL,Santiago DC,PRD0095,1,1,15,0,0,6659.5
2025-05-01,CDC_SCL,Santiago DC,PRD0096,1,0,10,0,0,1164.96
2025-05-01,CDC_SCL,Santiago DC,PRD0097,9,5,10,3,1,6052.5
2025-05-01,CDC_SCL,Santiago DC,PRD0098,11,5,0,5,3,12233.87
2025-05-01,CDC_SCL,Santiago DC,PRD0099,8,0,10,2,1,16819.84
2025-05-01,CDC_SCL,Santiago DC,PRD0100,21,5,0,8,4,33306.21
2025-05-01,CDC_SCL,Santiago DC,PRD0101,23,3,15,8,4,113174.95
2025-05-01,CDC_SCL,Santiago DC,PRD0102,1,0,10,2,1,930.59
2025-05-01,CDC_SCL,Santiago DC,PRD0103,4,4,0,2,1,23255.24
2025-05-01,CDC_SCL,Santiago DC,PRD0104,12,5,2,5,3,58833.24
2025-05-01,CDC_SCL,Santiago DC,PRD0105,8,5,2,10,6,3144.08
2025-05-01,CDC_SCL,Santiago DC,PRD0106,0,0,10,0,0,0.0
2025-05-01,CDC_SCL,Santiago DC,PRD0107,0,0,0,0,0,0.0
2025-05-01,CDC_SCL,Santiago DC,PRD0108,0,0,0,0,0,0.0
2025-05-01,CDC_SCL,Santiago DC,PRD0109,0,0,0,0,0,0.0
2025-05-01,CDC_SCL,Santiago DC,PRD0110,15,5,15,5,3,69315.45
2025-05-01,CDC_SCL,Santiago DC,PRD0111,1,0,0,0,0,8079.93
2025-05-01,CDC_SCL,Santiago DC,PRD0112,0,0,5,0,0,0.0
2025-05-01,CDC_SCL,Santiago DC,PRD0113,13,0,0,5,3,14389.7
2025-05-01,CDC_SCL,Santiago DC,PRD0114,21,2,2,5,3,46666.41
2025-05-01,CDC_SCL,Santiago DC,PRD0115,0,0,0,0,0,0.0
2025-05-01,CDC_SCL,Santiago DC,PRD0116,7,2,0,8,4,90867.56
2025-05-01,CDC_SCL,Santiago DC,PRD0117,5,1,0,2,1,4817.2
2025-05-01,CDC_SCL,Santiago DC,PRD0118,26,4,0,10,6,192023.52
2025-05-01,CDC_SCL,Santiago DC,PRD0119,0,0,10,0,0,0.0
2025-05-01,CDC_SCL,Santiago DC,PRD0120,2,2,10,1,0,17252.76
2025-05-01,CDC_ANT,Antofagasta DC,PRD0001,1,0,15,1,0,25178.48
2025-05-01,CDC_ANT,Antofagasta DC,PRD0002,20,2,15,8,4,287711.0
2025-05-01,CDC_ANT,Antofagasta DC,PRD0003,0,0,0,0,0,0.0
2025-05-01,CDC_ANT,Antofagasta DC,PRD0004,5,0,15,2,1,18272.9
2025-05-01,CDC_ANT,Antofagasta DC,PRD0005,2,2,0,3,1,8082.56
2025-05-01,CDC_ANT,Antofagasta DC,PRD0006,12,5,0,8,4,87588.6
2025-05-01,CDC_ANT,Antofagasta DC,PRD0007,5,1,0,3,1,16077.6
2025-05-01,CDC_ANT,Antofagasta DC,PRD0008,1,0,15,1,0,3627.53
2025-05-01,CDC_ANT,Antofagasta DC,PRD0009,33,2,0,10,6,34694.88
2025-05-01,CDC_ANT,Antofagasta DC,PRD0010,13,3,0,5,3,78364.26
2025-05-01,CDC_ANT,Antofagasta DC,PRD0011,3,0,15,1,0,72143.61
2025-05-01,CDC_ANT,Antofagasta DC,PRD0012,10,4,0,5,3,3538.3
2025-05-01,CDC_ANT,Antofagasta DC,PRD0013,15,4,10,8,4,13552.65
2025-05-01,CDC_ANT,Antofagasta DC,PRD0014,0,0,0,1,0,0.0
2025-05-01,CDC_ANT,Antofagasta DC,PRD0015,7,2,10,3,1,174602.54
2025-05-01,CDC_ANT,Antofagasta DC,PRD0016,29,5,15,10,6,9605.96
2025-05-01,CDC_ANT,Antofagasta DC,PRD0017,16,1,0,8,4,64959.2
2025-05-01,CDC_ANT,Antofagasta DC,PRD0018,9,0,15,3,1,8679.06
2025-05-01,CDC_ANT,Antofagasta DC,PRD0019,0,0,5,0,0,0.0
2025-05-01,CDC_ANT,Antofagasta DC,PRD0020,4,2,2,2,1,37041.32
2025-05-01,CDC_ANT,Antofagasta DC,PRD0021,0,0,0,0,0,0.0
2025-05-01,CDC_ANT,Antofagasta DC,PRD0022,3,2,10,2,1,2071.59
2025-05-01,CDC_ANT,Antofagasta DC,PRD0023,12,1,15,5,3,36509.64
2025-05-01,CDC_ANT,Antofagasta DC,PRD0024,11,4,0,8,4,171463.6
2025-05-01,CDC_ANT,Antofagasta DC,PRD0025,0,0,5,0,0,0.0
2025-05-01,CDC_ANT,Antofagasta DC,PRD0026,23,4,2,10,6,209238.13
2025-05-01,CDC_ANT,Antofagasta DC,PRD0027,0,0,5,0,0,0.0
2025-05-01,CDC_ANT,Antofagasta DC,PRD0028,11,1,0,5,3,65829.28
2025-05-01,CDC_ANT,Antofagasta DC,PRD0029,0,0,0,0,0,0.0
2025-05-01,CDC_ANT,Antofagasta DC,PRD0030,3,3,5,3,1,3310.32
2025-05-01,CDC_ANT,Antofagasta DC,PRD0031,10,3,10,5,3,78430.5
2025-05-01,CDC_ANT,Antofagasta DC,PRD0032,2,0,0,1,0,870.56
2025-05-01,CDC_ANT,Antofagasta DC,PRD0033,7,0,0,3,1,40749.24
2025-05-01,CDC_ANT,Antofagasta DC,PRD0034,0,0,0,0,0,0.0
2025-05-01,CDC_ANT,Antofagasta DC,PRD0035,14,2,5,5,3,65786.56
2025-05-01,CDC_ANT,Antofagasta DC,PRD0036,7,0,0,3,1,18356.59
2025-05-01,CDC_ANT,Antofagasta DC,PRD0037,1,0,2,1,0,286.25
2025-05-01,CDC_ANT,Antofagasta DC,PRD0038,5,1,5,2,1,168545.95
2025-05-01,CDC_ANT,Antofagasta DC,PRD0039,7,1,2,5,3,55106.52
2025-05-01,CDC_ANT,Antofagasta DC,PRD0040,0,0,15,0,0,0.0
2025-05-01,CDC_ANT,Antofagasta DC,PRD0041,24,5,0,10,6,369480.24
2025-05-01,CDC_ANT,Antofagasta DC,PRD0042,5,1,15,3,1,14294.1
2025-05-01,CDC_ANT,Antofagasta DC,PRD0043,11,0,0,8,4,157720.2
2025-05-01,CDC_ANT,Antofagasta DC,PRD0044,2,1,0,1,0,55481.38
2025-05-01,CDC_ANT,Antofagasta DC,PRD0045,25,3,0,10,6,120850.0
2025-05-01,CDC_ANT,Antofagasta DC,PRD0046,1,1,0,0,0,362.89
2025-05-01,CDC_ANT,Antofagasta DC,PRD0047,0,0,15,0,0,0.0
2025-05-01,CDC_ANT,Antofagasta DC,PRD0048,1,1,0,0,0,4677.06
2025-05-01,CDC_ANT,Antofagasta DC,PRD0049,5,2,2,8,4,2288.65
2025-05-01,CDC_ANT,Antofagasta DC,PRD0050,0,0,0,0,0,0.0
2025-05-01,CDC_ANT,Antofagasta DC,PRD0051,0,0,0,1,0,0.0
2025-05-01,CDC_ANT,Antofagasta DC,PRD0052,1,1,5,0,0,8516.87
2025-05-01,CDC_ANT,Antofagasta DC,PRD0053,3,1,0,1,0,2260.2
2025-05-01,CDC_ANT,Antofagasta DC,PRD0054,13,1,0,10,6,26989.3
2025-05-01,CDC_ANT,Antofagasta DC,PRD0055,0,0,15,0,0,0.0
2025-05-01,CDC_ANT,Antofagasta DC,PRD0056,2,0,15,1,0,54164.32
2025-05-01,CDC_ANT,Antofagasta DC,PRD0057,3,2,10,1,0,21759.45
2025-05-01,CDC_ANT,Antofagasta DC,PRD0058,15,0,2,8,4,40434.75
2025-05-01,CDC_ANT,Antofagasta DC,PRD0059,0,0,0,0,0,0.0
2025-05-01,CDC_ANT,Antofagasta DC,PRD0060,3,0,0,3,1,45855.57
2025-05-01,CDC_ANT,Antofagasta DC,PRD0061,0,0,0,0,0,0.0
2025-05-01,CDC_ANT,Antofagasta DC,PRD0062,2,1,0,5,3,22361.4
2025-05-01,CDC_ANT,Antofagasta DC,PRD0063,5,1,15,2,1,26442.15
2025-05-01,CDC_ANT,Antofagasta DC,PRD0064,0,0,0,0,0,0.0
2025-05-01,CDC_ANT,Antofagasta DC,PRD0065,2,2,2,1,0,1990.24
2025-05-01,CDC_ANT,Antofagasta DC,PRD0066,12,2,0,8,4,3211.32
2025-05-01,CDC_ANT,Antofagasta DC,PRD0067,2,0,0,2,1,820.08
2025-05-01,CDC_ANT,Antofagasta DC,PRD0068,0,0,0,0,0,0.0
2025-05-01,CDC_ANT,Antofagasta DC,PRD0069,42,3,15,10,6,205469.04
2025-05-01,CDC_ANT,Antofagasta DC,PRD0070,0,0,0,0,0,0.0
2025-05-01,CDC_ANT,Antofagasta DC,PRD0071,3,1,0,3,1,2801.1
2025-05-01,CDC_ANT,Antofagasta DC,PRD0072,16,2,0,8,4,109260.48
2025-05-01,CDC_ANT,Antofagasta DC,PRD0073,19,5,0,10,6,499016.76
2025-05-01,CDC_ANT,Antofagasta DC,PRD0074,0,0,15,0,0,0.0
2025-05-01,CDC_ANT,Antofagasta DC,PRD0075,1,1,5,2,1,1121.32
2025-05-01,CDC_ANT,Antofagasta DC,PRD0076,0,0,0,0,0,0.0
2025-05-01,CDC_ANT,Antofagasta DC,PRD0077,6,3,0,2,1,1491.84
2025-05-01,CDC_ANT,Antofagasta DC,PRD0078,3,1,15,3,1,27162.39
2025-05-01,CDC_ANT,Antofagasta DC,PRD0079,0,0,0,0,0,0.0
2025-05-01,CDC_ANT,Antofagasta DC,PRD0080,5,1,0,2,1,24565.5
2025-05-01,CDC_ANT,Antofagasta DC,PRD0081,1,1,5,0,0,976.54
2025-05-01,CDC_ANT,Antofagasta DC,PRD0082,0,0,10,0,0,0.0
2025-05-01,CDC_ANT,Antofagasta DC,PRD0083,7,3,0,5,3,16780.4
2025-05-01,CDC_ANT,Antofagasta DC,PRD0084,13,4,2,5,3,292979.96
2025-05-01,CDC_ANT,Antofagasta DC,PRD0085,0,0,10,1,0,0.0
2025-05-01,CDC_ANT,Antofagasta DC,PRD0086,2,1,5,2,1,7764.38
2025-05-01,CDC_ANT,Antofagasta DC,PRD0087,1,1,2,1,0,1235.97
2025-05-01,CDC_ANT,Antofagasta DC,PRD0088,9,2,2,8,4,7223.31
2025-05-01,CDC_ANT,Antofagasta DC,PRD0089,0,0,5,0,0,0.0
2025-05-01,CDC_ANT,Antofagasta DC,PRD0090,11,2,15,10,6,18910.1
2025-05-01,CDC_ANT,Antofagasta DC,PRD0091,26,1,15,8,4,14459.38
2025-05-01,CDC_ANT,Antofagasta DC,PRD0092,10,3,15,10,6,112278.2
2025-05-01,CDC_ANT,Antofagasta DC,PRD0093,1,1,0,0,0,25750.66
2025-05-01,CDC_ANT,Antofagasta DC,PRD0094,8,1,15,3,1,135383.12
2025-05-01,CDC_ANT,Antofagasta DC,PRD0095,0,0,0,2,1,0.0
2025-05-01,CDC_ANT,Antofagasta DC,PRD0096,0,0,10,0,0,0.0
2025-05-01,CDC_ANT,Antofagasta DC,PRD0097,0,0,0,1,0,0.0
2025-05-01,CDC_ANT,Antofagasta DC,PRD0098,1,0,5,1,0,1112.17
2025-05-01,CDC_ANT,Antofagasta DC,PRD0099,11,1,15,8,4,23127.28
2025-05-01,CDC_ANT,Antofagasta DC,PRD0100,0,0,15,0,0,0.0
2025-05-01,CDC_ANT,Antofagasta DC,PRD0101,1,1,0,1,0,4920.65
2025-05-01,CDC_ANT,Antofagasta DC,PRD0102,0,0,0,0,0,0.0
2025-05-01,CDC_ANT,Antofagasta DC,PRD0103,26,4,0,8,4,151159.06
2025-05-01,CDC_ANT,Antofagasta DC,PRD0104,15,4,0,10,6,73541.55
2025-05-01,CDC_ANT,Antofagasta DC,PRD0105,38,5,0,8,4,14934.38
2025-05-01,CDC_ANT,Antofagasta DC,PRD0106,14,5,10,8,4,120565.34
2025-05-01,CDC_ANT,Antofagasta DC,PRD0107,0,0,15,1,0,0.0
2025-05-01,CDC_ANT,Antofagasta DC,PRD0108,16,3,0,10,6,247045.44
2025-05-01,CDC_ANT,Antofagasta DC,PRD0109,1,1,0,5,3,17855.2
2025-05-01,CDC_ANT,Antofagasta DC,PRD0110,0,0,5,0,0,0.0
2025-05-01,CDC_ANT,Antofagasta DC,PRD0111,1,1,0,1,0,8079.93
2025-05-01,CDC_ANT,Antofagasta DC,PRD0112,12,0,5,5,3,201855.48
2025-05-01,CDC_ANT,Antofagasta DC,PRD0113,4,3,0,3,1,4427.6
2025-05-01,CDC_ANT,Antofagasta DC,PRD0114,10,5,10,8,4,22222.1
2025-05-01,CDC_ANT,Antofagasta DC,PRD0115,1,0,0,2,1,6034.3
2025-05-01,CDC_ANT,Antofagasta DC,PRD0116,1,0,0,0,0,12981.08
2025-05-01,CDC_ANT,Antofagasta DC,PRD0117,4,2,2,2,1,3853.76
2025-05-01,CDC_ANT,Antofagasta DC,PRD0118,12,0,5,8,4,88626.24
2025-05-01,CDC_ANT,Antofagasta DC,PRD0119,2,0,15,2,1,943.6
2025-05-01,CDC_ANT,Antofagasta DC,PRD0120,2,0,10,1,0,17252.76
2025-05-01,CDC_CAL,Calama Hub,PRD0001,0,0,2,0,0,0.0
2025-05-01,CDC_CAL,Calama Hub,PRD0002,30,2,10,10,6,431566.5
2025-05-01,CDC_CAL,Calama Hub,PRD0003,2,2,2,1,0,15007.48
2025-05-01,CDC_CAL,Calama Hub,PRD0004,0,0,10,0,0,0.0
2025-05-01,CDC_CAL,Calama Hub,PRD0005,2,2,2,1,0,8082.56
2025-05-01,CDC_CAL,Calama Hub,PRD0006,13,2,0,5,3,94887.65
2025-05-01,CDC_CAL,Calama Hub,PRD0007,7,2,0,8,4,22508.64
2025-05-01,CDC_CAL,Calama Hub,PRD0008,1,1,0,1,0,3627.53
2025-05-01,CDC_CAL,Calama Hub,PRD0009,0,0,0,0,0,0.0
2025-05-01,CDC_CAL,Calama Hub,PRD0010,2,0,0,0,0,12056.04
2025-05-01,CDC_CAL,Calama Hub,PRD0011,9,3,2,3,1,216430.83
2025-05-01,CDC_CAL,Calama Hub,PRD0012,5,2,15,3,1,1769.15
2025-05-01,CDC_CAL,Calama Hub,PRD0013,5,0,0,5,3,4517.55
2025-05-01,CDC_CAL,Calama Hub,PRD0014,0,0,0,0,0,0.0
2025-05-01,CDC_CAL,Calama Hub,PRD0015,0,0,0,0,0,0.0
2025-05-01,CDC_CAL,Calama Hub,PRD0016,3,2,0,1,0,993.72
2025-05-01,CDC_CAL,Calama Hub,PRD0017,6,4,5,2,1,24359.7
2025-05-01,CDC_CAL,Calama Hub,PRD0018,5,5,0,2,1,4821.7
2025-05-01,CDC_CAL,Calama Hub,PRD0019,2,1,5,1,0,3058.32
2025-05-01,CDC_CAL,Calama Hub,PRD0020,27,1,5,10,6,250028.91
2025-05-01,CDC_CAL,Calama Hub,PRD0021,15,0,0,8,4,16618.95
2025-05-01,CDC_CAL,Calama Hub,PRD0022,0,0,5,0,0,0.0
2025-05-01,CDC_CAL,Calama Hub,PRD0023,5,0,5,3,1,15212.35
2025-05-01,CDC_CAL,Calama Hub,PRD0024,6,2,5,5,3,93525.6
2025-05-01,CDC_CAL,Calama Hub,PRD0025,0,0,2,0,0,0.0
2025-05-01,CDC_CAL,Calama Hub,PRD0026,0,0,2,0,0,0.0
2025-05-01,CDC_CAL,Calama Hub,PRD0027,3,3,15,1,0,16665.63
2025-05-01,CDC_CAL,Calama Hub,PRD0028,9,0,15,3,1,53860.32
2025-05-01,CDC_CAL,Calama Hub,PRD0029,1,1,10,1,0,6541.76
2025-05-01,CDC_CAL,Calama Hub,PRD0030,5,2,0,8,4,5517.2
2025-05-01,CDC_CAL,Calama Hub,PRD0031,2,2,0,2,1,15686.1
2025-05-01,CDC_CAL,Calama Hub,PRD0032,10,1,15,5,3,4352.8
2025-05-01,CDC_CAL,Calama Hub,PRD0033,4,2,10,2,1,23285.28
2025-05-01,CDC_CAL,Calama Hub,PRD0034,2,1,2,1,0,11455.48
2025-05-01,CDC_CAL,Calama Hub,PRD0035,1,0,15,0,0,4699.04
2025-05-01,CDC_CAL,Calama Hub,PRD0036,6,0,15,5,3,15734.22
2025-05-01,CDC_CAL,Calama Hub,PRD0037,0,0,2,0,0,0.0
2025-05-01,CDC_CAL,Calama Hub,PRD0038,33,3,0,10,6,1112403.27
2025-05-01,CDC_CAL,Calama Hub,PRD0039,2,1,10,1,0,15744.72
2025-05-01,CDC_CAL,Calama Hub,PRD0040,2,1,0,1,0,19538.72
2025-05-01,CDC_CAL,Calama Hub,PRD0041,5,1,5,5,3,76975.05
2025-05-01,CDC_CAL,Calama Hub,PRD0042,0,0,15,0,0,0.0
2025-05-01,CDC_CAL,Calama Hub,PRD0043,11,1,0,8,4,157720.2
2025-05-01,CDC_CAL,Calama Hub,PRD0044,0,0,2,0,0,0.0
2025-05-01,CDC_CAL,Calama Hub,PRD0045,0,0,2,0,0,0.0
2025-05-01,CDC_CAL,Calama Hub,PRD0046,0,0,0,0,0,0.0
2025-05-01,CDC_CAL,Calama Hub,PRD0047,1,1,15,1,0,5165.01
2025-05-01,CDC_CAL,Calama Hub,PRD0048,4,3,10,2,1,18708.24
2025-05-01,CDC_CAL,Calama Hub,PRD0049,3,2,0,2,1,1373.19
2025-05-01,CDC_CAL,Calama Hub,PRD0050,1,1,0,0,0,176.12
2025-05-01,CDC_CAL,Calama Hub,PRD0051,29,2,5,10,6,613522.26
2025-05-01,CDC_CAL,Calama Hub,PRD0052,9,5,0,3,1,76651.83
2025-05-01,CDC_CAL,Calama Hub,PRD0053,2,0,15,1,0,1506.8
2025-05-01,CDC_CAL,Calama Hub,PRD0054,15,5,15,5,3,31141.5
2025-05-01,CDC_CAL,Calama Hub,PRD0055,0,0,0,0,0,0.0
2025-05-01,CDC_CAL,Calama Hub,PRD0056,5,0,2,3,1,135410.8
2025-05-01,CDC_CAL,Calama Hub,PRD0057,0,0,2,0,0,0.0
2025-05-01,CDC_CAL,Calama Hub,PRD0058,1,0,5,0,0,2695.65
2025-05-01,CDC_CAL,Calama Hub,PRD0059,4,4,2,2,1,82009.16
2025-05-01,CDC_CAL,Calama Hub,PRD0060,9,3,0,8,4,137566.71
2025-05-01,CDC_CAL,Calama Hub,PRD0061,2,2,0,1,0,12496.02
2025-05-01,CDC_CAL,Calama Hub,PRD0062,3,0,0,1,0,33542.1
2025-05-01,CDC_CAL,Calama Hub,PRD0063,0,0,10,0,0,0.0
2025-05-01,CDC_CAL,Calama Hub,PRD0064,13,5,2,5,3,273014.69
2025-05-01,CDC_CAL,Calama Hub,PRD0065,0,0,0,0,0,0.0
2025-05-01,CDC_CAL,Calama Hub,PRD0066,29,4,0,10,6,7760.69
2025-05-01,CDC_CAL,Calama Hub,PRD0067,1,0,0,1,0,410.04
2025-05-01,CDC_CAL,Calama Hub,PRD0068,0,0,0,0,0,0.0
2025-05-01,CDC_CAL,Calama Hub,PRD0069,7,0,15,3,1,34244.84
2025-05-01,CDC_CAL,Calama Hub,PRD0070,0,0,15,1,0,0.0
2025-05-01,CDC_CAL,Calama Hub,PRD0071,14,4,5,5,3,13071.8
2025-05-01,CDC_CAL,Calama Hub,PRD0072,0,0,2,0,0,0.0
2025-05-01,CDC_CAL,Calama Hub,PRD0073,5,3,0,2,1,131320.2
2025-05-01,CDC_CAL,Calama Hub,PRD0074,0,0,0,0,0,0.0
2025-05-01,CDC_CAL,Calama Hub,PRD0075,0,0,15,0,0,0.0
2025-05-01,CDC_CAL,Calama Hub,PRD0076,30,5,15,10,6,490251.9
2025-05-01,CDC_CAL,Calama Hub,PRD0077,5,1,0,3,1,1243.2
2025-05-01,CDC_CAL,Calama Hub,PRD0078,2,1,5,1,0,18108.26
2025-05-01,CDC_CAL,Calama Hub,PRD0079,3,3,15,2,1,16809.87
2025-05-01,CDC_CAL,Calama Hub,PRD0080,0,0,0,0,0,0.0
2025-05-01,CDC_CAL,Calama Hub,PRD0081,0,0,15,8,4,0.0
2025-05-01,CDC_CAL,Calama Hub,PRD0082,0,0,0,10,6,0.0
2025-05-01,CDC_CAL,Calama Hub,PRD0083,2,0,0,1,0,4794.4
2025-05-01,CDC_CAL,Calama Hub,PRD0084,13,3,15,5,3,292979.96
2025-05-01,CDC_CAL,Calama Hub,PRD0085,1,1,15,1,0,5241.53
2025-05-01,CDC_CAL,Calama Hub,PRD0086,9,3,2,2,1,34939.71
2025-05-01,CDC_CAL,Calama Hub,PRD0087,7,0,0,2,1,8651.79
2025-05-01,CDC_CAL,Calama Hub,PRD0088,7,5,0,5,3,5618.13
2025-05-01,CDC_CAL,Calama Hub,PRD0089,38,4,0,8,4,241230.08
2025-05-01,CDC_CAL,Calama Hub,PRD0090,29,3,0,10,6,49853.9
2025-05-01,CDC_CAL,Calama Hub,PRD0091,4,0,2,3,1,2224.52
2025-05-01,CDC_CAL,Calama Hub,PRD0092,10,3,0,10,6,112278.2
2025-05-01,CDC_CAL,Calama Hub,PRD0093,2,2,2,1,0,51501.32
2025-05-01,CDC_CAL,Calama Hub,PRD0094,9,3,0,3,1,152306.01
2025-05-01,CDC_CAL,Calama Hub,PRD0095,1,1,5,1,0,6659.5
2025-05-01,CDC_CAL,Calama Hub,PRD0096,0,0,2,0,0,0.0
2025-05-01,CDC_CAL,Calama Hub,PRD0097,7,2,15,3,1,4707.5
2025-05-01,CDC_CAL,Calama Hub,PRD0098,27,4,0,8,4,30028.59
2025-05-01,CDC_CAL,Calama Hub,PRD0099,9,3,0,5,3,18922.32
2025-05-01,CDC_CAL,Calama Hub,PRD0100,18,5,0,5,3,28548.18
2025-05-01,CDC_CAL,Calama Hub,PRD0101,0,0,10,0,0,0.0
2025-05-01,CDC_CAL,Calama Hub,PRD0102,19,1,2,8,4,17681.21
2025-05-01,CDC_CAL,Calama Hub,PRD0103,25,5,5,10,6,145345.25
2025-05-01,CDC_CAL,Calama Hub,PRD0104,2,2,15,1,0,9805.54
2025-05-01,CDC_CAL,Calama Hub,PRD0105,0,0,5,0,0,0.0
2025-05-01,CDC_CAL,Calama Hub,PRD0106,6,0,0,5,3,51670.86
2025-05-01,CDC_CAL,Calama Hub,PRD0107,-3,0,10,8,4,494147.88
2025-05-01,CDC_CAL,Calama Hub,PRD0108,11,4,15,8,4,169843.74
2025-05-01,CDC_CAL,Calama Hub,PRD0109,4,1,2,3,1,71420.8
2025-05-01,CDC_CAL,Calama Hub,PRD0110,2,0,10,3,1,9242.06
2025-05-01,CDC_CAL,Calama Hub,PRD0111,1,1,10,1,0,8079.93
2025-05-01,CDC_CAL,Calama Hub,PRD0112,0,0,15,0,0,0.0
2025-05-01,CDC_CAL,Calama Hub,PRD0113,6,1,0,2,1,6641.4
2025-05-01,CDC_CAL,Calama Hub,PRD0114,6,2,2,3,1,13333.26
2025-05-01,CDC_CAL,Calama Hub,PRD0115,0,0,0,8,4,0.0
2025-05-01,CDC_CAL,Calama Hub,PRD0116,10,0,2,5,3,129810.8
2025-05-01,CDC_CAL,Calama Hub,PRD0117,26,4,2,8,4,25049.44
2025-05-01,CDC_CAL,Calama Hub,PRD0118,19,3,0,8,4,140324.88
2025-05-01,CDC_CAL,Calama Hub,PRD0119,0,0,10,10,6,0.0
2025-05-01,CDC_CAL,Calama Hub,PRD0120,16,3,0,8,4,138022.08
2025-05-01,CDC_COP,Copiapó Hub,PRD0001,37,1,0,10,6,931603.76
2025-05-01,CDC_COP,Copiapó Hub,PRD0002,1,0,15,1,0,14385.55
2025-05-01,CDC_COP,Copiapó Hub,PRD0003,3,3,15,1,0,22511.22
2025-05-01,CDC_COP,Copiapó Hub,PRD0004,16,1,0,10,6,58473.28
2025-05-01,CDC_COP,Copiapó Hub,PRD0005,13,1,0,10,6,52536.64
2025-05-01,CDC_COP,Copiapó Hub,PRD0006,0,0,15,1,0,0.0
2025-05-01,CDC_COP,Copiapó Hub,PRD0007,3,0,2,1,0,9646.56
2025-05-01,CDC_COP,Copiapó Hub,PRD0008,3,3,5,5,3,10882.59
2025-05-01,CDC_COP,Copiapó Hub,PRD0009,0,0,5,0,0,0.0
2025-05-01,CDC_COP,Copiapó Hub,PRD0010,8,2,15,5,3,48224.16
2025-05-01,CDC_COP,Copiapó Hub,PRD0011,2,1,2,10,6,48095.74
2025-05-01,CDC_COP,Copiapó Hub,PRD0012,23,0,10,8,4,8138.09
2025-05-01,CDC_COP,Copiapó Hub,PRD0013,1,0,0,0,0,903.51
2025-05-01,CDC_COP,Copiapó Hub,PRD0014,6,5,0,2,1,196145.28
2025-05-01,CDC_COP,Copiapó Hub,PRD0015,1,0,0,1,0,24943.22
2025-05-01,CDC_COP,Copiapó Hub,PRD0016,13,4,2,3,1,4306.12
2025-05-01,CDC_COP,Copiapó Hub,PRD0017,31,0,5,10,6,125858.45
2025-05-01,CDC_COP,Copiapó Hub,PRD0018,2,1,10,2,1,1928.68
2025-05-01,CDC_COP,Copiapó Hub,PRD0019,0,0,0,0,0,0.0
2025-05-01,CDC_COP,Copiapó Hub,PRD0020,3,3,15,1,0,27780.99
2025-05-01,CDC_COP,Copiapó Hub,PRD0021,0,0,2,0,0,0.0
2025-05-01,CDC_COP,Copiapó Hub,PRD0022,19,4,0,8,4,13120.07
2025-05-01,CDC_COP,Copiapó Hub,PRD0023,4,4,0,2,1,12169.88
2025-05-01,CDC_COP,Copiapó Hub,PRD0024,0,0,10,0,0,0.0
2025-05-01,CDC_COP,Copiapó Hub,PRD0025,6,0,15,3,1,2855.4
2025-05-01,CDC_COP,Copiapó Hub,PRD0026,11,2,0,5,3,100070.41
2025-05-01,CDC_COP,Copiapó Hub,PRD0027,9,4,5,8,4,49996.89
2025-05-01,CDC_COP,Copiapó Hub,PRD0028,21,2,5,8,4,125674.08
2025-05-01,CDC_COP,Copiapó Hub,PRD0029,6,1,2,2,1,39250.56
2025-05-01,CDC_COP,Copiapó Hub,PRD0030,20,5,0,8,4,22068.8
2025-05-01,CDC_COP,Copiapó Hub,PRD0031,0,0,10,0,0,0.0
2025-05-01,CDC_COP,Copiapó Hub,PRD0032,11,2,2,8,4,4788.08
2025-05-01,CDC_COP,Copiapó Hub,PRD0033,30,2,2,10,6,174639.6
2025-05-01,CDC_COP,Copiapó Hub,PRD0034,6,0,2,5,3,34366.44
2025-05-01,CDC_COP,Copiapó Hub,PRD0035,0,0,0,0,0,0.0
2025-05-01,CDC_COP,Copiapó Hub,PRD0036,0,0,10,0,0,0.0
2025-05-01,CDC_COP,Copiapó Hub,PRD0037,0,0,10,0,0,0.0
2025-05-01,CDC_COP,Copiapó Hub,PRD0038,9,1,5,5,3,303382.71
2025-05-01,CDC_COP,Copiapó Hub,PRD0039,0,0,10,0,0,0.0
2025-05-01,CDC_COP,Copiapó Hub,PRD0040,7,2,0,3,1,68385.52
2025-05-01,CDC_COP,Copiapó Hub,PRD0041,0,0,0,0,0,0.0
2025-05-01,CDC_COP,Copiapó Hub,PRD0042,0,0,10,0,0,0.0
2025-05-01,CDC_COP,Copiapó Hub,PRD0043,24,3,0,10,6,344116.8
2025-05-01,CDC_COP,Copiapó Hub,PRD0044,16,5,5,8,4,443851.04
2025-05-01,CDC_COP,Copiapó Hub,PRD0045,2,0,15,1,0,9668.0
2025-05-01,CDC_COP,Copiapó Hub,PRD0046,37,4,0,10,6,13426.93
2025-05-01,CDC_COP,Copiapó Hub,PRD0047,0,0,15,0,0,0.0
2025-05-01,CDC_COP,Copiapó Hub,PRD0048,23,4,2,8,4,107572.38
2025-05-01,CDC_COP,Copiapó Hub,PRD0049,23,0,2,10,6,10527.79
2025-05-01,CDC_COP,Copiapó Hub,PRD0050,7,1,10,3,1,1232.84
2025-05-01,CDC_COP,Copiapó Hub,PRD0051,7,4,15,3,1,148091.58
2025-05-01,CDC_COP,Copiapó Hub,PRD0052,21,1,5,8,4,178854.27
2025-05-01,CDC_COP,Copiapó Hub,PRD0053,0,0,15,0,0,0.0
2025-05-01,CDC_COP,Copiapó Hub,PRD0054,31,0,0,10,6,64359.1
2025-05-01,CDC_COP,Copiapó Hub,PRD0055,1,1,10,1,0,370.08
2025-05-01,CDC_COP,Copiapó Hub,PRD0056,4,2,0,2,1,108328.64
2025-05-01,CDC_COP,Copiapó Hub,PRD0057,4,0,0,8,4,29012.6
2025-05-01,CDC_COP,Copiapó Hub,PRD0058,3,2,15,1,0,8086.95
2025-05-01,CDC_COP,Copiapó Hub,PRD0059,9,2,0,5,3,184520.61
2025-05-01,CDC_COP,Copiapó Hub,PRD0060,3,2,10,1,0,45855.57
2025-05-01,CDC_COP,Copiapó Hub,PRD0061,5,3,2,2,1,31240.05
2025-05-01,CDC_COP,Copiapó Hub,PRD0062,18,5,2,5,3,201252.6
2025-05-01,CDC_COP,Copiapó Hub,PRD0063,7,4,0,5,3,37019.01
2025-05-01,CDC_COP,Copiapó Hub,PRD0064,5,0,0,3,1,105005.65
2025-05-01,CDC_COP,Copiapó Hub,PRD0065,4,3,2,5,3,3980.48
2025-05-01,CDC_COP,Copiapó Hub,PRD0066,0,0,0,0,0,0.0
2025-05-01,CDC_COP,Copiapó Hub,PRD0067,2,2,0,2,1,820.08
2025-05-01,CDC_COP,Copiapó Hub,PRD0068,13,4,0,5,3,100273.42
2025-05-01,CDC_COP,Copiapó Hub,PRD0069,1,1,0,0,0,4892.12
2025-05-01,CDC_COP,Copiapó Hub,PRD0070,9,4,15,10,6,256216.59
2025-05-01,CDC_COP,Copiapó Hub,PRD0071,10,4,0,5,3,9337.0
2025-05-01,CDC_COP,Copiapó Hub,PRD0072,14,3,15,5,3,95602.92
2025-05-01,CDC_COP,Copiapó Hub,PRD0073,4,2,0,5,3,105056.16
2025-05-01,CDC_COP,Copiapó Hub,PRD0074,2,0,0,5,3,49465.28
2025-05-01,CDC_COP,Copiapó Hub,PRD0075,19,4,2,8,4,21305.08
2025-05-01,CDC_COP,Copiapó Hub,PRD0076,0,0,15,0,0,0.0
2025-05-01,CDC_COP,Copiapó Hub,PRD0077,2,0,0,1,0,497.28
2025-05-01,CDC_COP,Copiapó Hub,PRD0078,1,0,0,0,0,9054.13
2025-05-01,CDC_COP,Copiapó Hub,PRD0079,13,4,15,5,3,72842.77
2025-05-01,CDC_COP,Copiapó Hub,PRD0080,11,5,15,5,3,54044.1
2025-05-01,CDC_COP,Copiapó Hub,PRD0081,2,2,2,2,1,1953.08
2025-05-01,CDC_COP,Copiapó Hub,PRD0082,2,1,0,2,1,2443.64
2025-05-01,CDC_COP,Copiapó Hub,PRD0083,0,0,15,0,0,0.0
2025-05-01,CDC_COP,Copiapó Hub,PRD0084,2,1,15,2,1,45073.84
2025-05-01,CDC_COP,Copiapó Hub,PRD0085,6,2,2,5,3,31449.18
2025-05-01,CDC_COP,Copiapó Hub,PRD0086,14,1,10,5,3,54350.66
2025-05-01,CDC_COP,Copiapó Hub,PRD0087,0,0,15,0,0,0.0
2025-05-01,CDC_COP,Copiapó Hub,PRD0088,4,2,10,5,3,3210.36
2025-05-01,CDC_COP,Copiapó Hub,PRD0089,10,1,5,8,4,63481.6
2025-05-01,CDC_COP,Copiapó Hub,PRD0090,0,0,15,1,0,0.0
2025-05-01,CDC_COP,Copiapó Hub,PRD0091,15,3,5,10,6,8341.95
2025-05-01,CDC_COP,Copiapó Hub,PRD0092,0,0,15,0,0,0.0
2025-05-01,CDC_COP,Copiapó Hub,PRD0093,0,0,0,0,0,0.0
2025-05-01,CDC_COP,Copiapó Hub,PRD0094,3,2,5,1,0,50768.67
2025-05-01,CDC_COP,Copiapó Hub,PRD0095,7,3,5,2,1,46616.5
2025-05-01,CDC_COP,Copiapó Hub,PRD0096,6,5,10,3,1,6989.76
2025-05-01,CDC_COP,Copiapó Hub,PRD0097,5,0,2,3,1,3362.5
2025-05-01,CDC_COP,Copiapó Hub,PRD0098,0,0,0,0,0,0.0
2025-05-01,CDC_COP,Copiapó Hub,PRD0099,0,0,5,1,0,0.0
2025-05-01,CDC_COP,Copiapó Hub,PRD0100,1,0,10,2,1,1586.01
2025-05-01,CDC_COP,Copiapó Hub,PRD0101,4,1,0,3,1,19682.6
2025-05-01,CDC_COP,Copiapó Hub,PRD0102,3,1,10,1,0,2791.77
2025-05-01,CDC_COP,Copiapó Hub,PRD0103,14,5,2,5,3,81393.34
2025-05-01,CDC_COP,Copiapó Hub,PRD0104,13,1,10,5,3,63736.01
2025-05-01,CDC_COP,Copiapó Hub,PRD0105,1,1,10,0,0,393.01
2025-05-01,CDC_COP,Copiapó Hub,PRD0106,10,0,0,3,1,86118.1
2025-05-01,CDC_COP,Copiapó Hub,PRD0107,17,5,0,10,6,466695.22
2025-05-01,CDC_COP,Copiapó Hub,PRD0108,0,0,0,0,0,0.0
2025-05-01,CDC_COP,Copiapó Hub,PRD0109,15,4,5,5,3,267828.0
2025-05-01,CDC_COP,Copiapó Hub,PRD0110,10,1,0,5,3,46210.3
2025-05-01,CDC_COP,Copiapó Hub,PRD0111,4,0,2,2,1,32319.72
2025-05-01,CDC_COP,Copiapó Hub,PRD0112,15,1,5,10,6,252319.35
2025-05-01,CDC_COP,Copiapó Hub,PRD0113,0,0,15,0,0,0.0
2025-05-01,CDC_COP,Copiapó Hub,PRD0114,32,4,10,10,6,71110.72
2025-05-01,CDC_COP,Copiapó Hub,PRD0115,3,1,10,2,1,18102.9
2025-05-01,CDC_COP,Copiapó Hub,PRD0116,5,5,0,3,1,64905.4
2025-05-01,CDC_COP,Copiapó Hub,PRD0117,0,0,0,0,0,0.0
2025-05-01,CDC_COP,Copiapó Hub,PRD0118,1,0,10,0,0,7385.52
2025-05-01,CDC_COP,Copiapó Hub,PRD0119,5,2,0,3,1,2359.0
2025-05-01,CDC_COP,Copiapó Hub,PRD0120,-7,0,0,0,0,0.0
2025-06-01,CDC_SCL,Santiago DC,PRD0001,25,5,10,10,6,629462.0
2025-06-01,CDC_SCL,Santiago DC,PRD0002,8,5,0,5,3,115084.4
2025-06-01,CDC_SCL,Santiago DC,PRD0003,0,0,0,0,0,0.0
2025-06-01,CDC_SCL,Santiago DC,PRD0004,1,1,2,0,0,3654.58
2025-06-01,CDC_SCL,Santiago DC,PRD0005,1,0,0,0,0,4041.28
2025-06-01,CDC_SCL,Santiago DC,PRD0006,3,2,5,1,0,21897.15
2025-06-01,CDC_SCL,Santiago DC,PRD0007,3,1,0,2,1,9646.56
2025-06-01,CDC_SCL,Santiago DC,PRD0008,4,2,2,5,3,14510.12
2025-06-01,CDC_SCL,Santiago DC,PRD0009,5,3,5,3,1,5256.8
2025-06-01,CDC_SCL,Santiago DC,PRD0010,6,2,5,2,1,36168.12
2025-06-01,CDC_SCL,Santiago DC,PRD0011,3,1,0,2,1,72143.61
2025-06-01,CDC_SCL,Santiago DC,PRD0012,19,3,5,8,4,6722.77
2025-06-01,CDC_SCL,Santiago DC,PRD0013,30,5,2,10,6,27105.3
2025-06-01,CDC_SCL,Santiago DC,PRD0014,0,0,0,0,0,0.0
2025-06-01,CDC_SCL,Santiago DC,PRD0015,0,0,0,0,0,0.0
2025-06-01,CDC_SCL,Santiago DC,PRD0016,-12,0,0,0,0,0.0
2025-06-01,CDC_SCL,Santiago DC,PRD0017,0,0,0,8,4,0.0
2025-06-01,CDC_SCL,Santiago DC,PRD0018,17,3,2,10,6,16393.78
2025-06-01,CDC_SCL,Santiago DC,PRD0019,0,0,2,0,0,0.0
2025-06-01,CDC_SCL,Santiago DC,PRD0020,7,4,0,5,3,64822.31
2025-06-01,CDC_SCL,Santiago DC,PRD0021,28,0,0,10,6,31022.04
2025-06-01,CDC_SCL,Santiago DC,PRD0022,3,0,0,2,1,2071.59
2025-06-01,CDC_SCL,Santiago DC,PRD0023,9,3,15,5,3,27382.23
2025-06-01,CDC_SCL,Santiago DC,PRD0024,3,1,5,3,1,46762.8
2025-06-01,CDC_SCL,Santiago DC,PRD0025,0,0,15,0,0,0.0
2025-06-01,CDC_SCL,Santiago DC,PRD0026,4,4,2,8,4,36389.24
2025-06-01,CDC_SCL,Santiago DC,PRD0027,18,2,2,10,6,99993.78
2025-06-01,CDC_SCL,Santiago DC,PRD0028,16,4,2,5,3,95751.68
2025-06-01,CDC_SCL,Santiago DC,PRD0029,2,1,0,1,0,13083.52
2025-06-01,CDC_SCL,Santiago DC,PRD0030,5,5,15,3,1,5517.2
2025-06-01,CDC_SCL,Santiago DC,PRD0031,0,0,0,0,0,0.0
2025-06-01,CDC_SCL,Santiago DC,PRD0032,0,0,0,1,0,0.0
2025-06-01,CDC_SCL,Santiago DC,PRD0033,8,3,15,5,3,46570.56
2025-06-01,CDC_SCL,Santiago DC,PRD0034,0,0,0,0,0,0.0
2025-06-01,CDC_SCL,Santiago DC,PRD0035,18,3,0,5,3,84582.72
2025-06-01,CDC_SCL,Santiago DC,PRD0036,0,0,0,0,0,0.0
2025-06-01,CDC_SCL,Santiago DC,PRD0037,13,2,0,5,3,3721.25
2025-06-01,CDC_SCL,Santiago DC,PRD0038,2,0,10,1,0,67418.38
2025-06-01,CDC_SCL,Santiago DC,PRD0039,0,0,0,0,0,0.0
2025-06-01,CDC_SCL,Santiago DC,PRD0040,33,5,2,10,6,322388.88
2025-06-01,CDC_SCL,Santiago DC,PRD0041,12,2,10,10,6,184740.12
2025-06-01,CDC_SCL,Santiago DC,PRD0042,5,2,15,10,6,14294.1
2025-06-01,CDC_SCL,Santiago DC,PRD0043,11,4,5,8,4,157720.2
2025-06-01,CDC_SCL,Santiago DC,PRD0044,18,5,0,8,4,499332.42
2025-06-01,CDC_SCL,Santiago DC,PRD0045,1,0,2,0,0,4834.0
2025-06-01,CDC_SCL,Santiago DC,PRD0046,21,1,0,8,4,7620.69
2025-06-01,CDC_SCL,Santiago DC,PRD0047,25,0,10,10,6,129125.25
2025-06-01,CDC_SCL,Santiago DC,PRD0048,1,0,15,1,0,4677.06
2025-06-01,CDC_SCL,Santiago DC,PRD0049,0,0,15,0,0,0.0
2025-06-01,CDC_SCL,Santiago DC,PRD0050,0,0,2,0,0,0.0
2025-06-01,CDC_SCL,Santiago DC,PRD0051,0,0,5,0,0,0.0
2025-06-01,CDC_SCL,Santiago DC,PRD0052,1,1,0,5,3,8516.87
2025-06-01,CDC_SCL,Santiago DC,PRD0053,5,4,15,3,1,3767.0
2025-06-01,CDC_SCL,Santiago DC,PRD0054,6,2,15,2,1,12456.6
2025-06-01,CDC_SCL,Santiago DC,PRD0055,1,0,0,1,0,370.08
2025-06-01,CDC_SCL,Santiago DC,PRD0056,3,1,0,3,1,81246.48
2025-06-01,CDC_SCL,Santiago DC,PRD0057,4,2,15,2,1,29012.6
2025-06-01,CDC_SCL,Santiago DC,PRD0058,0,0,0,0,0,0.0
2025-06-01,CDC_SCL,Santiago DC,PRD0059,0,0,5,0,0,0.0
2025-06-01,CDC_SCL,Santiago DC,PRD0060,21,5,2,10,6,320988.99
2025-06-01,CDC_SCL,Santiago DC,PRD0061,0,0,0,0,0,0.0
2025-06-01,CDC_SCL,Santiago DC,PRD0062,1,0,15,2,1,11180.7
2025-06-01,CDC_SCL,Santiago DC,PRD0063,3,1,10,1,0,15865.29
2025-06-01,CDC_SCL,Santiago DC,PRD0064,5,4,5,2,1,105005.65
2025-06-01,CDC_SCL,Santiago DC,PRD0065,8,0,0,5,3,7960.96
2025-06-01,CDC_SCL,Santiago DC,PRD0066,4,2,0,3,1,1070.44
2025-06-01,CDC_SCL,Santiago DC,PRD0067,14,2,0,5,3,5740.56
2025-06-01,CDC_SCL,Santiago DC,PRD0068,0,0,10,0,0,0.0
2025-06-01,CDC_SCL,Santiago DC,PRD0069,5,1,0,2,1,24460.6
2025-06-01,CDC_SCL,Santiago DC,PRD0070,0,0,10,0,0,0.0
2025-06-01,CDC_SCL,Santiago DC,PRD0071,11,5,15,10,6,10270.7
2025-06-01,CDC_SCL,Santiago DC,PRD0072,20,2,0,8,4,136575.6
2025-06-01,CDC_SCL,Santiago DC,PRD0073,15,2,10,5,3,393960.6
2025-06-01,CDC_SCL,Santiago DC,PRD0074,19,1,0,8,4,469920.16
2025-06-01,CDC_SCL,Santiago DC,PRD0075,0,0,2,0,0,0.0
2025-06-01,CDC_SCL,Santiago DC,PRD0076,7,1,15,5,3,114392.11
2025-06-01,CDC_SCL,Santiago DC,PRD0077,0,0,10,0,0,0.0
2025-06-01,CDC_SCL,Santiago DC,PRD0078,1,0,0,1,0,9054.13
2025-06-01,CDC_SCL,Santiago DC,PRD0079,0,0,0,0,0,0.0
2025-06-01,CDC_SCL,Santiago DC,PRD0080,0,0,10,0,0,0.0
2025-06-01,CDC_SCL,Santiago DC,PRD0081,0,0,2,0,0,0.0
2025-06-01,CDC_SCL,Santiago DC,PRD0082,5,5,0,2,1,6109.1
2025-06-01,CDC_SCL,Santiago DC,PRD0083,0,0,0,0,0,0.0
2025-06-01,CDC_SCL,Santiago DC,PRD0084,0,0,5,0,0,0.0
2025-06-01,CDC_SCL,Santiago DC,PRD0085,28,5,0,8,4,146762.84
2025-06-01,CDC_SCL,Santiago DC,PRD0086,15,4,10,5,3,58232.85
2025-06-01,CDC_SCL,Santiago DC,PRD0087,12,5,2,5,3,14831.64
2025-06-01,CDC_SCL,Santiago DC,PRD0088,17,5,5,8,4,13644.03
2025-06-01,CDC_SCL,Santiago DC,PRD0089,3,0,2,1,0,19044.48
2025-06-01,CDC_SCL,Santiago DC,PRD0090,1,1,5,1,0,1719.1
2025-06-01,CDC_SCL,Santiago DC,PRD0091,1,1,15,0,0,556.13
2025-06-01,CDC_SCL,Santiago DC,PRD0092,1,1,15,1,0,11227.82
2025-06-01,CDC_SCL,Santiago DC,PRD0093,5,4,5,3,1,128753.3
2025-06-01,CDC_SCL,Santiago DC,PRD0094,18,2,2,8,4,304612.02
2025-06-01,CDC_SCL,Santiago DC,PRD0095,20,1,15,8,4,133190.0
2025-06-01,CDC_SCL,Santiago DC,PRD0096,8,0,0,3,1,9319.68
2025-06-01,CDC_SCL,Santiago DC,PRD0097,3,1,0,3,1,2017.5
2025-06-01,CDC_SCL,Santiago DC,PRD0098,6,2,5,5,3,6673.02
2025-06-01,CDC_SCL,Santiago DC,PRD0099,15,1,5,5,3,31537.2
2025-06-01,CDC_SCL,Santiago DC,PRD0100,2,0,2,1,0,3172.02
2025-06-01,CDC_SCL,Santiago DC,PRD0101,35,5,0,10,6,172222.75
2025-06-01,CDC_SCL,Santiago DC,PRD0102,11,0,0,3,1,10236.49
2025-06-01,CDC_SCL,Santiago DC,PRD0103,0,0,0,10,6,0.0
2025-06-01,CDC_SCL,Santiago DC,PRD0104,5,1,15,8,4,24513.85
2025-06-01,CDC_SCL,Santiago DC,PRD0105,16,1,0,10,6,6288.16
2025-06-01,CDC_SCL,Santiago DC,PRD0106,10,5,2,3,1,86118.1
2025-06-01,CDC_SCL,Santiago DC,PRD0107,4,3,2,8,4,109810.64
2025-06-01,CDC_SCL,Santiago DC,PRD0108,0,0,2,0,0,0.0
2025-06-01,CDC_SCL,Santiago DC,PRD0109,0,0,0,0,0,0.0
2025-06-01,CDC_SCL,Santiago DC,PRD0110,7,0,10,3,1,32347.21
2025-06-01,CDC_SCL,Santiago DC,PRD0111,2,2,2,2,1,16159.86
2025-06-01,CDC_SCL,Santiago DC,PRD0112,11,5,0,3,1,185034.19
2025-06-01,CDC_SCL,Santiago DC,PRD0113,1,0,0,0,0,1106.9
2025-06-01,CDC_SCL,Santiago DC,PRD0114,10,1,0,3,1,22222.1
2025-06-01,CDC_SCL,Santiago DC,PRD0115,0,0,0,0,0,0.0
2025-06-01,CDC_SCL,Santiago DC,PRD0116,0,0,0,0,0,0.0
2025-06-01,CDC_SCL,Santiago DC,PRD0117,1,0,0,0,0,963.44
2025-06-01,CDC_SCL,Santiago DC,PRD0118,12,5,2,5,3,88626.24
2025-06-01,CDC_SCL,Santiago DC,PRD0119,13,4,2,8,4,6133.4
2025-06-01,CDC_SCL,Santiago DC,PRD0120,4,1,5,3,1,34505.52
2025-06-01,CDC_ANT,Antofagasta DC,PRD0001,5,4,15,3,1,125892.4
2025-06-01,CDC_ANT,Antofagasta DC,PRD0002,0,0,0,0,0,0.0
2025-06-01,CDC_ANT,Antofagasta DC,PRD0003,0,0,10,0,0,0.0
2025-06-01,CDC_ANT,Antofagasta DC,PRD0004,26,5,5,8,4,95019.08
2025-06-01,CDC_ANT,Antofagasta DC,PRD0005,6,4,15,3,1,24247.68
2025-06-01,CDC_ANT,Antofagasta DC,PRD0006,15,4,15,5,3,109485.75
2025-06-01,CDC_ANT,Antofagasta DC,PRD0007,12,1,10,10,6,38586.24
2025-06-01,CDC_ANT,Antofagasta DC,PRD0008,3,1,15,2,1,10882.59
2025-06-01,CDC_ANT,Antofagasta DC,PRD0009,5,2,2,3,1,5256.8
2025-06-01,CDC_ANT,Antofagasta DC,PRD0010,2,2,15,1,0,12056.04
2025-06-01,CDC_ANT,Antofagasta DC,PRD0011,3,0,5,10,6,72143.61
2025-06-01,CDC_ANT,Antofagasta DC,PRD0012,0,0,10,0,0,0.0
2025-06-01,CDC_ANT,Antofagasta DC,PRD0013,4,2,0,3,1,3614.04
2025-06-01,CDC_ANT,Antofagasta DC,PRD0014,0,0,2,0,0,0.0
2025-06-01,CDC_ANT,Antofagasta DC,PRD0015,20,4,15,8,4,498864.4
2025-06-01,CDC_ANT,Antofagasta DC,PRD0016,0,0,0,0,0,0.0
2025-06-01,CDC_ANT,Antofagasta DC,PRD0017,0,0,5,0,0,0.0
2025-06-01,CDC_ANT,Antofagasta DC,PRD0018,33,1,15,8,4,31823.22
2025-06-01,CDC_ANT,Antofagasta DC,PRD0019,2,1,15,5,3,3058.32
2025-06-01,CDC_ANT,Antofagasta DC,PRD0020,1,0,0,1,0,9260.33
2025-06-01,CDC_ANT,Antofagasta DC,PRD0021,1,0,15,5,3,1107.93
2025-06-01,CDC_ANT,Antofagasta DC,PRD0022,1,0,0,2,1,690.53
2025-06-01,CDC_ANT,Antofagasta DC,PRD0023,4,2,10,1,0,12169.88
2025-06-01,CDC_ANT,Antofagasta DC,PRD0024,40,2,0,10,6,623504.0
2025-06-01,CDC_ANT,Antofagasta DC,PRD0025,3,0,0,1,0,1427.7
2025-06-01,CDC_ANT,Antofagasta DC,PRD0026,7,2,10,2,1,63681.17
2025-06-01,CDC_ANT,Antofagasta DC,PRD0027,20,4,15,8,4,111104.2
2025-06-01,CDC_ANT,Antofagasta DC,PRD0028,24,4,2,10,6,143627.52
2025-06-01,CDC_ANT,Antofagasta DC,PRD0029,0,0,0,5,3,0.0
2025-06-01,CDC_ANT,Antofagasta DC,PRD0030,6,5,2,5,3,6620.64
2025-06-01,CDC_ANT,Antofagasta DC,PRD0031,2,0,0,1,0,15686.1
2025-06-01,CDC_ANT,Antofagasta DC,PRD0032,3,3,15,1,0,1305.84
2025-06-01,CDC_ANT,Antofagasta DC,PRD0033,0,0,15,0,0,0.0
2025-06-01,CDC_ANT,Antofagasta DC,PRD0034,10,5,0,3,1,57277.4
2025-06-01,CDC_ANT,Antofagasta DC,PRD0035,11,5,0,5,3,51689.44
2025-06-01,CDC_ANT,Antofagasta DC,PRD0036,0,0,15,0,0,0.0
2025-06-01,CDC_ANT,Antofagasta DC,PRD0037,0,0,10,0,0,0.0
2025-06-01,CDC_ANT,Antofagasta DC,PRD0038,1,0,15,10,6,33709.19
2025-06-01,CDC_ANT,Antofagasta DC,PRD0039,12,3,0,8,4,94468.32
2025-06-01,CDC_ANT,Antofagasta DC,PRD0040,0,0,0,1,0,0.0
2025-06-01,CDC_ANT,Antofagasta DC,PRD0041,0,0,15,1,0,0.0
2025-06-01,CDC_ANT,Antofagasta DC,PRD0042,0,0,2,10,6,0.0
2025-06-01,CDC_ANT,Antofagasta DC,PRD0043,0,0,2,0,0,0.0
2025-06-01,CDC_ANT,Antofagasta DC,PRD0044,4,0,5,2,1,110962.76
2025-06-01,CDC_ANT,Antofagasta DC,PRD0045,30,3,2,10,6,145020.0
2025-06-01,CDC_ANT,Antofagasta DC,PRD0046,2,2,0,1,0,725.78
2025-06-01,CDC_ANT,Antofagasta DC,PRD0047,14,2,2,10,6,72310.14
2025-06-01,CDC_ANT,Antofagasta DC,PRD0048,12,1,10,8,4,56124.72
2025-06-01,CDC_ANT,Antofagasta DC,PRD0049,9,3,0,10,6,4119.57
2025-06-01,CDC_ANT,Antofagasta DC,PRD0050,6,2,0,2,1,1056.72
2025-06-01,CDC_ANT,Antofagasta DC,PRD0051,32,0,0,10,6,676990.08
2025-06-01,CDC_ANT,Antofagasta DC,PRD0052,1,1,5,0,0,8516.87
2025-06-01,CDC_ANT,Antofagasta DC,PRD0053,1,1,2,0,0,753.4
2025-06-01,CDC_ANT,Antofagasta DC,PRD0054,18,0,0,8,4,37369.8
2025-06-01,CDC_ANT,Antofagasta DC,PRD0055,8,0,10,5,3,2960.64
2025-06-01,CDC_ANT,Antofagasta DC,PRD0056,5,2,10,2,1,135410.8
2025-06-01,CDC_ANT,Antofagasta DC,PRD0057,2,1,2,1,0,14506.3
2025-06-01,CDC_ANT,Antofagasta DC,PRD0058,19,4,5,10,6,51217.35
2025-06-01,CDC_ANT,Antofagasta DC,PRD0059,13,3,0,8,4,266529.77
2025-06-01,CDC_ANT,Antofagasta DC,PRD0060,6,5,10,3,1,91711.14
2025-06-01,CDC_ANT,Antofagasta DC,PRD0061,19,1,0,8,4,118712.19
2025-06-01,CDC_ANT,Antofagasta DC,PRD0062,2,2,2,3,1,22361.4
2025-06-01,CDC_ANT,Antofagasta DC,PRD0063,3,3,2,1,0,15865.29
2025-06-01,CDC_ANT,Antofagasta DC,PRD0064,0,0,0,0,0,0.0
2025-06-01,CDC_ANT,Antofagasta DC,PRD0065,4,0,0,5,3,3980.48
2025-06-01,CDC_ANT,Antofagasta DC,PRD0066,0,0,0,0,0,0.0
2025-06-01,CDC_ANT,Antofagasta DC,PRD0067,4,3,2,2,1,1640.16
2025-06-01,CDC_ANT,Antofagasta DC,PRD0068,5,1,0,3,1,38566.7
2025-06-01,CDC_ANT,Antofagasta DC,PRD0069,3,2,0,1,0,14676.36
2025-06-01,CDC_ANT,Antofagasta DC,PRD0070,3,0,10,1,0,85405.53
2025-06-01,CDC_ANT,Antofagasta DC,PRD0071,17,0,0,8,4,15872.9
2025-06-01,CDC_ANT,Antofagasta DC,PRD0072,0,0,10,0,0,0.0
2025-06-01,CDC_ANT,Antofagasta DC,PRD0073,20,4,15,8,4,525280.8
2025-06-01,CDC_ANT,Antofagasta DC,PRD0074,0,0,2,0,0,0.0
2025-06-01,CDC_ANT,Antofagasta DC,PRD0075,0,0,0,0,0,0.0
2025-06-01,CDC_ANT,Antofagasta DC,PRD0076,0,0,0,0,0,0.0
2025-06-01,CDC_ANT,Antofagasta DC,PRD0077,5,2,2,2,1,1243.2
2025-06-01,CDC_ANT,Antofagasta DC,PRD0078,13,4,2,8,4,117703.69
2025-06-01,CDC_ANT,Antofagasta DC,PRD0079,3,3,0,2,1,16809.87
2025-06-01,CDC_ANT,Antofagasta DC,PRD0080,18,4,15,10,6,88435.8
2025-06-01,CDC_ANT,Antofagasta DC,PRD0081,0,0,0,0,0,0.0
2025-06-01,CDC_ANT,Antofagasta DC,PRD0082,8,0,0,5,3,9774.56
2025-06-01,CDC_ANT,Antofagasta DC,PRD0083,0,0,0,0,0,0.0
2025-06-01,CDC_ANT,Antofagasta DC,PRD0084,7,4,0,2,1,157758.44
2025-06-01,CDC_ANT,Antofagasta DC,PRD0085,0,0,0,0,0,0.0
2025-06-01,CDC_ANT,Antofagasta DC,PRD0086,1,0,2,0,0,3882.19
2025-06-01,CDC_ANT,Antofagasta DC,PRD0087,1,1,0,0,0,1235.97
2025-06-01,CDC_ANT,Antofagasta DC,PRD0088,0,0,5,0,0,0.0
2025-06-01,CDC_ANT,Antofagasta DC,PRD0089,6,4,2,3,1,38088.96
2025-06-01,CDC_ANT,Antofagasta DC,PRD0090,0,0,2,0,0,0.0
2025-06-01,CDC_ANT,Antofagasta DC,PRD0091,1,0,15,2,1,556.13
2025-06-01,CDC_ANT,Antofagasta DC,PRD0092,11,2,0,8,4,123506.02
2025-06-01,CDC_ANT,Antofagasta DC,PRD0093,32,4,10,8,4,824021.12
2025-06-01,CDC_ANT,Antofagasta DC,PRD0094,20,4,15,8,4,338457.8
2025-06-01,CDC_ANT,Antofagasta DC,PRD0095,0,0,10,0,0,0.0
2025-06-01,CDC_ANT,Antofagasta DC,PRD0096,2,2,0,1,0,2329.92
2025-06-01,CDC_ANT,Antofagasta DC,PRD0097,0,0,10,0,0,0.0
2025-06-01,CDC_ANT,Antofagasta DC,PRD0098,20,0,0,8,4,22243.4
2025-06-01,CDC_ANT,Antofagasta DC,PRD0099,21,0,0,8,4,44152.08
2025-06-01,CDC_ANT,Antofagasta DC,PRD0100,4,4,0,3,1,6344.04
2025-06-01,CDC_ANT,Antofagasta DC,PRD0101,1,0,0,1,0,4920.65
2025-06-01,CDC_ANT,Antofagasta DC,PRD0102,0,0,2,0,0,0.0
2025-06-01,CDC_ANT,Antofagasta DC,PRD0103,1,0,15,2,1,5813.81
2025-06-01,CDC_ANT,Antofagasta DC,PRD0104,8,0,0,8,4,39222.16
2025-06-01,CDC_ANT,Antofagasta DC,PRD0105,1,1,2,0,0,393.01
2025-06-01,CDC_ANT,Antofagasta DC,PRD0106,18,0,2,10,6,155012.58
2025-06-01,CDC_ANT,Antofagasta DC,PRD0107,1,0,2,1,0,27452.66
2025-06-01,CDC_ANT,Antofagasta DC,PRD0108,11,5,0,8,4,169843.74
2025-06-01,CDC_ANT,Antofagasta DC,PRD0109,39,3,0,10,6,696352.8
2025-06-01,CDC_ANT,Antofagasta DC,PRD0110,12,2,15,10,6,55452.36
2025-06-01,CDC_ANT,Antofagasta DC,PRD0111,12,1,5,5,3,96959.16
2025-06-01,CDC_ANT,Antofagasta DC,PRD0112,1,1,0,1,0,16821.29
2025-06-01,CDC_ANT,Antofagasta DC,PRD0113,2,0,5,1,0,2213.8
2025-06-01,CDC_ANT,Antofagasta DC,PRD0114,1,0,10,1,0,2222.21
2025-06-01,CDC_ANT,Antofagasta DC,PRD0115,42,3,5,10,6,253440.6
2025-06-01,CDC_ANT,Antofagasta DC,PRD0116,0,0,0,0,0,0.0
2025-06-01,CDC_ANT,Antofagasta DC,PRD0117,26,5,10,10,6,25049.44
2025-06-01,CDC_ANT,Antofagasta DC,PRD0118,0,0,2,0,0,0.0
2025-06-01,CDC_ANT,Antofagasta DC,PRD0119,4,1,10,5,3,1887.2
2025-06-01,CDC_ANT,Antofagasta DC,PRD0120,0,0,5,3,1,0.0
2025-06-01,CDC_CAL,Calama Hub,PRD0001,8,2,2,3,1,201427.84
2025-06-01,CDC_CAL,Calama Hub,PRD0002,11,5,0,3,1,158241.05
2025-06-01,CDC_CAL,Calama Hub,PRD0003,0,0,10,0,0,0.0
2025-06-01,CDC_CAL,Calama Hub,PRD0004,24,0,0,8,4,87709.92
2025-06-01,CDC_CAL,Calama Hub,PRD0005,6,5,10,3,1,24247.68
2025-06-01,CDC_CAL,Calama Hub,PRD0006,0,0,5,0,0,0.0
2025-06-01,CDC_CAL,Calama Hub,PRD0007,0,0,0,0,0,0.0
2025-06-01,CDC_CAL,Calama Hub,PRD0008,1,1,15,2,1,3627.53
2025-06-01,CDC_CAL,Calama Hub,PRD0009,6,4,0,10,6,6308.16
2025-06-01,CDC_CAL,Calama Hub,PRD0010,1,1,2,0,0,6028.02
2025-06-01,CDC_CAL,Calama Hub,PRD0011,2,2,0,1,0,48095.74
2025-06-01,CDC_CAL,Calama Hub,PRD0012,1,0,0,0,0,353.83
2025-06-01,CDC_CAL,Calama Hub,PRD0013,0,0,15,0,0,0.0
2025-06-01,CDC_CAL,Calama Hub,PRD0014,0,0,0,0,0,0.0
2025-06-01,CDC_CAL,Calama Hub,PRD0015,16,0,15,8,4,399091.52
2025-06-01,CDC_CAL,Calama Hub,PRD0016,20,0,2,10,6,6624.8
2025-06-01,CDC_CAL,Calama Hub,PRD0017,4,0,10,3,1,16239.8
2025-06-01,CDC_CAL,Calama Hub,PRD0018,2,1,0,1,0,1928.68
2025-06-01,CDC_CAL,Calama Hub,PRD0019,27,5,15,10,6,41287.32
2025-06-01,CDC_CAL,Calama Hub,PRD0020,13,0,10,3,1,120384.29
2025-06-01,CDC_CAL,Calama Hub,PRD0021,11,1,2,10,6,12187.23
2025-06-01,CDC_CAL,Calama Hub,PRD0022,6,5,0,2,1,4143.18
2025-06-01,CDC_CAL,Calama Hub,PRD0023,0,0,0,0,0,0.0
2025-06-01,CDC_CAL,Calama Hub,PRD0024,5,4,0,2,1,77938.0
2025-06-01,CDC_CAL,Calama Hub,PRD0025,2,0,0,1,0,951.8
2025-06-01,CDC_CAL,Calama Hub,PRD0026,6,0,10,3,1,54583.86
2025-06-01,CDC_CAL,Calama Hub,PRD0027,0,0,0,0,0,0.0
2025-06-01,CDC_CAL,Calama Hub,PRD0028,0,0,5,0,0,0.0
2025-06-01,CDC_CAL,Calama Hub,PRD0029,10,0,0,5,3,65417.6
2025-06-01,CDC_CAL,Calama Hub,PRD0030,0,0,0,0,0,0.0
2025-06-01,CDC_CAL,Calama Hub,PRD0031,3,1,5,5,3,23529.15
2025-06-01,CDC_CAL,Calama Hub,PRD0032,0,0,15,0,0,0.0
2025-06-01,CDC_CAL,Calama Hub,PRD0033,4,3,5,2,1,23285.28
2025-06-01,CDC_CAL,Calama Hub,PRD0034,1,0,2,1,0,5727.74
2025-06-01,CDC_CAL,Calama Hub,PRD0035,16,3,0,10,6,75184.64
2025-06-01,CDC_CAL,Calama Hub,PRD0036,4,1,10,2,1,10489.48
2025-06-01,CDC_CAL,Calama Hub,PRD0037,0,0,0,0,0,0.0
2025-06-01,CDC_CAL,Calama Hub,PRD0038,0,0,10,0,0,0.0
2025-06-01,CDC_CAL,Calama Hub,PRD0039,27,3,10,10,6,212553.72
2025-06-01,CDC_CAL,Calama Hub,PRD0040,7,2,0,3,1,68385.52
2025-06-01,CDC_CAL,Calama Hub,PRD0041,2,0,0,1,0,30790.02
2025-06-01,CDC_CAL,Calama Hub,PRD0042,0,0,5,0,0,0.0
2025-06-01,CDC_CAL,Calama Hub,PRD0043,18,5,2,10,6,258087.6
2025-06-01,CDC_CAL,Calama Hub,PRD0044,26,2,0,8,4,721257.94
2025-06-01,CDC_CAL,Calama Hub,PRD0045,0,0,0,0,0,0.0
2025-06-01,CDC_CAL,Calama Hub,PRD0046,19,2,0,5,3,6894.91
2025-06-01,CDC_CAL,Calama Hub,PRD0047,1,0,5,1,0,5165.01
2025-06-01,CDC_CAL,Calama Hub,PRD0048,8,2,0,2,1,37416.48
2025-06-01,CDC_CAL,Calama Hub,PRD0049,0,0,15,0,0,0.0
2025-06-01,CDC_CAL,Calama Hub,PRD0050,25,0,5,10,6,4403.0
2025-06-01,CDC_CAL,Calama Hub,PRD0051,12,5,0,5,3,253871.28
2025-06-01,CDC_CAL,Calama Hub,PRD0052,28,2,0,10,6,238472.36
2025-06-01,CDC_CAL,Calama Hub,PRD0053,1,1,0,1,0,753.4
2025-06-01,CDC_CAL,Calama Hub,PRD0054,14,0,0,5,3,29065.4
2025-06-01,CDC_CAL,Calama Hub,PRD0055,3,2,0,2,1,1110.24
2025-06-01,CDC_CAL,Calama Hub,PRD0056,8,0,10,10,6,216657.28
2025-06-01,CDC_CAL,Calama Hub,PRD0057,28,3,0,10,6,203088.2
2025-06-01,CDC_CAL,Calama Hub,PRD0058,1,1,5,1,0,2695.65
2025-06-01,CDC_CAL,Calama Hub,PRD0059,2,0,0,2,1,41004.58
2025-06-01,CDC_CAL,Calama Hub,PRD0060,0,0,15,3,1,0.0
2025-06-01,CDC_CAL,Calama Hub,PRD0061,20,1,0,8,4,124960.2
2025-06-01,CDC_CAL,Calama Hub,PRD0062,4,4,0,2,1,44722.8
2025-06-01,CDC_CAL,Calama Hub,PRD0063,2,2,2,2,1,10576.86
2025-06-01,CDC_CAL,Calama Hub,PRD0064,8,2,10,3,1,168009.04
2025-06-01,CDC_CAL,Calama Hub,PRD0065,3,3,0,3,1,2985.36
2025-06-01,CDC_CAL,Calama Hub,PRD0066,27,2,5,10,6,7225.47
2025-06-01,CDC_CAL,Calama Hub,PRD0067,0,0,0,0,0,0.0
2025-06-01,CDC_CAL,Calama Hub,PRD0068,0,0,0,0,0,0.0
2025-06-01,CDC_CAL,Calama Hub,PRD0069,33,5,0,10,6,161439.96
2025-06-01,CDC_CAL,Calama Hub,PRD0070,2,0,0,2,1,56937.02
2025-06-01,CDC_CAL,Calama Hub,PRD0071,13,0,2,10,6,12138.1
2025-06-01,CDC_CAL,Calama Hub,PRD0072,11,5,5,10,6,75116.58
2025-06-01,CDC_CAL,Calama Hub,PRD0073,17,4,15,8,4,446488.68
2025-06-01,CDC_CAL,Calama Hub,PRD0074,5,2,10,8,4,123663.2
2025-06-01,CDC_CAL,Calama Hub,PRD0075,16,4,5,8,4,17941.12
2025-06-01,CDC_CAL,Calama Hub,PRD0076,2,2,0,3,1,32683.46
2025-06-01,CDC_CAL,Calama Hub,PRD0077,0,0,2,0,0,0.0
2025-06-01,CDC_CAL,Calama Hub,PRD0078,0,0,0,0,0,0.0
2025-06-01,CDC_CAL,Calama Hub,PRD0079,1,1,5,1,0,5603.29
2025-06-01,CDC_CAL,Calama Hub,PRD0080,0,0,10,0,0,0.0
2025-06-01,CDC_CAL,Calama Hub,PRD0081,12,2,15,5,3,11718.48
2025-06-01,CDC_CAL,Calama Hub,PRD0082,1,1,0,1,0,1221.82
2025-06-01,CDC_CAL,Calama Hub,PRD0083,28,2,0,8,4,67121.6
2025-06-01,CDC_CAL,Calama Hub,PRD0084,1,0,2,0,0,22536.92
2025-06-01,CDC_CAL,Calama Hub,PRD0085,6,5,10,5,3,31449.18
2025-06-01,CDC_CAL,Calama Hub,PRD0086,6,2,0,2,1,23293.14
2025-06-01,CDC_CAL,Calama Hub,PRD0087,29,0,0,10,6,35843.13
2025-06-01,CDC_CAL,Calama Hub,PRD0088,12,1,5,5,3,9631.08
2025-06-01,CDC_CAL,Calama Hub,PRD0089,3,1,0,2,1,19044.48
2025-06-01,CDC_CAL,Calama Hub,PRD0090,0,0,15,0,0,0.0
2025-06-01,CDC_CAL,Calama Hub,PRD0091,6,2,0,2,1,3336.78
2025-06-01,CDC_CAL,Calama Hub,PRD0092,19,1,15,10,6,213328.58
2025-06-01,CDC_CAL,Calama Hub,PRD0093,24,3,2,10,6,618015.84
2025-06-01,CDC_CAL,Calama Hub,PRD0094,0,0,0,0,0,0.0
2025-06-01,CDC_CAL,Calama Hub,PRD0095,1,0,0,1,0,6659.5
2025-06-01,CDC_CAL,Calama Hub,PRD0096,0,0,10,0,0,0.0
2025-06-01,CDC_CAL,Calama Hub,PRD0097,32,4,10,10,6,21520.0
2025-06-01,CDC_CAL,Calama Hub,PRD0098,5,1,0,2,1,5560.85
2025-06-01,CDC_CAL,Calama Hub,PRD0099,0,0,2,0,0,0.0
2025-06-01,CDC_CAL,Calama Hub,PRD0100,1,1,0,2,1,1586.01
2025-06-01,CDC_CAL,Calama Hub,PRD0101,0,0,2,1,0,0.0
2025-06-01,CDC_CAL,Calama Hub,PRD0102,28,5,15,8,4,26056.52
2025-06-01,CDC_CAL,Calama Hub,PRD0103,0,0,2,0,0,0.0
2025-06-01,CDC_CAL,Calama Hub,PRD0104,1,0,0,0,0,4902.77
2025-06-01,CDC_CAL,Calama Hub,PRD0105,6,5,0,2,1,2358.06
2025-06-01,CDC_CAL,Calama Hub,PRD0106,2,0,0,3,1,17223.62
2025-06-01,CDC_CAL,Calama Hub,PRD0107,22,5,0,10,6,603958.52
2025-06-01,CDC_CAL,Calama Hub,PRD0108,0,0,0,0,0,0.0
2025-06-01,CDC_CAL,Calama Hub,PRD0109,0,0,0,0,0,0.0
2025-06-01,CDC_CAL,Calama Hub,PRD0110,3,3,0,10,6,13863.09
2025-06-01,CDC_CAL,Calama Hub,PRD0111,1,0,0,1,0,8079.93
2025-06-01,CDC_CAL,Calama Hub,PRD0112,0,0,10,0,0,0.0
2025-06-01,CDC_CAL,Calama Hub,PRD0113,4,4,10,5,3,4427.6
2025-06-01,CDC_CAL,Calama Hub,PRD0114,1,1,10,1,0,2222.21
2025-06-01,CDC_CAL,Calama Hub,PRD0115,0,0,15,1,0,0.0
2025-06-01,CDC_CAL,Calama Hub,PRD0116,0,0,0,0,0,0.0
2025-06-01,CDC_CAL,Calama Hub,PRD0117,17,5,0,5,3,16378.48
2025-06-01,CDC_CAL,Calama Hub,PRD0118,4,3,2,2,1,29542.08
2025-06-01,CDC_CAL,Calama Hub,PRD0119,0,0,2,0,0,0.0
2025-06-01,CDC_CAL,Calama Hub,PRD0120,4,4,0,2,1,34505.52
2025-06-01,CDC_COP,Copiapó Hub,PRD0001,12,2,10,5,3,302141.76
2025-06-01,CDC_COP,Copiapó Hub,PRD0002,0,0,15,0,0,0.0
2025-06-01,CDC_COP,Copiapó Hub,PRD0003,5,4,5,3,1,37518.7
2025-06-01,CDC_COP,Copiapó Hub,PRD0004,2,0,0,2,1,7309.16
2025-06-01,CDC_COP,Copiapó Hub,PRD0005,0,0,2,0,0,0.0
2025-06-01,CDC_COP,Copiapó Hub,PRD0006,6,3,0,3,1,43794.3
2025-06-01,CDC_COP,Copiapó Hub,PRD0007,9,4,0,5,3,28939.68
2025-06-01,CDC_COP,Copiapó Hub,PRD0008,29,3,0,8,4,105198.37
2025-06-01,CDC_COP,Copiapó Hub,PRD0009,17,2,0,8,4,17873.12
2025-06-01,CDC_COP,Copiapó Hub,PRD0010,14,5,0,8,4,84392.28
2025-06-01,CDC_COP,Copiapó Hub,PRD0011,0,0,0,10,6,0.0
2025-06-01,CDC_COP,Copiapó Hub,PRD0012,2,1,10,5,3,707.66
2025-06-01,CDC_COP,Copiapó Hub,PRD0013,6,3,0,3,1,5421.06
2025-06-01,CDC_COP,Copiapó Hub,PRD0014,21,0,0,5,3,686508.48
2025-06-01,CDC_COP,Copiapó Hub,PRD0015,6,5,15,3,1,149659.32
2025-06-01,CDC_COP,Copiapó Hub,PRD0016,0,0,15,0,0,0.0
2025-06-01,CDC_COP,Copiapó Hub,PRD0017,1,1,0,2,1,4059.95
2025-06-01,CDC_COP,Copiapó Hub,PRD0018,4,0,15,2,1,3857.36
2025-06-01,CDC_COP,Copiapó Hub,PRD0019,0,0,2,0,0,0.0
2025-06-01,CDC_COP,Copiapó Hub,PRD0020,2,2,5,1,0,18520.66
2025-06-01,CDC_COP,Copiapó Hub,PRD0021,6,5,5,3,1,6647.58
2025-06-01,CDC_COP,Copiapó Hub,PRD0022,17,3,0,10,6,11739.01
2025-06-01,CDC_COP,Copiapó Hub,PRD0023,6,2,5,2,1,18254.82
2025-06-01,CDC_COP,Copiapó Hub,PRD0024,1,1,10,1,0,15587.6
2025-06-01,CDC_COP,Copiapó Hub,PRD0025,2,0,5,1,0,951.8
2025-06-01,CDC_COP,Copiapó Hub,PRD0026,21,5,5,8,4,191043.51
2025-06-01,CDC_COP,Copiapó Hub,PRD0027,0,0,0,0,0,0.0
2025-06-01,CDC_COP,Copiapó Hub,PRD0028,29,2,0,10,6,173549.92
2025-06-01,CDC_COP,Copiapó Hub,PRD0029,17,1,10,8,4,111209.92
2025-06-01,CDC_COP,Copiapó Hub,PRD0030,1,0,2,1,0,1103.44
2025-06-01,CDC_COP,Copiapó Hub,PRD0031,5,2,2,2,1,39215.25
2025-06-01,CDC_COP,Copiapó Hub,PRD0032,0,0,0,1,0,0.0
2025-06-01,CDC_COP,Copiapó Hub,PRD0033,1,1,0,1,0,5821.32
2025-06-01,CDC_COP,Copiapó Hub,PRD0034,3,0,5,2,1,17183.22
2025-06-01,CDC_COP,Copiapó Hub,PRD0035,4,2,15,3,1,18796.16
2025-06-01,CDC_COP,Copiapó Hub,PRD0036,9,5,10,10,6,23601.33
2025-06-01,CDC_COP,Copiapó Hub,PRD0037,0,0,0,0,0,0.0
2025-06-01,CDC_COP,Copiapó Hub,PRD0038,0,0,0,0,0,0.0
2025-06-01,CDC_COP,Copiapó Hub,PRD0039,9,0,0,5,3,70851.24
2025-06-01,CDC_COP,Copiapó Hub,PRD0040,7,5,2,3,1,68385.52
2025-06-01,CDC_COP,Copiapó Hub,PRD0041,12,2,2,8,4,184740.12
2025-06-01,CDC_COP,Copiapó Hub,PRD0042,25,1,0,8,4,71470.5
2025-06-01,CDC_COP,Copiapó Hub,PRD0043,0,0,2,0,0,0.0
2025-06-01,CDC_COP,Copiapó Hub,PRD0044,0,0,15,0,0,0.0
2025-06-01,CDC_COP,Copiapó Hub,PRD0045,10,1,5,8,4,48340.0
2025-06-01,CDC_COP,Copiapó Hub,PRD0046,16,1,10,10,6,5806.24
2025-06-01,CDC_COP,Copiapó Hub,PRD0047,7,0,10,3,1,36155.07
2025-06-01,CDC_COP,Copiapó Hub,PRD0048,1,0,10,0,0,4677.06
2025-06-01,CDC_COP,Copiapó Hub,PRD0049,2,1,2,1,0,915.46
2025-06-01,CDC_COP,Copiapó Hub,PRD0050,0,0,2,0,0,0.0
2025-06-01,CDC_COP,Copiapó Hub,PRD0051,2,0,0,1,0,42311.88
2025-06-01,CDC_COP,Copiapó Hub,PRD0052,0,0,5,0,0,0.0
2025-06-01,CDC_COP,Copiapó Hub,PRD0053,1,0,5,2,1,753.4
2025-06-01,CDC_COP,Copiapó Hub,PRD0054,26,3,0,10,6,53978.6
2025-06-01,CDC_COP,Copiapó Hub,PRD0055,3,0,15,1,0,1110.24
2025-06-01,CDC_COP,Copiapó Hub,PRD0056,0,0,15,0,0,0.0
2025-06-01,CDC_COP,Copiapó Hub,PRD0057,7,4,15,3,1,50772.05
2025-06-01,CDC_COP,Copiapó Hub,PRD0058,4,0,2,2,1,10782.6
2025-06-01,CDC_COP,Copiapó Hub,PRD0059,1,0,10,3,1,20502.29
2025-06-01,CDC_COP,Copiapó Hub,PRD0060,0,0,15,0,0,0.0
2025-06-01,CDC_COP,Copiapó Hub,PRD0061,4,1,2,3,1,24992.04
2025-06-01,CDC_COP,Copiapó Hub,PRD0062,27,0,0,10,6,301878.9
2025-06-01,CDC_COP,Copiapó Hub,PRD0063,0,0,10,1,0,0.0
2025-06-01,CDC_COP,Copiapó Hub,PRD0064,7,1,0,2,1,147007.91
2025-06-01,CDC_COP,Copiapó Hub,PRD0065,32,0,0,10,6,31843.84
2025-06-01,CDC_COP,Copiapó Hub,PRD0066,16,3,5,5,3,4281.76
2025-06-01,CDC_COP,Copiapó Hub,PRD0067,8,3,5,8,4,3280.32
2025-06-01,CDC_COP,Copiapó Hub,PRD0068,16,3,0,5,3,123413.44
2025-06-01,CDC_COP,Copiapó Hub,PRD0069,14,3,15,3,1,68489.68
2025-06-01,CDC_COP,Copiapó Hub,PRD0070,11,5,10,8,4,313153.61
2025-06-01,CDC_COP,Copiapó Hub,PRD0071,0,0,10,0,0,0.0
2025-06-01,CDC_COP,Copiapó Hub,PRD0072,0,0,0,0,0,0.0
2025-06-01,CDC_COP,Copiapó Hub,PRD0073,1,0,5,0,0,26264.04
2025-06-01,CDC_COP,Copiapó Hub,PRD0074,18,0,0,8,4,445187.52
2025-06-01,CDC_COP,Copiapó Hub,PRD0075,19,2,0,10,6,21305.08
2025-06-01,CDC_COP,Copiapó Hub,PRD0076,0,0,5,0,0,0.0
2025-06-01,CDC_COP,Copiapó Hub,PRD0077,10,5,10,3,1,2486.4
2025-06-01,CDC_COP,Copiapó Hub,PRD0078,0,0,0,1,0,0.0
2025-06-01,CDC_COP,Copiapó Hub,PRD0079,1,0,10,0,0,5603.29
2025-06-01,CDC_COP,Copiapó Hub,PRD0080,25,0,10,10,6,122827.5
2025-06-01,CDC_COP,Copiapó Hub,PRD0081,0,0,5,0,0,0.0
2025-06-01,CDC_COP,Copiapó Hub,PRD0082,4,1,10,2,1,4887.28
2025-06-01,CDC_COP,Copiapó Hub,PRD0083,25,0,15,10,6,59930.0
2025-06-01,CDC_COP,Copiapó Hub,PRD0084,4,2,0,1,0,90147.68
2025-06-01,CDC_COP,Copiapó Hub,PRD0085,12,3,0,5,3,62898.36
2025-06-01,CDC_COP,Copiapó Hub,PRD0086,13,0,0,3,1,50468.47
2025-06-01,CDC_COP,Copiapó Hub,PRD0087,30,2,10,10,6,37079.1
2025-06-01,CDC_COP,Copiapó Hub,PRD0088,12,0,2,8,4,9631.08
2025-06-01,CDC_COP,Copiapó Hub,PRD0089,9,4,0,3,1,57133.44
2025-06-01,CDC_COP,Copiapó Hub,PRD0090,0,0,15,0,0,0.0
2025-06-01,CDC_COP,Copiapó Hub,PRD0091,10,2,0,3,1,5561.3
2025-06-01,CDC_COP,Copiapó Hub,PRD0092,9,2,0,5,3,101050.38
2025-06-01,CDC_COP,Copiapó Hub,PRD0093,6,5,2,2,1,154503.96
2025-06-01,CDC_COP,Copiapó Hub,PRD0094,0,0,10,5,3,0.0
2025-06-01,CDC_COP,Copiapó Hub,PRD0095,0,0,10,0,0,0.0
2025-06-01,CDC_COP,Copiapó Hub,PRD0096,0,0,5,0,0,0.0
2025-06-01,CDC_COP,Copiapó Hub,PRD0097,0,0,5,0,0,0.0
2025-06-01,CDC_COP,Copiapó Hub,PRD0098,6,1,0,3,1,6673.02
2025-06-01,CDC_COP,Copiapó Hub,PRD0099,1,0,0,2,1,2102.48
2025-06-01,CDC_COP,Copiapó Hub,PRD0100,5,2,0,3,1,7930.05
2025-06-01,CDC_COP,Copiapó Hub,PRD0101,0,0,10,0,0,0.0
2025-06-01,CDC_COP,Copiapó Hub,PRD0102,29,3,0,8,4,26987.11
2025-06-01,CDC_COP,Copiapó Hub,PRD0103,3,3,0,2,1,17441.43
2025-06-01,CDC_COP,Copiapó Hub,PRD0104,14,3,0,5,3,68638.78
2025-06-01,CDC_COP,Copiapó Hub,PRD0105,1,0,15,1,0,393.01
2025-06-01,CDC_COP,Copiapó Hub,PRD0106,1,0,15,2,1,8611.81
2025-06-01,CDC_COP,Copiapó Hub,PRD0107,22,0,0,10,6,603958.52
2025-06-01,CDC_COP,Copiapó Hub,PRD0108,0,0,0,0,0,0.0
2025-06-01,CDC_COP,Copiapó Hub,PRD0109,7,0,0,5,3,124986.4
2025-06-01,CDC_COP,Copiapó Hub,PRD0110,1,1,0,0,0,4621.03
2025-06-01,CDC_COP,Copiapó Hub,PRD0111,18,5,0,8,4,145438.74
2025-06-01,CDC_COP,Copiapó Hub,PRD0112,5,5,15,2,1,84106.45
2025-06-01,CDC_COP,Copiapó Hub,PRD0113,9,0,10,2,1,9962.1
2025-06-01,CDC_COP,Copiapó Hub,PRD0114,0,0,15,0,0,0.0
2025-06-01,CDC_COP,Copiapó Hub,PRD0115,0,0,10,1,0,0.0
2025-06-01,CDC_COP,Copiapó Hub,PRD0116,2,2,10,3,1,25962.16
2025-06-01,CDC_COP,Copiapó Hub,PRD0117,0,0,5,0,0,0.0
2025-06-01,CDC_COP,Copiapó Hub,PRD0118,0,0,10,0,0,0.0
2025-06-01,CDC_COP,Copiapó Hub,PRD0119,0,0,0,0,0,0.0
2025-06-01,CDC_COP,Copiapó Hub,PRD0120,3,0,15,2,1,25879.14
2025-07-01,CDC_SCL,Santiago DC,PRD0001,0,0,10,0,0,0.0
2025-07-01,CDC_SCL,Santiago DC,PRD0002,9,3,10,3,1,129469.95
2025-07-01,CDC_SCL,Santiago DC,PRD0003,3,0,0,1,0,22511.22
2025-07-01,CDC_SCL,Santiago DC,PRD0004,2,2,10,2,1,7309.16
2025-07-01,CDC_SCL,Santiago DC,PRD0005,0,0,0,0,0,0.0
2025-07-01,CDC_SCL,Santiago DC,PRD0006,1,1,10,1,0,7299.05
2025-07-01,CDC_SCL,Santiago DC,PRD0007,0,0,0,0,0,0.0
2025-07-01,CDC_SCL,Santiago DC,PRD0008,4,3,0,3,1,14510.12
2025-07-01,CDC_SCL,Santiago DC,PRD0009,5,1,15,5,3,5256.8
2025-07-01,CDC_SCL,Santiago DC,PRD0010,10,1,10,3,1,60280.2
2025-07-01,CDC_SCL,Santiago DC,PRD0011,21,0,0,8,4,505005.27
2025-07-01,CDC_SCL,Santiago DC,PRD0012,22,5,0,10,6,7784.26
2025-07-01,CDC_SCL,Santiago DC,PRD0013,0,0,15,0,0,0.0
2025-07-01,CDC_SCL,Santiago DC,PRD0014,0,0,10,0,0,0.0
2025-07-01,CDC_SCL,Santiago DC,PRD0015,19,5,2,5,3,473921.18
2025-07-01,CDC_SCL,Santiago DC,PRD0016,11,4,2,3,1,3643.64
2025-07-01,CDC_SCL,Santiago DC,PRD0017,5,1,2,3,1,20299.75
2025-07-01,CDC_SCL,Santiago DC,PRD0018,28,0,0,8,4,27001.52
2025-07-01,CDC_SCL,Santiago DC,PRD0019,1,1,0,1,0,1529.16
2025-07-01,CDC_SCL,Santiago DC,PRD0020,3,3,15,1,0,27780.99
2025-07-01,CDC_SCL,Santiago DC,PRD0021,0,0,0,0,0,0.0
2025-07-01,CDC_SCL,Santiago DC,PRD0022,1,1,2,0,0,690.53
2025-07-01,CDC_SCL,Santiago DC,PRD0023,0,0,0,0,0,0.0
2025-07-01,CDC_SCL,Santiago DC,PRD0024,14,4,0,8,4,218226.4
2025-07-01,CDC_SCL,Santiago DC,PRD0025,18,3,0,10,6,8566.2
2025-07-01,CDC_SCL,Santiago DC,PRD0026,0,0,0,0,0,0.0
2025-07-01,CDC_SCL,Santiago DC,PRD0027,14,4,0,10,6,77772.94
2025-07-01,CDC_SCL,Santiago DC,PRD0028,0,0,0,0,0,0.0
2025-07-01,CDC_SCL,Santiago DC,PRD0029,2,2,0,2,1,13083.52
2025-07-01,CDC_SCL,Santiago DC,PRD0030,15,0,2,10,6,16551.6
2025-07-01,CDC_SCL,Santiago DC,PRD0031,12,0,2,8,4,94116.6
2025-07-01,CDC_SCL,Santiago DC,PRD0032,9,1,0,5,3,3917.52
2025-07-01,CDC_SCL,Santiago DC,PRD0033,0,0,2,0,0,0.0
2025-07-01,CDC_SCL,Santiago DC,PRD0034,2,0,15,0,0,11455.48
2025-07-01,CDC_SCL,Santiago DC,PRD0035,2,1,0,3,1,9398.08
2025-07-01,CDC_SCL,Santiago DC,PRD0036,10,3,0,5,3,26223.7
2025-07-01,CDC_SCL,Santiago DC,PRD0037,7,1,0,3,1,2003.75
2025-07-01,CDC_SCL,Santiago DC,PRD0038,0,0,5,0,0,0.0
2025-07-01,CDC_SCL,Santiago DC,PRD0039,1,1,0,1,0,7872.36
2025-07-01,CDC_SCL,Santiago DC,PRD0040,7,1,0,2,1,68385.52
2025-07-01,CDC_SCL,Santiago DC,PRD0041,13,4,10,3,1,200135.13
2025-07-01,CDC_SCL,Santiago DC,PRD0042,8,1,15,3,1,22870.56
2025-07-01,CDC_SCL,Santiago DC,PRD0043,4,1,0,2,1,57352.8
2025-07-01,CDC_SCL,Santiago DC,PRD0044,19,2,15,8,4,527073.11
2025-07-01,CDC_SCL,Santiago DC,PRD0045,16,0,2,8,4,77344.0
2025-07-01,CDC_SCL,Santiago DC,PRD0046,3,1,0,1,0,1088.67
2025-07-01,CDC_SCL,Santiago DC,PRD0047,1,1,5,1,0,5165.01
2025-07-01,CDC_SCL,Santiago DC,PRD0048,0,0,15,0,0,0.0
2025-07-01,CDC_SCL,Santiago DC,PRD0049,0,0,0,0,0,0.0
2025-07-01,CDC_SCL,Santiago DC,PRD0050,1,0,15,1,0,176.12
2025-07-01,CDC_SCL,Santiago DC,PRD0051,21,4,15,8,4,444274.74
2025-07-01,CDC_SCL,Santiago DC,PRD0052,31,3,2,8,4,264022.97
2025-07-01,CDC_SCL,Santiago DC,PRD0053,3,1,10,2,1,2260.2
2025-07-01,CDC_SCL,Santiago DC,PRD0054,1,1,0,1,0,2076.1
2025-07-01,CDC_SCL,Santiago DC,PRD0055,0,0,0,0,0,0.0
2025-07-01,CDC_SCL,Santiago DC,PRD0056,1,1,15,0,0,27082.16
2025-07-01,CDC_SCL,Santiago DC,PRD0057,6,0,15,3,1,43518.9
2025-07-01,CDC_SCL,Santiago DC,PRD0058,0,0,2,0,0,0.0
2025-07-01,CDC_SCL,Santiago DC,PRD0059,18,5,15,5,3,369041.22
2025-07-01,CDC_SCL,Santiago DC,PRD0060,8,2,15,3,1,122281.52
2025-07-01,CDC_SCL,Santiago DC,PRD0061,0,0,15,0,0,0.0
2025-07-01,CDC_SCL,Santiago DC,PRD0062,0,0,0,0,0,0.0
2025-07-01,CDC_SCL,Santiago DC,PRD0063,1,1,5,1,0,5288.43
2025-07-01,CDC_SCL,Santiago DC,PRD0064,4,0,5,2,1,84004.52
2025-07-01,CDC_SCL,Santiago DC,PRD0065,13,3,0,3,1,12936.56
2025-07-01,CDC_SCL,Santiago DC,PRD0066,1,0,5,1,0,267.61
2025-07-01,CDC_SCL,Santiago DC,PRD0067,0,0,10,0,0,0.0
2025-07-01,CDC_SCL,Santiago DC,PRD0068,8,4,0,10,6,61706.72
2025-07-01,CDC_SCL,Santiago DC,PRD0069,0,0,5,0,0,0.0
2025-07-01,CDC_SCL,Santiago DC,PRD0070,0,0,0,0,0,0.0
2025-07-01,CDC_SCL,Santiago DC,PRD0071,17,1,0,5,3,15872.9
2025-07-01,CDC_SCL,Santiago DC,PRD0072,0,0,2,0,0,0.0
2025-07-01,CDC_SCL,Santiago DC,PRD0073,0,0,0,10,6,0.0
2025-07-01,CDC_SCL,Santiago DC,PRD0074,12,5,5,8,4,296791.68
2025-07-01,CDC_SCL,Santiago DC,PRD0075,34,3,0,10,6,38124.88
2025-07-01,CDC_SCL,Santiago DC,PRD0076,6,3,0,5,3,98050.38
2025-07-01,CDC_SCL,Santiago DC,PRD0077,3,1,5,2,1,745.92
2025-07-01,CDC_SCL,Santiago DC,PRD0078,25,1,0,10,6,226353.25
2025-07-01,CDC_SCL,Santiago DC,PRD0079,3,1,0,3,1,16809.87
2025-07-01,CDC_SCL,Santiago DC,PRD0080,1,0,0,1,0,4913.1
2025-07-01,CDC_SCL,Santiago DC,PRD0081,3,2,5,1,0,2929.62
2025-07-01,CDC_SCL,Santiago DC,PRD0082,1,0,0,0,0,1221.82
2025-07-01,CDC_SCL,Santiago DC,PRD0083,15,1,0,8,4,35958.0
2025-07-01,CDC_SCL,Santiago DC,PRD0084,5,4,0,3,1,112684.6
2025-07-01,CDC_SCL,Santiago DC,PRD0085,0,0,0,0,0,0.0
2025-07-01,CDC_SCL,Santiago DC,PRD0086,35,0,5,10,6,135876.65
2025-07-01,CDC_SCL,Santiago DC,PRD0087,2,0,2,1,0,2471.94
2025-07-01,CDC_SCL,Santiago DC,PRD0088,0,0,0,3,1,0.0
2025-07-01,CDC_SCL,Santiago DC,PRD0089,18,5,0,10,6,114266.88
2025-07-01,CDC_SCL,Santiago DC,PRD0090,9,3,5,5,3,15471.9
2025-07-01,CDC_SCL,Santiago DC,PRD0091,0,0,0,1,0,0.0
2025-07-01,CDC_SCL,Santiago DC,PRD0092,10,0,0,3,1,112278.2
2025-07-01,CDC_SCL,Santiago DC,PRD0093,0,0,5,0,0,0.0
2025-07-01,CDC_SCL,Santiago DC,PRD0094,3,3,10,8,4,50768.67
2025-07-01,CDC_SCL,Santiago DC,PRD0095,0,0,15,0,0,0.0
2025-07-01,CDC_SCL,Santiago DC,PRD0096,0,0,5,0,0,0.0
2025-07-01,CDC_SCL,Santiago DC,PRD0097,0,0,0,0,0,0.0
2025-07-01,CDC_SCL,Santiago DC,PRD0098,1,0,2,1,0,1112.17
2025-07-01,CDC_SCL,Santiago DC,PRD0099,26,3,0,10,6,54664.48
2025-07-01,CDC_SCL,Santiago DC,PRD0100,9,2,10,3,1,14274.09
2025-07-01,CDC_SCL,Santiago DC,PRD0101,4,2,2,2,1,19682.6
2025-07-01,CDC_SCL,Santiago DC,PRD0102,0,0,15,0,0,0.0
2025-07-01,CDC_SCL,Santiago DC,PRD0103,0,0,2,0,0,0.0
2025-07-01,CDC_SCL,Santiago DC,PRD0104,4,2,0,3,1,19611.08
2025-07-01,CDC_SCL,Santiago DC,PRD0105,4,4,15,2,1,1572.04
2025-07-01,CDC_SCL,Santiago DC,PRD0106,12,1,0,3,1,103341.72
2025-07-01,CDC_SCL,Santiago DC,PRD0107,15,4,0,8,4,411789.9
2025-07-01,CDC_SCL,Santiago DC,PRD0108,11,0,0,5,3,169843.74
2025-07-01,CDC_SCL,Santiago DC,PRD0109,3,3,0,2,1,53565.6
2025-07-01,CDC_SCL,Santiago DC,PRD0110,2,1,2,1,0,9242.06
2025-07-01,CDC_SCL,Santiago DC,PRD0111,1,1,10,0,0,8079.93
2025-07-01,CDC_SCL,Santiago DC,PRD0112,9,4,15,3,1,151391.61
2025-07-01,CDC_SCL,Santiago DC,PRD0113,13,0,5,5,3,14389.7
2025-07-01,CDC_SCL,Santiago DC,PRD0114,1,1,10,1,0,2222.21
2025-07-01,CDC_SCL,Santiago DC,PRD0115,21,0,0,8,4,126720.3
2025-07-01,CDC_SCL,Santiago DC,PRD0116,3,0,0,10,6,38943.24
2025-07-01,CDC_SCL,Santiago DC,PRD0117,8,0,5,5,3,7707.52
2025-07-01,CDC_SCL,Santiago DC,PRD0118,0,0,2,0,0,0.0
2025-07-01,CDC_SCL,Santiago DC,PRD0119,7,3,5,3,1,3302.6
2025-07-01,CDC_SCL,Santiago DC,PRD0120,11,3,2,5,3,94890.18
2025-07-01,CDC_ANT,Antofagasta DC,PRD0001,7,4,15,5,3,176249.36
2025-07-01,CDC_ANT,Antofagasta DC,PRD0002,0,0,0,0,0,0.0
2025-07-01,CDC_ANT,Antofagasta DC,PRD0003,0,0,0,0,0,0.0
2025-07-01,CDC_ANT,Antofagasta DC,PRD0004,3,1,5,1,0,10963.74
2025-07-01,CDC_ANT,Antofagasta DC,PRD0005,3,3,0,1,0,12123.84
2025-07-01,CDC_ANT,Antofagasta DC,PRD0006,6,5,0,5,3,43794.3
2025-07-01,CDC_ANT,Antofagasta DC,PRD0007,10,3,0,5,3,32155.2
2025-07-01,CDC_ANT,Antofagasta DC,PRD0008,2,0,2,0,0,7255.06
2025-07-01,CDC_ANT,Antofagasta DC,PRD0009,3,3,2,1,0,3154.08
2025-07-01,CDC_ANT,Antofagasta DC,PRD0010,1,1,10,1,0,6028.02
2025-07-01,CDC_ANT,Antofagasta DC,PRD0011,0,0,0,0,0,0.0
2025-07-01,CDC_ANT,Antofagasta DC,PRD0012,3,1,0,2,1,1061.49
2025-07-01,CDC_ANT,Antofagasta DC,PRD0013,15,3,0,10,6,13552.65
2025-07-01,CDC_ANT,Antofagasta DC,PRD0014,3,1,10,2,1,98072.64
2025-07-01,CDC_ANT,Antofagasta DC,PRD0015,12,0,0,8,4,299318.64
2025-07-01,CDC_ANT,Antofagasta DC,PRD0016,0,0,0,0,0,0.0
2025-07-01,CDC_ANT,Antofagasta DC,PRD0017,0,0,0,0,0,0.0
2025-07-01,CDC_ANT,Antofagasta DC,PRD0018,11,3,0,3,1,10607.74
2025-07-01,CDC_ANT,Antofagasta DC,PRD0019,17,2,15,8,4,25995.72
2025-07-01,CDC_ANT,Antofagasta DC,PRD0020,24,5,10,8,4,222247.92
2025-07-01,CDC_ANT,Antofagasta DC,PRD0021,19,3,0,8,4,21050.67
2025-07-01,CDC_ANT,Antofagasta DC,PRD0022,5,4,0,2,1,3452.65
2025-07-01,CDC_ANT,Antofagasta DC,PRD0023,0,0,0,0,0,0.0
2025-07-01,CDC_ANT,Antofagasta DC,PRD0024,0,0,0,0,0,0.0
2025-07-01,CDC_ANT,Antofagasta DC,PRD0025,1,1,10,1,0,475.9
2025-07-01,CDC_ANT,Antofagasta DC,PRD0026,11,0,0,5,3,100070.41
2025-07-01,CDC_ANT,Antofagasta DC,PRD0027,8,0,10,3,1,44441.68
2025-07-01,CDC_ANT,Antofagasta DC,PRD0028,0,0,5,0,0,0.0
2025-07-01,CDC_ANT,Antofagasta DC,PRD0029,0,0,15,0,0,0.0
2025-07-01,CDC_ANT,Antofagasta DC,PRD0030,21,1,10,10,6,23172.24
2025-07-01,CDC_ANT,Antofagasta DC,PRD0031,10,5,0,5,3,78430.5
2025-07-01,CDC_ANT,Antofagasta DC,PRD0032,2,0,2,1,0,870.56
2025-07-01,CDC_ANT,Antofagasta DC,PRD0033,7,0,0,2,1,40749.24
2025-07-01,CDC_ANT,Antofagasta DC,PRD0034,0,0,5,0,0,0.0
2025-07-01,CDC_ANT,Antofagasta DC,PRD0035,0,0,0,0,0,0.0
2025-07-01,CDC_ANT,Antofagasta DC,PRD0036,0,0,0,0,0,0.0
2025-07-01,CDC_ANT,Antofagasta DC,PRD0037,0,0,5,0,0,0.0
2025-07-01,CDC_ANT,Antofagasta DC,PRD0038,14,5,10,10,6,471928.66
2025-07-01,CDC_ANT,Antofagasta DC,PRD0039,11,2,2,5,3,86595.96
2025-07-01,CDC_ANT,Antofagasta DC,PRD0040,0,0,0,1,0,0.0
2025-07-01,CDC_ANT,Antofagasta DC,PRD0041,4,4,0,2,1,61580.04
2025-07-01,CDC_ANT,Antofagasta DC,PRD0042,0,0,2,0,0,0.0
2025-07-01,CDC_ANT,Antofagasta DC,PRD0043,2,0,0,1,0,28676.4
2025-07-01,CDC_ANT,Antofagasta DC,PRD0044,2,1,0,1,0,55481.38
2025-07-01,CDC_ANT,Antofagasta DC,PRD0045,3,3,0,2,1,14502.0
2025-07-01,CDC_ANT,Antofagasta DC,PRD0046,19,1,5,5,3,6894.91
2025-07-01,CDC_ANT,Antofagasta DC,PRD0047,5,2,15,3,1,25825.05
2025-07-01,CDC_ANT,Antofagasta DC,PRD0048,3,0,0,1,0,14031.18
2025-07-01,CDC_ANT,Antofagasta DC,PRD0049,0,0,0,0,0,0.0
2025-07-01,CDC_ANT,Antofagasta DC,PRD0050,4,0,10,2,1,704.48
2025-07-01,CDC_ANT,Antofagasta DC,PRD0051,22,2,0,10,6,465430.68
2025-07-01,CDC_ANT,Antofagasta DC,PRD0052,0,0,0,0,0,0.0
2025-07-01,CDC_ANT,Antofagasta DC,PRD0053,5,4,0,2,1,3767.0
2025-07-01,CDC_ANT,Antofagasta DC,PRD0054,1,1,5,0,0,2076.1
2025-07-01,CDC_ANT,Antofagasta DC,PRD0055,0,0,0,0,0,0.0
2025-07-01,CDC_ANT,Antofagasta DC,PRD0056,1,0,0,1,0,27082.16
2025-07-01,CDC_ANT,Antofagasta DC,PRD0057,0,0,0,0,0,0.0
2025-07-01,CDC_ANT,Antofagasta DC,PRD0058,1,1,5,1,0,2695.65
2025-07-01,CDC_ANT,Antofagasta DC,PRD0059,1,1,0,1,0,20502.29
2025-07-01,CDC_ANT,Antofagasta DC,PRD0060,25,3,10,10,6,382129.75
2025-07-01,CDC_ANT,Antofagasta DC,PRD0061,0,0,15,0,0,0.0
2025-07-01,CDC_ANT,Antofagasta DC,PRD0062,0,0,5,0,0,0.0
2025-07-01,CDC_ANT,Antofagasta DC,PRD0063,0,0,2,0,0,0.0
2025-07-01,CDC_ANT,Antofagasta DC,PRD0064,0,0,0,10,6,0.0
2025-07-01,CDC_ANT,Antofagasta DC,PRD0065,11,1,10,5,3,10946.32
2025-07-01,CDC_ANT,Antofagasta DC,PRD0066,4,2,0,2,1,1070.44
2025-07-01,CDC_ANT,Antofagasta DC,PRD0067,28,0,2,10,6,11481.12
2025-07-01,CDC_ANT,Antofagasta DC,PRD0068,0,0,5,0,0,0.0
2025-07-01,CDC_ANT,Antofagasta DC,PRD0069,39,4,10,10,6,190792.68
2025-07-01,CDC_ANT,Antofagasta DC,PRD0070,8,3,0,8,4,227748.08
2025-07-01,CDC_ANT,Antofagasta DC,PRD0071,0,0,0,10,6,0.0
2025-07-01,CDC_ANT,Antofagasta DC,PRD0072,14,3,0,5,3,95602.92
2025-07-01,CDC_ANT,Antofagasta DC,PRD0073,8,3,15,3,1,210112.32
2025-07-01,CDC_ANT,Antofagasta DC,PRD0074,0,0,0,0,0,0.0
2025-07-01,CDC_ANT,Antofagasta DC,PRD0075,35,3,10,10,6,39246.2
2025-07-01,CDC_ANT,Antofagasta DC,PRD0076,2,1,15,2,1,32683.46
2025-07-01,CDC_ANT,Antofagasta DC,PRD0077,0,0,0,0,0,0.0
2025-07-01,CDC_ANT,Antofagasta DC,PRD0078,4,4,15,2,1,36216.52
2025-07-01,CDC_ANT,Antofagasta DC,PRD0079,0,0,15,0,0,0.0
2025-07-01,CDC_ANT,Antofagasta DC,PRD0080,6,5,0,8,4,29478.6
2025-07-01,CDC_ANT,Antofagasta DC,PRD0081,1,0,10,2,1,976.54
2025-07-01,CDC_ANT,Antofagasta DC,PRD0082,8,3,2,3,1,9774.56
2025-07-01,CDC_ANT,Antofagasta DC,PRD0083,23,1,0,10,6,55135.6
2025-07-01,CDC_ANT,Antofagasta DC,PRD0084,10,1,10,3,1,225369.2
2025-07-01,CDC_ANT,Antofagasta DC,PRD0085,17,4,5,5,3,89106.01
2025-07-01,CDC_ANT,Antofagasta DC,PRD0086,8,3,10,8,4,31057.52
2025-07-01,CDC_ANT,Antofagasta DC,PRD0087,0,0,0,0,0,0.0
2025-07-01,CDC_ANT,Antofagasta DC,PRD0088,2,1,10,1,0,1605.18
2025-07-01,CDC_ANT,Antofagasta DC,PRD0089,13,4,0,5,3,82526.08
2025-07-01,CDC_ANT,Antofagasta DC,PRD0090,3,0,15,3,1,5157.3
2025-07-01,CDC_ANT,Antofagasta DC,PRD0091,8,3,0,10,6,4449.04
2025-07-01,CDC_ANT,Antofagasta DC,PRD0092,1,1,10,1,0,11227.82
2025-07-01,CDC_ANT,Antofagasta DC,PRD0093,15,4,0,5,3,386259.9
2025-07-01,CDC_ANT,Antofagasta DC,PRD0094,0,0,10,0,0,0.0
2025-07-01,CDC_ANT,Antofagasta DC,PRD0095,4,3,5,2,1,26638.0
2025-07-01,CDC_ANT,Antofagasta DC,PRD0096,0,0,0,0,0,0.0
2025-07-01,CDC_ANT,Antofagasta DC,PRD0097,1,1,15,1,0,672.5
2025-07-01,CDC_ANT,Antofagasta DC,PRD0098,18,4,5,10,6,20019.06
2025-07-01,CDC_ANT,Antofagasta DC,PRD0099,28,0,10,10,6,58869.44
2025-07-01,CDC_ANT,Antofagasta DC,PRD0100,33,1,15,8,4,52338.33
2025-07-01,CDC_ANT,Antofagasta DC,PRD0101,2,2,10,1,0,9841.3
2025-07-01,CDC_ANT,Antofagasta DC,PRD0102,1,0,0,0,0,930.59
2025-07-01,CDC_ANT,Antofagasta DC,PRD0103,6,0,0,5,3,34882.86
2025-07-01,CDC_ANT,Antofagasta DC,PRD0104,1,0,5,1,0,4902.77
2025-07-01,CDC_ANT,Antofagasta DC,PRD0105,2,1,0,1,0,786.02
2025-07-01,CDC_ANT,Antofagasta DC,PRD0106,31,3,2,8,4,266966.11
2025-07-01,CDC_ANT,Antofagasta DC,PRD0107,0,0,0,0,0,0.0
2025-07-01,CDC_ANT,Antofagasta DC,PRD0108,6,1,5,2,1,92642.04
2025-07-01,CDC_ANT,Antofagasta DC,PRD0109,5,1,0,3,1,89276.0
2025-07-01,CDC_ANT,Antofagasta DC,PRD0110,6,4,15,10,6,27726.18
2025-07-01,CDC_ANT,Antofagasta DC,PRD0111,1,1,10,3,1,8079.93
2025-07-01,CDC_ANT,Antofagasta DC,PRD0112,8,0,0,3,1,134570.32
2025-07-01,CDC_ANT,Antofagasta DC,PRD0113,31,2,15,10,6,34313.9
2025-07-01,CDC_ANT,Antofagasta DC,PRD0114,0,0,0,0,0,0.0
2025-07-01,CDC_ANT,Antofagasta DC,PRD0115,11,2,10,5,3,66377.3
2025-07-01,CDC_ANT,Antofagasta DC,PRD0116,6,1,15,2,1,77886.48
2025-07-01,CDC_ANT,Antofagasta DC,PRD0117,16,5,0,5,3,15415.04
2025-07-01,CDC_ANT,Antofagasta DC,PRD0118,21,1,2,10,6,155095.92
2025-07-01,CDC_ANT,Antofagasta DC,PRD0119,2,1,0,1,0,943.6
2025-07-01,CDC_ANT,Antofagasta DC,PRD0120,11,2,5,8,4,94890.18
2025-07-01,CDC_CAL,Calama Hub,PRD0001,6,1,10,5,3,151070.88
2025-07-01,CDC_CAL,Calama Hub,PRD0002,8,3,10,5,3,115084.4
2025-07-01,CDC_CAL,Calama Hub,PRD0003,0,0,2,0,0,0.0
2025-07-01,CDC_CAL,Calama Hub,PRD0004,0,0,0,0,0,0.0
2025-07-01,CDC_CAL,Calama Hub,PRD0005,15,4,5,5,3,60619.2
2025-07-01,CDC_CAL,Calama Hub,PRD0006,3,2,0,2,1,21897.15
2025-07-01,CDC_CAL,Calama Hub,PRD0007,22,3,0,8,4,70741.44
2025-07-01,CDC_CAL,Calama Hub,PRD0008,3,1,0,3,1,10882.59
2025-07-01,CDC_CAL,Calama Hub,PRD0009,0,0,0,0,0,0.0
2025-07-01,CDC_CAL,Calama Hub,PRD0010,7,5,5,3,1,42196.14
2025-07-01,CDC_CAL,Calama Hub,PRD0011,36,2,5,10,6,865723.32
2025-07-01,CDC_CAL,Calama Hub,PRD0012,5,2,10,5,3,1769.15
2025-07-01,CDC_CAL,Calama Hub,PRD0013,23,5,5,5,3,20780.73
2025-07-01,CDC_CAL,Calama Hub,PRD0014,0,0,0,0,0,0.0
2025-07-01,CDC_CAL,Calama Hub,PRD0015,20,5,5,8,4,498864.4
2025-07-01,CDC_CAL,Calama Hub,PRD0016,4,2,15,3,1,1324.96
2025-07-01,CDC_CAL,Calama Hub,PRD0017,2,2,15,1,0,8119.9
2025-07-01,CDC_CAL,Calama Hub,PRD0018,1,0,2,0,0,964.34
2025-07-01,CDC_CAL,Calama Hub,PRD0019,1,1,0,0,0,1529.16
2025-07-01,CDC_CAL,Calama Hub,PRD0020,3,3,2,2,1,27780.99
2025-07-01,CDC_CAL,Calama Hub,PRD0021,30,4,10,10,6,33237.9
2025-07-01,CDC_CAL,Calama Hub,PRD0022,0,0,10,0,0,0.0
2025-07-01,CDC_CAL,Calama Hub,PRD0023,24,4,0,10,6,73019.28
2025-07-01,CDC_CAL,Calama Hub,PRD0024,1,1,0,1,0,15587.6
2025-07-01,CDC_CAL,Calama Hub,PRD0025,13,2,0,10,6,6186.7
2025-07-01,CDC_CAL,Calama Hub,PRD0026,1,1,2,1,0,9097.31
2025-07-01,CDC_CAL,Calama Hub,PRD0027,21,5,0,8,4,116659.41
2025-07-01,CDC_CAL,Calama Hub,PRD0028,0,0,0,0,0,0.0
2025-07-01,CDC_CAL,Calama Hub,PRD0029,0,0,0,0,0,0.0
2025-07-01,CDC_CAL,Calama Hub,PRD0030,42,0,5,10,6,46344.48
2025-07-01,CDC_CAL,Calama Hub,PRD0031,26,5,0,10,6,203919.3
2025-07-01,CDC_CAL,Calama Hub,PRD0032,11,3,0,8,4,4788.08
2025-07-01,CDC_CAL,Calama Hub,PRD0033,2,1,15,1,0,11642.64
2025-07-01,CDC_CAL,Calama Hub,PRD0034,1,1,5,0,0,5727.74
2025-07-01,CDC_CAL,Calama Hub,PRD0035,1,0,0,1,0,4699.04
2025-07-01,CDC_CAL,Calama Hub,PRD0036,6,4,15,2,1,15734.22
2025-07-01,CDC_CAL,Calama Hub,PRD0037,6,1,15,5,3,1717.5
2025-07-01,CDC_CAL,Calama Hub,PRD0038,3,2,15,2,1,101127.57
2025-07-01,CDC_CAL,Calama Hub,PRD0039,13,1,0,10,6,102340.68
2025-07-01,CDC_CAL,Calama Hub,PRD0040,5,4,0,3,1,48846.8
2025-07-01,CDC_CAL,Calama Hub,PRD0041,32,5,2,10,6,492640.32
2025-07-01,CDC_CAL,Calama Hub,PRD0042,7,0,5,3,1,20011.74
2025-07-01,CDC_CAL,Calama Hub,PRD0043,0,0,0,2,1,0.0
2025-07-01,CDC_CAL,Calama Hub,PRD0044,11,1,0,3,1,305147.59
2025-07-01,CDC_CAL,Calama Hub,PRD0045,0,0,0,0,0,0.0
2025-07-01,CDC_CAL,Calama Hub,PRD0046,13,3,0,5,3,4717.57
2025-07-01,CDC_CAL,Calama Hub,PRD0047,3,1,5,2,1,15495.03
2025-07-01,CDC_CAL,Calama Hub,PRD0048,19,1,2,8,4,88864.14
2025-07-01,CDC_CAL,Calama Hub,PRD0049,1,1,15,0,0,457.73
2025-07-01,CDC_CAL,Calama Hub,PRD0050,0,0,2,0,0,0.0
2025-07-01,CDC_CAL,Calama Hub,PRD0051,26,0,10,10,6,550054.44
2025-07-01,CDC_CAL,Calama Hub,PRD0052,11,0,0,5,3,93685.57
2025-07-01,CDC_CAL,Calama Hub,PRD0053,0,0,2,0,0,0.0
2025-07-01,CDC_CAL,Calama Hub,PRD0054,0,0,5,0,0,0.0
2025-07-01,CDC_CAL,Calama Hub,PRD0055,18,1,10,8,4,6661.44
2025-07-01,CDC_CAL,Calama Hub,PRD0056,3,2,5,2,1,81246.48
2025-07-01,CDC_CAL,Calama Hub,PRD0057,12,0,15,8,4,87037.8
2025-07-01,CDC_CAL,Calama Hub,PRD0058,3,2,5,1,0,8086.95
2025-07-01,CDC_CAL,Calama Hub,PRD0059,10,2,2,5,3,205022.9
2025-07-01,CDC_CAL,Calama Hub,PRD0060,3,2,15,2,1,45855.57
2025-07-01,CDC_CAL,Calama Hub,PRD0061,5,3,5,2,1,31240.05
2025-07-01,CDC_CAL,Calama Hub,PRD0062,7,1,5,10,6,78264.9
2025-07-01,CDC_CAL,Calama Hub,PRD0063,7,5,2,3,1,37019.01
2025-07-01,CDC_CAL,Calama Hub,PRD0064,4,2,0,2,1,84004.52
2025-07-01,CDC_CAL,Calama Hub,PRD0065,7,2,15,3,1,6965.84
2025-07-01,CDC_CAL,Calama Hub,PRD0066,0,0,15,0,0,0.0
2025-07-01,CDC_CAL,Calama Hub,PRD0067,24,1,5,10,6,9840.96
2025-07-01,CDC_CAL,Calama Hub,PRD0068,3,3,0,2,1,23140.02
2025-07-01,CDC_CAL,Calama Hub,PRD0069,1,1,5,0,0,4892.12
2025-07-01,CDC_CAL,Calama Hub,PRD0070,1,1,5,1,0,28468.51
2025-07-01,CDC_CAL,Calama Hub,PRD0071,1,0,0,1,0,933.7
2025-07-01,CDC_CAL,Calama Hub,PRD0072,1,0,2,1,0,6828.78
2025-07-01,CDC_CAL,Calama Hub,PRD0073,0,0,0,0,0,0.0
2025-07-01,CDC_CAL,Calama Hub,PRD0074,1,1,10,1,0,24732.64
2025-07-01,CDC_CAL,Calama Hub,PRD0075,0,0,15,0,0,0.0
2025-07-01,CDC_CAL,Calama Hub,PRD0076,0,0,15,0,0,0.0
2025-07-01,CDC_CAL,Calama Hub,PRD0077,13,4,15,10,6,3232.32
2025-07-01,CDC_CAL,Calama Hub,PRD0078,0,0,10,0,0,0.0
2025-07-01,CDC_CAL,Calama Hub,PRD0079,20,2,0,10,6,112065.8
2025-07-01,CDC_CAL,Calama Hub,PRD0080,0,0,0,0,0,0.0
2025-07-01,CDC_CAL,Calama Hub,PRD0081,0,0,2,0,0,0.0
2025-07-01,CDC_CAL,Calama Hub,PRD0082,2,0,10,1,0,2443.64
2025-07-01,CDC_CAL,Calama Hub,PRD0083,2,2,2,2,1,4794.4
2025-07-01,CDC_CAL,Calama Hub,PRD0084,1,0,2,1,0,22536.92
2025-07-01,CDC_CAL,Calama Hub,PRD0085,4,3,5,2,1,20966.12
2025-07-01,CDC_CAL,Calama Hub,PRD0086,4,4,0,8,4,15528.76
2025-07-01,CDC_CAL,Calama Hub,PRD0087,1,0,10,1,0,1235.97
2025-07-01,CDC_CAL,Calama Hub,PRD0088,0,0,0,0,0,0.0
2025-07-01,CDC_CAL,Calama Hub,PRD0089,2,1,0,1,0,12696.32
2025-07-01,CDC_CAL,Calama Hub,PRD0090,3,2,15,1,0,5157.3
2025-07-01,CDC_CAL,Calama Hub,PRD0091,19,3,15,8,4,10566.47
2025-07-01,CDC_CAL,Calama Hub,PRD0092,2,1,2,1,0,22455.64
2025-07-01,CDC_CAL,Calama Hub,PRD0093,0,0,15,0,0,0.0
2025-07-01,CDC_CAL,Calama Hub,PRD0094,0,0,10,0,0,0.0
2025-07-01,CDC_CAL,Calama Hub,PRD0095,3,0,2,2,1,19978.5
2025-07-01,CDC_CAL,Calama Hub,PRD0096,6,0,0,3,1,6989.76
2025-07-01,CDC_CAL,Calama Hub,PRD0097,9,0,15,5,3,6052.5
2025-07-01,CDC_CAL,Calama Hub,PRD0098,0,0,5,0,0,0.0
2025-07-01,CDC_CAL,Calama Hub,PRD0099,0,0,0,0,0,0.0
2025-07-01,CDC_CAL,Calama Hub,PRD0100,16,0,2,10,6,25376.16
2025-07-01,CDC_CAL,Calama Hub,PRD0101,1,1,0,1,0,4920.65
2025-07-01,CDC_CAL,Calama Hub,PRD0102,6,4,0,3,1,5583.54
2025-07-01,CDC_CAL,Calama Hub,PRD0103,1,0,5,0,0,5813.81
2025-07-01,CDC_CAL,Calama Hub,PRD0104,0,0,15,0,0,0.0
2025-07-01,CDC_CAL,Calama Hub,PRD0105,21,0,5,8,4,8253.21
2025-07-01,CDC_CAL,Calama Hub,PRD0106,14,0,0,8,4,120565.34
2025-07-01,CDC_CAL,Calama Hub,PRD0107,36,1,0,8,4,988295.76
2025-07-01,CDC_CAL,Calama Hub,PRD0108,25,0,5,10,6,386008.5
2025-07-01,CDC_CAL,Calama Hub,PRD0109,16,5,10,5,3,285683.2
2025-07-01,CDC_CAL,Calama Hub,PRD0110,1,0,10,0,0,4621.03
2025-07-01,CDC_CAL,Calama Hub,PRD0111,5,5,0,3,1,40399.65
2025-07-01,CDC_CAL,Calama Hub,PRD0112,0,0,15,0,0,0.0
2025-07-01,CDC_CAL,Calama Hub,PRD0113,1,0,10,0,0,1106.9
2025-07-01,CDC_CAL,Calama Hub,PRD0114,21,5,10,8,4,46666.41
2025-07-01,CDC_CAL,Calama Hub,PRD0115,5,4,0,10,6,30171.5
2025-07-01,CDC_CAL,Calama Hub,PRD0116,3,1,10,1,0,38943.24
2025-07-01,CDC_CAL,Calama Hub,PRD0117,0,0,5,0,0,0.0
2025-07-01,CDC_CAL,Calama Hub,PRD0118,0,0,15,0,0,0.0
2025-07-01,CDC_CAL,Calama Hub,PRD0119,3,0,0,2,1,1415.4
2025-07-01,CDC_CAL,Calama Hub,PRD0120,6,0,0,2,1,51758.28
2025-07-01,CDC_COP,Copiapó Hub,PRD0001,11,1,0,10,6,276963.28
2025-07-01,CDC_COP,Copiapó Hub,PRD0002,0,0,5,0,0,0.0
2025-07-01,CDC_COP,Copiapó Hub,PRD0003,18,0,0,10,6,135067.32
2025-07-01,CDC_COP,Copiapó Hub,PRD0004,0,0,0,0,0,0.0
2025-07-01,CDC_COP,Copiapó Hub,PRD0005,0,0,10,0,0,0.0
2025-07-01,CDC_COP,Copiapó Hub,PRD0006,1,1,0,0,0,7299.05
2025-07-01,CDC_COP,Copiapó Hub,PRD0007,0,0,2,0,0,0.0
2025-07-01,CDC_COP,Copiapó Hub,PRD0008,1,1,5,3,1,3627.53
2025-07-01,CDC_COP,Copiapó Hub,PRD0009,8,2,15,5,3,8410.88
2025-07-01,CDC_COP,Copiapó Hub,PRD0010,0,0,5,0,0,0.0
2025-07-01,CDC_COP,Copiapó Hub,PRD0011,3,1,15,5,3,72143.61
2025-07-01,CDC_COP,Copiapó Hub,PRD0012,0,0,5,0,0,0.0
2025-07-01,CDC_COP,Copiapó Hub,PRD0013,7,4,0,2,1,6324.57
2025-07-01,CDC_COP,Copiapó Hub,PRD0014,25,5,0,8,4,817272.0
2025-07-01,CDC_COP,Copiapó Hub,PRD0015,0,0,10,0,0,0.0
2025-07-01,CDC_COP,Copiapó Hub,PRD0016,1,0,0,0,0,331.24
2025-07-01,CDC_COP,Copiapó Hub,PRD0017,1,1,0,2,1,4059.95
2025-07-01,CDC_COP,Copiapó Hub,PRD0018,5,1,0,2,1,4821.7
2025-07-01,CDC_COP,Copiapó Hub,PRD0019,6,0,15,10,6,9174.96
2025-07-01,CDC_COP,Copiapó Hub,PRD0020,0,0,0,5,3,0.0
2025-07-01,CDC_COP,Copiapó Hub,PRD0021,4,2,0,5,3,4431.72
2025-07-01,CDC_COP,Copiapó Hub,PRD0022,0,0,0,0,0,0.0
2025-07-01,CDC_COP,Copiapó Hub,PRD0023,9,2,15,3,1,27382.23
2025-07-01,CDC_COP,Copiapó Hub,PRD0024,0,0,0,0,0,0.0
2025-07-01,CDC_COP,Copiapó Hub,PRD0025,8,5,5,3,1,3807.2
2025-07-01,CDC_COP,Copiapó Hub,PRD0026,5,0,15,2,1,45486.55
2025-07-01,CDC_COP,Copiapó Hub,PRD0027,23,1,0,10,6,127769.83
2025-07-01,CDC_COP,Copiapó Hub,PRD0028,0,0,0,1,0,0.0
2025-07-01,CDC_COP,Copiapó Hub,PRD0029,9,4,15,10,6,58875.84
2025-07-01,CDC_COP,Copiapó Hub,PRD0030,3,2,15,1,0,3310.32
2025-07-01,CDC_COP,Copiapó Hub,PRD0031,2,2,0,3,1,15686.1
2025-07-01,CDC_COP,Copiapó Hub,PRD0032,21,1,0,10,6,9140.88
2025-07-01,CDC_COP,Copiapó Hub,PRD0033,19,0,15,10,6,110605.08
2025-07-01,CDC_COP,Copiapó Hub,PRD0034,11,2,5,5,3,63005.14
2025-07-01,CDC_COP,Copiapó Hub,PRD0035,1,0,15,0,0,4699.04
2025-07-01,CDC_COP,Copiapó Hub,PRD0036,11,3,10,10,6,28846.07
2025-07-01,CDC_COP,Copiapó Hub,PRD0037,0,0,15,0,0,0.0
2025-07-01,CDC_COP,Copiapó Hub,PRD0038,30,3,2,8,4,1011275.7
2025-07-01,CDC_COP,Copiapó Hub,PRD0039,3,0,10,1,0,23617.08
2025-07-01,CDC_COP,Copiapó Hub,PRD0040,0,0,0,0,0,0.0
2025-07-01,CDC_COP,Copiapó Hub,PRD0041,1,0,2,1,0,15395.01
2025-07-01,CDC_COP,Copiapó Hub,PRD0042,11,1,10,10,6,31447.02
2025-07-01,CDC_COP,Copiapó Hub,PRD0043,12,3,0,8,4,172058.4
2025-07-01,CDC_COP,Copiapó Hub,PRD0044,9,5,0,5,3,249666.21
2025-07-01,CDC_COP,Copiapó Hub,PRD0045,4,0,2,2,1,19336.0
2025-07-01,CDC_COP,Copiapó Hub,PRD0046,28,4,0,10,6,10160.92
2025-07-01,CDC_COP,Copiapó Hub,PRD0047,23,0,2,8,4,118795.23
2025-07-01,CDC_COP,Copiapó Hub,PRD0048,20,0,10,10,6,93541.2
2025-07-01,CDC_COP,Copiapó Hub,PRD0049,4,1,0,3,1,1830.92
2025-07-01,CDC_COP,Copiapó Hub,PRD0050,2,1,0,1,0,352.24
2025-07-01,CDC_COP,Copiapó Hub,PRD0051,0,0,15,0,0,0.0
2025-07-01,CDC_COP,Copiapó Hub,PRD0052,5,1,2,5,3,42584.35
2025-07-01,CDC_COP,Copiapó Hub,PRD0053,0,0,10,3,1,0.0
2025-07-01,CDC_COP,Copiapó Hub,PRD0054,0,0,10,3,1,0.0
2025-07-01,CDC_COP,Copiapó Hub,PRD0055,2,0,2,1,0,740.16
2025-07-01,CDC_COP,Copiapó Hub,PRD0056,0,0,15,0,0,0.0
2025-07-01,CDC_COP,Copiapó Hub,PRD0057,18,1,15,8,4,130556.7
2025-07-01,CDC_COP,Copiapó Hub,PRD0058,2,2,0,2,1,5391.3
2025-07-01,CDC_COP,Copiapó Hub,PRD0059,0,0,15,0,0,0.0
2025-07-01,CDC_COP,Copiapó Hub,PRD0060,6,4,0,3,1,91711.14
2025-07-01,CDC_COP,Copiapó Hub,PRD0061,6,3,2,2,1,37488.06
2025-07-01,CDC_COP,Copiapó Hub,PRD0062,6,1,0,2,1,67084.2
2025-07-01,CDC_COP,Copiapó Hub,PRD0063,8,1,2,3,1,42307.44
2025-07-01,CDC_COP,Copiapó Hub,PRD0064,1,1,0,1,0,21001.13
2025-07-01,CDC_COP,Copiapó Hub,PRD0065,8,1,2,3,1,7960.96
2025-07-01,CDC_COP,Copiapó Hub,PRD0066,15,0,10,10,6,4014.15
2025-07-01,CDC_COP,Copiapó Hub,PRD0067,5,0,0,2,1,2050.2
2025-07-01,CDC_COP,Copiapó Hub,PRD0068,7,0,0,2,1,53993.38
2025-07-01,CDC_COP,Copiapó Hub,PRD0069,4,1,15,2,1,19568.48
2025-07-01,CDC_COP,Copiapó Hub,PRD0070,23,0,5,8,4,654775.73
2025-07-01,CDC_COP,Copiapó Hub,PRD0071,0,0,0,0,0,0.0
2025-07-01,CDC_COP,Copiapó Hub,PRD0072,2,2,0,8,4,13657.56
2025-07-01,CDC_COP,Copiapó Hub,PRD0073,24,4,5,10,6,630336.96
2025-07-01,CDC_COP,Copiapó Hub,PRD0074,3,1,0,2,1,74197.92
2025-07-01,CDC_COP,Copiapó Hub,PRD0075,12,5,15,5,3,13455.84
2025-07-01,CDC_COP,Copiapó Hub,PRD0076,11,1,5,5,3,179759.03
2025-07-01,CDC_COP,Copiapó Hub,PRD0077,30,5,0,10,6,7459.2
2025-07-01,CDC_COP,Copiapó Hub,PRD0078,0,0,0,1,0,0.0
2025-07-01,CDC_COP,Copiapó Hub,PRD0079,0,0,0,0,0,0.0
2025-07-01,CDC_COP,Copiapó Hub,PRD0080,0,0,0,0,0,0.0
2025-07-01,CDC_COP,Copiapó Hub,PRD0081,16,0,0,8,4,15624.64
2025-07-01,CDC_COP,Copiapó Hub,PRD0082,4,4,0,3,1,4887.28
2025-07-01,CDC_COP,Copiapó Hub,PRD0083,19,3,15,8,4,45546.8
2025-07-01,CDC_COP,Copiapó Hub,PRD0084,2,0,0,2,1,45073.84
2025-07-01,CDC_COP,Copiapó Hub,PRD0085,10,1,2,8,4,52415.3
2025-07-01,CDC_COP,Copiapó Hub,PRD0086,0,0,0,0,0,0.0
2025-07-01,CDC_COP,Copiapó Hub,PRD0087,0,0,10,0,0,0.0
2025-07-01,CDC_COP,Copiapó Hub,PRD0088,2,1,5,2,1,1605.18
2025-07-01,CDC_COP,Copiapó Hub,PRD0089,1,0,0,0,0,6348.16
2025-07-01,CDC_COP,Copiapó Hub,PRD0090,7,5,0,5,3,12033.7
2025-07-01,CDC_COP,Copiapó Hub,PRD0091,3,0,10,3,1,1668.39
2025-07-01,CDC_COP,Copiapó Hub,PRD0092,24,0,0,8,4,269467.68
2025-07-01,CDC_COP,Copiapó Hub,PRD0093,7,4,2,2,1,180254.62
2025-07-01,CDC_COP,Copiapó Hub,PRD0094,0,0,0,0,0,0.0
2025-07-01,CDC_COP,Copiapó Hub,PRD0095,0,0,0,0,0,0.0
2025-07-01,CDC_COP,Copiapó Hub,PRD0096,23,5,0,10,6,26794.08
2025-07-01,CDC_COP,Copiapó Hub,PRD0097,1,0,15,0,0,672.5
2025-07-01,CDC_COP,Copiapó Hub,PRD0098,8,1,0,2,1,8897.36
2025-07-01,CDC_COP,Copiapó Hub,PRD0099,2,0,0,3,1,4204.96
2025-07-01,CDC_COP,Copiapó Hub,PRD0100,14,0,15,8,4,22204.14
2025-07-01,CDC_COP,Copiapó Hub,PRD0101,11,4,2,2,1,54127.15
2025-07-01,CDC_COP,Copiapó Hub,PRD0102,4,4,2,2,1,3722.36
2025-07-01,CDC_COP,Copiapó Hub,PRD0103,0,0,2,3,1,0.0
2025-07-01,CDC_COP,Copiapó Hub,PRD0104,0,0,0,1,0,0.0
2025-07-01,CDC_COP,Copiapó Hub,PRD0105,0,0,15,0,0,0.0
2025-07-01,CDC_COP,Copiapó Hub,PRD0106,0,0,15,0,0,0.0
2025-07-01,CDC_COP,Copiapó Hub,PRD0107,6,4,0,3,1,164715.96
2025-07-01,CDC_COP,Copiapó Hub,PRD0108,12,3,0,5,3,185284.08
2025-07-01,CDC_COP,Copiapó Hub,PRD0109,1,0,0,1,0,17855.2
2025-07-01,CDC_COP,Copiapó Hub,PRD0110,11,3,10,8,4,50831.33
2025-07-01,CDC_COP,Copiapó Hub,PRD0111,17,3,0,5,3,137358.81
2025-07-01,CDC_COP,Copiapó Hub,PRD0112,25,5,2,8,4,420532.25
2025-07-01,CDC_COP,Copiapó Hub,PRD0113,0,0,5,0,0,0.0
2025-07-01,CDC_COP,Copiapó Hub,PRD0114,27,3,5,10,6,59999.67
2025-07-01,CDC_COP,Copiapó Hub,PRD0115,5,5,15,3,1,30171.5
2025-07-01,CDC_COP,Copiapó Hub,PRD0116,0,0,0,0,0,0.0
2025-07-01,CDC_COP,Copiapó Hub,PRD0117,0,0,0,0,0,0.0
2025-07-01,CDC_COP,Copiapó Hub,PRD0118,11,5,15,5,3,81240.72
2025-07-01,CDC_COP,Copiapó Hub,PRD0119,0,0,0,0,0,0.0
2025-07-01,CDC_COP,Copiapó Hub,PRD0120,14,2,15,8,4,120769.32
2025-08-01,CDC_SCL,Santiago DC,PRD0001,4,4,0,2,1,100713.92
2025-08-01,CDC_SCL,Santiago DC,PRD0002,29,0,0,8,4,417180.95
2025-08-01,CDC_SCL,Santiago DC,PRD0003,17,5,0,10,6,127563.58
2025-08-01,CDC_SCL,Santiago DC,PRD0004,0,0,0,0,0,0.0
2025-08-01,CDC_SCL,Santiago DC,PRD0005,0,0,0,0,0,0.0
2025-08-01,CDC_SCL,Santiago DC,PRD0006,5,3,2,2,1,36495.25
2025-08-01,CDC_SCL,Santiago DC,PRD0007,26,1,0,10,6,83603.52
2025-08-01,CDC_SCL,Santiago DC,PRD0008,0,0,10,1,0,0.0
2025-08-01,CDC_SCL,Santiago DC,PRD0009,9,2,5,5,3,9462.24
2025-08-01,CDC_SCL,Santiago DC,PRD0010,15,0,0,5,3,90420.3
2025-08-01,CDC_SCL,Santiago DC,PRD0011,0,0,15,0,0,0.0
2025-08-01,CDC_SCL,Santiago DC,PRD0012,10,2,15,5,3,3538.3
2025-08-01,CDC_SCL,Santiago DC,PRD0013,2,0,5,2,1,1807.02
2025-08-01,CDC_SCL,Santiago DC,PRD0014,3,3,5,2,1,98072.64
2025-08-01,CDC_SCL,Santiago DC,PRD0015,5,4,0,2,1,124716.1
2025-08-01,CDC_SCL,Santiago DC,PRD0016,1,0,2,0,0,331.24
2025-08-01,CDC_SCL,Santiago DC,PRD0017,0,0,0,2,1,0.0
2025-08-01,CDC_SCL,Santiago DC,PRD0018,4,4,10,2,1,3857.36
2025-08-01,CDC_SCL,Santiago DC,PRD0019,0,0,2,2,1,0.0
2025-08-01,CDC_SCL,Santiago DC,PRD0020,0,0,10,0,0,0.0
2025-08-01,CDC_SCL,Santiago DC,PRD0021,5,5,0,2,1,5539.65
2025-08-01,CDC_SCL,Santiago DC,PRD0022,0,0,5,0,0,0.0
2025-08-01,CDC_SCL,Santiago DC,PRD0023,1,0,0,0,0,3042.47
2025-08-01,CDC_SCL,Santiago DC,PRD0024,12,4,10,5,3,187051.2
2025-08-01,CDC_SCL,Santiago DC,PRD0025,6,5,10,1,0,2855.4
2025-08-01,CDC_SCL,Santiago DC,PRD0026,5,0,2,8,4,45486.55
2025-08-01,CDC_SCL,Santiago DC,PRD0027,12,1,2,3,1,66662.52
2025-08-01,CDC_SCL,Santiago DC,PRD0028,9,1,0,10,6,53860.32
2025-08-01,CDC_SCL,Santiago DC,PRD0029,5,0,0,3,1,32708.8
2025-08-01,CDC_SCL,Santiago DC,PRD0030,22,0,0,10,6,24275.68
2025-08-01,CDC_SCL,Santiago DC,PRD0031,1,1,15,1,0,7843.05
2025-08-01,CDC_SCL,Santiago DC,PRD0032,1,1,0,1,0,435.28
2025-08-01,CDC_SCL,Santiago DC,PRD0033,8,3,10,5,3,46570.56
2025-08-01,CDC_SCL,Santiago DC,PRD0034,14,3,15,8,4,80188.36
2025-08-01,CDC_SCL,Santiago DC,PRD0035,1,1,5,0,0,4699.04
2025-08-01,CDC_SCL,Santiago DC,PRD0036,5,4,0,5,3,13111.85
2025-08-01,CDC_SCL,Santiago DC,PRD0037,9,4,5,3,1,2576.25
2025-08-01,CDC_SCL,Santiago DC,PRD0038,0,0,0,0,0,0.0
2025-08-01,CDC_SCL,Santiago DC,PRD0039,39,2,0,8,4,307022.04
2025-08-01,CDC_SCL,Santiago DC,PRD0040,0,0,0,0,0,0.0
2025-08-01,CDC_SCL,Santiago DC,PRD0041,3,1,15,2,1,46185.03
2025-08-01,CDC_SCL,Santiago DC,PRD0042,1,0,10,1,0,2858.82
2025-08-01,CDC_SCL,Santiago DC,PRD0043,0,0,0,0,0,0.0
2025-08-01,CDC_SCL,Santiago DC,PRD0044,0,0,0,0,0,0.0
2025-08-01,CDC_SCL,Santiago DC,PRD0045,7,0,10,5,3,33838.0
2025-08-01,CDC_SCL,Santiago DC,PRD0046,8,4,5,2,1,2903.12
2025-08-01,CDC_SCL,Santiago DC,PRD0047,0,0,0,0,0,0.0
2025-08-01,CDC_SCL,Santiago DC,PRD0048,2,0,10,1,0,9354.12
2025-08-01,CDC_SCL,Santiago DC,PRD0049,1,0,15,2,1,457.73
2025-08-01,CDC_SCL,Santiago DC,PRD0050,3,2,5,3,1,528.36
2025-08-01,CDC_SCL,Santiago DC,PRD0051,2,2,10,1,0,42311.88
2025-08-01,CDC_SCL,Santiago DC,PRD0052,0,0,0,0,0,0.0
2025-08-01,CDC_SCL,Santiago DC,PRD0053,8,1,2,3,1,6027.2
2025-08-01,CDC_SCL,Santiago DC,PRD0054,3,1,0,1,0,6228.3
2025-08-01,CDC_SCL,Santiago DC,PRD0055,0,0,2,0,0,0.0
2025-08-01,CDC_SCL,Santiago DC,PRD0056,9,1,0,10,6,243739.44
2025-08-01,CDC_SCL,Santiago DC,PRD0057,11,4,0,3,1,79784.65
2025-08-01,CDC_SCL,Santiago DC,PRD0058,19,4,0,10,6,51217.35
2025-08-01,CDC_SCL,Santiago DC,PRD0059,1,0,0,1,0,20502.29
2025-08-01,CDC_SCL,Santiago DC,PRD0060,10,4,2,5,3,152851.9
2025-08-01,CDC_SCL,Santiago DC,PRD0061,1,1,0,1,0,6248.01
2025-08-01,CDC_SCL,Santiago DC,PRD0062,1,1,15,0,0,11180.7
2025-08-01,CDC_SCL,Santiago DC,PRD0063,0,0,10,0,0,0.0
2025-08-01,CDC_SCL,Santiago DC,PRD0064,26,2,10,10,6,546029.38
2025-08-01,CDC_SCL,Santiago DC,PRD0065,16,3,5,8,4,15921.92
2025-08-01,CDC_SCL,Santiago DC,PRD0066,2,0,2,1,0,535.22
2025-08-01,CDC_SCL,Santiago DC,PRD0067,2,0,0,1,0,820.08
2025-08-01,CDC_SCL,Santiago DC,PRD0068,18,4,0,8,4,138840.12
2025-08-01,CDC_SCL,Santiago DC,PRD0069,2,2,2,5,3,9784.24
2025-08-01,CDC_SCL,Santiago DC,PRD0070,1,0,15,0,0,28468.51
2025-08-01,CDC_SCL,Santiago DC,PRD0071,8,4,5,3,1,7469.6
2025-08-01,CDC_SCL,Santiago DC,PRD0072,22,0,0,8,4,150233.16
2025-08-01,CDC_SCL,Santiago DC,PRD0073,4,4,10,2,1,105056.16
2025-08-01,CDC_SCL,Santiago DC,PRD0074,0,0,15,0,0,0.0
2025-08-01,CDC_SCL,Santiago DC,PRD0075,0,0,2,0,0,0.0
2025-08-01,CDC_SCL,Santiago DC,PRD0076,44,1,2,10,6,719036.12
2025-08-01,CDC_SCL,Santiago DC,PRD0077,6,5,15,2,1,1491.84
2025-08-01,CDC_SCL,Santiago DC,PRD0078,12,5,15,3,1,108649.56
2025-08-01,CDC_SCL,Santiago DC,PRD0079,3,3,0,1,0,16809.87
2025-08-01,CDC_SCL,Santiago DC,PRD0080,6,4,0,3,1,29478.6
2025-08-01,CDC_SCL,Santiago DC,PRD0081,2,1,10,0,0,1953.08
2025-08-01,CDC_SCL,Santiago DC,PRD0082,15,3,2,5,3,18327.3
2025-08-01,CDC_SCL,Santiago DC,PRD0083,2,1,10,1,0,4794.4
2025-08-01,CDC_SCL,Santiago DC,PRD0084,7,3,10,10,6,157758.44
2025-08-01,CDC_SCL,Santiago DC,PRD0085,1,0,10,2,1,5241.53
2025-08-01,CDC_SCL,Santiago DC,PRD0086,3,2,0,2,1,11646.57
2025-08-01,CDC_SCL,Santiago DC,PRD0087,15,3,15,8,4,18539.55
2025-08-01,CDC_SCL,Santiago DC,PRD0088,16,5,2,5,3,12841.44
2025-08-01,CDC_SCL,Santiago DC,PRD0089,0,0,0,0,0,0.0
2025-08-01,CDC_SCL,Santiago DC,PRD0090,2,2,0,2,1,3438.2
2025-08-01,CDC_SCL,Santiago DC,PRD0091,7,4,2,10,6,3892.91
2025-08-01,CDC_SCL,Santiago DC,PRD0092,3,0,2,2,1,33683.46
2025-08-01,CDC_SCL,Santiago DC,PRD0093,3,0,15,3,1,77251.98
2025-08-01,CDC_SCL,Santiago DC,PRD0094,0,0,0,0,0,0.0
2025-08-01,CDC_SCL,Santiago DC,PRD0095,2,0,0,1,0,13319.0
2025-08-01,CDC_SCL,Santiago DC,PRD0096,0,0,5,0,0,0.0
2025-08-01,CDC_SCL,Santiago DC,PRD0097,9,4,15,5,3,6052.5
2025-08-01,CDC_SCL,Santiago DC,PRD0098,12,0,2,5,3,13346.04
2025-08-01,CDC_SCL,Santiago DC,PRD0099,19,2,10,8,4,39947.12
2025-08-01,CDC_SCL,Santiago DC,PRD0100,1,1,0,1,0,1586.01
2025-08-01,CDC_SCL,Santiago DC,PRD0101,8,2,0,3,1,39365.2
2025-08-01,CDC_SCL,Santiago DC,PRD0102,36,0,15,10,6,33501.24
2025-08-01,CDC_SCL,Santiago DC,PRD0103,13,1,15,5,3,75579.53
2025-08-01,CDC_SCL,Santiago DC,PRD0104,1,0,15,0,0,4902.77
2025-08-01,CDC_SCL,Santiago DC,PRD0105,5,0,0,3,1,1965.05
2025-08-01,CDC_SCL,Santiago DC,PRD0106,2,2,10,3,1,17223.62
2025-08-01,CDC_SCL,Santiago DC,PRD0107,3,1,0,2,1,82357.98
2025-08-01,CDC_SCL,Santiago DC,PRD0108,17,1,5,10,6,262485.78
2025-08-01,CDC_SCL,Santiago DC,PRD0109,0,0,15,0,0,0.0
2025-08-01,CDC_SCL,Santiago DC,PRD0110,25,4,2,10,6,115525.75
2025-08-01,CDC_SCL,Santiago DC,PRD0111,2,2,0,1,0,16159.86
2025-08-01,CDC_SCL,Santiago DC,PRD0112,0,0,10,0,0,0.0
2025-08-01,CDC_SCL,Santiago DC,PRD0113,0,0,2,0,0,0.0
2025-08-01,CDC_SCL,Santiago DC,PRD0114,10,2,0,5,3,22222.1
2025-08-01,CDC_SCL,Santiago DC,PRD0115,0,0,0,0,0,0.0
2025-08-01,CDC_SCL,Santiago DC,PRD0116,26,5,0,8,4,337508.08
2025-08-01,CDC_SCL,Santiago DC,PRD0117,30,1,5,10,6,28903.2
2025-08-01,CDC_SCL,Santiago DC,PRD0118,6,4,10,2,1,44313.12
2025-08-01,CDC_SCL,Santiago DC,PRD0119,9,2,0,3,1,4246.2
2025-08-01,CDC_SCL,Santiago DC,PRD0120,1,1,10,0,0,8626.38
2025-08-01,CDC_ANT,Antofagasta DC,PRD0001,0,0,2,0,0,0.0
2025-08-01,CDC_ANT,Antofagasta DC,PRD0002,12,1,15,5,3,172626.6
2025-08-01,CDC_ANT,Antofagasta DC,PRD0003,5,3,0,5,3,37518.7
2025-08-01,CDC_ANT,Antofagasta DC,PRD0004,1,0,0,0,0,3654.58
2025-08-01,CDC_ANT,Antofagasta DC,PRD0005,0,0,10,0,0,0.0
2025-08-01,CDC_ANT,Antofagasta DC,PRD0006,0,0,2,0,0,0.0
2025-08-01,CDC_ANT,Antofagasta DC,PRD0007,2,1,0,1,0,6431.04
2025-08-01,CDC_ANT,Antofagasta DC,PRD0008,10,3,10,3,1,36275.3
2025-08-01,CDC_ANT,Antofagasta DC,PRD0009,1,0,2,0,0,1051.36
2025-08-01,CDC_ANT,Antofagasta DC,PRD0010,6,2,0,2,1,36168.12
2025-08-01,CDC_ANT,Antofagasta DC,PRD0011,10,3,0,10,6,240478.7
2025-08-01,CDC_ANT,Antofagasta DC,PRD0012,0,0,0,1,0,0.0
2025-08-01,CDC_ANT,Antofagasta DC,PRD0013,1,0,0,2,1,903.51
2025-08-01,CDC_ANT,Antofagasta DC,PRD0014,1,1,0,1,0,32690.88
2025-08-01,CDC_ANT,Antofagasta DC,PRD0015,7,2,2,2,1,174602.54
2025-08-01,CDC_ANT,Antofagasta DC,PRD0016,3,3,15,2,1,993.72
2025-08-01,CDC_ANT,Antofagasta DC,PRD0017,1,0,5,0,0,4059.95
2025-08-01,CDC_ANT,Antofagasta DC,PRD0018,8,5,0,3,1,7714.72
2025-08-01,CDC_ANT,Antofagasta DC,PRD0019,0,0,0,0,0,0.0
2025-08-01,CDC_ANT,Antofagasta DC,PRD0020,0,0,5,0,0,0.0
2025-08-01,CDC_ANT,Antofagasta DC,PRD0021,15,4,0,8,4,16618.95
2025-08-01,CDC_ANT,Antofagasta DC,PRD0022,7,0,0,5,3,4833.71
2025-08-01,CDC_ANT,Antofagasta DC,PRD0023,0,0,0,0,0,0.0
2025-08-01,CDC_ANT,Antofagasta DC,PRD0024,11,4,5,5,3,171463.6
2025-08-01,CDC_ANT,Antofagasta DC,PRD0025,1,1,10,1,0,475.9
2025-08-01,CDC_ANT,Antofagasta DC,PRD0026,0,0,2,0,0,0.0
2025-08-01,CDC_ANT,Antofagasta DC,PRD0027,0,0,10,1,0,0.0
2025-08-01,CDC_ANT,Antofagasta DC,PRD0028,12,5,5,3,1,71813.76
2025-08-01,CDC_ANT,Antofagasta DC,PRD0029,0,0,0,5,3,0.0
2025-08-01,CDC_ANT,Antofagasta DC,PRD0030,41,1,0,10,6,45241.04
2025-08-01,CDC_ANT,Antofagasta DC,PRD0031,5,2,10,2,1,39215.25
2025-08-01,CDC_ANT,Antofagasta DC,PRD0032,0,0,2,0,0,0.0
2025-08-01,CDC_ANT,Antofagasta DC,PRD0033,7,0,15,8,4,40749.24
2025-08-01,CDC_ANT,Antofagasta DC,PRD0034,27,4,0,10,6,154648.98
2025-08-01,CDC_ANT,Antofagasta DC,PRD0035,8,1,5,3,1,37592.32
2025-08-01,CDC_ANT,Antofagasta DC,PRD0036,3,2,10,2,1,7867.11
2025-08-01,CDC_ANT,Antofagasta DC,PRD0037,6,1,0,2,1,1717.5
2025-08-01,CDC_ANT,Antofagasta DC,PRD0038,6,5,0,3,1,202255.14
2025-08-01,CDC_ANT,Antofagasta DC,PRD0039,5,5,0,3,1,39361.8
2025-08-01,CDC_ANT,Antofagasta DC,PRD0040,0,0,0,10,6,0.0
2025-08-01,CDC_ANT,Antofagasta DC,PRD0041,1,0,5,0,0,15395.01
2025-08-01,CDC_ANT,Antofagasta DC,PRD0042,1,0,5,0,0,2858.82
2025-08-01,CDC_ANT,Antofagasta DC,PRD0043,7,1,0,3,1,100367.4
2025-08-01,CDC_ANT,Antofagasta DC,PRD0044,1,0,0,0,0,27740.69
2025-08-01,CDC_ANT,Antofagasta DC,PRD0045,1,0,15,0,0,4834.0
2025-08-01,CDC_ANT,Antofagasta DC,PRD0046,0,0,0,0,0,0.0
2025-08-01,CDC_ANT,Antofagasta DC,PRD0047,1,1,0,1,0,5165.01
2025-08-01,CDC_ANT,Antofagasta DC,PRD0048,3,3,5,3,1,14031.18
2025-08-01,CDC_ANT,Antofagasta DC,PRD0049,0,0,5,0,0,0.0
2025-08-01,CDC_ANT,Antofagasta DC,PRD0050,0,0,0,5,3,0.0
2025-08-01,CDC_ANT,Antofagasta DC,PRD0051,0,0,2,0,0,0.0
2025-08-01,CDC_ANT,Antofagasta DC,PRD0052,0,0,0,0,0,0.0
2025-08-01,CDC_ANT,Antofagasta DC,PRD0053,2,0,15,2,1,1506.8
2025-08-01,CDC_ANT,Antofagasta DC,PRD0054,1,0,0,1,0,2076.1
2025-08-01,CDC_ANT,Antofagasta DC,PRD0055,0,0,2,0,0,0.0
2025-08-01,CDC_ANT,Antofagasta DC,PRD0056,12,3,10,5,3,324985.92
2025-08-01,CDC_ANT,Antofagasta DC,PRD0057,1,0,0,0,0,7253.15
2025-08-01,CDC_ANT,Antofagasta DC,PRD0058,1,1,0,1,0,2695.65
2025-08-01,CDC_ANT,Antofagasta DC,PRD0059,0,0,10,1,0,0.0
2025-08-01,CDC_ANT,Antofagasta DC,PRD0060,0,0,0,3,1,0.0
2025-08-01,CDC_ANT,Antofagasta DC,PRD0061,22,3,2,10,6,137456.22
2025-08-01,CDC_ANT,Antofagasta DC,PRD0062,0,0,2,0,0,0.0
2025-08-01,CDC_ANT,Antofagasta DC,PRD0063,7,5,0,5,3,37019.01
2025-08-01,CDC_ANT,Antofagasta DC,PRD0064,7,5,5,3,1,147007.91
2025-08-01,CDC_ANT,Antofagasta DC,PRD0065,6,1,0,5,3,5970.72
2025-08-01,CDC_ANT,Antofagasta DC,PRD0066,0,0,5,0,0,0.0
2025-08-01,CDC_ANT,Antofagasta DC,PRD0067,5,2,0,3,1,2050.2
2025-08-01,CDC_ANT,Antofagasta DC,PRD0068,2,1,0,0,0,15426.68
2025-08-01,CDC_ANT,Antofagasta DC,PRD0069,0,0,15,0,0,0.0
2025-08-01,CDC_ANT,Antofagasta DC,PRD0070,0,0,15,0,0,0.0
2025-08-01,CDC_ANT,Antofagasta DC,PRD0071,34,5,0,8,4,31745.8
2025-08-01,CDC_ANT,Antofagasta DC,PRD0072,7,5,0,3,1,47801.46
2025-08-01,CDC_ANT,Antofagasta DC,PRD0073,15,1,5,8,4,393960.6
2025-08-01,CDC_ANT,Antofagasta DC,PRD0074,12,5,2,5,3,296791.68
2025-08-01,CDC_ANT,Antofagasta DC,PRD0075,6,4,15,2,1,6727.92
2025-08-01,CDC_ANT,Antofagasta DC,PRD0076,8,3,10,3,1,130733.84
2025-08-01,CDC_ANT,Antofagasta DC,PRD0077,0,0,0,0,0,0.0
2025-08-01,CDC_ANT,Antofagasta DC,PRD0078,1,0,2,1,0,9054.13
2025-08-01,CDC_ANT,Antofagasta DC,PRD0079,0,0,15,2,1,0.0
2025-08-01,CDC_ANT,Antofagasta DC,PRD0080,4,2,10,2,1,19652.4
2025-08-01,CDC_ANT,Antofagasta DC,PRD0081,5,2,5,2,1,4882.7
2025-08-01,CDC_ANT,Antofagasta DC,PRD0082,6,5,0,2,1,7330.92
2025-08-01,CDC_ANT,Antofagasta DC,PRD0083,43,0,5,10,6,103079.6
2025-08-01,CDC_ANT,Antofagasta DC,PRD0084,0,0,10,0,0,0.0
2025-08-01,CDC_ANT,Antofagasta DC,PRD0085,0,0,5,0,0,0.0
2025-08-01,CDC_ANT,Antofagasta DC,PRD0086,0,0,10,0,0,0.0
2025-08-01,CDC_ANT,Antofagasta DC,PRD0087,0,0,0,2,1,0.0
2025-08-01,CDC_ANT,Antofagasta DC,PRD0088,10,1,15,3,1,8025.9
2025-08-01,CDC_ANT,Antofagasta DC,PRD0089,25,3,10,8,4,158704.0
2025-08-01,CDC_ANT,Antofagasta DC,PRD0090,0,0,0,0,0,0.0
2025-08-01,CDC_ANT,Antofagasta DC,PRD0091,0,0,0,0,0,0.0
2025-08-01,CDC_ANT,Antofagasta DC,PRD0092,3,2,2,2,1,33683.46
2025-08-01,CDC_ANT,Antofagasta DC,PRD0093,3,1,0,3,1,77251.98
2025-08-01,CDC_ANT,Antofagasta DC,PRD0094,24,1,5,8,4,406149.36
2025-08-01,CDC_ANT,Antofagasta DC,PRD0095,0,0,0,0,0,0.0
2025-08-01,CDC_ANT,Antofagasta DC,PRD0096,10,4,5,3,1,11649.6
2025-08-01,CDC_ANT,Antofagasta DC,PRD0097,0,0,15,0,0,0.0
2025-08-01,CDC_ANT,Antofagasta DC,PRD0098,5,2,2,3,1,5560.85
2025-08-01,CDC_ANT,Antofagasta DC,PRD0099,7,4,0,3,1,14717.36
2025-08-01,CDC_ANT,Antofagasta DC,PRD0100,8,5,0,10,6,12688.08
2025-08-01,CDC_ANT,Antofagasta DC,PRD0101,0,0,0,0,0,0.0
2025-08-01,CDC_ANT,Antofagasta DC,PRD0102,4,0,5,3,1,3722.36
2025-08-01,CDC_ANT,Antofagasta DC,PRD0103,15,4,2,8,4,87207.15
2025-08-01,CDC_ANT,Antofagasta DC,PRD0104,18,5,15,10,6,88249.86
2025-08-01,CDC_ANT,Antofagasta DC,PRD0105,6,2,2,5,3,2358.06
2025-08-01,CDC_ANT,Antofagasta DC,PRD0106,32,3,5,10,6,275577.92
2025-08-01,CDC_ANT,Antofagasta DC,PRD0107,10,4,0,3,1,274526.6
2025-08-01,CDC_ANT,Antofagasta DC,PRD0108,1,1,5,0,0,15440.34
2025-08-01,CDC_ANT,Antofagasta DC,PRD0109,5,0,0,3,1,89276.0
2025-08-01,CDC_ANT,Antofagasta DC,PRD0110,12,2,0,8,4,55452.36
2025-08-01,CDC_ANT,Antofagasta DC,PRD0111,-7,0,15,5,3,88879.23
2025-08-01,CDC_ANT,Antofagasta DC,PRD0112,8,0,5,10,6,134570.32
2025-08-01,CDC_ANT,Antofagasta DC,PRD0113,2,0,10,1,0,2213.8
2025-08-01,CDC_ANT,Antofagasta DC,PRD0114,1,0,2,0,0,2222.21
2025-08-01,CDC_ANT,Antofagasta DC,PRD0115,0,0,2,0,0,0.0
2025-08-01,CDC_ANT,Antofagasta DC,PRD0116,12,5,5,10,6,155772.96
2025-08-01,CDC_ANT,Antofagasta DC,PRD0117,23,3,10,10,6,22159.12
2025-08-01,CDC_ANT,Antofagasta DC,PRD0118,8,2,0,5,3,59084.16
2025-08-01,CDC_ANT,Antofagasta DC,PRD0119,0,0,15,1,0,0.0
2025-08-01,CDC_ANT,Antofagasta DC,PRD0120,7,4,10,3,1,60384.66
2025-08-01,CDC_CAL,Calama Hub,PRD0001,0,0,0,0,0,0.0
2025-08-01,CDC_CAL,Calama Hub,PRD0002,0,0,0,0,0,0.0
2025-08-01,CDC_CAL,Calama Hub,PRD0003,0,0,0,0,0,0.0
2025-08-01,CDC_CAL,Calama Hub,PRD0004,2,2,15,2,1,7309.16
2025-08-01,CDC_CAL,Calama Hub,PRD0005,7,2,0,8,4,28288.96
2025-08-01,CDC_CAL,Calama Hub,PRD0006,3,2,5,5,3,21897.15
2025-08-01,CDC_CAL,Calama Hub,PRD0007,0,0,5,8,4,0.0
2025-08-01,CDC_CAL,Calama Hub,PRD0008,0,0,15,0,0,0.0
2025-08-01,CDC_CAL,Calama Hub,PRD0009,1,1,10,3,1,1051.36
2025-08-01,CDC_CAL,Calama Hub,PRD0010,2,0,10,1,0,12056.04
2025-08-01,CDC_CAL,Calama Hub,PRD0011,0,0,0,0,0,0.0
2025-08-01,CDC_CAL,Calama Hub,PRD0012,0,0,0,0,0,0.0
2025-08-01,CDC_CAL,Calama Hub,PRD0013,4,2,0,2,1,3614.04
2025-08-01,CDC_CAL,Calama Hub,PRD0014,6,5,5,3,1,196145.28
2025-08-01,CDC_CAL,Calama Hub,PRD0015,0,0,2,0,0,0.0
2025-08-01,CDC_CAL,Calama Hub,PRD0016,0,0,0,0,0,0.0
2025-08-01,CDC_CAL,Calama Hub,PRD0017,17,3,0,10,6,69019.15
2025-08-01,CDC_CAL,Calama Hub,PRD0018,22,2,10,8,4,21215.48
2025-08-01,CDC_CAL,Calama Hub,PRD0019,6,2,15,2,1,9174.96
2025-08-01,CDC_CAL,Calama Hub,PRD0020,1,0,2,0,0,9260.33
2025-08-01,CDC_CAL,Calama Hub,PRD0021,3,2,2,2,1,3323.79
2025-08-01,CDC_CAL,Calama Hub,PRD0022,0,0,0,0,0,0.0
2025-08-01,CDC_CAL,Calama Hub,PRD0023,0,0,10,0,0,0.0
2025-08-01,CDC_CAL,Calama Hub,PRD0024,2,0,5,1,0,31175.2
2025-08-01,CDC_CAL,Calama Hub,PRD0025,2,1,2,1,0,951.8
2025-08-01,CDC_CAL,Calama Hub,PRD0026,1,0,15,1,0,9097.31
2025-08-01,CDC_CAL,Calama Hub,PRD0027,1,1,15,1,0,5555.21
2025-08-01,CDC_CAL,Calama Hub,PRD0028,3,2,0,3,1,17953.44
2025-08-01,CDC_CAL,Calama Hub,PRD0029,21,2,10,10,6,137376.96
2025-08-01,CDC_CAL,Calama Hub,PRD0030,0,0,10,0,0,0.0
2025-08-01,CDC_CAL,Calama Hub,PRD0031,15,3,0,8,4,117645.75
2025-08-01,CDC_CAL,Calama Hub,PRD0032,2,0,0,1,0,870.56
2025-08-01,CDC_CAL,Calama Hub,PRD0033,7,4,10,2,1,40749.24
2025-08-01,CDC_CAL,Calama Hub,PRD0034,5,5,0,2,1,28638.7
2025-08-01,CDC_CAL,Calama Hub,PRD0035,9,3,10,8,4,42291.36
2025-08-01,CDC_CAL,Calama Hub,PRD0036,1,0,5,1,0,2622.37
2025-08-01,CDC_CAL,Calama Hub,PRD0037,0,0,0,0,0,0.0
2025-08-01,CDC_CAL,Calama Hub,PRD0038,0,0,15,0,0,0.0
2025-08-01,CDC_CAL,Calama Hub,PRD0039,11,0,0,3,1,86595.96
2025-08-01,CDC_CAL,Calama Hub,PRD0040,29,4,5,8,4,283311.44
2025-08-01,CDC_CAL,Calama Hub,PRD0041,9,2,10,10,6,138555.09
2025-08-01,CDC_CAL,Calama Hub,PRD0042,4,3,0,3,1,11435.28
2025-08-01,CDC_CAL,Calama Hub,PRD0043,2,2,10,2,1,28676.4
2025-08-01,CDC_CAL,Calama Hub,PRD0044,0,0,2,0,0,0.0
2025-08-01,CDC_CAL,Calama Hub,PRD0045,0,0,2,3,1,0.0
2025-08-01,CDC_CAL,Calama Hub,PRD0046,18,4,0,8,4,6532.02
2025-08-01,CDC_CAL,Calama Hub,PRD0047,15,3,10,5,3,77475.15
2025-08-01,CDC_CAL,Calama Hub,PRD0048,0,0,10,0,0,0.0
2025-08-01,CDC_CAL,Calama Hub,PRD0049,10,2,5,3,1,4577.3
2025-08-01,CDC_CAL,Calama Hub,PRD0050,0,0,5,0,0,0.0
2025-08-01,CDC_CAL,Calama Hub,PRD0051,3,0,0,1,0,63467.82
2025-08-01,CDC_CAL,Calama Hub,PRD0052,15,1,15,5,3,127753.05
2025-08-01,CDC_CAL,Calama Hub,PRD0053,19,2,5,8,4,14314.6
2025-08-01,CDC_CAL,Calama Hub,PRD0054,0,0,10,0,0,0.0
2025-08-01,CDC_CAL,Calama Hub,PRD0055,7,2,15,3,1,2590.56
2025-08-01,CDC_CAL,Calama Hub,PRD0056,1,1,2,0,0,27082.16
2025-08-01,CDC_CAL,Calama Hub,PRD0057,0,0,10,0,0,0.0
2025-08-01,CDC_CAL,Calama Hub,PRD0058,3,1,0,3,1,8086.95
2025-08-01,CDC_CAL,Calama Hub,PRD0059,16,3,5,5,3,328036.64
2025-08-01,CDC_CAL,Calama Hub,PRD0060,0,0,5,1,0,0.0
2025-08-01,CDC_CAL,Calama Hub,PRD0061,16,0,5,10,6,99968.16
2025-08-01,CDC_CAL,Calama Hub,PRD0062,7,2,0,3,1,78264.9
2025-08-01,CDC_CAL,Calama Hub,PRD0063,30,1,2,10,6,158652.9
2025-08-01,CDC_CAL,Calama Hub,PRD0064,16,1,15,10,6,336018.08
2025-08-01,CDC_CAL,Calama Hub,PRD0065,13,0,10,8,4,12936.56
2025-08-01,CDC_CAL,Calama Hub,PRD0066,8,1,0,2,1,2140.88
2025-08-01,CDC_CAL,Calama Hub,PRD0067,3,3,15,2,1,1230.12
2025-08-01,CDC_CAL,Calama Hub,PRD0068,1,0,0,0,0,7713.34
2025-08-01,CDC_CAL,Calama Hub,PRD0069,2,2,10,1,0,9784.24
2025-08-01,CDC_CAL,Calama Hub,PRD0070,5,1,0,2,1,142342.55
2025-08-01,CDC_CAL,Calama Hub,PRD0071,17,2,2,5,3,15872.9
2025-08-01,CDC_CAL,Calama Hub,PRD0072,1,1,0,1,0,6828.78
2025-08-01,CDC_CAL,Calama Hub,PRD0073,14,2,5,10,6,367696.56
2025-08-01,CDC_CAL,Calama Hub,PRD0074,7,3,0,3,1,173128.48
2025-08-01,CDC_CAL,Calama Hub,PRD0075,7,0,2,5,3,7849.24
2025-08-01,CDC_CAL,Calama Hub,PRD0076,9,4,10,5,3,147075.57
2025-08-01,CDC_CAL,Calama Hub,PRD0077,29,1,5,10,6,7210.56
2025-08-01,CDC_CAL,Calama Hub,PRD0078,0,0,0,0,0,0.0
2025-08-01,CDC_CAL,Calama Hub,PRD0079,5,5,0,3,1,28016.45
2025-08-01,CDC_CAL,Calama Hub,PRD0080,7,1,2,2,1,34391.7
2025-08-01,CDC_CAL,Calama Hub,PRD0081,20,0,5,5,3,19530.8
2025-08-01,CDC_CAL,Calama Hub,PRD0082,0,0,0,0,0,0.0
2025-08-01,CDC_CAL,Calama Hub,PRD0083,8,5,0,3,1,19177.6
2025-08-01,CDC_CAL,Calama Hub,PRD0084,17,3,0,8,4,383127.64
2025-08-01,CDC_CAL,Calama Hub,PRD0085,16,1,10,5,3,83864.48
2025-08-01,CDC_CAL,Calama Hub,PRD0086,5,0,10,2,1,19410.95
2025-08-01,CDC_CAL,Calama Hub,PRD0087,0,0,10,2,1,0.0
2025-08-01,CDC_CAL,Calama Hub,PRD0088,24,1,0,8,4,19262.16
2025-08-01,CDC_CAL,Calama Hub,PRD0089,32,0,0,10,6,203141.12
2025-08-01,CDC_CAL,Calama Hub,PRD0090,5,3,5,2,1,8595.5
2025-08-01,CDC_CAL,Calama Hub,PRD0091,3,2,10,1,0,1668.39
2025-08-01,CDC_CAL,Calama Hub,PRD0092,5,3,10,3,1,56139.1
2025-08-01,CDC_CAL,Calama Hub,PRD0093,0,0,0,1,0,0.0
2025-08-01,CDC_CAL,Calama Hub,PRD0094,0,0,10,0,0,0.0
2025-08-01,CDC_CAL,Calama Hub,PRD0095,15,2,0,5,3,99892.5
2025-08-01,CDC_CAL,Calama Hub,PRD0096,12,1,0,5,3,13979.52
2025-08-01,CDC_CAL,Calama Hub,PRD0097,11,5,10,5,3,7397.5
2025-08-01,CDC_CAL,Calama Hub,PRD0098,2,2,0,1,0,2224.34
2025-08-01,CDC_CAL,Calama Hub,PRD0099,0,0,0,2,1,0.0
2025-08-01,CDC_CAL,Calama Hub,PRD0100,0,0,10,0,0,0.0
2025-08-01,CDC_CAL,Calama Hub,PRD0101,26,4,0,10,6,127936.9
2025-08-01,CDC_CAL,Calama Hub,PRD0102,28,2,0,10,6,26056.52
2025-08-01,CDC_CAL,Calama Hub,PRD0103,4,4,0,2,1,23255.24
2025-08-01,CDC_CAL,Calama Hub,PRD0104,0,0,10,8,4,0.0
2025-08-01,CDC_CAL,Calama Hub,PRD0105,20,4,0,8,4,7860.2
2025-08-01,CDC_CAL,Calama Hub,PRD0106,2,2,0,1,0,17223.62
2025-08-01,CDC_CAL,Calama Hub,PRD0107,0,0,0,0,0,0.0
2025-08-01,CDC_CAL,Calama Hub,PRD0108,3,0,0,1,0,46321.02
2025-08-01,CDC_CAL,Calama Hub,PRD0109,0,0,10,0,0,0.0
2025-08-01,CDC_CAL,Calama Hub,PRD0110,3,0,0,1,0,13863.09
2025-08-01,CDC_CAL,Calama Hub,PRD0111,13,2,15,5,3,105039.09
2025-08-01,CDC_CAL,Calama Hub,PRD0112,2,0,2,1,0,33642.58
2025-08-01,CDC_CAL,Calama Hub,PRD0113,19,0,5,8,4,21031.1
2025-08-01,CDC_CAL,Calama Hub,PRD0114,5,1,15,8,4,11111.05
2025-08-01,CDC_CAL,Calama Hub,PRD0115,17,5,5,8,4,102583.1
2025-08-01,CDC_CAL,Calama Hub,PRD0116,3,1,2,1,0,38943.24
2025-08-01,CDC_CAL,Calama Hub,PRD0117,4,4,0,5,3,3853.76
2025-08-01,CDC_CAL,Calama Hub,PRD0118,15,4,15,3,1,110782.8
2025-08-01,CDC_CAL,Calama Hub,PRD0119,1,1,2,1,0,471.8
2025-08-01,CDC_CAL,Calama Hub,PRD0120,22,0,2,10,6,189780.36
2025-08-01,CDC_COP,Copiapó Hub,PRD0001,0,0,0,1,0,0.0
2025-08-01,CDC_COP,Copiapó Hub,PRD0002,8,0,15,3,1,115084.4
2025-08-01,CDC_COP,Copiapó Hub,PRD0003,1,1,0,0,0,7503.74
2025-08-01,CDC_COP,Copiapó Hub,PRD0004,2,1,0,0,0,7309.16
2025-08-01,CDC_COP,Copiapó Hub,PRD0005,12,5,5,8,4,48495.36
2025-08-01,CDC_COP,Copiapó Hub,PRD0006,9,0,10,3,1,65691.45
2025-08-01,CDC_COP,Copiapó Hub,PRD0007,7,2,0,8,4,22508.64
2025-08-01,CDC_COP,Copiapó Hub,PRD0008,1,0,5,1,0,3627.53
2025-08-01,CDC_COP,Copiapó Hub,PRD0009,0,0,0,0,0,0.0
2025-08-01,CDC_COP,Copiapó Hub,PRD0010,25,0,5,10,6,150700.5
2025-08-01,CDC_COP,Copiapó Hub,PRD0011,0,0,0,0,0,0.0
2025-08-01,CDC_COP,Copiapó Hub,PRD0012,10,2,0,3,1,3538.3
2025-08-01,CDC_COP,Copiapó Hub,PRD0013,31,0,0,10,6,28008.81
2025-08-01,CDC_COP,Copiapó Hub,PRD0014,6,5,0,8,4,196145.28
2025-08-01,CDC_COP,Copiapó Hub,PRD0015,0,0,5,0,0,0.0
2025-08-01,CDC_COP,Copiapó Hub,PRD0016,0,0,5,0,0,0.0
2025-08-01,CDC_COP,Copiapó Hub,PRD0017,1,0,0,2,1,4059.95
2025-08-01,CDC_COP,Copiapó Hub,PRD0018,3,3,10,3,1,2893.02
2025-08-01,CDC_COP,Copiapó Hub,PRD0019,0,0,0,1,0,0.0
2025-08-01,CDC_COP,Copiapó Hub,PRD0020,2,1,0,2,1,18520.66
2025-08-01,CDC_COP,Copiapó Hub,PRD0021,22,3,0,8,4,24374.46
2025-08-01,CDC_COP,Copiapó Hub,PRD0022,0,0,0,0,0,0.0
2025-08-01,CDC_COP,Copiapó Hub,PRD0023,1,0,2,1,0,3042.47
2025-08-01,CDC_COP,Copiapó Hub,PRD0024,11,1,2,3,1,171463.6
2025-08-01,CDC_COP,Copiapó Hub,PRD0025,0,0,10,0,0,0.0
2025-08-01,CDC_COP,Copiapó Hub,PRD0026,0,0,5,0,0,0.0
2025-08-01,CDC_COP,Copiapó Hub,PRD0027,6,2,0,3,1,33331.26
2025-08-01,CDC_COP,Copiapó Hub,PRD0028,0,0,10,0,0,0.0
2025-08-01,CDC_COP,Copiapó Hub,PRD0029,28,2,2,10,6,183169.28
2025-08-01,CDC_COP,Copiapó Hub,PRD0030,1,0,15,5,3,1103.44
2025-08-01,CDC_COP,Copiapó Hub,PRD0031,15,5,2,5,3,117645.75
2025-08-01,CDC_COP,Copiapó Hub,PRD0032,0,0,0,0,0,0.0
2025-08-01,CDC_COP,Copiapó Hub,PRD0033,3,0,2,1,0,17463.96
2025-08-01,CDC_COP,Copiapó Hub,PRD0034,4,1,2,2,1,22910.96
2025-08-01,CDC_COP,Copiapó Hub,PRD0035,24,4,0,10,6,112776.96
2025-08-01,CDC_COP,Copiapó Hub,PRD0036,2,0,10,1,0,5244.74
2025-08-01,CDC_COP,Copiapó Hub,PRD0037,1,1,0,1,0,286.25
2025-08-01,CDC_COP,Copiapó Hub,PRD0038,1,0,0,0,0,33709.19
2025-08-01,CDC_COP,Copiapó Hub,PRD0039,1,1,0,0,0,7872.36
2025-08-01,CDC_COP,Copiapó Hub,PRD0040,8,4,0,10,6,78154.88
2025-08-01,CDC_COP,Copiapó Hub,PRD0041,33,2,10,10,6,508035.33
2025-08-01,CDC_COP,Copiapó Hub,PRD0042,4,3,5,2,1,11435.28
2025-08-01,CDC_COP,Copiapó Hub,PRD0043,22,5,5,10,6,315440.4
2025-08-01,CDC_COP,Copiapó Hub,PRD0044,19,3,2,10,6,527073.11
2025-08-01,CDC_COP,Copiapó Hub,PRD0045,31,2,15,10,6,149854.0
2025-08-01,CDC_COP,Copiapó Hub,PRD0046,0,0,2,0,0,0.0
2025-08-01,CDC_COP,Copiapó Hub,PRD0047,18,4,0,10,6,92970.18
2025-08-01,CDC_COP,Copiapó Hub,PRD0048,2,1,0,1,0,9354.12
2025-08-01,CDC_COP,Copiapó Hub,PRD0049,15,5,0,5,3,6865.95
2025-08-01,CDC_COP,Copiapó Hub,PRD0050,4,1,0,2,1,704.48
2025-08-01,CDC_COP,Copiapó Hub,PRD0051,2,0,0,2,1,42311.88
2025-08-01,CDC_COP,Copiapó Hub,PRD0052,15,1,2,8,4,127753.05
2025-08-01,CDC_COP,Copiapó Hub,PRD0053,1,0,5,0,0,753.4
2025-08-01,CDC_COP,Copiapó Hub,PRD0054,4,2,15,5,3,8304.4
2025-08-01,CDC_COP,Copiapó Hub,PRD0055,8,2,5,2,1,2960.64
2025-08-01,CDC_COP,Copiapó Hub,PRD0056,1,0,15,1,0,27082.16
2025-08-01,CDC_COP,Copiapó Hub,PRD0057,0,0,0,8,4,0.0
2025-08-01,CDC_COP,Copiapó Hub,PRD0058,0,0,2,0,0,0.0
2025-08-01,CDC_COP,Copiapó Hub,PRD0059,1,0,0,1,0,20502.29
2025-08-01,CDC_COP,Copiapó Hub,PRD0060,11,1,2,8,4,168137.09
2025-08-01,CDC_COP,Copiapó Hub,PRD0061,27,0,10,8,4,168696.27
2025-08-01,CDC_COP,Copiapó Hub,PRD0062,7,1,10,3,1,78264.9
2025-08-01,CDC_COP,Copiapó Hub,PRD0063,1,0,5,0,0,5288.43
2025-08-01,CDC_COP,Copiapó Hub,PRD0064,0,0,2,0,0,0.0
2025-08-01,CDC_COP,Copiapó Hub,PRD0065,0,0,10,0,0,0.0
2025-08-01,CDC_COP,Copiapó Hub,PRD0066,0,0,0,0,0,0.0
2025-08-01,CDC_COP,Copiapó Hub,PRD0067,0,0,2,0,0,0.0
2025-08-01,CDC_COP,Copiapó Hub,PRD0068,17,3,10,8,4,131126.78
2025-08-01,CDC_COP,Copiapó Hub,PRD0069,0,0,0,8,4,0.0
2025-08-01,CDC_COP,Copiapó Hub,PRD0070,11,3,0,5,3,313153.61
2025-08-01,CDC_COP,Copiapó Hub,PRD0071,1,0,0,1,0,933.7
2025-08-01,CDC_COP,Copiapó Hub,PRD0072,9,0,10,10,6,61459.02
2025-08-01,CDC_COP,Copiapó Hub,PRD0073,0,0,5,0,0,0.0
2025-08-01,CDC_COP,Copiapó Hub,PRD0074,2,1,5,1,0,49465.28
2025-08-01,CDC_COP,Copiapó Hub,PRD0075,5,0,5,2,1,5606.6
2025-08-01,CDC_COP,Copiapó Hub,PRD0076,0,0,0,0,0,0.0
2025-08-01,CDC_COP,Copiapó Hub,PRD0077,3,0,10,1,0,745.92
2025-08-01,CDC_COP,Copiapó Hub,PRD0078,25,0,0,10,6,226353.25
2025-08-01,CDC_COP,Copiapó Hub,PRD0079,6,0,2,3,1,33619.74
2025-08-01,CDC_COP,Copiapó Hub,PRD0080,0,0,0,0,0,0.0
2025-08-01,CDC_COP,Copiapó Hub,PRD0081,0,0,0,0,0,0.0
2025-08-01,CDC_COP,Copiapó Hub,PRD0082,9,3,0,3,1,10996.38
2025-08-01,CDC_COP,Copiapó Hub,PRD0083,2,1,0,1,0,4794.4
2025-08-01,CDC_COP,Copiapó Hub,PRD0084,18,1,10,8,4,405664.56
2025-08-01,CDC_COP,Copiapó Hub,PRD0085,29,3,5,8,4,152004.37
2025-08-01,CDC_COP,Copiapó Hub,PRD0086,11,1,15,5,3,42704.09
2025-08-01,CDC_COP,Copiapó Hub,PRD0087,13,2,15,5,3,16067.61
2025-08-01,CDC_COP,Copiapó Hub,PRD0088,1,1,5,1,0,802.59
2025-08-01,CDC_COP,Copiapó Hub,PRD0089,13,4,0,5,3,82526.08
2025-08-01,CDC_COP,Copiapó Hub,PRD0090,0,0,0,0,0,0.0
2025-08-01,CDC_COP,Copiapó Hub,PRD0091,0,0,0,0,0,0.0
2025-08-01,CDC_COP,Copiapó Hub,PRD0092,15,1,2,10,6,168417.3
2025-08-01,CDC_COP,Copiapó Hub,PRD0093,3,2,0,1,0,77251.98
2025-08-01,CDC_COP,Copiapó Hub,PRD0094,0,0,0,1,0,0.0
2025-08-01,CDC_COP,Copiapó Hub,PRD0095,0,0,2,0,0,0.0
2025-08-01,CDC_COP,Copiapó Hub,PRD0096,12,5,2,5,3,13979.52
2025-08-01,CDC_COP,Copiapó Hub,PRD0097,0,0,0,0,0,0.0
2025-08-01,CDC_COP,Copiapó Hub,PRD0098,13,3,10,10,6,14458.21
2025-08-01,CDC_COP,Copiapó Hub,PRD0099,49,4,10,10,6,103021.52
2025-08-01,CDC_COP,Copiapó Hub,PRD0100,0,0,0,0,0,0.0
2025-08-01,CDC_COP,Copiapó Hub,PRD0101,7,3,2,3,1,34444.55
2025-08-01,CDC_COP,Copiapó Hub,PRD0102,5,2,5,8,4,4652.95
2025-08-01,CDC_COP,Copiapó Hub,PRD0103,0,0,5,0,0,0.0
2025-08-01,CDC_COP,Copiapó Hub,PRD0104,5,2,0,5,3,24513.85
2025-08-01,CDC_COP,Copiapó Hub,PRD0105,10,5,5,3,1,3930.1
2025-08-01,CDC_COP,Copiapó Hub,PRD0106,1,1,0,1,0,8611.81
2025-08-01,CDC_COP,Copiapó Hub,PRD0107,0,0,0,0,0,0.0
2025-08-01,CDC_COP,Copiapó Hub,PRD0108,10,3,5,3,1,154403.4
2025-08-01,CDC_COP,Copiapó Hub,PRD0109,26,4,2,10,6,464235.2
2025-08-01,CDC_COP,Copiapó Hub,PRD0110,9,1,10,10,6,41589.27
2025-08-01,CDC_COP,Copiapó Hub,PRD0111,3,2,0,2,1,24239.79
2025-08-01,CDC_COP,Copiapó Hub,PRD0112,0,0,0,0,0,0.0
2025-08-01,CDC_COP,Copiapó Hub,PRD0113,0,0,0,0,0,0.0
2025-08-01,CDC_COP,Copiapó Hub,PRD0114,10,5,0,5,3,22222.1
2025-08-01,CDC_COP,Copiapó Hub,PRD0115,6,5,5,10,6,36205.8
2025-08-01,CDC_COP,Copiapó Hub,PRD0116,16,4,10,10,6,207697.28
2025-08-01,CDC_COP,Copiapó Hub,PRD0117,6,1,10,8,4,5780.64
2025-08-01,CDC_COP,Copiapó Hub,PRD0118,10,2,0,5,3,73855.2
2025-08-01,CDC_COP,Copiapó Hub,PRD0119,36,4,15,10,6,16984.8
2025-08-01,CDC_COP,Copiapó Hub,PRD0120,4,1,5,2,1,34505.52
2025-09-01,CDC_SCL,Santiago DC,PRD0001,5,3,2,2,1,125892.4
2025-09-01,CDC_SCL,Santiago DC,PRD0002,0,0,5,0,0,0.0
2025-09-01,CDC_SCL,Santiago DC,PRD0003,2,0,5,2,1,15007.48
2025-09-01,CDC_SCL,Santiago DC,PRD0004,8,0,0,3,1,29236.64
2025-09-01,CDC_SCL,Santiago DC,PRD0005,11,4,10,8,4,44454.08
2025-09-01,CDC_SCL,Santiago DC,PRD0006,1,1,2,2,1,7299.05
2025-09-01,CDC_SCL,Santiago DC,PRD0007,0,0,5,0,0,0.0
2025-09-01,CDC_SCL,Santiago DC,PRD0008,5,5,0,2,1,18137.65
2025-09-01,CDC_SCL,Santiago DC,PRD0009,1,1,15,1,0,1051.36
2025-09-01,CDC_SCL,Santiago DC,PRD0010,8,0,0,10,6,48224.16
2025-09-01,CDC_SCL,Santiago DC,PRD0011,21,1,10,5,3,505005.27
2025-09-01,CDC_SCL,Santiago DC,PRD0012,36,0,5,8,4,12737.88
2025-09-01,CDC_SCL,Santiago DC,PRD0013,10,1,2,3,1,9035.1
2025-09-01,CDC_SCL,Santiago DC,PRD0014,5,2,5,2,1,163454.4
2025-09-01,CDC_SCL,Santiago DC,PRD0015,6,1,2,2,1,149659.32
2025-09-01,CDC_SCL,Santiago DC,PRD0016,0,0,0,0,0,0.0
2025-09-01,CDC_SCL,Santiago DC,PRD0017,10,5,0,3,1,40599.5
2025-09-01,CDC_SCL,Santiago DC,PRD0018,8,5,0,8,4,7714.72
2025-09-01,CDC_SCL,Santiago DC,PRD0019,9,4,0,2,1,13762.44
2025-09-01,CDC_SCL,Santiago DC,PRD0020,1,1,0,1,0,9260.33
2025-09-01,CDC_SCL,Santiago DC,PRD0021,0,0,0,0,0,0.0
2025-09-01,CDC_SCL,Santiago DC,PRD0022,5,3,15,2,1,3452.65
2025-09-01,CDC_SCL,Santiago DC,PRD0023,2,2,0,1,0,6084.94
2025-09-01,CDC_SCL,Santiago DC,PRD0024,14,2,10,5,3,218226.4
2025-09-01,CDC_SCL,Santiago DC,PRD0025,19,5,0,8,4,9042.1
2025-09-01,CDC_SCL,Santiago DC,PRD0026,7,5,0,2,1,63681.17
2025-09-01,CDC_SCL,Santiago DC,PRD0027,1,0,0,1,0,5555.21
2025-09-01,CDC_SCL,Santiago DC,PRD0028,0,0,0,0,0,0.0
2025-09-01,CDC_SCL,Santiago DC,PRD0029,30,3,0,10,6,196252.8
2025-09-01,CDC_SCL,Santiago DC,PRD0030,8,4,0,10,6,8827.52
2025-09-01,CDC_SCL,Santiago DC,PRD0031,0,0,0,1,0,0.0
2025-09-01,CDC_SCL,Santiago DC,PRD0032,14,1,10,5,3,6093.92
2025-09-01,CDC_SCL,Santiago DC,PRD0033,40,4,0,10,6,232852.8
2025-09-01,CDC_SCL,Santiago DC,PRD0034,5,4,0,2,1,28638.7
2025-09-01,CDC_SCL,Santiago DC,PRD0035,27,4,0,10,6,126874.08
2025-09-01,CDC_SCL,Santiago DC,PRD0036,15,5,2,8,4,39335.55
2025-09-01,CDC_SCL,Santiago DC,PRD0037,31,2,2,10,6,8873.75
2025-09-01,CDC_SCL,Santiago DC,PRD0038,3,0,15,8,4,101127.57
2025-09-01,CDC_SCL,Santiago DC,PRD0039,0,0,5,0,0,0.0
2025-09-01,CDC_SCL,Santiago DC,PRD0040,1,1,0,1,0,9769.36
2025-09-01,CDC_SCL,Santiago DC,PRD0041,0,0,5,0,0,0.0
2025-09-01,CDC_SCL,Santiago DC,PRD0042,7,2,0,2,1,20011.74
2025-09-01,CDC_SCL,Santiago DC,PRD0043,1,0,0,2,1,14338.2
2025-09-01,CDC_SCL,Santiago DC,PRD0044,2,1,2,3,1,55481.38
2025-09-01,CDC_SCL,Santiago DC,PRD0045,11,2,0,8,4,53174.0
2025-09-01,CDC_SCL,Santiago DC,PRD0046,3,1,2,3,1,1088.67
2025-09-01,CDC_SCL,Santiago DC,PRD0047,27,1,0,10,6,139455.27
2025-09-01,CDC_SCL,Santiago DC,PRD0048,6,2,0,3,1,28062.36
2025-09-01,CDC_SCL,Santiago DC,PRD0049,0,0,0,2,1,0.0
2025-09-01,CDC_SCL,Santiago DC,PRD0050,0,0,15,0,0,0.0
2025-09-01,CDC_SCL,Santiago DC,PRD0051,1,0,15,1,0,21155.94
2025-09-01,CDC_SCL,Santiago DC,PRD0052,3,1,0,1,0,25550.61
2025-09-01,CDC_SCL,Santiago DC,PRD0053,0,0,5,0,0,0.0
2025-09-01,CDC_SCL,Santiago DC,PRD0054,3,2,2,1,0,6228.3
2025-09-01,CDC_SCL,Santiago DC,PRD0055,0,0,10,0,0,0.0
2025-09-01,CDC_SCL,Santiago DC,PRD0056,1,0,2,3,1,27082.16
2025-09-01,CDC_SCL,Santiago DC,PRD0057,11,2,0,8,4,79784.65
2025-09-01,CDC_SCL,Santiago DC,PRD0058,20,0,0,10,6,53913.0
2025-09-01,CDC_SCL,Santiago DC,PRD0059,0,0,2,0,0,0.0
2025-09-01,CDC_SCL,Santiago DC,PRD0060,15,2,0,5,3,229277.85
2025-09-01,CDC_SCL,Santiago DC,PRD0061,4,0,10,3,1,24992.04
2025-09-01,CDC_SCL,Santiago DC,PRD0062,30,3,0,8,4,335421.0
2025-09-01,CDC_SCL,Santiago DC,PRD0063,2,0,0,1,0,10576.86
2025-09-01,CDC_SCL,Santiago DC,PRD0064,4,3,0,8,4,84004.52
2025-09-01,CDC_SCL,Santiago DC,PRD0065,3,2,10,3,1,2985.36
2025-09-01,CDC_SCL,Santiago DC,PRD0066,16,2,15,8,4,4281.76
2025-09-01,CDC_SCL,Santiago DC,PRD0067,0,0,5,0,0,0.0
2025-09-01,CDC_SCL,Santiago DC,PRD0068,6,3,15,8,4,46280.04
2025-09-01,CDC_SCL,Santiago DC,PRD0069,4,2,2,3,1,19568.48
2025-09-01,CDC_SCL,Santiago DC,PRD0070,1,0,0,1,0,28468.51
2025-09-01,CDC_SCL,Santiago DC,PRD0071,3,2,5,3,1,2801.1
2025-09-01,CDC_SCL,Santiago DC,PRD0072,4,2,0,2,1,27315.12
2025-09-01,CDC_SCL,Santiago DC,PRD0073,4,3,2,5,3,105056.16
2025-09-01,CDC_SCL,Santiago DC,PRD0074,2,1,15,1,0,49465.28
2025-09-01,CDC_SCL,Santiago DC,PRD0075,1,0,15,5,3,1121.32
2025-09-01,CDC_SCL,Santiago DC,PRD0076,5,1,0,3,1,81708.65
2025-09-01,CDC_SCL,Santiago DC,PRD0077,13,0,2,8,4,3232.32
2025-09-01,CDC_SCL,Santiago DC,PRD0078,8,5,0,3,1,72433.04
2025-09-01,CDC_SCL,Santiago DC,PRD0079,10,1,0,10,6,56032.9
2025-09-01,CDC_SCL,Santiago DC,PRD0080,0,0,10,0,0,0.0
2025-09-01,CDC_SCL,Santiago DC,PRD0081,3,3,15,1,0,2929.62
2025-09-01,CDC_SCL,Santiago DC,PRD0082,1,0,15,1,0,1221.82
2025-09-01,CDC_SCL,Santiago DC,PRD0083,18,4,15,5,3,43149.6
2025-09-01,CDC_SCL,Santiago DC,PRD0084,0,0,2,0,0,0.0
2025-09-01,CDC_SCL,Santiago DC,PRD0085,5,3,0,3,1,26207.65
2025-09-01,CDC_SCL,Santiago DC,PRD0086,9,1,15,3,1,34939.71
2025-09-01,CDC_SCL,Santiago DC,PRD0087,17,0,0,10,6,21011.49
2025-09-01,CDC_SCL,Santiago DC,PRD0088,0,0,0,0,0,0.0
2025-09-01,CDC_SCL,Santiago DC,PRD0089,0,0,0,0,0,0.0
2025-09-01,CDC_SCL,Santiago DC,PRD0090,4,0,0,2,1,6876.4
2025-09-01,CDC_SCL,Santiago DC,PRD0091,-5,1,2,2,1,1112.26
2025-09-01,CDC_SCL,Santiago DC,PRD0092,35,3,0,10,6,392973.7
2025-09-01,CDC_SCL,Santiago DC,PRD0093,0,0,0,0,0,0.0
2025-09-01,CDC_SCL,Santiago DC,PRD0094,4,1,5,3,1,67691.56
2025-09-01,CDC_SCL,Santiago DC,PRD0095,35,5,15,10,6,233082.5
2025-09-01,CDC_SCL,Santiago DC,PRD0096,18,1,0,8,4,20969.28
2025-09-01,CDC_SCL,Santiago DC,PRD0097,1,1,0,1,0,672.5
2025-09-01,CDC_SCL,Santiago DC,PRD0098,12,3,0,5,3,13346.04
2025-09-01,CDC_SCL,Santiago DC,PRD0099,3,3,0,1,0,6307.44
2025-09-01,CDC_SCL,Santiago DC,PRD0100,0,0,0,0,0,0.0
2025-09-01,CDC_SCL,Santiago DC,PRD0101,24,5,0,10,6,118095.6
2025-09-01,CDC_SCL,Santiago DC,PRD0102,12,4,10,5,3,11167.08
2025-09-01,CDC_SCL,Santiago DC,PRD0103,0,0,10,0,0,0.0
2025-09-01,CDC_SCL,Santiago DC,PRD0104,2,2,0,1,0,9805.54
2025-09-01,CDC_SCL,Santiago DC,PRD0105,12,1,5,5,3,4716.12
2025-09-01,CDC_SCL,Santiago DC,PRD0106,1,0,2,3,1,8611.81
2025-09-01,CDC_SCL,Santiago DC,PRD0107,2,2,15,1,0,54905.32
2025-09-01,CDC_SCL,Santiago DC,PRD0108,1,1,15,1,0,15440.34
2025-09-01,CDC_SCL,Santiago DC,PRD0109,0,0,10,0,0,0.0
2025-09-01,CDC_SCL,Santiago DC,PRD0110,0,0,5,0,0,0.0
2025-09-01,CDC_SCL,Santiago DC,PRD0111,21,2,5,10,6,169678.53
2025-09-01,CDC_SCL,Santiago DC,PRD0112,28,2,0,10,6,470996.12
2025-09-01,CDC_SCL,Santiago DC,PRD0113,11,2,0,5,3,12175.9
2025-09-01,CDC_SCL,Santiago DC,PRD0114,15,1,15,5,3,33333.15
2025-09-01,CDC_SCL,Santiago DC,PRD0115,5,2,2,5,3,30171.5
2025-09-01,CDC_SCL,Santiago DC,PRD0116,0,0,10,0,0,0.0
2025-09-01,CDC_SCL,Santiago DC,PRD0117,1,0,15,0,0,963.44
2025-09-01,CDC_SCL,Santiago DC,PRD0118,7,3,10,2,1,51698.64
2025-09-01,CDC_SCL,Santiago DC,PRD0119,27,0,0,8,4,12738.6
2025-09-01,CDC_SCL,Santiago DC,PRD0120,0,0,5,0,0,0.0
2025-09-01,CDC_ANT,Antofagasta DC,PRD0001,2,0,0,3,1,50356.96
2025-09-01,CDC_ANT,Antofagasta DC,PRD0002,11,4,0,5,3,158241.05
2025-09-01,CDC_ANT,Antofagasta DC,PRD0003,13,0,0,5,3,97548.62
2025-09-01,CDC_ANT,Antofagasta DC,PRD0004,0,0,2,0,0,0.0
2025-09-01,CDC_ANT,Antofagasta DC,PRD0005,5,3,15,2,1,20206.4
2025-09-01,CDC_ANT,Antofagasta DC,PRD0006,0,0,0,0,0,0.0
2025-09-01,CDC_ANT,Antofagasta DC,PRD0007,4,0,2,3,1,12862.08
2025-09-01,CDC_ANT,Antofagasta DC,PRD0008,0,0,0,0,0,0.0
2025-09-01,CDC_ANT,Antofagasta DC,PRD0009,40,4,15,10,6,42054.4
2025-09-01,CDC_ANT,Antofagasta DC,PRD0010,6,4,10,3,1,36168.12
2025-09-01,CDC_ANT,Antofagasta DC,PRD0011,5,1,10,2,1,120239.35
2025-09-01,CDC_ANT,Antofagasta DC,PRD0012,20,0,0,10,6,7076.6
2025-09-01,CDC_ANT,Antofagasta DC,PRD0013,7,3,0,5,3,6324.57
2025-09-01,CDC_ANT,Antofagasta DC,PRD0014,9,5,2,3,1,294217.92
2025-09-01,CDC_ANT,Antofagasta DC,PRD0015,1,0,0,0,0,24943.22
2025-09-01,CDC_ANT,Antofagasta DC,PRD0016,0,0,10,0,0,0.0
2025-09-01,CDC_ANT,Antofagasta DC,PRD0017,0,0,2,0,0,0.0
2025-09-01,CDC_ANT,Antofagasta DC,PRD0018,0,0,0,0,0,0.0
2025-09-01,CDC_ANT,Antofagasta DC,PRD0019,15,5,0,10,6,22937.4
2025-09-01,CDC_ANT,Antofagasta DC,PRD0020,0,0,0,0,0,0.0
2025-09-01,CDC_ANT,Antofagasta DC,PRD0021,2,0,10,10,6,2215.86
2025-09-01,CDC_ANT,Antofagasta DC,PRD0022,4,3,2,2,1,2762.12
2025-09-01,CDC_ANT,Antofagasta DC,PRD0023,27,4,10,8,4,82146.69
2025-09-01,CDC_ANT,Antofagasta DC,PRD0024,23,0,2,8,4,358514.8
2025-09-01,CDC_ANT,Antofagasta DC,PRD0025,11,0,0,10,6,5234.9
2025-09-01,CDC_ANT,Antofagasta DC,PRD0026,26,0,15,10,6,236530.06
2025-09-01,CDC_ANT,Antofagasta DC,PRD0027,34,0,0,10,6,188877.14
2025-09-01,CDC_ANT,Antofagasta DC,PRD0028,34,4,15,10,6,203472.32
2025-09-01,CDC_ANT,Antofagasta DC,PRD0029,1,1,0,2,1,6541.76
2025-09-01,CDC_ANT,Antofagasta DC,PRD0030,11,4,2,5,3,12137.84
2025-09-01,CDC_ANT,Antofagasta DC,PRD0031,0,0,0,0,0,0.0
2025-09-01,CDC_ANT,Antofagasta DC,PRD0032,13,4,0,10,6,5658.64
2025-09-01,CDC_ANT,Antofagasta DC,PRD0033,5,2,5,3,1,29106.6
2025-09-01,CDC_ANT,Antofagasta DC,PRD0034,5,0,5,5,3,28638.7
2025-09-01,CDC_ANT,Antofagasta DC,PRD0035,21,1,2,5,3,98679.84
2025-09-01,CDC_ANT,Antofagasta DC,PRD0036,3,0,0,1,0,7867.11
2025-09-01,CDC_ANT,Antofagasta DC,PRD0037,0,0,0,10,6,0.0
2025-09-01,CDC_ANT,Antofagasta DC,PRD0038,0,0,2,0,0,0.0
2025-09-01,CDC_ANT,Antofagasta DC,PRD0039,6,2,15,2,1,47234.16
2025-09-01,CDC_ANT,Antofagasta DC,PRD0040,0,0,2,8,4,0.0
2025-09-01,CDC_ANT,Antofagasta DC,PRD0041,6,4,10,2,1,92370.06
2025-09-01,CDC_ANT,Antofagasta DC,PRD0042,6,2,0,3,1,17152.92
2025-09-01,CDC_ANT,Antofagasta DC,PRD0043,4,3,0,2,1,57352.8
2025-09-01,CDC_ANT,Antofagasta DC,PRD0044,3,3,0,1,0,83222.07
2025-09-01,CDC_ANT,Antofagasta DC,PRD0045,6,0,0,2,1,29004.0
2025-09-01,CDC_ANT,Antofagasta DC,PRD0046,3,2,0,2,1,1088.67
2025-09-01,CDC_ANT,Antofagasta DC,PRD0047,3,0,2,2,1,15495.03
2025-09-01,CDC_ANT,Antofagasta DC,PRD0048,1,1,0,1,0,4677.06
2025-09-01,CDC_ANT,Antofagasta DC,PRD0049,0,0,15,0,0,0.0
2025-09-01,CDC_ANT,Antofagasta DC,PRD0050,5,4,0,3,1,880.6
2025-09-01,CDC_ANT,Antofagasta DC,PRD0051,2,0,0,2,1,42311.88
2025-09-01,CDC_ANT,Antofagasta DC,PRD0052,0,0,5,0,0,0.0
2025-09-01,CDC_ANT,Antofagasta DC,PRD0053,22,0,10,8,4,16574.8
2025-09-01,CDC_ANT,Antofagasta DC,PRD0054,0,0,10,0,0,0.0
2025-09-01,CDC_ANT,Antofagasta DC,PRD0055,20,3,15,5,3,7401.6
2025-09-01,CDC_ANT,Antofagasta DC,PRD0056,29,3,2,8,4,785382.64
2025-09-01,CDC_ANT,Antofagasta DC,PRD0057,4,1,0,3,1,29012.6
2025-09-01,CDC_ANT,Antofagasta DC,PRD0058,9,4,5,5,3,24260.85
2025-09-01,CDC_ANT,Antofagasta DC,PRD0059,0,0,0,1,0,0.0
2025-09-01,CDC_ANT,Antofagasta DC,PRD0060,5,3,2,2,1,76425.95
2025-09-01,CDC_ANT,Antofagasta DC,PRD0061,13,1,0,8,4,81224.13
2025-09-01,CDC_ANT,Antofagasta DC,PRD0062,8,4,5,8,4,89445.6
2025-09-01,CDC_ANT,Antofagasta DC,PRD0063,23,5,15,8,4,121633.89
2025-09-01,CDC_ANT,Antofagasta DC,PRD0064,10,3,0,3,1,210011.3
2025-09-01,CDC_ANT,Antofagasta DC,PRD0065,1,1,0,0,0,995.12
2025-09-01,CDC_ANT,Antofagasta DC,PRD0066,2,1,10,1,0,535.22
2025-09-01,CDC_ANT,Antofagasta DC,PRD0067,26,3,2,10,6,10661.04
2025-09-01,CDC_ANT,Antofagasta DC,PRD0068,30,2,0,10,6,231400.2
2025-09-01,CDC_ANT,Antofagasta DC,PRD0069,13,4,5,8,4,63597.56
2025-09-01,CDC_ANT,Antofagasta DC,PRD0070,26,0,0,8,4,740181.26
2025-09-01,CDC_ANT,Antofagasta DC,PRD0071,3,2,5,2,1,2801.1
2025-09-01,CDC_ANT,Antofagasta DC,PRD0072,5,3,15,2,1,34143.9
2025-09-01,CDC_ANT,Antofagasta DC,PRD0073,12,4,10,5,3,315168.48
2025-09-01,CDC_ANT,Antofagasta DC,PRD0074,27,5,0,10,6,667781.28
2025-09-01,CDC_ANT,Antofagasta DC,PRD0075,27,1,0,10,6,30275.64
2025-09-01,CDC_ANT,Antofagasta DC,PRD0076,6,3,10,5,3,98050.38
2025-09-01,CDC_ANT,Antofagasta DC,PRD0077,0,0,2,0,0,0.0
2025-09-01,CDC_ANT,Antofagasta DC,PRD0078,0,0,15,0,0,0.0
2025-09-01,CDC_ANT,Antofagasta DC,PRD0079,7,0,0,3,1,39223.03
2025-09-01,CDC_ANT,Antofagasta DC,PRD0080,12,0,0,8,4,58957.2
2025-09-01,CDC_ANT,Antofagasta DC,PRD0081,0,0,15,0,0,0.0
2025-09-01,CDC_ANT,Antofagasta DC,PRD0082,1,0,10,1,0,1221.82
2025-09-01,CDC_ANT,Antofagasta DC,PRD0083,0,0,15,0,0,0.0
2025-09-01,CDC_ANT,Antofagasta DC,PRD0084,0,0,0,0,0,0.0
2025-09-01,CDC_ANT,Antofagasta DC,PRD0085,1,0,0,1,0,5241.53
2025-09-01,CDC_ANT,Antofagasta DC,PRD0086,32,4,10,10,6,124230.08
2025-09-01,CDC_ANT,Antofagasta DC,PRD0087,17,1,10,5,3,21011.49
2025-09-01,CDC_ANT,Antofagasta DC,PRD0088,9,1,0,5,3,7223.31
2025-09-01,CDC_ANT,Antofagasta DC,PRD0089,2,2,15,1,0,12696.32
2025-09-01,CDC_ANT,Antofagasta DC,PRD0090,0,0,15,0,0,0.0
2025-09-01,CDC_ANT,Antofagasta DC,PRD0091,1,1,0,0,0,556.13
2025-09-01,CDC_ANT,Antofagasta DC,PRD0092,0,0,0,0,0,0.0
2025-09-01,CDC_ANT,Antofagasta DC,PRD0093,4,4,10,2,1,103002.64
2025-09-01,CDC_ANT,Antofagasta DC,PRD0094,0,0,10,0,0,0.0
2025-09-01,CDC_ANT,Antofagasta DC,PRD0095,11,3,0,3,1,73254.5
2025-09-01,CDC_ANT,Antofagasta DC,PRD0096,39,5,5,10,6,45433.44
2025-09-01,CDC_ANT,Antofagasta DC,PRD0097,22,1,5,10,6,14795.0
2025-09-01,CDC_ANT,Antofagasta DC,PRD0098,0,0,0,0,0,0.0
2025-09-01,CDC_ANT,Antofagasta DC,PRD0099,15,3,0,5,3,31537.2
2025-09-01,CDC_ANT,Antofagasta DC,PRD0100,9,4,2,8,4,14274.09
2025-09-01,CDC_ANT,Antofagasta DC,PRD0101,-2,1,15,5,3,78730.4
2025-09-01,CDC_ANT,Antofagasta DC,PRD0102,9,3,0,3,1,8375.31
2025-09-01,CDC_ANT,Antofagasta DC,PRD0103,7,4,5,2,1,40696.67
2025-09-01,CDC_ANT,Antofagasta DC,PRD0104,5,3,2,10,6,24513.85
2025-09-01,CDC_ANT,Antofagasta DC,PRD0105,2,0,2,2,1,786.02
2025-09-01,CDC_ANT,Antofagasta DC,PRD0106,1,0,0,1,0,8611.81
2025-09-01,CDC_ANT,Antofagasta DC,PRD0107,4,0,15,1,0,109810.64
2025-09-01,CDC_ANT,Antofagasta DC,PRD0108,20,0,5,10,6,308806.8
2025-09-01,CDC_ANT,Antofagasta DC,PRD0109,0,0,2,0,0,0.0
2025-09-01,CDC_ANT,Antofagasta DC,PRD0110,10,4,10,3,1,46210.3
2025-09-01,CDC_ANT,Antofagasta DC,PRD0111,4,4,0,2,1,32319.72
2025-09-01,CDC_ANT,Antofagasta DC,PRD0112,0,0,5,0,0,0.0
2025-09-01,CDC_ANT,Antofagasta DC,PRD0113,0,0,10,0,0,0.0
2025-09-01,CDC_ANT,Antofagasta DC,PRD0114,0,0,2,0,0,0.0
2025-09-01,CDC_ANT,Antofagasta DC,PRD0115,4,4,2,1,0,24137.2
2025-09-01,CDC_ANT,Antofagasta DC,PRD0116,2,2,0,2,1,25962.16
2025-09-01,CDC_ANT,Antofagasta DC,PRD0117,0,0,0,0,0,0.0
2025-09-01,CDC_ANT,Antofagasta DC,PRD0118,0,0,5,0,0,0.0
2025-09-01,CDC_ANT,Antofagasta DC,PRD0119,2,0,2,1,0,943.6
2025-09-01,CDC_ANT,Antofagasta DC,PRD0120,0,0,5,0,0,0.0
2025-09-01,CDC_CAL,Calama Hub,PRD0001,9,2,0,3,1,226606.32
2025-09-01,CDC_CAL,Calama Hub,PRD0002,19,1,0,10,6,273325.45
2025-09-01,CDC_CAL,Calama Hub,PRD0003,4,1,0,10,6,30014.96
2025-09-01,CDC_CAL,Calama Hub,PRD0004,0,0,0,0,0,0.0
2025-09-01,CDC_CAL,Calama Hub,PRD0005,5,5,5,2,1,20206.4
2025-09-01,CDC_CAL,Calama Hub,PRD0006,1,1,15,0,0,7299.05
2025-09-01,CDC_CAL,Calama Hub,PRD0007,3,0,0,2,1,9646.56
2025-09-01,CDC_CAL,Calama Hub,PRD0008,3,1,15,2,1,10882.59
2025-09-01,CDC_CAL,Calama Hub,PRD0009,3,2,0,5,3,3154.08
2025-09-01,CDC_CAL,Calama Hub,PRD0010,20,2,0,8,4,120560.4
2025-09-01,CDC_CAL,Calama Hub,PRD0011,0,0,5,0,0,0.0
2025-09-01,CDC_CAL,Calama Hub,PRD0012,0,0,0,0,0,0.0
2025-09-01,CDC_CAL,Calama Hub,PRD0013,4,2,2,3,1,3614.04
2025-09-01,CDC_CAL,Calama Hub,PRD0014,0,0,15,0,0,0.0
2025-09-01,CDC_CAL,Calama Hub,PRD0015,6,4,2,2,1,149659.32
2025-09-01,CDC_CAL,Calama Hub,PRD0016,12,2,5,5,3,3974.88
2025-09-01,CDC_CAL,Calama Hub,PRD0017,11,0,15,5,3,44659.45
2025-09-01,CDC_CAL,Calama Hub,PRD0018,1,1,15,1,0,964.34
2025-09-01,CDC_CAL,Calama Hub,PRD0019,2,0,0,1,0,3058.32
2025-09-01,CDC_CAL,Calama Hub,PRD0020,5,1,0,3,1,46301.65
2025-09-01,CDC_CAL,Calama Hub,PRD0021,0,0,5,0,0,0.0
2025-09-01,CDC_CAL,Calama Hub,PRD0022,0,0,15,0,0,0.0
2025-09-01,CDC_CAL,Calama Hub,PRD0023,6,2,10,5,3,18254.82
2025-09-01,CDC_CAL,Calama Hub,PRD0024,0,0,0,0,0,0.0
2025-09-01,CDC_CAL,Calama Hub,PRD0025,0,0,0,3,1,0.0
2025-09-01,CDC_CAL,Calama Hub,PRD0026,2,0,10,1,0,18194.62
2025-09-01,CDC_CAL,Calama Hub,PRD0027,13,3,2,3,1,72217.73
2025-09-01,CDC_CAL,Calama Hub,PRD0028,0,0,5,0,0,0.0
2025-09-01,CDC_CAL,Calama Hub,PRD0029,9,2,10,3,1,58875.84
2025-09-01,CDC_CAL,Calama Hub,PRD0030,1,1,0,1,0,1103.44
2025-09-01,CDC_CAL,Calama Hub,PRD0031,1,0,0,8,4,7843.05
2025-09-01,CDC_CAL,Calama Hub,PRD0032,4,3,0,3,1,1741.12
2025-09-01,CDC_CAL,Calama Hub,PRD0033,12,1,0,8,4,69855.84
2025-09-01,CDC_CAL,Calama Hub,PRD0034,0,0,10,1,0,0.0
2025-09-01,CDC_CAL,Calama Hub,PRD0035,20,2,0,5,3,93980.8
2025-09-01,CDC_CAL,Calama Hub,PRD0036,0,0,15,0,0,0.0
2025-09-01,CDC_CAL,Calama Hub,PRD0037,11,2,0,5,3,3148.75
2025-09-01,CDC_CAL,Calama Hub,PRD0038,1,1,0,1,0,33709.19
2025-09-01,CDC_CAL,Calama Hub,PRD0039,29,1,5,8,4,228298.44
2025-09-01,CDC_CAL,Calama Hub,PRD0040,10,5,5,3,1,97693.6
2025-09-01,CDC_CAL,Calama Hub,PRD0041,6,4,10,2,1,92370.06
2025-09-01,CDC_CAL,Calama Hub,PRD0042,8,0,0,5,3,22870.56
2025-09-01,CDC_CAL,Calama Hub,PRD0043,0,0,2,0,0,0.0
2025-09-01,CDC_CAL,Calama Hub,PRD0044,23,1,15,10,6,638035.87
2025-09-01,CDC_CAL,Calama Hub,PRD0045,35,3,5,8,4,169190.0
2025-09-01,CDC_CAL,Calama Hub,PRD0046,2,1,0,2,1,725.78
2025-09-01,CDC_CAL,Calama Hub,PRD0047,0,0,10,0,0,0.0
2025-09-01,CDC_CAL,Calama Hub,PRD0048,3,2,5,2,1,14031.18
2025-09-01,CDC_CAL,Calama Hub,PRD0049,8,5,10,5,3,3661.84
2025-09-01,CDC_CAL,Calama Hub,PRD0050,2,1,0,2,1,352.24
2025-09-01,CDC_CAL,Calama Hub,PRD0051,11,0,2,8,4,232715.34
2025-09-01,CDC_CAL,Calama Hub,PRD0052,8,0,5,3,1,68134.96
2025-09-01,CDC_CAL,Calama Hub,PRD0053,21,1,0,8,4,15821.4
2025-09-01,CDC_CAL,Calama Hub,PRD0054,3,3,0,3,1,6228.3
2025-09-01,CDC_CAL,Calama Hub,PRD0055,14,5,10,10,6,5181.12
2025-09-01,CDC_CAL,Calama Hub,PRD0056,5,1,0,3,1,135410.8
2025-09-01,CDC_CAL,Calama Hub,PRD0057,1,1,10,0,0,7253.15
2025-09-01,CDC_CAL,Calama Hub,PRD0058,16,5,0,8,4,43130.4
2025-09-01,CDC_CAL,Calama Hub,PRD0059,0,0,0,0,0,0.0
2025-09-01,CDC_CAL,Calama Hub,PRD0060,13,4,15,10,6,198707.47
2025-09-01,CDC_CAL,Calama Hub,PRD0061,24,2,5,8,4,149952.24
2025-09-01,CDC_CAL,Calama Hub,PRD0062,14,2,0,5,3,156529.8
2025-09-01,CDC_CAL,Calama Hub,PRD0063,0,0,10,0,0,0.0
2025-09-01,CDC_CAL,Calama Hub,PRD0064,0,0,5,0,0,0.0
2025-09-01,CDC_CAL,Calama Hub,PRD0065,0,0,10,0,0,0.0
2025-09-01,CDC_CAL,Calama Hub,PRD0066,1,0,0,0,0,267.61
2025-09-01,CDC_CAL,Calama Hub,PRD0067,17,1,5,10,6,6970.68
2025-09-01,CDC_CAL,Calama Hub,PRD0068,6,3,0,2,1,46280.04
2025-09-01,CDC_CAL,Calama Hub,PRD0069,1,0,0,1,0,4892.12
2025-09-01,CDC_CAL,Calama Hub,PRD0070,0,0,10,10,6,0.0
2025-09-01,CDC_CAL,Calama Hub,PRD0071,0,0,0,0,0,0.0
2025-09-01,CDC_CAL,Calama Hub,PRD0072,17,5,0,8,4,116089.26
2025-09-01,CDC_CAL,Calama Hub,PRD0073,18,2,10,10,6,472752.72
2025-09-01,CDC_CAL,Calama Hub,PRD0074,6,2,2,2,1,148395.84
2025-09-01,CDC_CAL,Calama Hub,PRD0075,23,0,0,8,4,25790.36
2025-09-01,CDC_CAL,Calama Hub,PRD0076,0,0,0,0,0,0.0
2025-09-01,CDC_CAL,Calama Hub,PRD0077,7,5,10,2,1,1740.48
2025-09-01,CDC_CAL,Calama Hub,PRD0078,3,1,5,2,1,27162.39
2025-09-01,CDC_CAL,Calama Hub,PRD0079,9,4,0,3,1,50429.61
2025-09-01,CDC_CAL,Calama Hub,PRD0080,24,1,15,8,4,117914.4
2025-09-01,CDC_CAL,Calama Hub,PRD0081,25,2,15,10,6,24413.5
2025-09-01,CDC_CAL,Calama Hub,PRD0082,10,0,0,5,3,12218.2
2025-09-01,CDC_CAL,Calama Hub,PRD0083,10,3,0,8,4,23972.0
2025-09-01,CDC_CAL,Calama Hub,PRD0084,0,0,15,0,0,0.0
2025-09-01,CDC_CAL,Calama Hub,PRD0085,11,3,0,5,3,57656.83
2025-09-01,CDC_CAL,Calama Hub,PRD0086,0,0,0,0,0,0.0
2025-09-01,CDC_CAL,Calama Hub,PRD0087,0,0,2,8,4,0.0
2025-09-01,CDC_CAL,Calama Hub,PRD0088,1,1,2,0,0,802.59
2025-09-01,CDC_CAL,Calama Hub,PRD0089,1,0,0,0,0,6348.16
2025-09-01,CDC_CAL,Calama Hub,PRD0090,23,1,2,8,4,39539.3
2025-09-01,CDC_CAL,Calama Hub,PRD0091,0,0,0,0,0,0.0
2025-09-01,CDC_CAL,Calama Hub,PRD0092,0,0,0,0,0,0.0
2025-09-01,CDC_CAL,Calama Hub,PRD0093,21,4,5,8,4,540763.86
2025-09-01,CDC_CAL,Calama Hub,PRD0094,0,0,10,0,0,0.0
2025-09-01,CDC_CAL,Calama Hub,PRD0095,30,2,15,10,6,199785.0
2025-09-01,CDC_CAL,Calama Hub,PRD0096,3,0,10,10,6,3494.88
2025-09-01,CDC_CAL,Calama Hub,PRD0097,22,1,0,8,4,14795.0
2025-09-01,CDC_CAL,Calama Hub,PRD0098,0,0,15,0,0,0.0
2025-09-01,CDC_CAL,Calama Hub,PRD0099,3,2,2,1,0,6307.44
2025-09-01,CDC_CAL,Calama Hub,PRD0100,8,3,0,3,1,12688.08
2025-09-01,CDC_CAL,Calama Hub,PRD0101,2,0,0,1,0,9841.3
2025-09-01,CDC_CAL,Calama Hub,PRD0102,3,1,5,1,0,2791.77
2025-09-01,CDC_CAL,Calama Hub,PRD0103,17,0,0,8,4,98834.77
2025-09-01,CDC_CAL,Calama Hub,PRD0104,1,0,5,0,0,4902.77
2025-09-01,CDC_CAL,Calama Hub,PRD0105,9,2,15,3,1,3537.09
2025-09-01,CDC_CAL,Calama Hub,PRD0106,0,0,0,0,0,0.0
2025-09-01,CDC_CAL,Calama Hub,PRD0107,5,3,10,3,1,137263.3
2025-09-01,CDC_CAL,Calama Hub,PRD0108,0,0,15,0,0,0.0
2025-09-01,CDC_CAL,Calama Hub,PRD0109,6,1,15,3,1,107131.2
2025-09-01,CDC_CAL,Calama Hub,PRD0110,2,1,0,1,0,9242.06
2025-09-01,CDC_CAL,Calama Hub,PRD0111,2,1,0,2,1,16159.86
2025-09-01,CDC_CAL,Calama Hub,PRD0112,0,0,15,0,0,0.0
2025-09-01,CDC_CAL,Calama Hub,PRD0113,0,0,15,0,0,0.0
2025-09-01,CDC_CAL,Calama Hub,PRD0114,6,5,0,3,1,13333.26
2025-09-01,CDC_CAL,Calama Hub,PRD0115,-4,4,5,5,3,72411.6
2025-09-01,CDC_CAL,Calama Hub,PRD0116,5,2,15,3,1,64905.4
2025-09-01,CDC_CAL,Calama Hub,PRD0117,4,2,0,3,1,3853.76
2025-09-01,CDC_CAL,Calama Hub,PRD0118,0,0,0,0,0,0.0
2025-09-01,CDC_CAL,Calama Hub,PRD0119,3,0,5,5,3,1415.4
2025-09-01,CDC_CAL,Calama Hub,PRD0120,4,1,15,5,3,34505.52
2025-09-01,CDC_COP,Copiapó Hub,PRD0001,6,4,15,3,1,151070.88
2025-09-01,CDC_COP,Copiapó Hub,PRD0002,19,4,0,5,3,273325.45
2025-09-01,CDC_COP,Copiapó Hub,PRD0003,0,0,5,0,0,0.0
2025-09-01,CDC_COP,Copiapó Hub,PRD0004,12,4,0,5,3,43854.96
2025-09-01,CDC_COP,Copiapó Hub,PRD0005,16,4,0,8,4,64660.48
2025-09-01,CDC_COP,Copiapó Hub,PRD0006,0,0,0,0,0,0.0
2025-09-01,CDC_COP,Copiapó Hub,PRD0007,5,5,2,3,1,16077.6
2025-09-01,CDC_COP,Copiapó Hub,PRD0008,11,0,0,3,1,39902.83
2025-09-01,CDC_COP,Copiapó Hub,PRD0009,2,0,0,1,0,2102.72
2025-09-01,CDC_COP,Copiapó Hub,PRD0010,0,0,15,0,0,0.0
2025-09-01,CDC_COP,Copiapó Hub,PRD0011,0,0,10,0,0,0.0
2025-09-01,CDC_COP,Copiapó Hub,PRD0012,20,2,0,10,6,7076.6
2025-09-01,CDC_COP,Copiapó Hub,PRD0013,6,4,0,3,1,5421.06
2025-09-01,CDC_COP,Copiapó Hub,PRD0014,13,2,0,10,6,424981.44
2025-09-01,CDC_COP,Copiapó Hub,PRD0015,2,0,10,1,0,49886.44
2025-09-01,CDC_COP,Copiapó Hub,PRD0016,4,0,0,10,6,1324.96
2025-09-01,CDC_COP,Copiapó Hub,PRD0017,21,4,10,10,6,85258.95
2025-09-01,CDC_COP,Copiapó Hub,PRD0018,3,3,5,2,1,2893.02
2025-09-01,CDC_COP,Copiapó Hub,PRD0019,6,0,2,5,3,9174.96
2025-09-01,CDC_COP,Copiapó Hub,PRD0020,4,2,5,2,1,37041.32
2025-09-01,CDC_COP,Copiapó Hub,PRD0021,7,3,0,8,4,7755.51
2025-09-01,CDC_COP,Copiapó Hub,PRD0022,11,0,0,5,3,7595.83
2025-09-01,CDC_COP,Copiapó Hub,PRD0023,0,0,15,0,0,0.0
2025-09-01,CDC_COP,Copiapó Hub,PRD0024,24,4,0,10,6,374102.4
2025-09-01,CDC_COP,Copiapó Hub,PRD0025,0,0,2,0,0,0.0
2025-09-01,CDC_COP,Copiapó Hub,PRD0026,18,3,5,10,6,163751.58
2025-09-01,CDC_COP,Copiapó Hub,PRD0027,0,0,2,0,0,0.0
2025-09-01,CDC_COP,Copiapó Hub,PRD0028,0,0,0,0,0,0.0
2025-09-01,CDC_COP,Copiapó Hub,PRD0029,5,0,5,5,3,32708.8
2025-09-01,CDC_COP,Copiapó Hub,PRD0030,2,0,0,1,0,2206.88
2025-09-01,CDC_COP,Copiapó Hub,PRD0031,14,0,5,5,3,109802.7
2025-09-01,CDC_COP,Copiapó Hub,PRD0032,1,1,10,1,0,435.28
2025-09-01,CDC_COP,Copiapó Hub,PRD0033,0,0,2,10,6,0.0
2025-09-01,CDC_COP,Copiapó Hub,PRD0034,15,4,5,5,3,85916.1
2025-09-01,CDC_COP,Copiapó Hub,PRD0035,0,0,0,0,0,0.0
2025-09-01,CDC_COP,Copiapó Hub,PRD0036,6,5,2,2,1,15734.22
2025-09-01,CDC_COP,Copiapó Hub,PRD0037,0,0,0,0,0,0.0
2025-09-01,CDC_COP,Copiapó Hub,PRD0038,0,0,2,0,0,0.0
2025-09-01,CDC_COP,Copiapó Hub,PRD0039,0,0,2,0,0,0.0
2025-09-01,CDC_COP,Copiapó Hub,PRD0040,13,1,15,5,3,127001.68
2025-09-01,CDC_COP,Copiapó Hub,PRD0041,13,1,0,10,6,200135.13
2025-09-01,CDC_COP,Copiapó Hub,PRD0042,1,0,10,1,0,2858.82
2025-09-01,CDC_COP,Copiapó Hub,PRD0043,0,0,0,0,0,0.0
2025-09-01,CDC_COP,Copiapó Hub,PRD0044,1,0,10,0,0,27740.69
2025-09-01,CDC_COP,Copiapó Hub,PRD0045,25,0,0,8,4,120850.0
2025-09-01,CDC_COP,Copiapó Hub,PRD0046,28,3,5,10,6,10160.92
2025-09-01,CDC_COP,Copiapó Hub,PRD0047,10,3,2,3,1,51650.1
2025-09-01,CDC_COP,Copiapó Hub,PRD0048,3,0,5,2,1,14031.18
2025-09-01,CDC_COP,Copiapó Hub,PRD0049,16,2,15,8,4,7323.68
2025-09-01,CDC_COP,Copiapó Hub,PRD0050,0,0,0,0,0,0.0
2025-09-01,CDC_COP,Copiapó Hub,PRD0051,14,0,15,8,4,296183.16
2025-09-01,CDC_COP,Copiapó Hub,PRD0052,33,5,10,10,6,281056.71
2025-09-01,CDC_COP,Copiapó Hub,PRD0053,27,1,0,10,6,20341.8
2025-09-01,CDC_COP,Copiapó Hub,PRD0054,3,0,0,3,1,6228.3
2025-09-01,CDC_COP,Copiapó Hub,PRD0055,0,0,10,0,0,0.0
2025-09-01,CDC_COP,Copiapó Hub,PRD0056,0,0,10,0,0,0.0
2025-09-01,CDC_COP,Copiapó Hub,PRD0057,2,2,0,1,0,14506.3
2025-09-01,CDC_COP,Copiapó Hub,PRD0058,0,0,5,0,0,0.0
2025-09-01,CDC_COP,Copiapó Hub,PRD0059,5,1,2,10,6,102511.45
2025-09-01,CDC_COP,Copiapó Hub,PRD0060,13,0,0,5,3,198707.47
2025-09-01,CDC_COP,Copiapó Hub,PRD0061,30,0,2,10,6,187440.3
2025-09-01,CDC_COP,Copiapó Hub,PRD0062,3,0,0,2,1,33542.1
2025-09-01,CDC_COP,Copiapó Hub,PRD0063,1,0,0,1,0,5288.43
2025-09-01,CDC_COP,Copiapó Hub,PRD0064,34,1,2,10,6,714038.42
2025-09-01,CDC_COP,Copiapó Hub,PRD0065,6,5,2,2,1,5970.72
2025-09-01,CDC_COP,Copiapó Hub,PRD0066,3,0,2,1,0,802.83
2025-09-01,CDC_COP,Copiapó Hub,PRD0067,8,0,10,5,3,3280.32
2025-09-01,CDC_COP,Copiapó Hub,PRD0068,4,4,15,3,1,30853.36
2025-09-01,CDC_COP,Copiapó Hub,PRD0069,24,3,0,10,6,117410.88
2025-09-01,CDC_COP,Copiapó Hub,PRD0070,0,0,2,0,0,0.0
2025-09-01,CDC_COP,Copiapó Hub,PRD0071,0,0,2,0,0,0.0
2025-09-01,CDC_COP,Copiapó Hub,PRD0072,3,2,0,1,0,20486.34
2025-09-01,CDC_COP,Copiapó Hub,PRD0073,6,5,0,2,1,157584.24
2025-09-01,CDC_COP,Copiapó Hub,PRD0074,9,2,0,3,1,222593.76
2025-09-01,CDC_COP,Copiapó Hub,PRD0075,4,2,15,2,1,4485.28
2025-09-01,CDC_COP,Copiapó Hub,PRD0076,0,0,15,0,0,0.0
2025-09-01,CDC_COP,Copiapó Hub,PRD0077,4,2,2,3,1,994.56
2025-09-01,CDC_COP,Copiapó Hub,PRD0078,11,5,5,5,3,99595.43
2025-09-01,CDC_COP,Copiapó Hub,PRD0079,10,1,0,3,1,56032.9
2025-09-01,CDC_COP,Copiapó Hub,PRD0080,0,0,5,0,0,0.0
2025-09-01,CDC_COP,Copiapó Hub,PRD0081,8,4,15,8,4,7812.32
2025-09-01,CDC_COP,Copiapó Hub,PRD0082,3,0,0,1,0,3665.46
2025-09-01,CDC_COP,Copiapó Hub,PRD0083,0,0,10,1,0,0.0
2025-09-01,CDC_COP,Copiapó Hub,PRD0084,0,0,2,0,0,0.0
2025-09-01,CDC_COP,Copiapó Hub,PRD0085,15,3,5,8,4,78622.95
2025-09-01,CDC_COP,Copiapó Hub,PRD0086,4,4,15,3,1,15528.76
2025-09-01,CDC_COP,Copiapó Hub,PRD0087,1,1,0,1,0,1235.97
2025-09-01,CDC_COP,Copiapó Hub,PRD0088,1,0,0,0,0,802.59
2025-09-01,CDC_COP,Copiapó Hub,PRD0089,6,5,0,8,4,38088.96
2025-09-01,CDC_COP,Copiapó Hub,PRD0090,0,0,10,0,0,0.0
2025-09-01,CDC_COP,Copiapó Hub,PRD0091,20,0,15,5,3,11122.6
2025-09-01,CDC_COP,Copiapó Hub,PRD0092,18,4,15,10,6,202100.76
2025-09-01,CDC_COP,Copiapó Hub,PRD0093,4,1,5,2,1,103002.64
2025-09-01,CDC_COP,Copiapó Hub,PRD0094,8,5,2,5,3,135383.12
2025-09-01,CDC_COP,Copiapó Hub,PRD0095,20,1,0,10,6,133190.0
2025-09-01,CDC_COP,Copiapó Hub,PRD0096,34,2,10,10,6,39608.64
2025-09-01,CDC_COP,Copiapó Hub,PRD0097,3,2,5,5,3,2017.5
2025-09-01,CDC_COP,Copiapó Hub,PRD0098,1,0,0,1,0,1112.17
2025-09-01,CDC_COP,Copiapó Hub,PRD0099,4,1,0,2,1,8409.92
2025-09-01,CDC_COP,Copiapó Hub,PRD0100,0,0,5,0,0,0.0
2025-09-01,CDC_COP,Copiapó Hub,PRD0101,35,3,5,10,6,172222.75
2025-09-01,CDC_COP,Copiapó Hub,PRD0102,25,1,10,10,6,23264.75
2025-09-01,CDC_COP,Copiapó Hub,PRD0103,3,0,0,1,0,17441.43
2025-09-01,CDC_COP,Copiapó Hub,PRD0104,0,0,10,0,0,0.0
2025-09-01,CDC_COP,Copiapó Hub,PRD0105,22,0,10,8,4,8646.22
2025-09-01,CDC_COP,Copiapó Hub,PRD0106,1,0,0,1,0,8611.81
2025-09-01,CDC_COP,Copiapó Hub,PRD0107,11,5,2,5,3,301979.26
2025-09-01,CDC_COP,Copiapó Hub,PRD0108,0,0,15,0,0,0.0
2025-09-01,CDC_COP,Copiapó Hub,PRD0109,6,0,0,2,1,107131.2
2025-09-01,CDC_COP,Copiapó Hub,PRD0110,3,3,10,3,1,13863.09
2025-09-01,CDC_COP,Copiapó Hub,PRD0111,3,3,5,3,1,24239.79
2025-09-01,CDC_COP,Copiapó Hub,PRD0112,38,2,0,10,6,639209.02
2025-09-01,CDC_COP,Copiapó Hub,PRD0113,15,5,0,8,4,16603.5
2025-09-01,CDC_COP,Copiapó Hub,PRD0114,5,3,15,2,1,11111.05
2025-09-01,CDC_COP,Copiapó Hub,PRD0115,0,0,5,1,0,0.0
2025-09-01,CDC_COP,Copiapó Hub,PRD0116,30,2,5,10,6,389432.4
2025-09-01,CDC_COP,Copiapó Hub,PRD0117,6,0,2,3,1,5780.64
2025-09-01,CDC_COP,Copiapó Hub,PRD0118,11,3,5,3,1,81240.72
2025-09-01,CDC_COP,Copiapó Hub,PRD0119,0,0,0,0,0,0.0
2025-09-01,CDC_COP,Copiapó Hub,PRD0120,20,3,0,10,6,172527.6
2025-10-01,CDC_SCL,Santiago DC,PRD0001,16,4,0,10,6,402855.68
2025-10-01,CDC_SCL,Santiago DC,PRD0002,3,0,10,1,0,43156.65
2025-10-01,CDC_SCL,Santiago DC,PRD0003,3,0,0,1,0,22511.22
2025-10-01,CDC_SCL,Santiago DC,PRD0004,0,0,10,0,0,0.0
2025-10-01,CDC_SCL,Santiago DC,PRD0005,14,2,10,10,6,56577.92
2025-10-01,CDC_SCL,Santiago DC,PRD0006,3,1,0,1,0,21897.15
2025-10-01,CDC_SCL,Santiago DC,PRD0007,1,1,0,0,0,3215.52
2025-10-01,CDC_SCL,Santiago DC,PRD0008,0,0,5,0,0,0.0
2025-10-01,CDC_SCL,Santiago DC,PRD0009,15,2,10,8,4,15770.4
2025-10-01,CDC_SCL,Santiago DC,PRD0010,32,3,2,8,4,192896.64
2025-10-01,CDC_SCL,Santiago DC,PRD0011,2,1,0,1,0,48095.74
2025-10-01,CDC_SCL,Santiago DC,PRD0012,5,4,2,3,1,1769.15
2025-10-01,CDC_SCL,Santiago DC,PRD0013,1,0,15,1,0,903.51
2025-10-01,CDC_SCL,Santiago DC,PRD0014,2,2,2,3,1,65381.76
2025-10-01,CDC_SCL,Santiago DC,PRD0015,23,5,15,10,6,573694.06
2025-10-01,CDC_SCL,Santiago DC,PRD0016,26,3,5,8,4,8612.24
2025-10-01,CDC_SCL,Santiago DC,PRD0017,10,5,0,3,1,40599.5
2025-10-01,CDC_SCL,Santiago DC,PRD0018,0,0,15,0,0,0.0
2025-10-01,CDC_SCL,Santiago DC,PRD0019,5,3,0,3,1,7645.8
2025-10-01,CDC_SCL,Santiago DC,PRD0020,26,0,0,10,6,240768.58
2025-10-01,CDC_SCL,Santiago DC,PRD0021,6,5,0,2,1,6647.58
2025-10-01,CDC_SCL,Santiago DC,PRD0022,2,1,0,1,0,1381.06
2025-10-01,CDC_SCL,Santiago DC,PRD0023,2,1,0,1,0,6084.94
2025-10-01,CDC_SCL,Santiago DC,PRD0024,12,5,10,5,3,187051.2
2025-10-01,CDC_SCL,Santiago DC,PRD0025,0,0,2,0,0,0.0
2025-10-01,CDC_SCL,Santiago DC,PRD0026,34,5,2,10,6,309308.54
2025-10-01,CDC_SCL,Santiago DC,PRD0027,14,3,0,3,1,77772.94
2025-10-01,CDC_SCL,Santiago DC,PRD0028,5,0,5,10,6,29922.4
2025-10-01,CDC_SCL,Santiago DC,PRD0029,27,3,2,8,4,176627.52
2025-10-01,CDC_SCL,Santiago DC,PRD0030,5,0,2,3,1,5517.2
2025-10-01,CDC_SCL,Santiago DC,PRD0031,0,0,2,1,0,0.0
2025-10-01,CDC_SCL,Santiago DC,PRD0032,0,0,15,8,4,0.0
2025-10-01,CDC_SCL,Santiago DC,PRD0033,0,0,0,0,0,0.0
2025-10-01,CDC_SCL,Santiago DC,PRD0034,3,3,0,1,0,17183.22
2025-10-01,CDC_SCL,Santiago DC,PRD0035,1,1,15,0,0,4699.04
2025-10-01,CDC_SCL,Santiago DC,PRD0036,1,0,5,1,0,2622.37
2025-10-01,CDC_SCL,Santiago DC,PRD0037,12,5,5,8,4,3435.0
2025-10-01,CDC_SCL,Santiago DC,PRD0038,4,0,0,8,4,134836.76
2025-10-01,CDC_SCL,Santiago DC,PRD0039,2,2,0,1,0,15744.72
2025-10-01,CDC_SCL,Santiago DC,PRD0040,2,0,15,1,0,19538.72
2025-10-01,CDC_SCL,Santiago DC,PRD0041,2,2,0,1,0,30790.02
2025-10-01,CDC_SCL,Santiago DC,PRD0042,0,0,2,0,0,0.0
2025-10-01,CDC_SCL,Santiago DC,PRD0043,0,0,15,0,0,0.0
2025-10-01,CDC_SCL,Santiago DC,PRD0044,10,0,10,8,4,277406.9
2025-10-01,CDC_SCL,Santiago DC,PRD0045,4,1,0,2,1,19336.0
2025-10-01,CDC_SCL,Santiago DC,PRD0046,1,1,5,2,1,362.89
2025-10-01,CDC_SCL,Santiago DC,PRD0047,15,4,0,10,6,77475.15
2025-10-01,CDC_SCL,Santiago DC,PRD0048,0,0,10,2,1,0.0
2025-10-01,CDC_SCL,Santiago DC,PRD0049,33,2,15,10,6,15105.09
2025-10-01,CDC_SCL,Santiago DC,PRD0050,2,2,5,1,0,352.24
2025-10-01,CDC_SCL,Santiago DC,PRD0051,22,1,15,8,4,465430.68
2025-10-01,CDC_SCL,Santiago DC,PRD0052,5,4,0,3,1,42584.35
2025-10-01,CDC_SCL,Santiago DC,PRD0053,8,1,0,3,1,6027.2
2025-10-01,CDC_SCL,Santiago DC,PRD0054,18,5,2,5,3,37369.8
2025-10-01,CDC_SCL,Santiago DC,PRD0055,3,0,15,1,0,1110.24
2025-10-01,CDC_SCL,Santiago DC,PRD0056,3,1,0,1,0,81246.48
2025-10-01,CDC_SCL,Santiago DC,PRD0057,0,0,5,0,0,0.0
2025-10-01,CDC_SCL,Santiago DC,PRD0058,11,4,0,8,4,29652.15
2025-10-01,CDC_SCL,Santiago DC,PRD0059,2,0,15,2,1,41004.58
2025-10-01,CDC_SCL,Santiago DC,PRD0060,5,5,2,2,1,76425.95
2025-10-01,CDC_SCL,Santiago DC,PRD0061,10,1,0,3,1,62480.1
2025-10-01,CDC_SCL,Santiago DC,PRD0062,2,1,2,1,0,22361.4
2025-10-01,CDC_SCL,Santiago DC,PRD0063,1,1,0,0,0,5288.43
2025-10-01,CDC_SCL,Santiago DC,PRD0064,5,0,0,2,1,105005.65
2025-10-01,CDC_SCL,Santiago DC,PRD0065,5,2,10,8,4,4975.6
2025-10-01,CDC_SCL,Santiago DC,PRD0066,4,3,0,2,1,1070.44
2025-10-01,CDC_SCL,Santiago DC,PRD0067,3,2,5,3,1,1230.12
2025-10-01,CDC_SCL,Santiago DC,PRD0068,9,3,0,5,3,69420.06
2025-10-01,CDC_SCL,Santiago DC,PRD0069,0,0,2,1,0,0.0
2025-10-01,CDC_SCL,Santiago DC,PRD0070,11,0,2,8,4,313153.61
2025-10-01,CDC_SCL,Santiago DC,PRD0071,22,2,0,8,4,20541.4
2025-10-01,CDC_SCL,Santiago DC,PRD0072,1,0,0,0,0,6828.78
2025-10-01,CDC_SCL,Santiago DC,PRD0073,24,4,5,10,6,630336.96
2025-10-01,CDC_SCL,Santiago DC,PRD0074,1,0,0,1,0,24732.64
2025-10-01,CDC_SCL,Santiago DC,PRD0075,19,0,5,8,4,21305.08
2025-10-01,CDC_SCL,Santiago DC,PRD0076,3,0,15,2,1,49025.19
2025-10-01,CDC_SCL,Santiago DC,PRD0077,5,5,15,2,1,1243.2
2025-10-01,CDC_SCL,Santiago DC,PRD0078,4,0,0,2,1,36216.52
2025-10-01,CDC_SCL,Santiago DC,PRD0079,5,4,0,2,1,28016.45
2025-10-01,CDC_SCL,Santiago DC,PRD0080,4,1,0,2,1,19652.4
2025-10-01,CDC_SCL,Santiago DC,PRD0081,0,0,0,0,0,0.0
2025-10-01,CDC_SCL,Santiago DC,PRD0082,0,0,5,0,0,0.0
2025-10-01,CDC_SCL,Santiago DC,PRD0083,22,2,15,10,6,52738.4
2025-10-01,CDC_SCL,Santiago DC,PRD0084,10,1,0,8,4,225369.2
2025-10-01,CDC_SCL,Santiago DC,PRD0085,30,0,0,10,6,157245.9
2025-10-01,CDC_SCL,Santiago DC,PRD0086,10,0,2,5,3,38821.9
2025-10-01,CDC_SCL,Santiago DC,PRD0087,0,0,0,0,0,0.0
2025-10-01,CDC_SCL,Santiago DC,PRD0088,2,1,15,1,0,1605.18
2025-10-01,CDC_SCL,Santiago DC,PRD0089,0,0,0,0,0,0.0
2025-10-01,CDC_SCL,Santiago DC,PRD0090,22,1,0,8,4,37820.2
2025-10-01,CDC_SCL,Santiago DC,PRD0091,0,0,2,0,0,0.0
2025-10-01,CDC_SCL,Santiago DC,PRD0092,10,4,5,3,1,112278.2
2025-10-01,CDC_SCL,Santiago DC,PRD0093,15,4,0,10,6,386259.9
2025-10-01,CDC_SCL,Santiago DC,PRD0094,25,5,5,10,6,423072.25
2025-10-01,CDC_SCL,Santiago DC,PRD0095,0,0,0,0,0,0.0
2025-10-01,CDC_SCL,Santiago DC,PRD0096,0,0,0,0,0,0.0
2025-10-01,CDC_SCL,Santiago DC,PRD0097,4,4,0,2,1,2690.0
2025-10-01,CDC_SCL,Santiago DC,PRD0098,0,0,0,3,1,0.0
2025-10-01,CDC_SCL,Santiago DC,PRD0099,3,3,0,1,0,6307.44
2025-10-01,CDC_SCL,Santiago DC,PRD0100,2,2,5,1,0,3172.02
2025-10-01,CDC_SCL,Santiago DC,PRD0101,1,1,2,2,1,4920.65
2025-10-01,CDC_SCL,Santiago DC,PRD0102,6,1,10,2,1,5583.54
2025-10-01,CDC_SCL,Santiago DC,PRD0103,15,2,5,8,4,87207.15
2025-10-01,CDC_SCL,Santiago DC,PRD0104,22,0,15,5,3,107860.94
2025-10-01,CDC_SCL,Santiago DC,PRD0105,2,2,5,1,0,786.02
2025-10-01,CDC_SCL,Santiago DC,PRD0106,0,0,0,0,0,0.0
2025-10-01,CDC_SCL,Santiago DC,PRD0107,5,5,2,5,3,137263.3
2025-10-01,CDC_SCL,Santiago DC,PRD0108,1,1,0,1,0,15440.34
2025-10-01,CDC_SCL,Santiago DC,PRD0109,0,0,2,0,0,0.0
2025-10-01,CDC_SCL,Santiago DC,PRD0110,8,0,0,3,1,36968.24
2025-10-01,CDC_SCL,Santiago DC,PRD0111,8,0,15,3,1,64639.44
2025-10-01,CDC_SCL,Santiago DC,PRD0112,0,0,5,0,0,0.0
2025-10-01,CDC_SCL,Santiago DC,PRD0113,0,0,0,0,0,0.0
2025-10-01,CDC_SCL,Santiago DC,PRD0114,3,0,0,1,0,6666.63
2025-10-01,CDC_SCL,Santiago DC,PRD0115,0,0,0,0,0,0.0
2025-10-01,CDC_SCL,Santiago DC,PRD0116,15,5,5,8,4,194716.2
2025-10-01,CDC_SCL,Santiago DC,PRD0117,10,4,0,5,3,9634.4
2025-10-01,CDC_SCL,Santiago DC,PRD0118,9,2,15,3,1,66469.68
2025-10-01,CDC_SCL,Santiago DC,PRD0119,0,0,0,10,6,0.0
2025-10-01,CDC_SCL,Santiago DC,PRD0120,1,1,15,1,0,8626.38
2025-10-01,CDC_ANT,Antofagasta DC,PRD0001,14,3,0,10,6,352498.72
2025-10-01,CDC_ANT,Antofagasta DC,PRD0002,0,0,2,0,0,0.0
2025-10-01,CDC_ANT,Antofagasta DC,PRD0003,12,1,15,5,3,90044.88
2025-10-01,CDC_ANT,Antofagasta DC,PRD0004,25,0,2,8,4,91364.5
2025-10-01,CDC_ANT,Antofagasta DC,PRD0005,11,1,0,3,1,44454.08
2025-10-01,CDC_ANT,Antofagasta DC,PRD0006,13,5,2,10,6,94887.65
2025-10-01,CDC_ANT,Antofagasta DC,PRD0007,3,3,0,2,1,9646.56
2025-10-01,CDC_ANT,Antofagasta DC,PRD0008,0,0,10,5,3,0.0
2025-10-01,CDC_ANT,Antofagasta DC,PRD0009,2,2,2,1,0,2102.72
2025-10-01,CDC_ANT,Antofagasta DC,PRD0010,0,0,10,1,0,0.0
2025-10-01,CDC_ANT,Antofagasta DC,PRD0011,17,3,5,8,4,408813.79
2025-10-01,CDC_ANT,Antofagasta DC,PRD0012,3,3,2,3,1,1061.49
2025-10-01,CDC_ANT,Antofagasta DC,PRD0013,16,2,0,8,4,14456.16
2025-10-01,CDC_ANT,Antofagasta DC,PRD0014,1,0,0,1,0,32690.88
2025-10-01,CDC_ANT,Antofagasta DC,PRD0015,2,0,0,0,0,49886.44
2025-10-01,CDC_ANT,Antofagasta DC,PRD0016,0,0,2,0,0,0.0
2025-10-01,CDC_ANT,Antofagasta DC,PRD0017,1,1,5,0,0,4059.95
2025-10-01,CDC_ANT,Antofagasta DC,PRD0018,5,5,15,2,1,4821.7
2025-10-01,CDC_ANT,Antofagasta DC,PRD0019,16,5,15,5,3,24466.56
2025-10-01,CDC_ANT,Antofagasta DC,PRD0020,0,0,0,0,0,0.0
2025-10-01,CDC_ANT,Antofagasta DC,PRD0021,26,3,10,10,6,28806.18
2025-10-01,CDC_ANT,Antofagasta DC,PRD0022,14,4,0,5,3,9667.42
2025-10-01,CDC_ANT,Antofagasta DC,PRD0023,1,0,15,1,0,3042.47
2025-10-01,CDC_ANT,Antofagasta DC,PRD0024,24,2,2,8,4,374102.4
2025-10-01,CDC_ANT,Antofagasta DC,PRD0025,7,3,5,10,6,3331.3
2025-10-01,CDC_ANT,Antofagasta DC,PRD0026,0,0,10,0,0,0.0
2025-10-01,CDC_ANT,Antofagasta DC,PRD0027,22,2,15,10,6,122214.62
2025-10-01,CDC_ANT,Antofagasta DC,PRD0028,0,0,15,0,0,0.0
2025-10-01,CDC_ANT,Antofagasta DC,PRD0029,7,4,0,3,1,45792.32
2025-10-01,CDC_ANT,Antofagasta DC,PRD0030,4,2,5,3,1,4413.76
2025-10-01,CDC_ANT,Antofagasta DC,PRD0031,0,0,0,0,0,0.0
2025-10-01,CDC_ANT,Antofagasta DC,PRD0032,0,0,10,0,0,0.0
2025-10-01,CDC_ANT,Antofagasta DC,PRD0033,24,1,2,10,6,139711.68
2025-10-01,CDC_ANT,Antofagasta DC,PRD0034,7,3,5,3,1,40094.18
2025-10-01,CDC_ANT,Antofagasta DC,PRD0035,17,3,2,10,6,79883.68
2025-10-01,CDC_ANT,Antofagasta DC,PRD0036,6,1,15,2,1,15734.22
2025-10-01,CDC_ANT,Antofagasta DC,PRD0037,6,5,15,3,1,1717.5
2025-10-01,CDC_ANT,Antofagasta DC,PRD0038,4,3,0,3,1,134836.76
2025-10-01,CDC_ANT,Antofagasta DC,PRD0039,3,3,5,2,1,23617.08
2025-10-01,CDC_ANT,Antofagasta DC,PRD0040,7,1,0,8,4,68385.52
2025-10-01,CDC_ANT,Antofagasta DC,PRD0041,0,0,15,0,0,0.0
2025-10-01,CDC_ANT,Antofagasta DC,PRD0042,13,2,0,5,3,37164.66
2025-10-01,CDC_ANT,Antofagasta DC,PRD0043,9,2,5,3,1,129043.8
2025-10-01,CDC_ANT,Antofagasta DC,PRD0044,1,1,10,1,0,27740.69
2025-10-01,CDC_ANT,Antofagasta DC,PRD0045,4,4,0,3,1,19336.0
2025-10-01,CDC_ANT,Antofagasta DC,PRD0046,5,4,2,2,1,1814.45
2025-10-01,CDC_ANT,Antofagasta DC,PRD0047,0,0,5,0,0,0.0
2025-10-01,CDC_ANT,Antofagasta DC,PRD0048,0,0,0,0,0,0.0
2025-10-01,CDC_ANT,Antofagasta DC,PRD0049,0,0,5,0,0,0.0
2025-10-01,CDC_ANT,Antofagasta DC,PRD0050,5,3,0,3,1,880.6
2025-10-01,CDC_ANT,Antofagasta DC,PRD0051,25,4,0,10,6,528898.5
2025-10-01,CDC_ANT,Antofagasta DC,PRD0052,10,2,15,5,3,85168.7
2025-10-01,CDC_ANT,Antofagasta DC,PRD0053,11,5,15,3,1,8287.4
2025-10-01,CDC_ANT,Antofagasta DC,PRD0054,28,2,0,10,6,58130.8
2025-10-01,CDC_ANT,Antofagasta DC,PRD0055,3,0,5,3,1,1110.24
2025-10-01,CDC_ANT,Antofagasta DC,PRD0056,3,3,0,2,1,81246.48
2025-10-01,CDC_ANT,Antofagasta DC,PRD0057,9,3,0,3,1,65278.35
2025-10-01,CDC_ANT,Antofagasta DC,PRD0058,5,5,2,10,6,13478.25
2025-10-01,CDC_ANT,Antofagasta DC,PRD0059,2,2,5,1,0,41004.58
2025-10-01,CDC_ANT,Antofagasta DC,PRD0060,0,0,10,0,0,0.0
2025-10-01,CDC_ANT,Antofagasta DC,PRD0061,21,4,10,8,4,131208.21
2025-10-01,CDC_ANT,Antofagasta DC,PRD0062,2,2,0,2,1,22361.4
2025-10-01,CDC_ANT,Antofagasta DC,PRD0063,0,0,10,0,0,0.0
2025-10-01,CDC_ANT,Antofagasta DC,PRD0064,7,1,0,3,1,147007.91
2025-10-01,CDC_ANT,Antofagasta DC,PRD0065,1,0,0,1,0,995.12
2025-10-01,CDC_ANT,Antofagasta DC,PRD0066,22,5,2,8,4,5887.42
2025-10-01,CDC_ANT,Antofagasta DC,PRD0067,24,5,10,10,6,9840.96
2025-10-01,CDC_ANT,Antofagasta DC,PRD0068,0,0,15,0,0,0.0
2025-10-01,CDC_ANT,Antofagasta DC,PRD0069,18,3,0,8,4,88058.16
2025-10-01,CDC_ANT,Antofagasta DC,PRD0070,0,0,0,0,0,0.0
2025-10-01,CDC_ANT,Antofagasta DC,PRD0071,3,1,5,3,1,2801.1
2025-10-01,CDC_ANT,Antofagasta DC,PRD0072,2,1,0,2,1,13657.56
2025-10-01,CDC_ANT,Antofagasta DC,PRD0073,0,0,15,0,0,0.0
2025-10-01,CDC_ANT,Antofagasta DC,PRD0074,22,1,10,8,4,544118.08
2025-10-01,CDC_ANT,Antofagasta DC,PRD0075,18,1,0,5,3,20183.76
2025-10-01,CDC_ANT,Antofagasta DC,PRD0076,1,1,0,0,0,16341.73
2025-10-01,CDC_ANT,Antofagasta DC,PRD0077,30,1,15,10,6,7459.2
2025-10-01,CDC_ANT,Antofagasta DC,PRD0078,0,0,10,10,6,0.0
2025-10-01,CDC_ANT,Antofagasta DC,PRD0079,32,2,15,10,6,179305.28
2025-10-01,CDC_ANT,Antofagasta DC,PRD0080,12,5,10,5,3,58957.2
2025-10-01,CDC_ANT,Antofagasta DC,PRD0081,2,0,0,1,0,1953.08
2025-10-01,CDC_ANT,Antofagasta DC,PRD0082,0,0,0,0,0,0.0
2025-10-01,CDC_ANT,Antofagasta DC,PRD0083,1,0,15,0,0,2397.2
2025-10-01,CDC_ANT,Antofagasta DC,PRD0084,0,0,15,0,0,0.0
2025-10-01,CDC_ANT,Antofagasta DC,PRD0085,7,0,5,5,3,36690.71
2025-10-01,CDC_ANT,Antofagasta DC,PRD0086,8,4,2,5,3,31057.52
2025-10-01,CDC_ANT,Antofagasta DC,PRD0087,0,0,0,0,0,0.0
2025-10-01,CDC_ANT,Antofagasta DC,PRD0088,4,0,5,3,1,3210.36
2025-10-01,CDC_ANT,Antofagasta DC,PRD0089,2,2,0,1,0,12696.32
2025-10-01,CDC_ANT,Antofagasta DC,PRD0090,10,0,2,8,4,17191.0
2025-10-01,CDC_ANT,Antofagasta DC,PRD0091,10,5,10,3,1,5561.3
2025-10-01,CDC_ANT,Antofagasta DC,PRD0092,3,1,15,2,1,33683.46
2025-10-01,CDC_ANT,Antofagasta DC,PRD0093,21,0,0,10,6,540763.86
2025-10-01,CDC_ANT,Antofagasta DC,PRD0094,6,0,15,5,3,101537.34
2025-10-01,CDC_ANT,Antofagasta DC,PRD0095,1,0,2,1,0,6659.5
2025-10-01,CDC_ANT,Antofagasta DC,PRD0096,26,0,5,10,6,30288.96
2025-10-01,CDC_ANT,Antofagasta DC,PRD0097,5,2,0,3,1,3362.5
2025-10-01,CDC_ANT,Antofagasta DC,PRD0098,3,0,2,2,1,3336.51
2025-10-01,CDC_ANT,Antofagasta DC,PRD0099,5,4,5,2,1,10512.4
2025-10-01,CDC_ANT,Antofagasta DC,PRD0100,7,5,5,2,1,11102.07
2025-10-01,CDC_ANT,Antofagasta DC,PRD0101,7,5,0,2,1,34444.55
2025-10-01,CDC_ANT,Antofagasta DC,PRD0102,0,0,0,0,0,0.0
2025-10-01,CDC_ANT,Antofagasta DC,PRD0103,24,5,2,8,4,139531.44
2025-10-01,CDC_ANT,Antofagasta DC,PRD0104,5,3,10,2,1,24513.85
2025-10-01,CDC_ANT,Antofagasta DC,PRD0105,0,0,0,0,0,0.0
2025-10-01,CDC_ANT,Antofagasta DC,PRD0106,6,4,0,2,1,51670.86
2025-10-01,CDC_ANT,Antofagasta DC,PRD0107,15,3,2,5,3,411789.9
2025-10-01,CDC_ANT,Antofagasta DC,PRD0108,1,1,2,0,0,15440.34
2025-10-01,CDC_ANT,Antofagasta DC,PRD0109,3,1,2,3,1,53565.6
2025-10-01,CDC_ANT,Antofagasta DC,PRD0110,16,0,0,5,3,73936.48
2025-10-01,CDC_ANT,Antofagasta DC,PRD0111,0,0,0,0,0,0.0
2025-10-01,CDC_ANT,Antofagasta DC,PRD0112,3,3,15,2,1,50463.87
2025-10-01,CDC_ANT,Antofagasta DC,PRD0113,0,0,2,0,0,0.0
2025-10-01,CDC_ANT,Antofagasta DC,PRD0114,19,2,0,8,4,42221.99
2025-10-01,CDC_ANT,Antofagasta DC,PRD0115,0,0,15,0,0,0.0
2025-10-01,CDC_ANT,Antofagasta DC,PRD0116,17,5,10,10,6,220678.36
2025-10-01,CDC_ANT,Antofagasta DC,PRD0117,25,1,15,10,6,24086.0
2025-10-01,CDC_ANT,Antofagasta DC,PRD0118,2,1,2,1,0,14771.04
2025-10-01,CDC_ANT,Antofagasta DC,PRD0119,7,2,0,3,1,3302.6
2025-10-01,CDC_ANT,Antofagasta DC,PRD0120,20,3,10,8,4,172527.6
2025-10-01,CDC_CAL,Calama Hub,PRD0001,1,0,0,2,1,25178.48
2025-10-01,CDC_CAL,Calama Hub,PRD0002,0,0,0,0,0,0.0
2025-10-01,CDC_CAL,Calama Hub,PRD0003,3,3,10,3,1,22511.22
2025-10-01,CDC_CAL,Calama Hub,PRD0004,23,3,0,8,4,84055.34
2025-10-01,CDC_CAL,Calama Hub,PRD0005,29,3,5,8,4,117197.12
2025-10-01,CDC_CAL,Calama Hub,PRD0006,18,3,0,8,4,131382.9
2025-10-01,CDC_CAL,Calama Hub,PRD0007,10,4,5,5,3,32155.2
2025-10-01,CDC_CAL,Calama Hub,PRD0008,13,5,15,5,3,47157.89
2025-10-01,CDC_CAL,Calama Hub,PRD0009,0,0,0,0,0,0.0
2025-10-01,CDC_CAL,Calama Hub,PRD0010,3,3,15,1,0,18084.06
2025-10-01,CDC_CAL,Calama Hub,PRD0011,7,0,5,5,3,168335.09
2025-10-01,CDC_CAL,Calama Hub,PRD0012,14,4,2,5,3,4953.62
2025-10-01,CDC_CAL,Calama Hub,PRD0013,0,0,10,0,0,0.0
2025-10-01,CDC_CAL,Calama Hub,PRD0014,0,0,2,0,0,0.0
2025-10-01,CDC_CAL,Calama Hub,PRD0015,15,1,0,8,4,374148.3
2025-10-01,CDC_CAL,Calama Hub,PRD0016,18,4,0,5,3,5962.32
2025-10-01,CDC_CAL,Calama Hub,PRD0017,3,3,2,2,1,12179.85
2025-10-01,CDC_CAL,Calama Hub,PRD0018,0,0,0,0,0,0.0
2025-10-01,CDC_CAL,Calama Hub,PRD0019,12,0,2,10,6,18349.92
2025-10-01,CDC_CAL,Calama Hub,PRD0020,0,0,2,0,0,0.0
2025-10-01,CDC_CAL,Calama Hub,PRD0021,9,3,5,3,1,9971.37
2025-10-01,CDC_CAL,Calama Hub,PRD0022,6,2,0,2,1,4143.18
2025-10-01,CDC_CAL,Calama Hub,PRD0023,13,5,0,5,3,39552.11
2025-10-01,CDC_CAL,Calama Hub,PRD0024,0,0,0,0,0,0.0
2025-10-01,CDC_CAL,Calama Hub,PRD0025,3,2,10,2,1,1427.7
2025-10-01,CDC_CAL,Calama Hub,PRD0026,10,0,2,5,3,90973.1
2025-10-01,CDC_CAL,Calama Hub,PRD0027,3,2,0,2,1,16665.63
2025-10-01,CDC_CAL,Calama Hub,PRD0028,1,0,0,0,0,5984.48
2025-10-01,CDC_CAL,Calama Hub,PRD0029,7,4,15,3,1,45792.32
2025-10-01,CDC_CAL,Calama Hub,PRD0030,21,2,0,8,4,23172.24
2025-10-01,CDC_CAL,Calama Hub,PRD0031,2,1,0,1,0,15686.1
2025-10-01,CDC_CAL,Calama Hub,PRD0032,14,0,2,5,3,6093.92
2025-10-01,CDC_CAL,Calama Hub,PRD0033,9,3,0,3,1,52391.88
2025-10-01,CDC_CAL,Calama Hub,PRD0034,5,4,10,2,1,28638.7
2025-10-01,CDC_CAL,Calama Hub,PRD0035,13,3,0,5,3,61087.52
2025-10-01,CDC_CAL,Calama Hub,PRD0036,1,0,10,1,0,2622.37
2025-10-01,CDC_CAL,Calama Hub,PRD0037,0,0,10,0,0,0.0
2025-10-01,CDC_CAL,Calama Hub,PRD0038,0,0,2,1,0,0.0
2025-10-01,CDC_CAL,Calama Hub,PRD0039,0,0,0,0,0,0.0
2025-10-01,CDC_CAL,Calama Hub,PRD0040,0,0,2,0,0,0.0
2025-10-01,CDC_CAL,Calama Hub,PRD0041,12,1,5,5,3,184740.12
2025-10-01,CDC_CAL,Calama Hub,PRD0042,1,1,5,0,0,2858.82
2025-10-01,CDC_CAL,Calama Hub,PRD0043,4,1,15,5,3,57352.8
2025-10-01,CDC_CAL,Calama Hub,PRD0044,2,1,0,3,1,55481.38
2025-10-01,CDC_CAL,Calama Hub,PRD0045,11,5,0,10,6,53174.0
2025-10-01,CDC_CAL,Calama Hub,PRD0046,2,2,10,5,3,725.78
2025-10-01,CDC_CAL,Calama Hub,PRD0047,4,3,0,2,1,20660.04
2025-10-01,CDC_CAL,Calama Hub,PRD0048,0,0,0,0,0,0.0
2025-10-01,CDC_CAL,Calama Hub,PRD0049,19,3,2,5,3,8696.87
2025-10-01,CDC_CAL,Calama Hub,PRD0050,3,3,0,3,1,528.36
2025-10-01,CDC_CAL,Calama Hub,PRD0051,6,2,5,3,1,126935.64
2025-10-01,CDC_CAL,Calama Hub,PRD0052,1,0,5,1,0,8516.87
2025-10-01,CDC_CAL,Calama Hub,PRD0053,3,0,10,1,0,2260.2
2025-10-01,CDC_CAL,Calama Hub,PRD0054,0,0,15,0,0,0.0
2025-10-01,CDC_CAL,Calama Hub,PRD0055,0,0,0,0,0,0.0
2025-10-01,CDC_CAL,Calama Hub,PRD0056,8,2,15,3,1,216657.28
2025-10-01,CDC_CAL,Calama Hub,PRD0057,8,1,0,10,6,58025.2
2025-10-01,CDC_CAL,Calama Hub,PRD0058,0,0,2,0,0,0.0
2025-10-01,CDC_CAL,Calama Hub,PRD0059,23,0,2,10,6,471552.67
2025-10-01,CDC_CAL,Calama Hub,PRD0060,2,1,5,1,0,30570.38
2025-10-01,CDC_CAL,Calama Hub,PRD0061,2,1,0,1,0,12496.02
2025-10-01,CDC_CAL,Calama Hub,PRD0062,3,1,15,2,1,33542.1
2025-10-01,CDC_CAL,Calama Hub,PRD0063,0,0,2,0,0,0.0
2025-10-01,CDC_CAL,Calama Hub,PRD0064,13,5,10,10,6,273014.69
2025-10-01,CDC_CAL,Calama Hub,PRD0065,18,2,0,8,4,17912.16
2025-10-01,CDC_CAL,Calama Hub,PRD0066,22,1,15,8,4,5887.42
2025-10-01,CDC_CAL,Calama Hub,PRD0067,16,3,0,5,3,6560.64
2025-10-01,CDC_CAL,Calama Hub,PRD0068,16,4,10,8,4,123413.44
2025-10-01,CDC_CAL,Calama Hub,PRD0069,1,0,0,3,1,4892.12
2025-10-01,CDC_CAL,Calama Hub,PRD0070,1,0,0,0,0,28468.51
2025-10-01,CDC_CAL,Calama Hub,PRD0071,0,0,2,0,0,0.0
2025-10-01,CDC_CAL,Calama Hub,PRD0072,2,2,0,1,0,13657.56
2025-10-01,CDC_CAL,Calama Hub,PRD0073,5,0,5,2,1,131320.2
2025-10-01,CDC_CAL,Calama Hub,PRD0074,6,4,0,5,3,148395.84
2025-10-01,CDC_CAL,Calama Hub,PRD0075,0,0,2,1,0,0.0
2025-10-01,CDC_CAL,Calama Hub,PRD0076,14,5,0,8,4,228784.22
2025-10-01,CDC_CAL,Calama Hub,PRD0077,2,2,2,1,0,497.28
2025-10-01,CDC_CAL,Calama Hub,PRD0078,0,0,0,0,0,0.0
2025-10-01,CDC_CAL,Calama Hub,PRD0079,0,0,0,0,0,0.0
2025-10-01,CDC_CAL,Calama Hub,PRD0080,35,3,0,10,6,171958.5
2025-10-01,CDC_CAL,Calama Hub,PRD0081,25,0,0,8,4,24413.5
2025-10-01,CDC_CAL,Calama Hub,PRD0082,3,0,2,2,1,3665.46
2025-10-01,CDC_CAL,Calama Hub,PRD0083,0,0,0,1,0,0.0
2025-10-01,CDC_CAL,Calama Hub,PRD0084,1,0,0,1,0,22536.92
2025-10-01,CDC_CAL,Calama Hub,PRD0085,16,4,10,5,3,83864.48
2025-10-01,CDC_CAL,Calama Hub,PRD0086,1,0,5,0,0,3882.19
2025-10-01,CDC_CAL,Calama Hub,PRD0087,8,0,2,10,6,9887.76
2025-10-01,CDC_CAL,Calama Hub,PRD0088,5,4,15,5,3,4012.95
2025-10-01,CDC_CAL,Calama Hub,PRD0089,0,0,15,0,0,0.0
2025-10-01,CDC_CAL,Calama Hub,PRD0090,4,2,15,2,1,6876.4
2025-10-01,CDC_CAL,Calama Hub,PRD0091,1,0,2,1,0,556.13
2025-10-01,CDC_CAL,Calama Hub,PRD0092,8,5,0,10,6,89822.56
2025-10-01,CDC_CAL,Calama Hub,PRD0093,0,0,0,0,0,0.0
2025-10-01,CDC_CAL,Calama Hub,PRD0094,19,1,0,5,3,321534.91
2025-10-01,CDC_CAL,Calama Hub,PRD0095,25,2,0,10,6,166487.5
2025-10-01,CDC_CAL,Calama Hub,PRD0096,6,3,2,2,1,6989.76
2025-10-01,CDC_CAL,Calama Hub,PRD0097,13,5,5,5,3,8742.5
2025-10-01,CDC_CAL,Calama Hub,PRD0098,0,0,0,0,0,0.0
2025-10-01,CDC_CAL,Calama Hub,PRD0099,3,2,10,1,0,6307.44
2025-10-01,CDC_CAL,Calama Hub,PRD0100,0,0,5,0,0,0.0
2025-10-01,CDC_CAL,Calama Hub,PRD0101,17,0,0,10,6,83651.05
2025-10-01,CDC_CAL,Calama Hub,PRD0102,1,0,5,0,0,930.59
2025-10-01,CDC_CAL,Calama Hub,PRD0103,14,4,10,5,3,81393.34
2025-10-01,CDC_CAL,Calama Hub,PRD0104,9,3,10,3,1,44124.93
2025-10-01,CDC_CAL,Calama Hub,PRD0105,10,1,10,5,3,3930.1
2025-10-01,CDC_CAL,Calama Hub,PRD0106,0,0,15,0,0,0.0
2025-10-01,CDC_CAL,Calama Hub,PRD0107,0,0,15,0,0,0.0
2025-10-01,CDC_CAL,Calama Hub,PRD0108,0,0,0,0,0,0.0
2025-10-01,CDC_CAL,Calama Hub,PRD0109,5,1,15,5,3,89276.0
2025-10-01,CDC_CAL,Calama Hub,PRD0110,15,4,2,5,3,69315.45
2025-10-01,CDC_CAL,Calama Hub,PRD0111,3,0,15,2,1,24239.79
2025-10-01,CDC_CAL,Calama Hub,PRD0112,9,3,0,8,4,151391.61
2025-10-01,CDC_CAL,Calama Hub,PRD0113,0,0,0,0,0,0.0
2025-10-01,CDC_CAL,Calama Hub,PRD0114,4,3,15,5,3,8888.84
2025-10-01,CDC_CAL,Calama Hub,PRD0115,0,0,2,0,0,0.0
2025-10-01,CDC_CAL,Calama Hub,PRD0116,0,0,0,0,0,0.0
2025-10-01,CDC_CAL,Calama Hub,PRD0117,5,4,5,3,1,4817.2
2025-10-01,CDC_CAL,Calama Hub,PRD0118,0,0,2,0,0,0.0
2025-10-01,CDC_CAL,Calama Hub,PRD0119,6,2,10,3,1,2830.8
2025-10-01,CDC_CAL,Calama Hub,PRD0120,26,0,0,8,4,224285.88
2025-10-01,CDC_COP,Copiapó Hub,PRD0001,31,0,10,10,6,780532.88
2025-10-01,CDC_COP,Copiapó Hub,PRD0002,5,3,15,3,1,71927.75
2025-10-01,CDC_COP,Copiapó Hub,PRD0003,0,0,0,0,0,0.0
2025-10-01,CDC_COP,Copiapó Hub,PRD0004,0,0,5,0,0,0.0
2025-10-01,CDC_COP,Copiapó Hub,PRD0005,8,5,0,5,3,32330.24
2025-10-01,CDC_COP,Copiapó Hub,PRD0006,1,0,2,1,0,7299.05
2025-10-01,CDC_COP,Copiapó Hub,PRD0007,27,4,10,10,6,86819.04
2025-10-01,CDC_COP,Copiapó Hub,PRD0008,0,0,10,1,0,0.0
2025-10-01,CDC_COP,Copiapó Hub,PRD0009,1,0,2,1,0,1051.36
2025-10-01,CDC_COP,Copiapó Hub,PRD0010,16,4,0,5,3,96448.32
2025-10-01,CDC_COP,Copiapó Hub,PRD0011,0,0,0,0,0,0.0
2025-10-01,CDC_COP,Copiapó Hub,PRD0012,26,4,0,10,6,9199.58
2025-10-01,CDC_COP,Copiapó Hub,PRD0013,2,0,2,2,1,1807.02
2025-10-01,CDC_COP,Copiapó Hub,PRD0014,14,4,0,10,6,457672.32
2025-10-01,CDC_COP,Copiapó Hub,PRD0015,6,3,2,3,1,149659.32
2025-10-01,CDC_COP,Copiapó Hub,PRD0016,5,5,0,3,1,1656.2
2025-10-01,CDC_COP,Copiapó Hub,PRD0017,2,0,0,1,0,8119.9
2025-10-01,CDC_COP,Copiapó Hub,PRD0018,7,2,2,2,1,6750.38
2025-10-01,CDC_COP,Copiapó Hub,PRD0019,5,2,10,2,1,7645.8
2025-10-01,CDC_COP,Copiapó Hub,PRD0020,5,4,15,5,3,46301.65
2025-10-01,CDC_COP,Copiapó Hub,PRD0021,13,1,5,10,6,14403.09
2025-10-01,CDC_COP,Copiapó Hub,PRD0022,0,0,10,0,0,0.0
2025-10-01,CDC_COP,Copiapó Hub,PRD0023,0,0,0,0,0,0.0
2025-10-01,CDC_COP,Copiapó Hub,PRD0024,4,1,0,2,1,62350.4
2025-10-01,CDC_COP,Copiapó Hub,PRD0025,5,5,10,3,1,2379.5
2025-10-01,CDC_COP,Copiapó Hub,PRD0026,0,0,2,1,0,0.0
2025-10-01,CDC_COP,Copiapó Hub,PRD0027,6,1,10,2,1,33331.26
2025-10-01,CDC_COP,Copiapó Hub,PRD0028,5,5,0,2,1,29922.4
2025-10-01,CDC_COP,Copiapó Hub,PRD0029,0,0,5,0,0,0.0
2025-10-01,CDC_COP,Copiapó Hub,PRD0030,8,2,0,2,1,8827.52
2025-10-01,CDC_COP,Copiapó Hub,PRD0031,19,4,5,10,6,149017.95
2025-10-01,CDC_COP,Copiapó Hub,PRD0032,27,4,0,8,4,11752.56
2025-10-01,CDC_COP,Copiapó Hub,PRD0033,1,1,0,1,0,5821.32
2025-10-01,CDC_COP,Copiapó Hub,PRD0034,3,2,15,2,1,17183.22
2025-10-01,CDC_COP,Copiapó Hub,PRD0035,0,0,0,0,0,0.0
2025-10-01,CDC_COP,Copiapó Hub,PRD0036,1,0,0,1,0,2622.37
2025-10-01,CDC_COP,Copiapó Hub,PRD0037,4,1,5,1,0,1145.0
2025-10-01,CDC_COP,Copiapó Hub,PRD0038,4,3,15,2,1,134836.76
2025-10-01,CDC_COP,Copiapó Hub,PRD0039,22,3,5,10,6,173191.92
2025-10-01,CDC_COP,Copiapó Hub,PRD0040,0,0,10,0,0,0.0
2025-10-01,CDC_COP,Copiapó Hub,PRD0041,1,1,2,1,0,15395.01
2025-10-01,CDC_COP,Copiapó Hub,PRD0042,2,1,0,1,0,5717.64
2025-10-01,CDC_COP,Copiapó Hub,PRD0043,11,3,10,8,4,157720.2
2025-10-01,CDC_COP,Copiapó Hub,PRD0044,4,0,0,2,1,110962.76
2025-10-01,CDC_COP,Copiapó Hub,PRD0045,24,1,15,8,4,116016.0
2025-10-01,CDC_COP,Copiapó Hub,PRD0046,6,3,15,5,3,2177.34
2025-10-01,CDC_COP,Copiapó Hub,PRD0047,0,0,0,0,0,0.0
2025-10-01,CDC_COP,Copiapó Hub,PRD0048,0,0,2,0,0,0.0
2025-10-01,CDC_COP,Copiapó Hub,PRD0049,8,0,10,3,1,3661.84
2025-10-01,CDC_COP,Copiapó Hub,PRD0050,0,0,2,0,0,0.0
2025-10-01,CDC_COP,Copiapó Hub,PRD0051,0,0,15,0,0,0.0
2025-10-01,CDC_COP,Copiapó Hub,PRD0052,1,0,5,1,0,8516.87
2025-10-01,CDC_COP,Copiapó Hub,PRD0053,3,3,0,1,0,2260.2
2025-10-01,CDC_COP,Copiapó Hub,PRD0054,20,1,0,10,6,41522.0
2025-10-01,CDC_COP,Copiapó Hub,PRD0055,7,5,10,3,1,2590.56
2025-10-01,CDC_COP,Copiapó Hub,PRD0056,5,2,15,2,1,135410.8
2025-10-01,CDC_COP,Copiapó Hub,PRD0057,1,1,0,1,0,7253.15
2025-10-01,CDC_COP,Copiapó Hub,PRD0058,0,0,0,0,0,0.0
2025-10-01,CDC_COP,Copiapó Hub,PRD0059,4,2,15,2,1,82009.16
2025-10-01,CDC_COP,Copiapó Hub,PRD0060,18,1,10,8,4,275133.42
2025-10-01,CDC_COP,Copiapó Hub,PRD0061,0,0,10,0,0,0.0
2025-10-01,CDC_COP,Copiapó Hub,PRD0062,1,0,15,0,0,11180.7
2025-10-01,CDC_COP,Copiapó Hub,PRD0063,1,1,5,0,0,5288.43
2025-10-01,CDC_COP,Copiapó Hub,PRD0064,22,5,10,8,4,462024.86
2025-10-01,CDC_COP,Copiapó Hub,PRD0065,18,1,0,10,6,17912.16
2025-10-01,CDC_COP,Copiapó Hub,PRD0066,2,2,0,1,0,535.22
2025-10-01,CDC_COP,Copiapó Hub,PRD0067,19,1,15,10,6,7790.76
2025-10-01,CDC_COP,Copiapó Hub,PRD0068,1,0,0,1,0,7713.34
2025-10-01,CDC_COP,Copiapó Hub,PRD0069,19,1,5,10,6,92950.28
2025-10-01,CDC_COP,Copiapó Hub,PRD0070,11,0,2,5,3,313153.61
2025-10-01,CDC_COP,Copiapó Hub,PRD0071,0,0,10,0,0,0.0
2025-10-01,CDC_COP,Copiapó Hub,PRD0072,7,2,5,10,6,47801.46
2025-10-01,CDC_COP,Copiapó Hub,PRD0073,10,4,10,5,3,262640.4
2025-10-01,CDC_COP,Copiapó Hub,PRD0074,4,1,0,2,1,98930.56
2025-10-01,CDC_COP,Copiapó Hub,PRD0075,8,5,0,5,3,8970.56
2025-10-01,CDC_COP,Copiapó Hub,PRD0076,17,1,10,10,6,277809.41
2025-10-01,CDC_COP,Copiapó Hub,PRD0077,0,0,0,0,0,0.0
2025-10-01,CDC_COP,Copiapó Hub,PRD0078,31,5,15,8,4,280678.03
2025-10-01,CDC_COP,Copiapó Hub,PRD0079,0,0,15,0,0,0.0
2025-10-01,CDC_COP,Copiapó Hub,PRD0080,0,0,10,0,0,0.0
2025-10-01,CDC_COP,Copiapó Hub,PRD0081,5,5,0,8,4,4882.7
2025-10-01,CDC_COP,Copiapó Hub,PRD0082,6,5,0,3,1,7330.92
2025-10-01,CDC_COP,Copiapó Hub,PRD0083,6,2,10,3,1,14383.2
2025-10-01,CDC_COP,Copiapó Hub,PRD0084,1,0,2,1,0,22536.92
2025-10-01,CDC_COP,Copiapó Hub,PRD0085,35,3,5,8,4,183453.55
2025-10-01,CDC_COP,Copiapó Hub,PRD0086,0,0,5,2,1,0.0
2025-10-01,CDC_COP,Copiapó Hub,PRD0087,28,0,2,10,6,34607.16
2025-10-01,CDC_COP,Copiapó Hub,PRD0088,14,3,0,5,3,11236.26
2025-10-01,CDC_COP,Copiapó Hub,PRD0089,3,2,15,2,1,19044.48
2025-10-01,CDC_COP,Copiapó Hub,PRD0090,1,0,15,0,0,1719.1
2025-10-01,CDC_COP,Copiapó Hub,PRD0091,5,1,0,2,1,2780.65
2025-10-01,CDC_COP,Copiapó Hub,PRD0092,22,0,5,10,6,247012.04
2025-10-01,CDC_COP,Copiapó Hub,PRD0093,10,5,0,2,1,257506.6
2025-10-01,CDC_COP,Copiapó Hub,PRD0094,29,0,0,10,6,490763.81
2025-10-01,CDC_COP,Copiapó Hub,PRD0095,1,1,2,1,0,6659.5
2025-10-01,CDC_COP,Copiapó Hub,PRD0096,1,1,15,0,0,1164.96
2025-10-01,CDC_COP,Copiapó Hub,PRD0097,29,4,2,10,6,19502.5
2025-10-01,CDC_COP,Copiapó Hub,PRD0098,11,4,10,5,3,12233.87
2025-10-01,CDC_COP,Copiapó Hub,PRD0099,2,1,0,1,0,4204.96
2025-10-01,CDC_COP,Copiapó Hub,PRD0100,2,1,0,1,0,3172.02
2025-10-01,CDC_COP,Copiapó Hub,PRD0101,6,1,0,2,1,29523.9
2025-10-01,CDC_COP,Copiapó Hub,PRD0102,4,1,0,2,1,3722.36
2025-10-01,CDC_COP,Copiapó Hub,PRD0103,30,3,0,10,6,174414.3
2025-10-01,CDC_COP,Copiapó Hub,PRD0104,4,2,5,2,1,19611.08
2025-10-01,CDC_COP,Copiapó Hub,PRD0105,1,1,10,0,0,393.01
2025-10-01,CDC_COP,Copiapó Hub,PRD0106,17,2,15,10,6,146400.77
2025-10-01,CDC_COP,Copiapó Hub,PRD0107,20,3,10,10,6,549053.2
2025-10-01,CDC_COP,Copiapó Hub,PRD0108,35,0,10,10,6,540411.9
2025-10-01,CDC_COP,Copiapó Hub,PRD0109,4,4,15,2,1,71420.8
2025-10-01,CDC_COP,Copiapó Hub,PRD0110,7,0,15,3,1,32347.21
2025-10-01,CDC_COP,Copiapó Hub,PRD0111,3,1,0,5,3,24239.79
2025-10-01,CDC_COP,Copiapó Hub,PRD0112,2,1,0,1,0,33642.58
2025-10-01,CDC_COP,Copiapó Hub,PRD0113,1,0,15,0,0,1106.9
2025-10-01,CDC_COP,Copiapó Hub,PRD0114,26,1,0,10,6,57777.46
2025-10-01,CDC_COP,Copiapó Hub,PRD0115,0,0,15,0,0,0.0
2025-10-01,CDC_COP,Copiapó Hub,PRD0116,2,2,2,8,4,25962.16
2025-10-01,CDC_COP,Copiapó Hub,PRD0117,28,2,10,10,6,26976.32
2025-10-01,CDC_COP,Copiapó Hub,PRD0118,0,0,5,0,0,0.0
2025-10-01,CDC_COP,Copiapó Hub,PRD0119,1,1,2,0,0,471.8
2025-10-01,CDC_COP,Copiapó Hub,PRD0120,0,0,10,0,0,0.0
2025-11-01,CDC_SCL,Santiago DC,PRD0001,3,0,5,2,1,75535.44
2025-11-01,CDC_SCL,Santiago DC,PRD0002,10,1,0,2,1,143855.5
2025-11-01,CDC_SCL,Santiago DC,PRD0003,0,0,0,0,0,0.0
2025-11-01,CDC_SCL,Santiago DC,PRD0004,1,0,10,0,0,3654.58
2025-11-01,CDC_SCL,Santiago DC,PRD0005,10,0,0,5,3,40412.8
2025-11-01,CDC_SCL,Santiago DC,PRD0006,29,0,0,10,6,211672.45
2025-11-01,CDC_SCL,Santiago DC,PRD0007,6,3,5,3,1,19293.12
2025-11-01,CDC_SCL,Santiago DC,PRD0008,0,0,0,0,0,0.0
2025-11-01,CDC_SCL,Santiago DC,PRD0009,0,0,0,0,0,0.0
2025-11-01,CDC_SCL,Santiago DC,PRD0010,0,0,15,0,0,0.0
2025-11-01,CDC_SCL,Santiago DC,PRD0011,1,1,0,1,0,24047.87
2025-11-01,CDC_SCL,Santiago DC,PRD0012,6,2,0,3,1,2122.98
2025-11-01,CDC_SCL,Santiago DC,PRD0013,18,0,0,8,4,16263.18
2025-11-01,CDC_SCL,Santiago DC,PRD0014,2,2,0,3,1,65381.76
2025-11-01,CDC_SCL,Santiago DC,PRD0015,0,0,15,0,0,0.0
2025-11-01,CDC_SCL,Santiago DC,PRD0016,13,2,0,8,4,4306.12
2025-11-01,CDC_SCL,Santiago DC,PRD0017,24,2,0,10,6,97438.8
2025-11-01,CDC_SCL,Santiago DC,PRD0018,12,4,0,5,3,11572.08
2025-11-01,CDC_SCL,Santiago DC,PRD0019,4,2,0,2,1,6116.64
2025-11-01,CDC_SCL,Santiago DC,PRD0020,0,0,0,0,0,0.0
2025-11-01,CDC_SCL,Santiago DC,PRD0021,29,4,15,8,4,32129.97
2025-11-01,CDC_SCL,Santiago DC,PRD0022,0,0,15,0,0,0.0
2025-11-01,CDC_SCL,Santiago DC,PRD0023,0,0,0,0,0,0.0
2025-11-01,CDC_SCL,Santiago DC,PRD0024,19,4,5,8,4,296164.4
2025-11-01,CDC_SCL,Santiago DC,PRD0025,0,0,0,0,0,0.0
2025-11-01,CDC_SCL,Santiago DC,PRD0026,3,3,15,2,1,27291.93
2025-11-01,CDC_SCL,Santiago DC,PRD0027,0,0,5,0,0,0.0
2025-11-01,CDC_SCL,Santiago DC,PRD0028,4,3,15,2,1,23937.92
2025-11-01,CDC_SCL,Santiago DC,PRD0029,20,4,10,8,4,130835.2
2025-11-01,CDC_SCL,Santiago DC,PRD0030,27,2,0,10,6,29792.88
2025-11-01,CDC_SCL,Santiago DC,PRD0031,1,0,5,0,0,7843.05
2025-11-01,CDC_SCL,Santiago DC,PRD0032,16,5,0,5,3,6964.48
2025-11-01,CDC_SCL,Santiago DC,PRD0033,8,4,0,5,3,46570.56
2025-11-01,CDC_SCL,Santiago DC,PRD0034,40,4,5,10,6,229109.6
2025-11-01,CDC_SCL,Santiago DC,PRD0035,0,0,0,0,0,0.0
2025-11-01,CDC_SCL,Santiago DC,PRD0036,16,1,0,10,6,41957.92
2025-11-01,CDC_SCL,Santiago DC,PRD0037,0,0,0,0,0,0.0
2025-11-01,CDC_SCL,Santiago DC,PRD0038,8,1,15,8,4,269673.52
2025-11-01,CDC_SCL,Santiago DC,PRD0039,2,1,15,1,0,15744.72
2025-11-01,CDC_SCL,Santiago DC,PRD0040,3,2,0,2,1,29308.08
2025-11-01,CDC_SCL,Santiago DC,PRD0041,0,0,2,0,0,0.0
2025-11-01,CDC_SCL,Santiago DC,PRD0042,12,5,5,3,1,34305.84
2025-11-01,CDC_SCL,Santiago DC,PRD0043,41,0,10,10,6,587866.2
2025-11-01,CDC_SCL,Santiago DC,PRD0044,1,1,2,0,0,27740.69
2025-11-01,CDC_SCL,Santiago DC,PRD0045,23,4,10,10,6,111182.0
2025-11-01,CDC_SCL,Santiago DC,PRD0046,19,4,0,5,3,6894.91
2025-11-01,CDC_SCL,Santiago DC,PRD0047,6,2,10,3,1,30990.06
2025-11-01,CDC_SCL,Santiago DC,PRD0048,0,0,0,0,0,0.0
2025-11-01,CDC_SCL,Santiago DC,PRD0049,1,1,5,1,0,457.73
2025-11-01,CDC_SCL,Santiago DC,PRD0050,26,2,0,10,6,4579.12
2025-11-01,CDC_SCL,Santiago DC,PRD0051,0,0,5,0,0,0.0
2025-11-01,CDC_SCL,Santiago DC,PRD0052,2,0,2,1,0,17033.74
2025-11-01,CDC_SCL,Santiago DC,PRD0053,8,1,0,3,1,6027.2
2025-11-01,CDC_SCL,Santiago DC,PRD0054,1,0,2,0,0,2076.1
2025-11-01,CDC_SCL,Santiago DC,PRD0055,0,0,5,0,0,0.0
2025-11-01,CDC_SCL,Santiago DC,PRD0056,3,3,0,1,0,81246.48
2025-11-01,CDC_SCL,Santiago DC,PRD0057,2,2,0,1,0,14506.3
2025-11-01,CDC_SCL,Santiago DC,PRD0058,7,2,15,2,1,18869.55
2025-11-01,CDC_SCL,Santiago DC,PRD0059,4,1,10,2,1,82009.16
2025-11-01,CDC_SCL,Santiago DC,PRD0060,0,0,2,0,0,0.0
2025-11-01,CDC_SCL,Santiago DC,PRD0061,18,2,2,8,4,112464.18
2025-11-01,CDC_SCL,Santiago DC,PRD0062,2,2,0,1,0,22361.4
2025-11-01,CDC_SCL,Santiago DC,PRD0063,35,3,2,8,4,185095.05
2025-11-01,CDC_SCL,Santiago DC,PRD0064,6,3,5,8,4,126006.78
2025-11-01,CDC_SCL,Santiago DC,PRD0065,1,1,5,1,0,995.12
2025-11-01,CDC_SCL,Santiago DC,PRD0066,18,0,0,8,4,4816.98
2025-11-01,CDC_SCL,Santiago DC,PRD0067,7,5,15,10,6,2870.28
2025-11-01,CDC_SCL,Santiago DC,PRD0068,12,3,0,5,3,92560.08
2025-11-01,CDC_SCL,Santiago DC,PRD0069,2,0,0,1,0,9784.24
2025-11-01,CDC_SCL,Santiago DC,PRD0070,5,3,0,8,4,142342.55
2025-11-01,CDC_SCL,Santiago DC,PRD0071,0,0,0,0,0,0.0
2025-11-01,CDC_SCL,Santiago DC,PRD0072,4,4,5,2,1,27315.12
2025-11-01,CDC_SCL,Santiago DC,PRD0073,0,0,0,0,0,0.0
2025-11-01,CDC_SCL,Santiago DC,PRD0074,27,4,0,10,6,667781.28
2025-11-01,CDC_SCL,Santiago DC,PRD0075,19,0,5,10,6,21305.08
2025-11-01,CDC_SCL,Santiago DC,PRD0076,20,1,2,8,4,326834.6
2025-11-01,CDC_SCL,Santiago DC,PRD0077,0,0,10,0,0,0.0
2025-11-01,CDC_SCL,Santiago DC,PRD0078,19,0,15,8,4,172028.47
2025-11-01,CDC_SCL,Santiago DC,PRD0079,21,5,10,10,6,117669.09
2025-11-01,CDC_SCL,Santiago DC,PRD0080,15,0,0,10,6,73696.5
2025-11-01,CDC_SCL,Santiago DC,PRD0081,3,0,5,5,3,2929.62
2025-11-01,CDC_SCL,Santiago DC,PRD0082,17,1,0,10,6,20770.94
2025-11-01,CDC_SCL,Santiago DC,PRD0083,14,2,2,5,3,33560.8
2025-11-01,CDC_SCL,Santiago DC,PRD0084,0,0,10,0,0,0.0
2025-11-01,CDC_SCL,Santiago DC,PRD0085,1,1,10,0,0,5241.53
2025-11-01,CDC_SCL,Santiago DC,PRD0086,0,0,10,0,0,0.0
2025-11-01,CDC_SCL,Santiago DC,PRD0087,-10,4,0,10,6,22247.46
2025-11-01,CDC_SCL,Santiago DC,PRD0088,6,4,5,3,1,4815.54
2025-11-01,CDC_SCL,Santiago DC,PRD0089,24,2,10,10,6,152355.84
2025-11-01,CDC_SCL,Santiago DC,PRD0090,6,4,15,3,1,10314.6
2025-11-01,CDC_SCL,Santiago DC,PRD0091,2,2,0,1,0,1112.26
2025-11-01,CDC_SCL,Santiago DC,PRD0092,28,5,0,10,6,314378.96
2025-11-01,CDC_SCL,Santiago DC,PRD0093,2,2,15,2,1,51501.32
2025-11-01,CDC_SCL,Santiago DC,PRD0094,24,0,0,8,4,406149.36
2025-11-01,CDC_SCL,Santiago DC,PRD0095,7,1,0,5,3,46616.5
2025-11-01,CDC_SCL,Santiago DC,PRD0096,1,1,2,0,0,1164.96
2025-11-01,CDC_SCL,Santiago DC,PRD0097,2,0,15,2,1,1345.0
2025-11-01,CDC_SCL,Santiago DC,PRD0098,8,4,10,10,6,8897.36
2025-11-01,CDC_SCL,Santiago DC,PRD0099,0,0,10,0,0,0.0
2025-11-01,CDC_SCL,Santiago DC,PRD0100,3,0,0,2,1,4758.03
2025-11-01,CDC_SCL,Santiago DC,PRD0101,20,1,0,5,3,98413.0
2025-11-01,CDC_SCL,Santiago DC,PRD0102,5,1,0,2,1,4652.95
2025-11-01,CDC_SCL,Santiago DC,PRD0103,4,3,10,5,3,23255.24
2025-11-01,CDC_SCL,Santiago DC,PRD0104,0,0,2,0,0,0.0
2025-11-01,CDC_SCL,Santiago DC,PRD0105,2,0,5,3,1,786.02
2025-11-01,CDC_SCL,Santiago DC,PRD0106,3,0,15,1,0,25835.43
2025-11-01,CDC_SCL,Santiago DC,PRD0107,19,0,0,8,4,521600.54
2025-11-01,CDC_SCL,Santiago DC,PRD0108,19,2,2,8,4,293366.46
2025-11-01,CDC_SCL,Santiago DC,PRD0109,1,1,5,1,0,17855.2
2025-11-01,CDC_SCL,Santiago DC,PRD0110,11,3,0,10,6,50831.33
2025-11-01,CDC_SCL,Santiago DC,PRD0111,13,0,10,5,3,105039.09
2025-11-01,CDC_SCL,Santiago DC,PRD0112,0,0,0,0,0,0.0
2025-11-01,CDC_SCL,Santiago DC,PRD0113,10,2,15,5,3,11069.0
2025-11-01,CDC_SCL,Santiago DC,PRD0114,3,1,0,2,1,6666.63
2025-11-01,CDC_SCL,Santiago DC,PRD0115,6,1,2,3,1,36205.8
2025-11-01,CDC_SCL,Santiago DC,PRD0116,17,5,0,5,3,220678.36
2025-11-01,CDC_SCL,Santiago DC,PRD0117,2,2,0,5,3,1926.88
2025-11-01,CDC_SCL,Santiago DC,PRD0118,29,0,5,10,6,214180.08
2025-11-01,CDC_SCL,Santiago DC,PRD0119,0,0,0,0,0,0.0
2025-11-01,CDC_SCL,Santiago DC,PRD0120,3,3,0,3,1,25879.14
2025-11-01,CDC_ANT,Antofagasta DC,PRD0001,9,3,0,3,1,226606.32
2025-11-01,CDC_ANT,Antofagasta DC,PRD0002,0,0,5,0,0,0.0
2025-11-01,CDC_ANT,Antofagasta DC,PRD0003,2,0,0,2,1,15007.48
2025-11-01,CDC_ANT,Antofagasta DC,PRD0004,0,0,2,5,3,0.0
2025-11-01,CDC_ANT,Antofagasta DC,PRD0005,8,5,10,5,3,32330.24
2025-11-01,CDC_ANT,Antofagasta DC,PRD0006,1,0,5,0,0,7299.05
2025-11-01,CDC_ANT,Antofagasta DC,PRD0007,4,1,15,2,1,12862.08
2025-11-01,CDC_ANT,Antofagasta DC,PRD0008,7,3,0,3,1,25392.71
2025-11-01,CDC_ANT,Antofagasta DC,PRD0009,0,0,10,0,0,0.0
2025-11-01,CDC_ANT,Antofagasta DC,PRD0010,8,0,5,3,1,48224.16
2025-11-01,CDC_ANT,Antofagasta DC,PRD0011,0,0,5,0,0,0.0
2025-11-01,CDC_ANT,Antofagasta DC,PRD0012,0,0,0,0,0,0.0
2025-11-01,CDC_ANT,Antofagasta DC,PRD0013,9,0,0,3,1,8131.59
2025-11-01,CDC_ANT,Antofagasta DC,PRD0014,3,0,2,8,4,98072.64
2025-11-01,CDC_ANT,Antofagasta DC,PRD0015,28,5,2,10,6,698410.16
2025-11-01,CDC_ANT,Antofagasta DC,PRD0016,30,1,15,10,6,9937.2
2025-11-01,CDC_ANT,Antofagasta DC,PRD0017,0,0,10,0,0,0.0
2025-11-01,CDC_ANT,Antofagasta DC,PRD0018,1,1,5,1,0,964.34
2025-11-01,CDC_ANT,Antofagasta DC,PRD0019,2,0,2,2,1,3058.32
2025-11-01,CDC_ANT,Antofagasta DC,PRD0020,1,1,0,0,0,9260.33
2025-11-01,CDC_ANT,Antofagasta DC,PRD0021,3,0,5,2,1,3323.79
2025-11-01,CDC_ANT,Antofagasta DC,PRD0022,0,0,5,0,0,0.0
2025-11-01,CDC_ANT,Antofagasta DC,PRD0023,15,3,5,10,6,45637.05
2025-11-01,CDC_ANT,Antofagasta DC,PRD0024,19,5,2,10,6,296164.4
2025-11-01,CDC_ANT,Antofagasta DC,PRD0025,2,1,0,2,1,951.8
2025-11-01,CDC_ANT,Antofagasta DC,PRD0026,4,3,10,2,1,36389.24
2025-11-01,CDC_ANT,Antofagasta DC,PRD0027,0,0,0,0,0,0.0
2025-11-01,CDC_ANT,Antofagasta DC,PRD0028,7,3,2,3,1,41891.36
2025-11-01,CDC_ANT,Antofagasta DC,PRD0029,6,5,0,2,1,39250.56
2025-11-01,CDC_ANT,Antofagasta DC,PRD0030,1,0,15,1,0,1103.44
2025-11-01,CDC_ANT,Antofagasta DC,PRD0031,0,0,0,0,0,0.0
2025-11-01,CDC_ANT,Antofagasta DC,PRD0032,0,0,5,0,0,0.0
2025-11-01,CDC_ANT,Antofagasta DC,PRD0033,0,0,10,0,0,0.0
2025-11-01,CDC_ANT,Antofagasta DC,PRD0034,16,4,0,10,6,91643.84
2025-11-01,CDC_ANT,Antofagasta DC,PRD0035,0,0,15,0,0,0.0
2025-11-01,CDC_ANT,Antofagasta DC,PRD0036,3,2,0,3,1,7867.11
2025-11-01,CDC_ANT,Antofagasta DC,PRD0037,7,3,10,3,1,2003.75
2025-11-01,CDC_ANT,Antofagasta DC,PRD0038,15,2,15,10,6,505637.85
2025-11-01,CDC_ANT,Antofagasta DC,PRD0039,3,0,5,1,0,23617.08
2025-11-01,CDC_ANT,Antofagasta DC,PRD0040,0,0,0,0,0,0.0
2025-11-01,CDC_ANT,Antofagasta DC,PRD0041,1,1,2,0,0,15395.01
2025-11-01,CDC_ANT,Antofagasta DC,PRD0042,2,2,0,0,0,5717.64
2025-11-01,CDC_ANT,Antofagasta DC,PRD0043,0,0,15,0,0,0.0
2025-11-01,CDC_ANT,Antofagasta DC,PRD0044,3,3,5,1,0,83222.07
2025-11-01,CDC_ANT,Antofagasta DC,PRD0045,24,4,10,10,6,116016.0
2025-11-01,CDC_ANT,Antofagasta DC,PRD0046,6,1,0,5,3,2177.34
2025-11-01,CDC_ANT,Antofagasta DC,PRD0047,2,2,2,1,0,10330.02
2025-11-01,CDC_ANT,Antofagasta DC,PRD0048,10,4,0,5,3,46770.6
2025-11-01,CDC_ANT,Antofagasta DC,PRD0049,27,1,2,10,6,12358.71
2025-11-01,CDC_ANT,Antofagasta DC,PRD0050,25,3,15,10,6,4403.0
2025-11-01,CDC_ANT,Antofagasta DC,PRD0051,16,4,0,5,3,338495.04
2025-11-01,CDC_ANT,Antofagasta DC,PRD0052,11,5,0,8,4,93685.57
2025-11-01,CDC_ANT,Antofagasta DC,PRD0053,0,0,5,0,0,0.0
2025-11-01,CDC_ANT,Antofagasta DC,PRD0054,17,3,5,10,6,35293.7
2025-11-01,CDC_ANT,Antofagasta DC,PRD0055,0,0,15,0,0,0.0
2025-11-01,CDC_ANT,Antofagasta DC,PRD0056,19,1,2,10,6,514561.04
2025-11-01,CDC_ANT,Antofagasta DC,PRD0057,13,0,2,5,3,94290.95
2025-11-01,CDC_ANT,Antofagasta DC,PRD0058,1,0,5,1,0,2695.65
2025-11-01,CDC_ANT,Antofagasta DC,PRD0059,15,5,0,10,6,307534.35
2025-11-01,CDC_ANT,Antofagasta DC,PRD0060,1,1,2,0,0,15285.19
2025-11-01,CDC_ANT,Antofagasta DC,PRD0061,19,4,2,5,3,118712.19
2025-11-01,CDC_ANT,Antofagasta DC,PRD0062,1,0,0,2,1,11180.7
2025-11-01,CDC_ANT,Antofagasta DC,PRD0063,2,2,15,1,0,10576.86
2025-11-01,CDC_ANT,Antofagasta DC,PRD0064,0,0,10,0,0,0.0
2025-11-01,CDC_ANT,Antofagasta DC,PRD0065,3,0,10,1,0,2985.36
2025-11-01,CDC_ANT,Antofagasta DC,PRD0066,4,3,5,3,1,1070.44
2025-11-01,CDC_ANT,Antofagasta DC,PRD0067,7,0,10,3,1,2870.28
2025-11-01,CDC_ANT,Antofagasta DC,PRD0068,0,0,0,1,0,0.0
2025-11-01,CDC_ANT,Antofagasta DC,PRD0069,27,5,15,10,6,132087.24
2025-11-01,CDC_ANT,Antofagasta DC,PRD0070,8,4,5,8,4,227748.08
2025-11-01,CDC_ANT,Antofagasta DC,PRD0071,0,0,5,0,0,0.0
2025-11-01,CDC_ANT,Antofagasta DC,PRD0072,0,0,5,0,0,0.0
2025-11-01,CDC_ANT,Antofagasta DC,PRD0073,0,0,5,0,0,0.0
2025-11-01,CDC_ANT,Antofagasta DC,PRD0074,6,0,15,5,3,148395.84
2025-11-01,CDC_ANT,Antofagasta DC,PRD0075,1,1,0,0,0,1121.32
2025-11-01,CDC_ANT,Antofagasta DC,PRD0076,23,3,2,8,4,375859.79
2025-11-01,CDC_ANT,Antofagasta DC,PRD0077,4,3,5,2,1,994.56
2025-11-01,CDC_ANT,Antofagasta DC,PRD0078,0,0,0,0,0,0.0
2025-11-01,CDC_ANT,Antofagasta DC,PRD0079,0,0,0,0,0,0.0
2025-11-01,CDC_ANT,Antofagasta DC,PRD0080,12,1,0,5,3,58957.2
2025-11-01,CDC_ANT,Antofagasta DC,PRD0081,3,1,2,2,1,2929.62
2025-11-01,CDC_ANT,Antofagasta DC,PRD0082,10,3,15,5,3,12218.2
2025-11-01,CDC_ANT,Antofagasta DC,PRD0083,1,0,0,0,0,2397.2
2025-11-01,CDC_ANT,Antofagasta DC,PRD0084,0,0,15,0,0,0.0
2025-11-01,CDC_ANT,Antofagasta DC,PRD0085,8,4,10,3,1,41932.24
2025-11-01,CDC_ANT,Antofagasta DC,PRD0086,17,2,2,10,6,65997.23
2025-11-01,CDC_ANT,Antofagasta DC,PRD0087,18,2,5,8,4,22247.46
2025-11-01,CDC_ANT,Antofagasta DC,PRD0088,0,0,0,0,0,0.0
2025-11-01,CDC_ANT,Antofagasta DC,PRD0089,12,3,10,10,6,76177.92
2025-11-01,CDC_ANT,Antofagasta DC,PRD0090,0,0,2,0,0,0.0
2025-11-01,CDC_ANT,Antofagasta DC,PRD0091,9,1,0,8,4,5005.17
2025-11-01,CDC_ANT,Antofagasta DC,PRD0092,18,2,5,5,3,202100.76
2025-11-01,CDC_ANT,Antofagasta DC,PRD0093,1,1,2,2,1,25750.66
2025-11-01,CDC_ANT,Antofagasta DC,PRD0094,0,0,15,0,0,0.0
2025-11-01,CDC_ANT,Antofagasta DC,PRD0095,3,0,0,3,1,19978.5
2025-11-01,CDC_ANT,Antofagasta DC,PRD0096,0,0,0,0,0,0.0
2025-11-01,CDC_ANT,Antofagasta DC,PRD0097,0,0,10,0,0,0.0
2025-11-01,CDC_ANT,Antofagasta DC,PRD0098,3,1,0,8,4,3336.51
2025-11-01,CDC_ANT,Antofagasta DC,PRD0099,12,0,15,5,3,25229.76
2025-11-01,CDC_ANT,Antofagasta DC,PRD0100,13,2,0,8,4,20618.13
2025-11-01,CDC_ANT,Antofagasta DC,PRD0101,0,0,0,0,0,0.0
2025-11-01,CDC_ANT,Antofagasta DC,PRD0102,19,4,10,8,4,17681.21
2025-11-01,CDC_ANT,Antofagasta DC,PRD0103,7,5,15,3,1,40696.67
2025-11-01,CDC_ANT,Antofagasta DC,PRD0104,20,2,2,5,3,98055.4
2025-11-01,CDC_ANT,Antofagasta DC,PRD0105,19,3,15,10,6,7467.19
2025-11-01,CDC_ANT,Antofagasta DC,PRD0106,0,0,5,0,0,0.0
2025-11-01,CDC_ANT,Antofagasta DC,PRD0107,0,0,0,0,0,0.0
2025-11-01,CDC_ANT,Antofagasta DC,PRD0108,10,2,0,3,1,154403.4
2025-11-01,CDC_ANT,Antofagasta DC,PRD0109,5,3,0,3,1,89276.0
2025-11-01,CDC_ANT,Antofagasta DC,PRD0110,10,3,0,5,3,46210.3
2025-11-01,CDC_ANT,Antofagasta DC,PRD0111,0,0,5,1,0,0.0
2025-11-01,CDC_ANT,Antofagasta DC,PRD0112,0,0,0,0,0,0.0
2025-11-01,CDC_ANT,Antofagasta DC,PRD0113,0,0,0,0,0,0.0
2025-11-01,CDC_ANT,Antofagasta DC,PRD0114,6,4,0,2,1,13333.26
2025-11-01,CDC_ANT,Antofagasta DC,PRD0115,0,0,0,0,0,0.0
2025-11-01,CDC_ANT,Antofagasta DC,PRD0116,1,1,15,1,0,12981.08
2025-11-01,CDC_ANT,Antofagasta DC,PRD0117,2,1,15,3,1,1926.88
2025-11-01,CDC_ANT,Antofagasta DC,PRD0118,1,1,15,3,1,7385.52
2025-11-01,CDC_ANT,Antofagasta DC,PRD0119,11,3,10,8,4,5189.8
2025-11-01,CDC_ANT,Antofagasta DC,PRD0120,0,0,0,0,0,0.0
2025-11-01,CDC_CAL,Calama Hub,PRD0001,5,1,0,5,3,125892.4
2025-11-01,CDC_CAL,Calama Hub,PRD0002,19,0,5,10,6,273325.45
2025-11-01,CDC_CAL,Calama Hub,PRD0003,3,2,0,10,6,22511.22
2025-11-01,CDC_CAL,Calama Hub,PRD0004,47,4,0,10,6,171765.26
2025-11-01,CDC_CAL,Calama Hub,PRD0005,2,2,0,1,0,8082.56
2025-11-01,CDC_CAL,Calama Hub,PRD0006,0,0,0,0,0,0.0
2025-11-01,CDC_CAL,Calama Hub,PRD0007,0,0,5,0,0,0.0
2025-11-01,CDC_CAL,Calama Hub,PRD0008,7,0,10,5,3,25392.71
2025-11-01,CDC_CAL,Calama Hub,PRD0009,2,1,0,1,0,2102.72
2025-11-01,CDC_CAL,Calama Hub,PRD0010,11,3,0,10,6,66308.22
2025-11-01,CDC_CAL,Calama Hub,PRD0011,5,3,0,8,4,120239.35
2025-11-01,CDC_CAL,Calama Hub,PRD0012,1,1,0,0,0,353.83
2025-11-01,CDC_CAL,Calama Hub,PRD0013,0,0,15,0,0,0.0
2025-11-01,CDC_CAL,Calama Hub,PRD0014,17,1,15,10,6,555744.96
2025-11-01,CDC_CAL,Calama Hub,PRD0015,0,0,15,0,0,0.0
2025-11-01,CDC_CAL,Calama Hub,PRD0016,20,4,15,8,4,6624.8
2025-11-01,CDC_CAL,Calama Hub,PRD0017,2,2,5,1,0,8119.9
2025-11-01,CDC_CAL,Calama Hub,PRD0018,33,4,0,10,6,31823.22
2025-11-01,CDC_CAL,Calama Hub,PRD0019,3,3,0,1,0,4587.48
2025-11-01,CDC_CAL,Calama Hub,PRD0020,0,0,2,2,1,0.0
2025-11-01,CDC_CAL,Calama Hub,PRD0021,7,1,0,5,3,7755.51
2025-11-01,CDC_CAL,Calama Hub,PRD0022,1,1,5,1,0,690.53
2025-11-01,CDC_CAL,Calama Hub,PRD0023,0,0,0,0,0,0.0
2025-11-01,CDC_CAL,Calama Hub,PRD0024,0,0,5,0,0,0.0
2025-11-01,CDC_CAL,Calama Hub,PRD0025,12,2,10,5,3,5710.8
2025-11-01,CDC_CAL,Calama Hub,PRD0026,37,0,0,10,6,336600.47
2025-11-01,CDC_CAL,Calama Hub,PRD0027,35,5,0,10,6,194432.35
2025-11-01,CDC_CAL,Calama Hub,PRD0028,0,0,0,0,0,0.0
2025-11-01,CDC_CAL,Calama Hub,PRD0029,7,2,0,3,1,45792.32
2025-11-01,CDC_CAL,Calama Hub,PRD0030,2,2,2,1,0,2206.88
2025-11-01,CDC_CAL,Calama Hub,PRD0031,0,0,10,0,0,0.0
2025-11-01,CDC_CAL,Calama Hub,PRD0032,0,0,15,0,0,0.0
2025-11-01,CDC_CAL,Calama Hub,PRD0033,0,0,2,0,0,0.0
2025-11-01,CDC_CAL,Calama Hub,PRD0034,15,1,10,8,4,85916.1
2025-11-01,CDC_CAL,Calama Hub,PRD0035,0,0,0,0,0,0.0
2025-11-01,CDC_CAL,Calama Hub,PRD0036,46,0,10,10,6,120629.02
2025-11-01,CDC_CAL,Calama Hub,PRD0037,13,2,2,8,4,3721.25
2025-11-01,CDC_CAL,Calama Hub,PRD0038,0,0,2,0,0,0.0
2025-11-01,CDC_CAL,Calama Hub,PRD0039,23,3,5,10,6,181064.28
2025-11-01,CDC_CAL,Calama Hub,PRD0040,1,0,0,0,0,9769.36
2025-11-01,CDC_CAL,Calama Hub,PRD0041,0,0,15,3,1,0.0
2025-11-01,CDC_CAL,Calama Hub,PRD0042,10,2,5,5,3,28588.2
2025-11-01,CDC_CAL,Calama Hub,PRD0043,10,2,15,3,1,143382.0
2025-11-01,CDC_CAL,Calama Hub,PRD0044,28,2,15,10,6,776739.32
2025-11-01,CDC_CAL,Calama Hub,PRD0045,27,1,5,8,4,130518.0
2025-11-01,CDC_CAL,Calama Hub,PRD0046,12,4,0,10,6,4354.68
2025-11-01,CDC_CAL,Calama Hub,PRD0047,5,4,5,2,1,25825.05
2025-11-01,CDC_CAL,Calama Hub,PRD0048,0,0,2,0,0,0.0
2025-11-01,CDC_CAL,Calama Hub,PRD0049,0,0,0,0,0,0.0
2025-11-01,CDC_CAL,Calama Hub,PRD0050,11,3,0,5,3,1937.32
2025-11-01,CDC_CAL,Calama Hub,PRD0051,2,0,0,1,0,42311.88
2025-11-01,CDC_CAL,Calama Hub,PRD0052,0,0,2,0,0,0.0
2025-11-01,CDC_CAL,Calama Hub,PRD0053,7,3,0,3,1,5273.8
2025-11-01,CDC_CAL,Calama Hub,PRD0054,35,0,0,10,6,72663.5
2025-11-01,CDC_CAL,Calama Hub,PRD0055,16,4,15,8,4,5921.28
2025-11-01,CDC_CAL,Calama Hub,PRD0056,3,3,10,1,0,81246.48
2025-11-01,CDC_CAL,Calama Hub,PRD0057,24,4,10,10,6,174075.6
2025-11-01,CDC_CAL,Calama Hub,PRD0058,32,2,10,8,4,86260.8
2025-11-01,CDC_CAL,Calama Hub,PRD0059,2,0,15,1,0,41004.58
2025-11-01,CDC_CAL,Calama Hub,PRD0060,0,0,0,0,0,0.0
2025-11-01,CDC_CAL,Calama Hub,PRD0061,3,1,5,10,6,18744.03
2025-11-01,CDC_CAL,Calama Hub,PRD0062,5,4,5,2,1,55903.5
2025-11-01,CDC_CAL,Calama Hub,PRD0063,0,0,2,0,0,0.0
2025-11-01,CDC_CAL,Calama Hub,PRD0064,3,1,0,1,0,63003.39
2025-11-01,CDC_CAL,Calama Hub,PRD0065,0,0,0,0,0,0.0
2025-11-01,CDC_CAL,Calama Hub,PRD0066,3,1,15,1,0,802.83
2025-11-01,CDC_CAL,Calama Hub,PRD0067,9,5,10,8,4,3690.36
2025-11-01,CDC_CAL,Calama Hub,PRD0068,0,0,5,0,0,0.0
2025-11-01,CDC_CAL,Calama Hub,PRD0069,0,0,15,0,0,0.0
2025-11-01,CDC_CAL,Calama Hub,PRD0070,4,4,0,8,4,113874.04
2025-11-01,CDC_CAL,Calama Hub,PRD0071,24,2,2,10,6,22408.8
2025-11-01,CDC_CAL,Calama Hub,PRD0072,18,1,10,10,6,122918.04
2025-11-01,CDC_CAL,Calama Hub,PRD0073,23,1,0,8,4,604072.92
2025-11-01,CDC_CAL,Calama Hub,PRD0074,30,3,0,10,6,741979.2
2025-11-01,CDC_CAL,Calama Hub,PRD0075,1,1,0,2,1,1121.32
2025-11-01,CDC_CAL,Calama Hub,PRD0076,0,0,0,0,0,0.0
2025-11-01,CDC_CAL,Calama Hub,PRD0077,2,1,10,1,0,497.28
2025-11-01,CDC_CAL,Calama Hub,PRD0078,0,0,0,0,0,0.0
2025-11-01,CDC_CAL,Calama Hub,PRD0079,2,2,0,1,0,11206.58
2025-11-01,CDC_CAL,Calama Hub,PRD0080,1,0,5,1,0,4913.1
2025-11-01,CDC_CAL,Calama Hub,PRD0081,2,1,0,1,0,1953.08
2025-11-01,CDC_CAL,Calama Hub,PRD0082,1,0,5,1,0,1221.82
2025-11-01,CDC_CAL,Calama Hub,PRD0083,4,3,5,1,0,9588.8
2025-11-01,CDC_CAL,Calama Hub,PRD0084,5,4,0,2,1,112684.6
2025-11-01,CDC_CAL,Calama Hub,PRD0085,27,5,15,10,6,141521.31
2025-11-01,CDC_CAL,Calama Hub,PRD0086,11,0,0,3,1,42704.09
2025-11-01,CDC_CAL,Calama Hub,PRD0087,2,2,2,2,1,2471.94
2025-11-01,CDC_CAL,Calama Hub,PRD0088,8,2,0,5,3,6420.72
2025-11-01,CDC_CAL,Calama Hub,PRD0089,1,0,0,0,0,6348.16
2025-11-01,CDC_CAL,Calama Hub,PRD0090,2,0,5,8,4,3438.2
2025-11-01,CDC_CAL,Calama Hub,PRD0091,7,2,0,3,1,3892.91
2025-11-01,CDC_CAL,Calama Hub,PRD0092,2,2,0,2,1,22455.64
2025-11-01,CDC_CAL,Calama Hub,PRD0093,1,0,2,1,0,25750.66
2025-11-01,CDC_CAL,Calama Hub,PRD0094,3,3,0,1,0,50768.67
2025-11-01,CDC_CAL,Calama Hub,PRD0095,1,0,0,1,0,6659.5
2025-11-01,CDC_CAL,Calama Hub,PRD0096,9,2,0,10,6,10484.64
2025-11-01,CDC_CAL,Calama Hub,PRD0097,1,0,2,1,0,672.5
2025-11-01,CDC_CAL,Calama Hub,PRD0098,0,0,0,0,0,0.0
2025-11-01,CDC_CAL,Calama Hub,PRD0099,9,5,2,5,3,18922.32
2025-11-01,CDC_CAL,Calama Hub,PRD0100,18,2,2,8,4,28548.18
2025-11-01,CDC_CAL,Calama Hub,PRD0101,28,3,0,8,4,137778.2
2025-11-01,CDC_CAL,Calama Hub,PRD0102,1,1,0,1,0,930.59
2025-11-01,CDC_CAL,Calama Hub,PRD0103,3,1,0,3,1,17441.43
2025-11-01,CDC_CAL,Calama Hub,PRD0104,6,4,0,3,1,29416.62
2025-11-01,CDC_CAL,Calama Hub,PRD0105,0,0,0,0,0,0.0
2025-11-01,CDC_CAL,Calama Hub,PRD0106,5,1,10,3,1,43059.05
2025-11-01,CDC_CAL,Calama Hub,PRD0107,4,1,10,2,1,109810.64
2025-11-01,CDC_CAL,Calama Hub,PRD0108,39,2,0,10,6,602173.26
2025-11-01,CDC_CAL,Calama Hub,PRD0109,2,2,0,1,0,35710.4
2025-11-01,CDC_CAL,Calama Hub,PRD0110,3,1,0,2,1,13863.09
2025-11-01,CDC_CAL,Calama Hub,PRD0111,11,1,0,3,1,88879.23
2025-11-01,CDC_CAL,Calama Hub,PRD0112,3,2,15,1,0,50463.87
2025-11-01,CDC_CAL,Calama Hub,PRD0113,0,0,0,5,3,0.0
2025-11-01,CDC_CAL,Calama Hub,PRD0114,27,4,0,10,6,59999.67
2025-11-01,CDC_CAL,Calama Hub,PRD0115,32,4,10,10,6,193097.6
2025-11-01,CDC_CAL,Calama Hub,PRD0116,2,2,15,1,0,25962.16
2025-11-01,CDC_CAL,Calama Hub,PRD0117,20,2,10,5,3,19268.8
2025-11-01,CDC_CAL,Calama Hub,PRD0118,11,3,10,8,4,81240.72
2025-11-01,CDC_CAL,Calama Hub,PRD0119,2,0,0,1,0,943.6
2025-11-01,CDC_CAL,Calama Hub,PRD0120,0,0,0,0,0,0.0
2025-11-01,CDC_COP,Copiapó Hub,PRD0001,0,0,0,1,0,0.0
2025-11-01,CDC_COP,Copiapó Hub,PRD0002,0,0,5,0,0,0.0
2025-11-01,CDC_COP,Copiapó Hub,PRD0003,9,3,0,3,1,67533.66
2025-11-01,CDC_COP,Copiapó Hub,PRD0004,12,2,2,10,6,43854.96
2025-11-01,CDC_COP,Copiapó Hub,PRD0005,0,0,0,0,0,0.0
2025-11-01,CDC_COP,Copiapó Hub,PRD0006,6,5,10,2,1,43794.3
2025-11-01,CDC_COP,Copiapó Hub,PRD0007,17,3,0,10,6,54663.84
2025-11-01,CDC_COP,Copiapó Hub,PRD0008,0,0,10,0,0,0.0
2025-11-01,CDC_COP,Copiapó Hub,PRD0009,10,1,0,3,1,10513.6
2025-11-01,CDC_COP,Copiapó Hub,PRD0010,7,1,0,3,1,42196.14
2025-11-01,CDC_COP,Copiapó Hub,PRD0011,19,0,15,8,4,456909.53
2025-11-01,CDC_COP,Copiapó Hub,PRD0012,4,3,0,1,0,1415.32
2025-11-01,CDC_COP,Copiapó Hub,PRD0013,4,3,5,8,4,3614.04
2025-11-01,CDC_COP,Copiapó Hub,PRD0014,0,0,2,0,0,0.0
2025-11-01,CDC_COP,Copiapó Hub,PRD0015,18,1,0,8,4,448977.96
2025-11-01,CDC_COP,Copiapó Hub,PRD0016,38,0,5,10,6,12587.12
2025-11-01,CDC_COP,Copiapó Hub,PRD0017,7,1,2,3,1,28419.65
2025-11-01,CDC_COP,Copiapó Hub,PRD0018,18,5,0,5,3,17358.12
2025-11-01,CDC_COP,Copiapó Hub,PRD0019,14,3,0,10,6,21408.24
2025-11-01,CDC_COP,Copiapó Hub,PRD0020,3,2,0,3,1,27780.99
2025-11-01,CDC_COP,Copiapó Hub,PRD0021,0,0,2,10,6,0.0
2025-11-01,CDC_COP,Copiapó Hub,PRD0022,1,0,2,0,0,690.53
2025-11-01,CDC_COP,Copiapó Hub,PRD0023,3,2,0,2,1,9127.41
2025-11-01,CDC_COP,Copiapó Hub,PRD0024,16,1,0,8,4,249401.6
2025-11-01,CDC_COP,Copiapó Hub,PRD0025,8,1,0,5,3,3807.2
2025-11-01,CDC_COP,Copiapó Hub,PRD0026,10,0,15,3,1,90973.1
2025-11-01,CDC_COP,Copiapó Hub,PRD0027,19,3,10,8,4,105548.99
2025-11-01,CDC_COP,Copiapó Hub,PRD0028,18,3,0,8,4,107720.64
2025-11-01,CDC_COP,Copiapó Hub,PRD0029,0,0,0,0,0,0.0
2025-11-01,CDC_COP,Copiapó Hub,PRD0030,2,2,15,3,1,2206.88
2025-11-01,CDC_COP,Copiapó Hub,PRD0031,3,1,5,2,1,23529.15
2025-11-01,CDC_COP,Copiapó Hub,PRD0032,0,0,0,0,0,0.0
2025-11-01,CDC_COP,Copiapó Hub,PRD0033,0,0,0,0,0,0.0
2025-11-01,CDC_COP,Copiapó Hub,PRD0034,6,4,0,2,1,34366.44
2025-11-01,CDC_COP,Copiapó Hub,PRD0035,0,0,10,1,0,0.0
2025-11-01,CDC_COP,Copiapó Hub,PRD0036,28,0,0,5,3,73426.36
2025-11-01,CDC_COP,Copiapó Hub,PRD0037,3,2,0,1,0,858.75
2025-11-01,CDC_COP,Copiapó Hub,PRD0038,1,0,5,3,1,33709.19
2025-11-01,CDC_COP,Copiapó Hub,PRD0039,4,2,15,2,1,31489.44
2025-11-01,CDC_COP,Copiapó Hub,PRD0040,32,1,15,8,4,312619.52
2025-11-01,CDC_COP,Copiapó Hub,PRD0041,9,3,0,8,4,138555.09
2025-11-01,CDC_COP,Copiapó Hub,PRD0042,2,1,0,10,6,5717.64
2025-11-01,CDC_COP,Copiapó Hub,PRD0043,1,0,5,0,0,14338.2
2025-11-01,CDC_COP,Copiapó Hub,PRD0044,9,2,0,3,1,249666.21
2025-11-01,CDC_COP,Copiapó Hub,PRD0045,7,2,0,2,1,33838.0
2025-11-01,CDC_COP,Copiapó Hub,PRD0046,8,1,0,3,1,2903.12
2025-11-01,CDC_COP,Copiapó Hub,PRD0047,9,5,10,3,1,46485.09
2025-11-01,CDC_COP,Copiapó Hub,PRD0048,8,1,0,3,1,37416.48
2025-11-01,CDC_COP,Copiapó Hub,PRD0049,2,2,0,1,0,915.46
2025-11-01,CDC_COP,Copiapó Hub,PRD0050,0,0,10,0,0,0.0
2025-11-01,CDC_COP,Copiapó Hub,PRD0051,12,0,0,5,3,253871.28
2025-11-01,CDC_COP,Copiapó Hub,PRD0052,5,1,0,2,1,42584.35
2025-11-01,CDC_COP,Copiapó Hub,PRD0053,0,0,0,0,0,0.0
2025-11-01,CDC_COP,Copiapó Hub,PRD0054,2,1,5,0,0,4152.2
2025-11-01,CDC_COP,Copiapó Hub,PRD0055,0,0,10,0,0,0.0
2025-11-01,CDC_COP,Copiapó Hub,PRD0056,5,1,10,2,1,135410.8
2025-11-01,CDC_COP,Copiapó Hub,PRD0057,3,2,0,2,1,21759.45
2025-11-01,CDC_COP,Copiapó Hub,PRD0058,9,4,0,5,3,24260.85
2025-11-01,CDC_COP,Copiapó Hub,PRD0059,31,1,15,8,4,635570.99
2025-11-01,CDC_COP,Copiapó Hub,PRD0060,0,0,2,0,0,0.0
2025-11-01,CDC_COP,Copiapó Hub,PRD0061,7,5,0,5,3,43736.07
2025-11-01,CDC_COP,Copiapó Hub,PRD0062,19,2,0,10,6,212433.3
2025-11-01,CDC_COP,Copiapó Hub,PRD0063,0,0,15,0,0,0.0
2025-11-01,CDC_COP,Copiapó Hub,PRD0064,0,0,0,1,0,0.0
2025-11-01,CDC_COP,Copiapó Hub,PRD0065,0,0,15,0,0,0.0
2025-11-01,CDC_COP,Copiapó Hub,PRD0066,2,2,0,1,0,535.22
2025-11-01,CDC_COP,Copiapó Hub,PRD0067,3,2,0,2,1,1230.12
2025-11-01,CDC_COP,Copiapó Hub,PRD0068,0,0,0,0,0,0.0
2025-11-01,CDC_COP,Copiapó Hub,PRD0069,1,0,15,1,0,4892.12
2025-11-01,CDC_COP,Copiapó Hub,PRD0070,24,3,10,10,6,683244.24
2025-11-01,CDC_COP,Copiapó Hub,PRD0071,17,1,0,5,3,15872.9
2025-11-01,CDC_COP,Copiapó Hub,PRD0072,1,0,5,0,0,6828.78
2025-11-01,CDC_COP,Copiapó Hub,PRD0073,11,3,0,8,4,288904.44
2025-11-01,CDC_COP,Copiapó Hub,PRD0074,9,3,0,5,3,222593.76
2025-11-01,CDC_COP,Copiapó Hub,PRD0075,4,4,0,2,1,4485.28
2025-11-01,CDC_COP,Copiapó Hub,PRD0076,4,2,0,2,1,65366.92
2025-11-01,CDC_COP,Copiapó Hub,PRD0077,0,0,0,0,0,0.0
2025-11-01,CDC_COP,Copiapó Hub,PRD0078,5,0,2,3,1,45270.65
2025-11-01,CDC_COP,Copiapó Hub,PRD0079,1,0,0,0,0,5603.29
2025-11-01,CDC_COP,Copiapó Hub,PRD0080,0,0,0,0,0,0.0
2025-11-01,CDC_COP,Copiapó Hub,PRD0081,7,5,5,3,1,6835.78
2025-11-01,CDC_COP,Copiapó Hub,PRD0082,1,0,5,1,0,1221.82
2025-11-01,CDC_COP,Copiapó Hub,PRD0083,6,2,0,8,4,14383.2
2025-11-01,CDC_COP,Copiapó Hub,PRD0084,0,0,10,0,0,0.0
2025-11-01,CDC_COP,Copiapó Hub,PRD0085,0,0,10,0,0,0.0
2025-11-01,CDC_COP,Copiapó Hub,PRD0086,4,3,15,3,1,15528.76
2025-11-01,CDC_COP,Copiapó Hub,PRD0087,0,0,2,2,1,0.0
2025-11-01,CDC_COP,Copiapó Hub,PRD0088,0,0,0,0,0,0.0
2025-11-01,CDC_COP,Copiapó Hub,PRD0089,0,0,0,0,0,0.0
2025-11-01,CDC_COP,Copiapó Hub,PRD0090,2,0,0,2,1,3438.2
2025-11-01,CDC_COP,Copiapó Hub,PRD0091,8,1,5,10,6,4449.04
2025-11-01,CDC_COP,Copiapó Hub,PRD0092,13,1,15,5,3,145961.66
2025-11-01,CDC_COP,Copiapó Hub,PRD0093,0,0,15,0,0,0.0
2025-11-01,CDC_COP,Copiapó Hub,PRD0094,27,3,5,8,4,456918.03
2025-11-01,CDC_COP,Copiapó Hub,PRD0095,9,1,10,3,1,59935.5
2025-11-01,CDC_COP,Copiapó Hub,PRD0096,19,3,10,10,6,22134.24
2025-11-01,CDC_COP,Copiapó Hub,PRD0097,18,2,5,10,6,12105.0
2025-11-01,CDC_COP,Copiapó Hub,PRD0098,21,1,0,8,4,23355.57
2025-11-01,CDC_COP,Copiapó Hub,PRD0099,0,0,0,0,0,0.0
2025-11-01,CDC_COP,Copiapó Hub,PRD0100,11,5,15,8,4,17446.11
2025-11-01,CDC_COP,Copiapó Hub,PRD0101,49,5,0,10,6,241111.85
2025-11-01,CDC_COP,Copiapó Hub,PRD0102,0,0,15,2,1,0.0
2025-11-01,CDC_COP,Copiapó Hub,PRD0103,3,0,0,3,1,17441.43
2025-11-01,CDC_COP,Copiapó Hub,PRD0104,9,4,2,5,3,44124.93
2025-11-01,CDC_COP,Copiapó Hub,PRD0105,5,5,0,2,1,1965.05
2025-11-01,CDC_COP,Copiapó Hub,PRD0106,0,0,0,0,0,0.0
2025-11-01,CDC_COP,Copiapó Hub,PRD0107,12,5,15,5,3,329431.92
2025-11-01,CDC_COP,Copiapó Hub,PRD0108,9,1,5,5,3,138963.06
2025-11-01,CDC_COP,Copiapó Hub,PRD0109,13,4,0,5,3,232117.6
2025-11-01,CDC_COP,Copiapó Hub,PRD0110,12,4,2,3,1,55452.36
2025-11-01,CDC_COP,Copiapó Hub,PRD0111,9,3,10,3,1,72719.37
2025-11-01,CDC_COP,Copiapó Hub,PRD0112,13,5,0,8,4,218676.77
2025-11-01,CDC_COP,Copiapó Hub,PRD0113,5,0,5,3,1,5534.5
2025-11-01,CDC_COP,Copiapó Hub,PRD0114,0,0,15,0,0,0.0
2025-11-01,CDC_COP,Copiapó Hub,PRD0115,20,0,0,10,6,120686.0
2025-11-01,CDC_COP,Copiapó Hub,PRD0116,12,4,2,8,4,155772.96
2025-11-01,CDC_COP,Copiapó Hub,PRD0117,1,1,0,1,0,963.44
2025-11-01,CDC_COP,Copiapó Hub,PRD0118,25,5,0,10,6,184638.0
2025-11-01,CDC_COP,Copiapó Hub,PRD0119,3,3,15,2,1,1415.4
2025-11-01,CDC_COP,Copiapó Hub,PRD0120,0,0,0,0,0,0.0
2025-12-01,CDC_SCL,Santiago DC,PRD0001,5,2,5,2,1,125892.4
2025-12-01,CDC_SCL,Santiago DC,PRD0002,0,0,0,0,0,0.0
2025-12-01,CDC_SCL,Santiago DC,PRD0003,1,1,0,1,0,7503.74
2025-12-01,CDC_SCL,Santiago DC,PRD0004,20,3,15,8,4,73091.6
2025-12-01,CDC_SCL,Santiago DC,PRD0005,0,0,10,0,0,0.0
2025-12-01,CDC_SCL,Santiago DC,PRD0006,32,4,15,8,4,233569.6
2025-12-01,CDC_SCL,Santiago DC,PRD0007,1,0,10,0,0,3215.52
2025-12-01,CDC_SCL,Santiago DC,PRD0008,0,0,15,0,0,0.0
2025-12-01,CDC_SCL,Santiago DC,PRD0009,7,2,5,8,4,7359.52
2025-12-01,CDC_SCL,Santiago DC,PRD0010,3,3,0,8,4,18084.06
2025-12-01,CDC_SCL,Santiago DC,PRD0011,0,0,10,0,0,0.0
2025-12-01,CDC_SCL,Santiago DC,PRD0012,0,0,0,0,0,0.0
2025-12-01,CDC_SCL,Santiago DC,PRD0013,14,3,10,8,4,12649.14
2025-12-01,CDC_SCL,Santiago DC,PRD0014,6,1,10,3,1,196145.28
2025-12-01,CDC_SCL,Santiago DC,PRD0015,5,0,0,8,4,124716.1
2025-12-01,CDC_SCL,Santiago DC,PRD0016,2,2,10,1,0,662.48
2025-12-01,CDC_SCL,Santiago DC,PRD0017,3,1,2,2,1,12179.85
2025-12-01,CDC_SCL,Santiago DC,PRD0018,1,0,2,1,0,964.34
2025-12-01,CDC_SCL,Santiago DC,PRD0019,16,0,0,8,4,24466.56
2025-12-01,CDC_SCL,Santiago DC,PRD0020,0,0,2,0,0,0.0
2025-12-01,CDC_SCL,Santiago DC,PRD0021,1,0,0,1,0,1107.93
2025-12-01,CDC_SCL,Santiago DC,PRD0022,1,0,5,0,0,690.53
2025-12-01,CDC_SCL,Santiago DC,PRD0023,0,0,0,0,0,0.0
2025-12-01,CDC_SCL,Santiago DC,PRD0024,18,3,2,8,4,280576.8
2025-12-01,CDC_SCL,Santiago DC,PRD0025,5,3,2,5,3,2379.5
2025-12-01,CDC_SCL,Santiago DC,PRD0026,15,0,0,10,6,136459.65
2025-12-01,CDC_SCL,Santiago DC,PRD0027,20,4,0,8,4,111104.2
2025-12-01,CDC_SCL,Santiago DC,PRD0028,16,3,0,5,3,95751.68
2025-12-01,CDC_SCL,Santiago DC,PRD0029,8,2,0,3,1,52334.08
2025-12-01,CDC_SCL,Santiago DC,PRD0030,21,1,0,10,6,23172.24
2025-12-01,CDC_SCL,Santiago DC,PRD0031,16,5,10,10,6,125488.8
2025-12-01,CDC_SCL,Santiago DC,PRD0032,5,1,0,5,3,2176.4
2025-12-01,CDC_SCL,Santiago DC,PRD0033,17,4,5,8,4,98962.44
2025-12-01,CDC_SCL,Santiago DC,PRD0034,0,0,0,0,0,0.0
2025-12-01,CDC_SCL,Santiago DC,PRD0035,17,0,0,8,4,79883.68
2025-12-01,CDC_SCL,Santiago DC,PRD0036,0,0,0,0,0,0.0
2025-12-01,CDC_SCL,Santiago DC,PRD0037,0,0,5,5,3,0.0
2025-12-01,CDC_SCL,Santiago DC,PRD0038,10,1,15,8,4,337091.9
2025-12-01,CDC_SCL,Santiago DC,PRD0039,13,4,2,5,3,102340.68
2025-12-01,CDC_SCL,Santiago DC,PRD0040,0,0,0,1,0,0.0
2025-12-01,CDC_SCL,Santiago DC,PRD0041,0,0,0,10,6,0.0
2025-12-01,CDC_SCL,Santiago DC,PRD0042,2,2,15,1,0,5717.64
2025-12-01,CDC_SCL,Santiago DC,PRD0043,27,0,0,8,4,387131.4
2025-12-01,CDC_SCL,Santiago DC,PRD0044,3,3,15,2,1,83222.07
2025-12-01,CDC_SCL,Santiago DC,PRD0045,17,4,0,8,4,82178.0
2025-12-01,CDC_SCL,Santiago DC,PRD0046,0,0,0,0,0,0.0
2025-12-01,CDC_SCL,Santiago DC,PRD0047,28,3,2,10,6,144620.28
2025-12-01,CDC_SCL,Santiago DC,PRD0048,5,5,0,5,3,23385.3
2025-12-01,CDC_SCL,Santiago DC,PRD0049,0,0,10,0,0,0.0
2025-12-01,CDC_SCL,Santiago DC,PRD0050,5,2,0,2,1,880.6
2025-12-01,CDC_SCL,Santiago DC,PRD0051,19,2,0,10,6,401962.86
2025-12-01,CDC_SCL,Santiago DC,PRD0052,8,1,0,2,1,68134.96
2025-12-01,CDC_SCL,Santiago DC,PRD0053,0,0,0,0,0,0.0
2025-12-01,CDC_SCL,Santiago DC,PRD0054,6,1,0,2,1,12456.6
2025-12-01,CDC_SCL,Santiago DC,PRD0055,11,0,0,8,4,4070.88
2025-12-01,CDC_SCL,Santiago DC,PRD0056,9,0,10,3,1,243739.44
2025-12-01,CDC_SCL,Santiago DC,PRD0057,8,2,10,5,3,58025.2
2025-12-01,CDC_SCL,Santiago DC,PRD0058,0,0,5,0,0,0.0
2025-12-01,CDC_SCL,Santiago DC,PRD0059,2,1,5,1,0,41004.58
2025-12-01,CDC_SCL,Santiago DC,PRD0060,20,5,2,8,4,305703.8
2025-12-01,CDC_SCL,Santiago DC,PRD0061,10,2,0,3,1,62480.1
2025-12-01,CDC_SCL,Santiago DC,PRD0062,0,0,2,0,0,0.0
2025-12-01,CDC_SCL,Santiago DC,PRD0063,11,2,0,3,1,58172.73
2025-12-01,CDC_SCL,Santiago DC,PRD0064,14,3,0,5,3,294015.82
2025-12-01,CDC_SCL,Santiago DC,PRD0065,7,4,15,3,1,6965.84
2025-12-01,CDC_SCL,Santiago DC,PRD0066,6,1,0,2,1,1605.66
2025-12-01,CDC_SCL,Santiago DC,PRD0067,10,4,10,5,3,4100.4
2025-12-01,CDC_SCL,Santiago DC,PRD0068,0,0,2,0,0,0.0
2025-12-01,CDC_SCL,Santiago DC,PRD0069,4,0,0,3,1,19568.48
2025-12-01,CDC_SCL,Santiago DC,PRD0070,0,0,15,0,0,0.0
2025-12-01,CDC_SCL,Santiago DC,PRD0071,32,3,2,10,6,29878.4
2025-12-01,CDC_SCL,Santiago DC,PRD0072,2,2,2,1,0,13657.56
2025-12-01,CDC_SCL,Santiago DC,PRD0073,17,2,0,5,3,446488.68
2025-12-01,CDC_SCL,Santiago DC,PRD0074,16,5,0,10,6,395722.24
2025-12-01,CDC_SCL,Santiago DC,PRD0075,11,1,2,5,3,12334.52
2025-12-01,CDC_SCL,Santiago DC,PRD0076,19,0,5,8,4,310492.87
2025-12-01,CDC_SCL,Santiago DC,PRD0077,0,0,2,0,0,0.0
2025-12-01,CDC_SCL,Santiago DC,PRD0078,1,1,0,1,0,9054.13
2025-12-01,CDC_SCL,Santiago DC,PRD0079,4,0,10,2,1,22413.16
2025-12-01,CDC_SCL,Santiago DC,PRD0080,0,0,2,1,0,0.0
2025-12-01,CDC_SCL,Santiago DC,PRD0081,3,0,0,1,0,2929.62
2025-12-01,CDC_SCL,Santiago DC,PRD0082,33,1,0,10,6,40320.06
2025-12-01,CDC_SCL,Santiago DC,PRD0083,16,1,0,8,4,38355.2
2025-12-01,CDC_SCL,Santiago DC,PRD0084,20,1,15,5,3,450738.4
2025-12-01,CDC_SCL,Santiago DC,PRD0085,4,4,15,2,1,20966.12
2025-12-01,CDC_SCL,Santiago DC,PRD0086,0,0,0,1,0,0.0
2025-12-01,CDC_SCL,Santiago DC,PRD0087,9,3,0,5,3,11123.73
2025-12-01,CDC_SCL,Santiago DC,PRD0088,1,0,15,2,1,802.59
2025-12-01,CDC_SCL,Santiago DC,PRD0089,0,0,0,0,0,0.0
2025-12-01,CDC_SCL,Santiago DC,PRD0090,4,1,10,3,1,6876.4
2025-12-01,CDC_SCL,Santiago DC,PRD0091,7,2,0,2,1,3892.91
2025-12-01,CDC_SCL,Santiago DC,PRD0092,15,3,5,8,4,168417.3
2025-12-01,CDC_SCL,Santiago DC,PRD0093,10,5,0,5,3,257506.6
2025-12-01,CDC_SCL,Santiago DC,PRD0094,1,0,0,2,1,16922.89
2025-12-01,CDC_SCL,Santiago DC,PRD0095,4,2,2,2,1,26638.0
2025-12-01,CDC_SCL,Santiago DC,PRD0096,1,1,10,0,0,1164.96
2025-12-01,CDC_SCL,Santiago DC,PRD0097,25,1,2,10,6,16812.5
2025-12-01,CDC_SCL,Santiago DC,PRD0098,7,1,0,2,1,7785.19
2025-12-01,CDC_SCL,Santiago DC,PRD0099,36,5,10,10,6,75689.28
2025-12-01,CDC_SCL,Santiago DC,PRD0100,0,0,2,0,0,0.0
2025-12-01,CDC_SCL,Santiago DC,PRD0101,0,0,10,0,0,0.0
2025-12-01,CDC_SCL,Santiago DC,PRD0102,6,0,0,2,1,5583.54
2025-12-01,CDC_SCL,Santiago DC,PRD0103,0,0,0,0,0,0.0
2025-12-01,CDC_SCL,Santiago DC,PRD0104,21,4,5,5,3,102958.17
2025-12-01,CDC_SCL,Santiago DC,PRD0105,12,4,0,10,6,4716.12
2025-12-01,CDC_SCL,Santiago DC,PRD0106,0,0,0,0,0,0.0
2025-12-01,CDC_SCL,Santiago DC,PRD0107,0,0,15,0,0,0.0
2025-12-01,CDC_SCL,Santiago DC,PRD0108,1,0,15,0,0,15440.34
2025-12-01,CDC_SCL,Santiago DC,PRD0109,1,1,2,10,6,17855.2
2025-12-01,CDC_SCL,Santiago DC,PRD0110,7,2,5,3,1,32347.21
2025-12-01,CDC_SCL,Santiago DC,PRD0111,4,4,5,3,1,32319.72
2025-12-01,CDC_SCL,Santiago DC,PRD0112,6,4,10,5,3,100927.74
2025-12-01,CDC_SCL,Santiago DC,PRD0113,27,5,2,8,4,29886.3
2025-12-01,CDC_SCL,Santiago DC,PRD0114,0,0,10,0,0,0.0
2025-12-01,CDC_SCL,Santiago DC,PRD0115,12,2,10,3,1,72411.6
2025-12-01,CDC_SCL,Santiago DC,PRD0116,5,3,2,3,1,64905.4
2025-12-01,CDC_SCL,Santiago DC,PRD0117,0,0,5,0,0,0.0
2025-12-01,CDC_SCL,Santiago DC,PRD0118,3,3,0,3,1,22156.56
2025-12-01,CDC_SCL,Santiago DC,PRD0119,15,3,10,5,3,7077.0
2025-12-01,CDC_SCL,Santiago DC,PRD0120,0,0,5,0,0,0.0
2025-12-01,CDC_ANT,Antofagasta DC,PRD0001,40,3,0,10,6,1007139.2
2025-12-01,CDC_ANT,Antofagasta DC,PRD0002,3,3,10,2,1,43156.65
2025-12-01,CDC_ANT,Antofagasta DC,PRD0003,3,0,10,2,1,22511.22
2025-12-01,CDC_ANT,Antofagasta DC,PRD0004,10,3,5,5,3,36545.8
2025-12-01,CDC_ANT,Antofagasta DC,PRD0005,12,0,2,8,4,48495.36
2025-12-01,CDC_ANT,Antofagasta DC,PRD0006,2,1,10,2,1,14598.1
2025-12-01,CDC_ANT,Antofagasta DC,PRD0007,30,3,5,8,4,96465.6
2025-12-01,CDC_ANT,Antofagasta DC,PRD0008,0,0,0,0,0,0.0
2025-12-01,CDC_ANT,Antofagasta DC,PRD0009,15,2,5,5,3,15770.4
2025-12-01,CDC_ANT,Antofagasta DC,PRD0010,2,1,10,2,1,12056.04
2025-12-01,CDC_ANT,Antofagasta DC,PRD0011,11,1,0,3,1,264526.57
2025-12-01,CDC_ANT,Antofagasta DC,PRD0012,29,3,2,10,6,10261.07
2025-12-01,CDC_ANT,Antofagasta DC,PRD0013,19,4,0,8,4,17166.69
2025-12-01,CDC_ANT,Antofagasta DC,PRD0014,5,3,0,8,4,163454.4
2025-12-01,CDC_ANT,Antofagasta DC,PRD0015,1,1,0,1,0,24943.22
2025-12-01,CDC_ANT,Antofagasta DC,PRD0016,7,4,2,2,1,2318.68
2025-12-01,CDC_ANT,Antofagasta DC,PRD0017,8,0,15,2,1,32479.6
2025-12-01,CDC_ANT,Antofagasta DC,PRD0018,0,0,0,0,0,0.0
2025-12-01,CDC_ANT,Antofagasta DC,PRD0019,2,2,0,1,0,3058.32
2025-12-01,CDC_ANT,Antofagasta DC,PRD0020,13,5,2,3,1,120384.29
2025-12-01,CDC_ANT,Antofagasta DC,PRD0021,26,2,15,10,6,28806.18
2025-12-01,CDC_ANT,Antofagasta DC,PRD0022,0,0,0,0,0,0.0
2025-12-01,CDC_ANT,Antofagasta DC,PRD0023,0,0,10,0,0,0.0
2025-12-01,CDC_ANT,Antofagasta DC,PRD0024,1,0,2,5,3,15587.6
2025-12-01,CDC_ANT,Antofagasta DC,PRD0025,12,3,0,8,4,5710.8
2025-12-01,CDC_ANT,Antofagasta DC,PRD0026,5,5,5,3,1,45486.55
2025-12-01,CDC_ANT,Antofagasta DC,PRD0027,1,1,0,1,0,5555.21
2025-12-01,CDC_ANT,Antofagasta DC,PRD0028,8,4,10,10,6,47875.84
2025-12-01,CDC_ANT,Antofagasta DC,PRD0029,2,0,15,0,0,13083.52
2025-12-01,CDC_ANT,Antofagasta DC,PRD0030,4,3,15,2,1,4413.76
2025-12-01,CDC_ANT,Antofagasta DC,PRD0031,0,0,0,0,0,0.0
2025-12-01,CDC_ANT,Antofagasta DC,PRD0032,13,0,5,5,3,5658.64
2025-12-01,CDC_ANT,Antofagasta DC,PRD0033,10,4,5,5,3,58213.2
2025-12-01,CDC_ANT,Antofagasta DC,PRD0034,15,1,10,5,3,85916.1
2025-12-01,CDC_ANT,Antofagasta DC,PRD0035,6,5,5,5,3,28194.24
2025-12-01,CDC_ANT,Antofagasta DC,PRD0036,1,1,0,1,0,2622.37
2025-12-01,CDC_ANT,Antofagasta DC,PRD0037,3,1,15,2,1,858.75
2025-12-01,CDC_ANT,Antofagasta DC,PRD0038,3,3,0,2,1,101127.57
2025-12-01,CDC_ANT,Antofagasta DC,PRD0039,21,5,10,8,4,165319.56
2025-12-01,CDC_ANT,Antofagasta DC,PRD0040,15,2,15,10,6,146540.4
2025-12-01,CDC_ANT,Antofagasta DC,PRD0041,0,0,0,0,0,0.0
2025-12-01,CDC_ANT,Antofagasta DC,PRD0042,8,0,15,3,1,22870.56
2025-12-01,CDC_ANT,Antofagasta DC,PRD0043,4,4,0,5,3,57352.8
2025-12-01,CDC_ANT,Antofagasta DC,PRD0044,12,4,2,5,3,332888.28
2025-12-01,CDC_ANT,Antofagasta DC,PRD0045,13,4,0,5,3,62842.0
2025-12-01,CDC_ANT,Antofagasta DC,PRD0046,0,0,10,0,0,0.0
2025-12-01,CDC_ANT,Antofagasta DC,PRD0047,0,0,15,0,0,0.0
2025-12-01,CDC_ANT,Antofagasta DC,PRD0048,5,3,0,2,1,23385.3
2025-12-01,CDC_ANT,Antofagasta DC,PRD0049,2,1,0,2,1,915.46
2025-12-01,CDC_ANT,Antofagasta DC,PRD0050,19,2,15,10,6,3346.28
2025-12-01,CDC_ANT,Antofagasta DC,PRD0051,0,0,0,0,0,0.0
2025-12-01,CDC_ANT,Antofagasta DC,PRD0052,5,0,0,3,1,42584.35
2025-12-01,CDC_ANT,Antofagasta DC,PRD0053,0,0,0,0,0,0.0
2025-12-01,CDC_ANT,Antofagasta DC,PRD0054,2,0,10,1,0,4152.2
2025-12-01,CDC_ANT,Antofagasta DC,PRD0055,0,0,0,0,0,0.0
2025-12-01,CDC_ANT,Antofagasta DC,PRD0056,1,1,15,1,0,27082.16
2025-12-01,CDC_ANT,Antofagasta DC,PRD0057,0,0,15,0,0,0.0
2025-12-01,CDC_ANT,Antofagasta DC,PRD0058,11,5,15,8,4,29652.15
2025-12-01,CDC_ANT,Antofagasta DC,PRD0059,0,0,0,0,0,0.0
2025-12-01,CDC_ANT,Antofagasta DC,PRD0060,1,1,0,1,0,15285.19
2025-12-01,CDC_ANT,Antofagasta DC,PRD0061,0,0,15,10,6,0.0
2025-12-01,CDC_ANT,Antofagasta DC,PRD0062,18,0,0,10,6,201252.6
2025-12-01,CDC_ANT,Antofagasta DC,PRD0063,11,2,0,3,1,58172.73
2025-12-01,CDC_ANT,Antofagasta DC,PRD0064,2,0,0,1,0,42002.26
2025-12-01,CDC_ANT,Antofagasta DC,PRD0065,29,0,0,10,6,28858.48
2025-12-01,CDC_ANT,Antofagasta DC,PRD0066,33,4,2,10,6,8831.13
2025-12-01,CDC_ANT,Antofagasta DC,PRD0067,4,1,0,3,1,1640.16
2025-12-01,CDC_ANT,Antofagasta DC,PRD0068,14,0,10,8,4,107986.76
2025-12-01,CDC_ANT,Antofagasta DC,PRD0069,5,5,15,3,1,24460.6
2025-12-01,CDC_ANT,Antofagasta DC,PRD0070,27,2,2,10,6,768649.77
2025-12-01,CDC_ANT,Antofagasta DC,PRD0071,0,0,15,0,0,0.0
2025-12-01,CDC_ANT,Antofagasta DC,PRD0072,16,2,0,5,3,109260.48
2025-12-01,CDC_ANT,Antofagasta DC,PRD0073,0,0,15,1,0,0.0
2025-12-01,CDC_ANT,Antofagasta DC,PRD0074,0,0,0,0,0,0.0
2025-12-01,CDC_ANT,Antofagasta DC,PRD0075,0,0,15,0,0,0.0
2025-12-01,CDC_ANT,Antofagasta DC,PRD0076,49,1,0,10,6,800744.77
2025-12-01,CDC_ANT,Antofagasta DC,PRD0077,15,0,10,8,4,3729.6
2025-12-01,CDC_ANT,Antofagasta DC,PRD0078,6,0,10,3,1,54324.78
2025-12-01,CDC_ANT,Antofagasta DC,PRD0079,1,1,2,1,0,5603.29
2025-12-01,CDC_ANT,Antofagasta DC,PRD0080,22,2,5,8,4,108088.2
2025-12-01,CDC_ANT,Antofagasta DC,PRD0081,32,4,15,10,6,31249.28
2025-12-01,CDC_ANT,Antofagasta DC,PRD0082,9,0,0,3,1,10996.38
2025-12-01,CDC_ANT,Antofagasta DC,PRD0083,0,0,0,0,0,0.0
2025-12-01,CDC_ANT,Antofagasta DC,PRD0084,0,0,0,0,0,0.0
2025-12-01,CDC_ANT,Antofagasta DC,PRD0085,23,5,0,8,4,120555.19
2025-12-01,CDC_ANT,Antofagasta DC,PRD0086,1,0,2,5,3,3882.19
2025-12-01,CDC_ANT,Antofagasta DC,PRD0087,3,3,0,1,0,3707.91
2025-12-01,CDC_ANT,Antofagasta DC,PRD0088,14,0,0,8,4,11236.26
2025-12-01,CDC_ANT,Antofagasta DC,PRD0089,2,0,0,3,1,12696.32
2025-12-01,CDC_ANT,Antofagasta DC,PRD0090,0,0,2,0,0,0.0
2025-12-01,CDC_ANT,Antofagasta DC,PRD0091,16,0,15,10,6,8898.08
2025-12-01,CDC_ANT,Antofagasta DC,PRD0092,0,0,0,0,0,0.0
2025-12-01,CDC_ANT,Antofagasta DC,PRD0093,14,0,15,5,3,360509.24
2025-12-01,CDC_ANT,Antofagasta DC,PRD0094,24,2,15,8,4,406149.36
2025-12-01,CDC_ANT,Antofagasta DC,PRD0095,33,4,0,10,6,219763.5
2025-12-01,CDC_ANT,Antofagasta DC,PRD0096,0,0,10,0,0,0.0
2025-12-01,CDC_ANT,Antofagasta DC,PRD0097,0,0,2,0,0,0.0
2025-12-01,CDC_ANT,Antofagasta DC,PRD0098,0,0,0,0,0,0.0
2025-12-01,CDC_ANT,Antofagasta DC,PRD0099,0,0,15,0,0,0.0
2025-12-01,CDC_ANT,Antofagasta DC,PRD0100,4,1,10,2,1,6344.04
2025-12-01,CDC_ANT,Antofagasta DC,PRD0101,44,0,0,10,6,216508.6
2025-12-01,CDC_ANT,Antofagasta DC,PRD0102,11,3,5,5,3,10236.49
2025-12-01,CDC_ANT,Antofagasta DC,PRD0103,11,2,10,5,3,63951.91
2025-12-01,CDC_ANT,Antofagasta DC,PRD0104,3,0,10,1,0,14708.31
2025-12-01,CDC_ANT,Antofagasta DC,PRD0105,3,0,10,2,1,1179.03
2025-12-01,CDC_ANT,Antofagasta DC,PRD0106,4,3,5,5,3,34447.24
2025-12-01,CDC_ANT,Antofagasta DC,PRD0107,47,0,15,10,6,1290275.02
2025-12-01,CDC_ANT,Antofagasta DC,PRD0108,2,0,2,3,1,30880.68
2025-12-01,CDC_ANT,Antofagasta DC,PRD0109,7,4,10,8,4,124986.4
2025-12-01,CDC_ANT,Antofagasta DC,PRD0110,0,0,5,0,0,0.0
2025-12-01,CDC_ANT,Antofagasta DC,PRD0111,2,1,0,2,1,16159.86
2025-12-01,CDC_ANT,Antofagasta DC,PRD0112,0,0,2,0,0,0.0
2025-12-01,CDC_ANT,Antofagasta DC,PRD0113,17,0,2,10,6,18817.3
2025-12-01,CDC_ANT,Antofagasta DC,PRD0114,0,0,0,0,0,0.0
2025-12-01,CDC_ANT,Antofagasta DC,PRD0115,30,3,10,8,4,181029.0
2025-12-01,CDC_ANT,Antofagasta DC,PRD0116,0,0,0,0,0,0.0
2025-12-01,CDC_ANT,Antofagasta DC,PRD0117,17,1,2,3,1,16378.48
2025-12-01,CDC_ANT,Antofagasta DC,PRD0118,1,0,0,1,0,7385.52
2025-12-01,CDC_ANT,Antofagasta DC,PRD0119,0,0,15,0,0,0.0
2025-12-01,CDC_ANT,Antofagasta DC,PRD0120,8,4,15,3,1,69011.04
2025-12-01,CDC_CAL,Calama Hub,PRD0001,0,0,15,0,0,0.0
2025-12-01,CDC_CAL,Calama Hub,PRD0002,2,1,2,3,1,28771.1
2025-12-01,CDC_CAL,Calama Hub,PRD0003,11,2,0,5,3,82541.14
2025-12-01,CDC_CAL,Calama Hub,PRD0004,2,0,15,1,0,7309.16
2025-12-01,CDC_CAL,Calama Hub,PRD0005,0,0,5,0,0,0.0
2025-12-01,CDC_CAL,Calama Hub,PRD0006,8,3,10,5,3,58392.4
2025-12-01,CDC_CAL,Calama Hub,PRD0007,0,0,0,2,1,0.0
2025-12-01,CDC_CAL,Calama Hub,PRD0008,3,0,15,2,1,10882.59
2025-12-01,CDC_CAL,Calama Hub,PRD0009,5,0,0,2,1,5256.8
2025-12-01,CDC_CAL,Calama Hub,PRD0010,6,2,2,3,1,36168.12
2025-12-01,CDC_CAL,Calama Hub,PRD0011,0,0,0,0,0,0.0
2025-12-01,CDC_CAL,Calama Hub,PRD0012,1,0,0,0,0,353.83
2025-12-01,CDC_CAL,Calama Hub,PRD0013,1,0,15,2,1,903.51
2025-12-01,CDC_CAL,Calama Hub,PRD0014,20,1,0,10,6,653817.6
2025-12-01,CDC_CAL,Calama Hub,PRD0015,33,2,2,8,4,823126.26
2025-12-01,CDC_CAL,Calama Hub,PRD0016,33,3,5,10,6,10930.92
2025-12-01,CDC_CAL,Calama Hub,PRD0017,24,2,0,5,3,97438.8
2025-12-01,CDC_CAL,Calama Hub,PRD0018,40,5,5,10,6,38573.6
2025-12-01,CDC_CAL,Calama Hub,PRD0019,7,4,5,3,1,10704.12
2025-12-01,CDC_CAL,Calama Hub,PRD0020,2,0,10,1,0,18520.66
2025-12-01,CDC_CAL,Calama Hub,PRD0021,0,0,5,0,0,0.0
2025-12-01,CDC_CAL,Calama Hub,PRD0022,3,1,0,1,0,2071.59
2025-12-01,CDC_CAL,Calama Hub,PRD0023,18,5,15,5,3,54764.46
2025-12-01,CDC_CAL,Calama Hub,PRD0024,18,2,0,8,4,280576.8
2025-12-01,CDC_CAL,Calama Hub,PRD0025,2,0,2,1,0,951.8
2025-12-01,CDC_CAL,Calama Hub,PRD0026,36,0,0,10,6,327503.16
2025-12-01,CDC_CAL,Calama Hub,PRD0027,1,1,10,0,0,5555.21
2025-12-01,CDC_CAL,Calama Hub,PRD0028,0,0,0,0,0,0.0
2025-12-01,CDC_CAL,Calama Hub,PRD0029,0,0,0,0,0,0.0
2025-12-01,CDC_CAL,Calama Hub,PRD0030,5,0,2,8,4,5517.2
2025-12-01,CDC_CAL,Calama Hub,PRD0031,21,1,2,8,4,164704.05
2025-12-01,CDC_CAL,Calama Hub,PRD0032,9,4,0,3,1,3917.52
2025-12-01,CDC_CAL,Calama Hub,PRD0033,8,2,0,5,3,46570.56
2025-12-01,CDC_CAL,Calama Hub,PRD0034,5,1,0,2,1,28638.7
2025-12-01,CDC_CAL,Calama Hub,PRD0035,0,0,0,0,0,0.0
2025-12-01,CDC_CAL,Calama Hub,PRD0036,12,4,0,5,3,31468.44
2025-12-01,CDC_CAL,Calama Hub,PRD0037,0,0,5,0,0,0.0
2025-12-01,CDC_CAL,Calama Hub,PRD0038,1,0,10,2,1,33709.19
2025-12-01,CDC_CAL,Calama Hub,PRD0039,2,2,0,2,1,15744.72
2025-12-01,CDC_CAL,Calama Hub,PRD0040,25,0,2,8,4,244234.0
2025-12-01,CDC_CAL,Calama Hub,PRD0041,0,0,0,0,0,0.0
2025-12-01,CDC_CAL,Calama Hub,PRD0042,20,1,10,10,6,57176.4
2025-12-01,CDC_CAL,Calama Hub,PRD0043,16,4,10,10,6,229411.2
2025-12-01,CDC_CAL,Calama Hub,PRD0044,0,0,5,0,0,0.0
2025-12-01,CDC_CAL,Calama Hub,PRD0045,0,0,15,0,0,0.0
2025-12-01,CDC_CAL,Calama Hub,PRD0046,0,0,0,0,0,0.0
2025-12-01,CDC_CAL,Calama Hub,PRD0047,0,0,0,0,0,0.0
2025-12-01,CDC_CAL,Calama Hub,PRD0048,0,0,0,0,0,0.0
2025-12-01,CDC_CAL,Calama Hub,PRD0049,0,0,15,0,0,0.0
2025-12-01,CDC_CAL,Calama Hub,PRD0050,12,1,0,8,4,2113.44
2025-12-01,CDC_CAL,Calama Hub,PRD0051,2,0,0,0,0,42311.88
2025-12-01,CDC_CAL,Calama Hub,PRD0052,0,0,5,0,0,0.0
2025-12-01,CDC_CAL,Calama Hub,PRD0053,5,5,15,3,1,3767.0
2025-12-01,CDC_CAL,Calama Hub,PRD0054,10,5,2,3,1,20761.0
2025-12-01,CDC_CAL,Calama Hub,PRD0055,6,4,15,2,1,2220.48
2025-12-01,CDC_CAL,Calama Hub,PRD0056,27,4,15,10,6,731218.32
2025-12-01,CDC_CAL,Calama Hub,PRD0057,12,3,15,5,3,87037.8
2025-12-01,CDC_CAL,Calama Hub,PRD0058,3,1,2,1,0,8086.95
2025-12-01,CDC_CAL,Calama Hub,PRD0059,1,1,0,0,0,20502.29
2025-12-01,CDC_CAL,Calama Hub,PRD0060,29,3,0,10,6,443270.51
2025-12-01,CDC_CAL,Calama Hub,PRD0061,11,0,0,5,3,68728.11
2025-12-01,CDC_CAL,Calama Hub,PRD0062,13,5,10,5,3,145349.1
2025-12-01,CDC_CAL,Calama Hub,PRD0063,0,0,0,0,0,0.0
2025-12-01,CDC_CAL,Calama Hub,PRD0064,30,3,0,8,4,630033.9
2025-12-01,CDC_CAL,Calama Hub,PRD0065,7,1,5,5,3,6965.84
2025-12-01,CDC_CAL,Calama Hub,PRD0066,16,2,0,10,6,4281.76
2025-12-01,CDC_CAL,Calama Hub,PRD0067,6,5,2,3,1,2460.24
2025-12-01,CDC_CAL,Calama Hub,PRD0068,22,0,5,8,4,169693.48
2025-12-01,CDC_CAL,Calama Hub,PRD0069,1,0,0,1,0,4892.12
2025-12-01,CDC_CAL,Calama Hub,PRD0070,0,0,2,1,0,0.0
2025-12-01,CDC_CAL,Calama Hub,PRD0071,2,1,0,1,0,1867.4
2025-12-01,CDC_CAL,Calama Hub,PRD0072,5,5,2,2,1,34143.9
2025-12-01,CDC_CAL,Calama Hub,PRD0073,0,0,10,0,0,0.0
2025-12-01,CDC_CAL,Calama Hub,PRD0074,7,3,15,5,3,173128.48
2025-12-01,CDC_CAL,Calama Hub,PRD0075,2,0,0,0,0,2242.64
2025-12-01,CDC_CAL,Calama Hub,PRD0076,1,0,15,1,0,16341.73
2025-12-01,CDC_CAL,Calama Hub,PRD0077,14,2,5,5,3,3480.96
2025-12-01,CDC_CAL,Calama Hub,PRD0078,0,0,0,0,0,0.0
2025-12-01,CDC_CAL,Calama Hub,PRD0079,33,5,0,10,6,184908.57
2025-12-01,CDC_CAL,Calama Hub,PRD0080,0,0,15,0,0,0.0
2025-12-01,CDC_CAL,Calama Hub,PRD0081,1,0,10,0,0,976.54
2025-12-01,CDC_CAL,Calama Hub,PRD0082,0,0,10,0,0,0.0
2025-12-01,CDC_CAL,Calama Hub,PRD0083,2,0,5,2,1,4794.4
2025-12-01,CDC_CAL,Calama Hub,PRD0084,23,0,0,10,6,518349.16
2025-12-01,CDC_CAL,Calama Hub,PRD0085,12,2,10,3,1,62898.36
2025-12-01,CDC_CAL,Calama Hub,PRD0086,2,2,0,2,1,7764.38
2025-12-01,CDC_CAL,Calama Hub,PRD0087,18,2,5,10,6,22247.46
2025-12-01,CDC_CAL,Calama Hub,PRD0088,30,1,0,8,4,24077.7
2025-12-01,CDC_CAL,Calama Hub,PRD0089,50,4,15,10,6,317408.0
2025-12-01,CDC_CAL,Calama Hub,PRD0090,1,0,0,1,0,1719.1
2025-12-01,CDC_CAL,Calama Hub,PRD0091,7,2,5,3,1,3892.91
2025-12-01,CDC_CAL,Calama Hub,PRD0092,5,0,10,2,1,56139.1
2025-12-01,CDC_CAL,Calama Hub,PRD0093,1,0,0,1,0,25750.66
2025-12-01,CDC_CAL,Calama Hub,PRD0094,17,5,0,5,3,287689.13
2025-12-01,CDC_CAL,Calama Hub,PRD0095,28,4,15,10,6,186466.0
2025-12-01,CDC_CAL,Calama Hub,PRD0096,0,0,0,0,0,0.0
2025-12-01,CDC_CAL,Calama Hub,PRD0097,1,1,5,1,0,672.5
2025-12-01,CDC_CAL,Calama Hub,PRD0098,8,3,0,2,1,8897.36
2025-12-01,CDC_CAL,Calama Hub,PRD0099,28,3,0,10,6,58869.44
2025-12-01,CDC_CAL,Calama Hub,PRD0100,1,0,10,3,1,1586.01
2025-12-01,CDC_CAL,Calama Hub,PRD0101,0,0,0,0,0,0.0
2025-12-01,CDC_CAL,Calama Hub,PRD0102,3,3,0,2,1,2791.77
2025-12-01,CDC_CAL,Calama Hub,PRD0103,0,0,15,0,0,0.0
2025-12-01,CDC_CAL,Calama Hub,PRD0104,9,4,10,10,6,44124.93
2025-12-01,CDC_CAL,Calama Hub,PRD0105,7,0,10,5,3,2751.07
2025-12-01,CDC_CAL,Calama Hub,PRD0106,1,0,0,1,0,8611.81
2025-12-01,CDC_CAL,Calama Hub,PRD0107,32,1,15,10,6,878485.12
2025-12-01,CDC_CAL,Calama Hub,PRD0108,2,2,0,3,1,30880.68
2025-12-01,CDC_CAL,Calama Hub,PRD0109,0,0,15,0,0,0.0
2025-12-01,CDC_CAL,Calama Hub,PRD0110,26,4,0,10,6,120146.78
2025-12-01,CDC_CAL,Calama Hub,PRD0111,26,3,0,10,6,210078.18
2025-12-01,CDC_CAL,Calama Hub,PRD0112,4,4,0,2,1,67285.16
2025-12-01,CDC_CAL,Calama Hub,PRD0113,17,3,2,5,3,18817.3
2025-12-01,CDC_CAL,Calama Hub,PRD0114,3,1,2,1,0,6666.63
2025-12-01,CDC_CAL,Calama Hub,PRD0115,7,3,5,3,1,42240.1
2025-12-01,CDC_CAL,Calama Hub,PRD0116,6,2,2,3,1,77886.48
2025-12-01,CDC_CAL,Calama Hub,PRD0117,9,2,10,5,3,8670.96
2025-12-01,CDC_CAL,Calama Hub,PRD0118,19,3,0,10,6,140324.88
2025-12-01,CDC_CAL,Calama Hub,PRD0119,1,0,0,0,0,471.8
2025-12-01,CDC_CAL,Calama Hub,PRD0120,0,0,0,0,0,0.0
2025-12-01,CDC_COP,Copiapó Hub,PRD0001,1,0,0,0,0,25178.48
2025-12-01,CDC_COP,Copiapó Hub,PRD0002,4,1,0,1,0,57542.2
2025-12-01,CDC_COP,Copiapó Hub,PRD0003,13,4,10,5,3,97548.62
2025-12-01,CDC_COP,Copiapó Hub,PRD0004,5,2,15,2,1,18272.9
2025-12-01,CDC_COP,Copiapó Hub,PRD0005,5,3,2,2,1,20206.4
2025-12-01,CDC_COP,Copiapó Hub,PRD0006,13,0,15,5,3,94887.65
2025-12-01,CDC_COP,Copiapó Hub,PRD0007,10,5,10,5,3,32155.2
2025-12-01,CDC_COP,Copiapó Hub,PRD0008,2,1,15,1,0,7255.06
2025-12-01,CDC_COP,Copiapó Hub,PRD0009,7,0,2,3,1,7359.52
2025-12-01,CDC_COP,Copiapó Hub,PRD0010,3,1,15,1,0,18084.06
2025-12-01,CDC_COP,Copiapó Hub,PRD0011,0,0,0,0,0,0.0
2025-12-01,CDC_COP,Copiapó Hub,PRD0012,0,0,5,0,0,0.0
2025-12-01,CDC_COP,Copiapó Hub,PRD0013,0,0,10,0,0,0.0
2025-12-01,CDC_COP,Copiapó Hub,PRD0014,4,1,15,3,1,130763.52
2025-12-01,CDC_COP,Copiapó Hub,PRD0015,0,0,5,0,0,0.0
2025-12-01,CDC_COP,Copiapó Hub,PRD0016,16,1,2,5,3,5299.84
2025-12-01,CDC_COP,Copiapó Hub,PRD0017,3,1,0,2,1,12179.85
2025-12-01,CDC_COP,Copiapó Hub,PRD0018,11,1,0,5,3,10607.74
2025-12-01,CDC_COP,Copiapó Hub,PRD0019,24,3,0,10,6,36699.84
2025-12-01,CDC_COP,Copiapó Hub,PRD0020,2,2,5,1,0,18520.66
2025-12-01,CDC_COP,Copiapó Hub,PRD0021,11,4,0,3,1,12187.23
2025-12-01,CDC_COP,Copiapó Hub,PRD0022,3,3,0,1,0,2071.59
2025-12-01,CDC_COP,Copiapó Hub,PRD0023,0,0,5,0,0,0.0
2025-12-01,CDC_COP,Copiapó Hub,PRD0024,1,0,0,1,0,15587.6
2025-12-01,CDC_COP,Copiapó Hub,PRD0025,23,0,0,8,4,10945.7
2025-12-01,CDC_COP,Copiapó Hub,PRD0026,4,0,0,2,1,36389.24
2025-12-01,CDC_COP,Copiapó Hub,PRD0027,3,3,2,3,1,16665.63
2025-12-01,CDC_COP,Copiapó Hub,PRD0028,3,1,10,1,0,17953.44
2025-12-01,CDC_COP,Copiapó Hub,PRD0029,2,1,10,1,0,13083.52
2025-12-01,CDC_COP,Copiapó Hub,PRD0030,2,2,0,0,0,2206.88
2025-12-01,CDC_COP,Copiapó Hub,PRD0031,22,0,15,10,6,172547.1
2025-12-01,CDC_COP,Copiapó Hub,PRD0032,0,0,0,0,0,0.0
2025-12-01,CDC_COP,Copiapó Hub,PRD0033,0,0,15,0,0,0.0
2025-12-01,CDC_COP,Copiapó Hub,PRD0034,27,5,0,10,6,154648.98
2025-12-01,CDC_COP,Copiapó Hub,PRD0035,12,5,10,8,4,56388.48
2025-12-01,CDC_COP,Copiapó Hub,PRD0036,2,1,0,2,1,5244.74
2025-12-01,CDC_COP,Copiapó Hub,PRD0037,0,0,10,0,0,0.0
2025-12-01,CDC_COP,Copiapó Hub,PRD0038,4,2,10,2,1,134836.76
2025-12-01,CDC_COP,Copiapó Hub,PRD0039,2,0,0,1,0,15744.72
2025-12-01,CDC_COP,Copiapó Hub,PRD0040,5,3,10,5,3,48846.8
2025-12-01,CDC_COP,Copiapó Hub,PRD0041,6,5,0,8,4,92370.06
2025-12-01,CDC_COP,Copiapó Hub,PRD0042,3,0,0,3,1,8576.46
2025-12-01,CDC_COP,Copiapó Hub,PRD0043,18,4,2,8,4,258087.6
2025-12-01,CDC_COP,Copiapó Hub,PRD0044,2,0,0,1,0,55481.38
2025-12-01,CDC_COP,Copiapó Hub,PRD0045,3,0,10,1,0,14502.0
2025-12-01,CDC_COP,Copiapó Hub,PRD0046,0,0,0,3,1,0.0
2025-12-01,CDC_COP,Copiapó Hub,PRD0047,0,0,0,0,0,0.0
2025-12-01,CDC_COP,Copiapó Hub,PRD0048,11,0,0,5,3,51447.66
2025-12-01,CDC_COP,Copiapó Hub,PRD0049,16,0,0,5,3,7323.68
2025-12-01,CDC_COP,Copiapó Hub,PRD0050,8,5,0,10,6,1408.96
2025-12-01,CDC_COP,Copiapó Hub,PRD0051,6,4,15,3,1,126935.64
2025-12-01,CDC_COP,Copiapó Hub,PRD0052,5,0,5,2,1,42584.35
2025-12-01,CDC_COP,Copiapó Hub,PRD0053,13,5,15,5,3,9794.2
2025-12-01,CDC_COP,Copiapó Hub,PRD0054,21,0,10,10,6,43598.1
2025-12-01,CDC_COP,Copiapó Hub,PRD0055,1,0,5,1,0,370.08
2025-12-01,CDC_COP,Copiapó Hub,PRD0056,2,2,0,1,0,54164.32
2025-12-01,CDC_COP,Copiapó Hub,PRD0057,5,3,0,3,1,36265.75
2025-12-01,CDC_COP,Copiapó Hub,PRD0058,26,0,0,10,6,70086.9
2025-12-01,CDC_COP,Copiapó Hub,PRD0059,2,1,0,1,0,41004.58
2025-12-01,CDC_COP,Copiapó Hub,PRD0060,0,0,0,0,0,0.0
2025-12-01,CDC_COP,Copiapó Hub,PRD0061,3,0,10,1,0,18744.03
2025-12-01,CDC_COP,Copiapó Hub,PRD0062,6,0,0,2,1,67084.2
2025-12-01,CDC_COP,Copiapó Hub,PRD0063,6,4,0,3,1,31730.58
2025-12-01,CDC_COP,Copiapó Hub,PRD0064,0,0,0,0,0,0.0
2025-12-01,CDC_COP,Copiapó Hub,PRD0065,14,0,10,5,3,13931.68
2025-12-01,CDC_COP,Copiapó Hub,PRD0066,8,2,0,3,1,2140.88
2025-12-01,CDC_COP,Copiapó Hub,PRD0067,7,1,0,3,1,2870.28
2025-12-01,CDC_COP,Copiapó Hub,PRD0068,0,0,0,0,0,0.0
2025-12-01,CDC_COP,Copiapó Hub,PRD0069,0,0,5,0,0,0.0
2025-12-01,CDC_COP,Copiapó Hub,PRD0070,24,3,0,10,6,683244.24
2025-12-01,CDC_COP,Copiapó Hub,PRD0071,2,1,5,1,0,1867.4
2025-12-01,CDC_COP,Copiapó Hub,PRD0072,41,4,10,10,6,279979.98
2025-12-01,CDC_COP,Copiapó Hub,PRD0073,0,0,0,0,0,0.0
2025-12-01,CDC_COP,Copiapó Hub,PRD0074,0,0,2,0,0,0.0
2025-12-01,CDC_COP,Copiapó Hub,PRD0075,3,1,15,3,1,3363.96
2025-12-01,CDC_COP,Copiapó Hub,PRD0076,1,1,15,1,0,16341.73
2025-12-01,CDC_COP,Copiapó Hub,PRD0077,0,0,0,2,1,0.0
2025-12-01,CDC_COP,Copiapó Hub,PRD0078,18,2,0,10,6,162974.34
2025-12-01,CDC_COP,Copiapó Hub,PRD0079,16,4,5,10,6,89652.64
2025-12-01,CDC_COP,Copiapó Hub,PRD0080,0,0,0,0,0,0.0
2025-12-01,CDC_COP,Copiapó Hub,PRD0081,0,0,0,0,0,0.0
2025-12-01,CDC_COP,Copiapó Hub,PRD0082,23,5,0,8,4,28101.86
2025-12-01,CDC_COP,Copiapó Hub,PRD0083,33,5,0,10,6,79107.6
2025-12-01,CDC_COP,Copiapó Hub,PRD0084,0,0,10,0,0,0.0
2025-12-01,CDC_COP,Copiapó Hub,PRD0085,0,0,0,0,0,0.0
2025-12-01,CDC_COP,Copiapó Hub,PRD0086,3,3,15,2,1,11646.57
2025-12-01,CDC_COP,Copiapó Hub,PRD0087,14,4,0,5,3,17303.58
2025-12-01,CDC_COP,Copiapó Hub,PRD0088,27,1,0,10,6,21669.93
2025-12-01,CDC_COP,Copiapó Hub,PRD0089,1,1,2,1,0,6348.16
2025-12-01,CDC_COP,Copiapó Hub,PRD0090,3,1,10,3,1,5157.3
2025-12-01,CDC_COP,Copiapó Hub,PRD0091,5,5,5,3,1,2780.65
2025-12-01,CDC_COP,Copiapó Hub,PRD0092,35,4,0,10,6,392973.7
2025-12-01,CDC_COP,Copiapó Hub,PRD0093,5,0,5,3,1,128753.3
2025-12-01,CDC_COP,Copiapó Hub,PRD0094,0,0,15,0,0,0.0
2025-12-01,CDC_COP,Copiapó Hub,PRD0095,13,3,0,8,4,86573.5
2025-12-01,CDC_COP,Copiapó Hub,PRD0096,0,0,2,0,0,0.0
2025-12-01,CDC_COP,Copiapó Hub,PRD0097,8,2,10,3,1,5380.0
2025-12-01,CDC_COP,Copiapó Hub,PRD0098,3,3,10,2,1,3336.51
2025-12-01,CDC_COP,Copiapó Hub,PRD0099,38,3,0,10,6,79894.24
2025-12-01,CDC_COP,Copiapó Hub,PRD0100,1,1,2,0,0,1586.01
2025-12-01,CDC_COP,Copiapó Hub,PRD0101,0,0,0,0,0,0.0
2025-12-01,CDC_COP,Copiapó Hub,PRD0102,7,5,0,3,1,6514.13
2025-12-01,CDC_COP,Copiapó Hub,PRD0103,10,0,0,8,4,58138.1
2025-12-01,CDC_COP,Copiapó Hub,PRD0104,6,5,5,2,1,29416.62
2025-12-01,CDC_COP,Copiapó Hub,PRD0105,35,1,2,10,6,13755.35
2025-12-01,CDC_COP,Copiapó Hub,PRD0106,16,4,2,8,4,137788.96
2025-12-01,CDC_COP,Copiapó Hub,PRD0107,8,2,15,8,4,219621.28
2025-12-01,CDC_COP,Copiapó Hub,PRD0108,0,0,15,0,0,0.0
2025-12-01,CDC_COP,Copiapó Hub,PRD0109,8,3,0,2,1,142841.6
2025-12-01,CDC_COP,Copiapó Hub,PRD0110,1,0,0,0,0,4621.03
2025-12-01,CDC_COP,Copiapó Hub,PRD0111,9,1,15,3,1,72719.37
2025-12-01,CDC_COP,Copiapó Hub,PRD0112,20,0,10,10,6,336425.8
2025-12-01,CDC_COP,Copiapó Hub,PRD0113,0,0,0,0,0,0.0
2025-12-01,CDC_COP,Copiapó Hub,PRD0114,0,0,5,0,0,0.0
2025-12-01,CDC_COP,Copiapó Hub,PRD0115,1,1,15,0,0,6034.3
2025-12-01,CDC_COP,Copiapó Hub,PRD0116,1,0,15,3,1,12981.08
2025-12-01,CDC_COP,Copiapó Hub,PRD0117,3,0,0,1,0,2890.32
2025-12-01,CDC_COP,Copiapó Hub,PRD0118,5,0,5,2,1,36927.6
2025-12-01,CDC_COP,Copiapó Hub,PRD0119,1,0,2,0,0,471.8
2025-12-01,CDC_COP,Copiapó Hub,PRD0120,16,3,0,10,6,138022.08
2026-01-01,CDC_SCL,Santiago DC,PRD0001,0,0,0,8,4,0.0
2026-01-01,CDC_SCL,Santiago DC,PRD0002,0,0,10,0,0,0.0
2026-01-01,CDC_SCL,Santiago DC,PRD0003,3,0,0,5,3,22511.22
2026-01-01,CDC_SCL,Santiago DC,PRD0004,0,0,10,0,0,0.0
2026-01-01,CDC_SCL,Santiago DC,PRD0005,0,0,0,0,0,0.0
2026-01-01,CDC_SCL,Santiago DC,PRD0006,0,0,0,0,0,0.0
2026-01-01,CDC_SCL,Santiago DC,PRD0007,8,0,15,5,3,25724.16
2026-01-01,CDC_SCL,Santiago DC,PRD0008,15,4,15,5,3,54412.95
2026-01-01,CDC_SCL,Santiago DC,PRD0009,21,4,2,5,3,22078.56
2026-01-01,CDC_SCL,Santiago DC,PRD0010,2,1,5,1,0,12056.04
2026-01-01,CDC_SCL,Santiago DC,PRD0011,10,5,0,8,4,240478.7
2026-01-01,CDC_SCL,Santiago DC,PRD0012,8,5,5,3,1,2830.64
2026-01-01,CDC_SCL,Santiago DC,PRD0013,22,5,0,8,4,19877.22
2026-01-01,CDC_SCL,Santiago DC,PRD0014,0,0,15,0,0,0.0
2026-01-01,CDC_SCL,Santiago DC,PRD0015,3,1,10,1,0,74829.66
2026-01-01,CDC_SCL,Santiago DC,PRD0016,0,0,0,0,0,0.0
2026-01-01,CDC_SCL,Santiago DC,PRD0017,0,0,5,0,0,0.0
2026-01-01,CDC_SCL,Santiago DC,PRD0018,6,0,15,3,1,5786.04
2026-01-01,CDC_SCL,Santiago DC,PRD0019,5,1,0,3,1,7645.8
2026-01-01,CDC_SCL,Santiago DC,PRD0020,2,2,10,1,0,18520.66
2026-01-01,CDC_SCL,Santiago DC,PRD0021,10,4,15,3,1,11079.3
2026-01-01,CDC_SCL,Santiago DC,PRD0022,15,3,0,10,6,10357.95
2026-01-01,CDC_SCL,Santiago DC,PRD0023,-5,4,5,8,4,66934.34
2026-01-01,CDC_SCL,Santiago DC,PRD0024,5,1,0,2,1,77938.0
2026-01-01,CDC_SCL,Santiago DC,PRD0025,23,5,5,8,4,10945.7
2026-01-01,CDC_SCL,Santiago DC,PRD0026,0,0,2,0,0,0.0
2026-01-01,CDC_SCL,Santiago DC,PRD0027,1,1,2,0,0,5555.21
2026-01-01,CDC_SCL,Santiago DC,PRD0028,7,4,0,5,3,41891.36
2026-01-01,CDC_SCL,Santiago DC,PRD0029,2,2,5,1,0,13083.52
2026-01-01,CDC_SCL,Santiago DC,PRD0030,1,1,0,2,1,1103.44
2026-01-01,CDC_SCL,Santiago DC,PRD0031,0,0,5,0,0,0.0
2026-01-01,CDC_SCL,Santiago DC,PRD0032,5,0,0,5,3,2176.4
2026-01-01,CDC_SCL,Santiago DC,PRD0033,1,0,2,0,0,5821.32
2026-01-01,CDC_SCL,Santiago DC,PRD0034,12,4,0,8,4,68732.88
2026-01-01,CDC_SCL,Santiago DC,PRD0035,0,0,10,0,0,0.0
2026-01-01,CDC_SCL,Santiago DC,PRD0036,0,0,0,0,0,0.0
2026-01-01,CDC_SCL,Santiago DC,PRD0037,7,2,10,8,4,2003.75
2026-01-01,CDC_SCL,Santiago DC,PRD0038,24,0,0,10,6,809020.56
2026-01-01,CDC_SCL,Santiago DC,PRD0039,7,0,10,10,6,55106.52
2026-01-01,CDC_SCL,Santiago DC,PRD0040,28,3,0,10,6,273542.08
2026-01-01,CDC_SCL,Santiago DC,PRD0041,0,0,15,2,1,0.0
2026-01-01,CDC_SCL,Santiago DC,PRD0042,15,0,0,8,4,42882.3
2026-01-01,CDC_SCL,Santiago DC,PRD0043,27,1,5,10,6,387131.4
2026-01-01,CDC_SCL,Santiago DC,PRD0044,0,0,0,0,0,0.0
2026-01-01,CDC_SCL,Santiago DC,PRD0045,0,0,0,0,0,0.0
2026-01-01,CDC_SCL,Santiago DC,PRD0046,24,1,0,8,4,8709.36
2026-01-01,CDC_SCL,Santiago DC,PRD0047,3,0,5,3,1,15495.03
2026-01-01,CDC_SCL,Santiago DC,PRD0048,3,0,0,10,6,14031.18
2026-01-01,CDC_SCL,Santiago DC,PRD0049,7,4,0,5,3,3204.11
2026-01-01,CDC_SCL,Santiago DC,PRD0050,0,0,0,0,0,0.0
2026-01-01,CDC_SCL,Santiago DC,PRD0051,0,0,0,0,0,0.0
2026-01-01,CDC_SCL,Santiago DC,PRD0052,6,0,0,5,3,51101.22
2026-01-01,CDC_SCL,Santiago DC,PRD0053,17,2,5,10,6,12807.8
2026-01-01,CDC_SCL,Santiago DC,PRD0054,0,0,0,0,0,0.0
2026-01-01,CDC_SCL,Santiago DC,PRD0055,8,5,0,5,3,2960.64
2026-01-01,CDC_SCL,Santiago DC,PRD0056,8,4,0,3,1,216657.28
2026-01-01,CDC_SCL,Santiago DC,PRD0057,4,4,15,2,1,29012.6
2026-01-01,CDC_SCL,Santiago DC,PRD0058,13,3,2,3,1,35043.45
2026-01-01,CDC_SCL,Santiago DC,PRD0059,16,3,2,8,4,328036.64
2026-01-01,CDC_SCL,Santiago DC,PRD0060,3,1,2,1,0,45855.57
2026-01-01,CDC_SCL,Santiago DC,PRD0061,4,0,10,3,1,24992.04
2026-01-01,CDC_SCL,Santiago DC,PRD0062,37,3,2,10,6,413685.9
2026-01-01,CDC_SCL,Santiago DC,PRD0063,9,4,0,2,1,47595.87
2026-01-01,CDC_SCL,Santiago DC,PRD0064,0,0,0,0,0,0.0
2026-01-01,CDC_SCL,Santiago DC,PRD0065,0,0,0,0,0,0.0
2026-01-01,CDC_SCL,Santiago DC,PRD0066,0,0,10,0,0,0.0
2026-01-01,CDC_SCL,Santiago DC,PRD0067,3,2,15,2,1,1230.12
2026-01-01,CDC_SCL,Santiago DC,PRD0068,2,2,15,1,0,15426.68
2026-01-01,CDC_SCL,Santiago DC,PRD0069,15,0,0,5,3,73381.8
2026-01-01,CDC_SCL,Santiago DC,PRD0070,4,0,15,2,1,113874.04
2026-01-01,CDC_SCL,Santiago DC,PRD0071,22,3,2,8,4,20541.4
2026-01-01,CDC_SCL,Santiago DC,PRD0072,7,0,5,2,1,47801.46
2026-01-01,CDC_SCL,Santiago DC,PRD0073,0,0,10,0,0,0.0
2026-01-01,CDC_SCL,Santiago DC,PRD0074,1,0,10,1,0,24732.64
2026-01-01,CDC_SCL,Santiago DC,PRD0075,0,0,0,2,1,0.0
2026-01-01,CDC_SCL,Santiago DC,PRD0076,4,4,0,2,1,65366.92
2026-01-01,CDC_SCL,Santiago DC,PRD0077,15,0,0,8,4,3729.6
2026-01-01,CDC_SCL,Santiago DC,PRD0078,30,5,15,10,6,271623.9
2026-01-01,CDC_SCL,Santiago DC,PRD0079,1,1,0,0,0,5603.29
2026-01-01,CDC_SCL,Santiago DC,PRD0080,14,3,15,10,6,68783.4
2026-01-01,CDC_SCL,Santiago DC,PRD0081,16,3,0,10,6,15624.64
2026-01-01,CDC_SCL,Santiago DC,PRD0082,0,0,0,0,0,0.0
2026-01-01,CDC_SCL,Santiago DC,PRD0083,0,0,15,0,0,0.0
2026-01-01,CDC_SCL,Santiago DC,PRD0084,10,4,15,5,3,225369.2
2026-01-01,CDC_SCL,Santiago DC,PRD0085,13,0,0,5,3,68139.89
2026-01-01,CDC_SCL,Santiago DC,PRD0086,4,1,10,2,1,15528.76
2026-01-01,CDC_SCL,Santiago DC,PRD0087,0,0,0,1,0,0.0
2026-01-01,CDC_SCL,Santiago DC,PRD0088,7,4,0,3,1,5618.13
2026-01-01,CDC_SCL,Santiago DC,PRD0089,34,5,5,10,6,215837.44
2026-01-01,CDC_SCL,Santiago DC,PRD0090,0,0,0,0,0,0.0
2026-01-01,CDC_SCL,Santiago DC,PRD0091,29,2,2,10,6,16127.77
2026-01-01,CDC_SCL,Santiago DC,PRD0092,1,0,10,0,0,11227.82
2026-01-01,CDC_SCL,Santiago DC,PRD0093,12,0,2,8,4,309007.92
2026-01-01,CDC_SCL,Santiago DC,PRD0094,2,0,0,1,0,33845.78
2026-01-01,CDC_SCL,Santiago DC,PRD0095,2,1,2,0,0,13319.0
2026-01-01,CDC_SCL,Santiago DC,PRD0096,1,1,15,0,0,1164.96
2026-01-01,CDC_SCL,Santiago DC,PRD0097,27,5,0,10,6,18157.5
2026-01-01,CDC_SCL,Santiago DC,PRD0098,8,1,15,5,3,8897.36
2026-01-01,CDC_SCL,Santiago DC,PRD0099,24,4,15,8,4,50459.52
2026-01-01,CDC_SCL,Santiago DC,PRD0100,8,3,10,3,1,12688.08
2026-01-01,CDC_SCL,Santiago DC,PRD0101,0,0,0,0,0,0.0
2026-01-01,CDC_SCL,Santiago DC,PRD0102,15,4,5,5,3,13958.85
2026-01-01,CDC_SCL,Santiago DC,PRD0103,16,0,5,10,6,93020.96
2026-01-01,CDC_SCL,Santiago DC,PRD0104,31,5,0,8,4,151985.87
2026-01-01,CDC_SCL,Santiago DC,PRD0105,12,1,5,5,3,4716.12
2026-01-01,CDC_SCL,Santiago DC,PRD0106,9,1,2,3,1,77506.29
2026-01-01,CDC_SCL,Santiago DC,PRD0107,-3,4,0,8,4,988295.76
2026-01-01,CDC_SCL,Santiago DC,PRD0108,6,5,0,2,1,92642.04
2026-01-01,CDC_SCL,Santiago DC,PRD0109,0,0,10,0,0,0.0
2026-01-01,CDC_SCL,Santiago DC,PRD0110,5,3,0,2,1,23105.15
2026-01-01,CDC_SCL,Santiago DC,PRD0111,12,5,0,10,6,96959.16
2026-01-01,CDC_SCL,Santiago DC,PRD0112,34,0,10,10,6,571923.86
2026-01-01,CDC_SCL,Santiago DC,PRD0113,0,0,0,0,0,0.0
2026-01-01,CDC_SCL,Santiago DC,PRD0114,4,1,10,3,1,8888.84
2026-01-01,CDC_SCL,Santiago DC,PRD0115,2,1,10,2,1,12068.6
2026-01-01,CDC_SCL,Santiago DC,PRD0116,8,1,0,3,1,103848.64
2026-01-01,CDC_SCL,Santiago DC,PRD0117,2,2,2,1,0,1926.88
2026-01-01,CDC_SCL,Santiago DC,PRD0118,20,5,0,8,4,147710.4
2026-01-01,CDC_SCL,Santiago DC,PRD0119,12,2,2,3,1,5661.6
2026-01-01,CDC_SCL,Santiago DC,PRD0120,26,2,0,8,4,224285.88
2026-01-01,CDC_ANT,Antofagasta DC,PRD0001,24,3,0,5,3,604283.52
2026-01-01,CDC_ANT,Antofagasta DC,PRD0002,19,2,0,10,6,273325.45
2026-01-01,CDC_ANT,Antofagasta DC,PRD0003,2,2,0,1,0,15007.48
2026-01-01,CDC_ANT,Antofagasta DC,PRD0004,2,0,15,1,0,7309.16
2026-01-01,CDC_ANT,Antofagasta DC,PRD0005,13,5,0,8,4,52536.64
2026-01-01,CDC_ANT,Antofagasta DC,PRD0006,31,1,15,10,6,226270.55
2026-01-01,CDC_ANT,Antofagasta DC,PRD0007,29,2,5,10,6,93250.08
2026-01-01,CDC_ANT,Antofagasta DC,PRD0008,0,0,5,0,0,0.0
2026-01-01,CDC_ANT,Antofagasta DC,PRD0009,0,0,15,0,0,0.0
2026-01-01,CDC_ANT,Antofagasta DC,PRD0010,4,4,0,2,1,24112.08
2026-01-01,CDC_ANT,Antofagasta DC,PRD0011,12,5,2,8,4,288574.44
2026-01-01,CDC_ANT,Antofagasta DC,PRD0012,7,1,2,10,6,2476.81
2026-01-01,CDC_ANT,Antofagasta DC,PRD0013,2,0,5,0,0,1807.02
2026-01-01,CDC_ANT,Antofagasta DC,PRD0014,9,5,10,10,6,294217.92
2026-01-01,CDC_ANT,Antofagasta DC,PRD0015,0,0,0,0,0,0.0
2026-01-01,CDC_ANT,Antofagasta DC,PRD0016,1,0,0,0,0,331.24
2026-01-01,CDC_ANT,Antofagasta DC,PRD0017,4,0,0,5,3,16239.8
2026-01-01,CDC_ANT,Antofagasta DC,PRD0018,0,0,15,0,0,0.0
2026-01-01,CDC_ANT,Antofagasta DC,PRD0019,3,1,0,1,0,4587.48
2026-01-01,CDC_ANT,Antofagasta DC,PRD0020,9,0,0,3,1,83342.97
2026-01-01,CDC_ANT,Antofagasta DC,PRD0021,0,0,15,5,3,0.0
2026-01-01,CDC_ANT,Antofagasta DC,PRD0022,10,1,0,5,3,6905.3
2026-01-01,CDC_ANT,Antofagasta DC,PRD0023,20,0,10,10,6,60849.4
2026-01-01,CDC_ANT,Antofagasta DC,PRD0024,16,4,10,5,3,249401.6
2026-01-01,CDC_ANT,Antofagasta DC,PRD0025,0,0,0,0,0,0.0
2026-01-01,CDC_ANT,Antofagasta DC,PRD0026,0,0,0,0,0,0.0
2026-01-01,CDC_ANT,Antofagasta DC,PRD0027,0,0,2,0,0,0.0
2026-01-01,CDC_ANT,Antofagasta DC,PRD0028,16,0,0,5,3,95751.68
2026-01-01,CDC_ANT,Antofagasta DC,PRD0029,2,0,10,1,0,13083.52
2026-01-01,CDC_ANT,Antofagasta DC,PRD0030,0,0,10,0,0,0.0
2026-01-01,CDC_ANT,Antofagasta DC,PRD0031,11,1,2,5,3,86273.55
2026-01-01,CDC_ANT,Antofagasta DC,PRD0032,8,5,2,5,3,3482.24
2026-01-01,CDC_ANT,Antofagasta DC,PRD0033,43,1,5,10,6,250316.76
2026-01-01,CDC_ANT,Antofagasta DC,PRD0034,1,1,10,0,0,5727.74
2026-01-01,CDC_ANT,Antofagasta DC,PRD0035,1,1,15,0,0,4699.04
2026-01-01,CDC_ANT,Antofagasta DC,PRD0036,14,5,5,5,3,36713.18
2026-01-01,CDC_ANT,Antofagasta DC,PRD0037,2,2,0,1,0,572.5
2026-01-01,CDC_ANT,Antofagasta DC,PRD0038,0,0,0,0,0,0.0
2026-01-01,CDC_ANT,Antofagasta DC,PRD0039,0,0,0,0,0,0.0
2026-01-01,CDC_ANT,Antofagasta DC,PRD0040,21,0,10,10,6,205156.56
2026-01-01,CDC_ANT,Antofagasta DC,PRD0041,31,3,2,10,6,477245.31
2026-01-01,CDC_ANT,Antofagasta DC,PRD0042,5,0,2,3,1,14294.1
2026-01-01,CDC_ANT,Antofagasta DC,PRD0043,3,0,10,2,1,43014.6
2026-01-01,CDC_ANT,Antofagasta DC,PRD0044,41,4,0,10,6,1137368.29
2026-01-01,CDC_ANT,Antofagasta DC,PRD0045,1,1,0,0,0,4834.0
2026-01-01,CDC_ANT,Antofagasta DC,PRD0046,4,2,5,3,1,1451.56
2026-01-01,CDC_ANT,Antofagasta DC,PRD0047,0,0,0,0,0,0.0
2026-01-01,CDC_ANT,Antofagasta DC,PRD0048,13,0,0,8,4,60801.78
2026-01-01,CDC_ANT,Antofagasta DC,PRD0049,20,3,15,8,4,9154.6
2026-01-01,CDC_ANT,Antofagasta DC,PRD0050,3,1,0,2,1,528.36
2026-01-01,CDC_ANT,Antofagasta DC,PRD0051,19,4,0,5,3,401962.86
2026-01-01,CDC_ANT,Antofagasta DC,PRD0052,22,3,2,8,4,187371.14
2026-01-01,CDC_ANT,Antofagasta DC,PRD0053,0,0,2,10,6,0.0
2026-01-01,CDC_ANT,Antofagasta DC,PRD0054,3,3,0,1,0,6228.3
2026-01-01,CDC_ANT,Antofagasta DC,PRD0055,25,2,0,8,4,9252.0
2026-01-01,CDC_ANT,Antofagasta DC,PRD0056,2,0,0,1,0,54164.32
2026-01-01,CDC_ANT,Antofagasta DC,PRD0057,0,0,10,0,0,0.0
2026-01-01,CDC_ANT,Antofagasta DC,PRD0058,1,0,5,1,0,2695.65
2026-01-01,CDC_ANT,Antofagasta DC,PRD0059,8,4,15,3,1,164018.32
2026-01-01,CDC_ANT,Antofagasta DC,PRD0060,15,3,0,10,6,229277.85
2026-01-01,CDC_ANT,Antofagasta DC,PRD0061,26,4,10,10,6,162448.26
2026-01-01,CDC_ANT,Antofagasta DC,PRD0062,0,0,0,0,0,0.0
2026-01-01,CDC_ANT,Antofagasta DC,PRD0063,3,0,2,2,1,15865.29
2026-01-01,CDC_ANT,Antofagasta DC,PRD0064,6,0,5,3,1,126006.78
2026-01-01,CDC_ANT,Antofagasta DC,PRD0065,24,1,15,10,6,23882.88
2026-01-01,CDC_ANT,Antofagasta DC,PRD0066,6,5,0,3,1,1605.66
2026-01-01,CDC_ANT,Antofagasta DC,PRD0067,0,0,0,0,0,0.0
2026-01-01,CDC_ANT,Antofagasta DC,PRD0068,3,0,2,2,1,23140.02
2026-01-01,CDC_ANT,Antofagasta DC,PRD0069,33,5,2,10,6,161439.96
2026-01-01,CDC_ANT,Antofagasta DC,PRD0070,1,1,10,1,0,28468.51
2026-01-01,CDC_ANT,Antofagasta DC,PRD0071,7,0,15,10,6,6535.9
2026-01-01,CDC_ANT,Antofagasta DC,PRD0072,0,0,15,0,0,0.0
2026-01-01,CDC_ANT,Antofagasta DC,PRD0073,10,0,2,3,1,262640.4
2026-01-01,CDC_ANT,Antofagasta DC,PRD0074,21,3,10,10,6,519385.44
2026-01-01,CDC_ANT,Antofagasta DC,PRD0075,13,1,10,5,3,14577.16
2026-01-01,CDC_ANT,Antofagasta DC,PRD0076,7,0,0,2,1,114392.11
2026-01-01,CDC_ANT,Antofagasta DC,PRD0077,14,3,10,8,4,3480.96
2026-01-01,CDC_ANT,Antofagasta DC,PRD0078,26,2,10,10,6,235407.38
2026-01-01,CDC_ANT,Antofagasta DC,PRD0079,8,0,10,8,4,44826.32
2026-01-01,CDC_ANT,Antofagasta DC,PRD0080,0,0,0,0,0,0.0
2026-01-01,CDC_ANT,Antofagasta DC,PRD0081,35,4,0,8,4,34178.9
2026-01-01,CDC_ANT,Antofagasta DC,PRD0082,16,1,10,5,3,19549.12
2026-01-01,CDC_ANT,Antofagasta DC,PRD0083,0,0,0,0,0,0.0
2026-01-01,CDC_ANT,Antofagasta DC,PRD0084,3,2,15,1,0,67610.76
2026-01-01,CDC_ANT,Antofagasta DC,PRD0085,0,0,0,0,0,0.0
2026-01-01,CDC_ANT,Antofagasta DC,PRD0086,2,0,0,1,0,7764.38
2026-01-01,CDC_ANT,Antofagasta DC,PRD0087,0,0,15,0,0,0.0
2026-01-01,CDC_ANT,Antofagasta DC,PRD0088,10,2,0,3,1,8025.9
2026-01-01,CDC_ANT,Antofagasta DC,PRD0089,0,0,0,0,0,0.0
2026-01-01,CDC_ANT,Antofagasta DC,PRD0090,0,0,15,0,0,0.0
2026-01-01,CDC_ANT,Antofagasta DC,PRD0091,1,1,0,1,0,556.13
2026-01-01,CDC_ANT,Antofagasta DC,PRD0092,24,3,2,5,3,269467.68
2026-01-01,CDC_ANT,Antofagasta DC,PRD0093,39,4,0,10,6,1004275.74
2026-01-01,CDC_ANT,Antofagasta DC,PRD0094,5,2,0,5,3,84614.45
2026-01-01,CDC_ANT,Antofagasta DC,PRD0095,21,2,5,8,4,139849.5
2026-01-01,CDC_ANT,Antofagasta DC,PRD0096,2,1,15,1,0,2329.92
2026-01-01,CDC_ANT,Antofagasta DC,PRD0097,0,0,0,0,0,0.0
2026-01-01,CDC_ANT,Antofagasta DC,PRD0098,8,1,0,2,1,8897.36
2026-01-01,CDC_ANT,Antofagasta DC,PRD0099,9,2,5,5,3,18922.32
2026-01-01,CDC_ANT,Antofagasta DC,PRD0100,4,4,5,3,1,6344.04
2026-01-01,CDC_ANT,Antofagasta DC,PRD0101,3,2,0,3,1,14761.95
2026-01-01,CDC_ANT,Antofagasta DC,PRD0102,4,1,15,2,1,3722.36
2026-01-01,CDC_ANT,Antofagasta DC,PRD0103,23,4,15,8,4,133717.63
2026-01-01,CDC_ANT,Antofagasta DC,PRD0104,1,0,15,3,1,4902.77
2026-01-01,CDC_ANT,Antofagasta DC,PRD0105,12,0,10,5,3,4716.12
2026-01-01,CDC_ANT,Antofagasta DC,PRD0106,13,3,0,5,3,111953.53
2026-01-01,CDC_ANT,Antofagasta DC,PRD0107,0,0,2,0,0,0.0
2026-01-01,CDC_ANT,Antofagasta DC,PRD0108,18,1,5,10,6,277926.12
2026-01-01,CDC_ANT,Antofagasta DC,PRD0109,2,1,15,1,0,35710.4
2026-01-01,CDC_ANT,Antofagasta DC,PRD0110,5,0,2,3,1,23105.15
2026-01-01,CDC_ANT,Antofagasta DC,PRD0111,30,2,15,8,4,242397.9
2026-01-01,CDC_ANT,Antofagasta DC,PRD0112,0,0,5,0,0,0.0
2026-01-01,CDC_ANT,Antofagasta DC,PRD0113,8,3,0,5,3,8855.2
2026-01-01,CDC_ANT,Antofagasta DC,PRD0114,0,0,0,0,0,0.0
2026-01-01,CDC_ANT,Antofagasta DC,PRD0115,0,0,0,0,0,0.0
2026-01-01,CDC_ANT,Antofagasta DC,PRD0116,5,1,0,3,1,64905.4
2026-01-01,CDC_ANT,Antofagasta DC,PRD0117,1,1,0,2,1,963.44
2026-01-01,CDC_ANT,Antofagasta DC,PRD0118,44,2,0,10,6,324962.88
2026-01-01,CDC_ANT,Antofagasta DC,PRD0119,1,0,15,0,0,471.8
2026-01-01,CDC_ANT,Antofagasta DC,PRD0120,2,0,5,2,1,17252.76
2026-01-01,CDC_CAL,Calama Hub,PRD0001,4,4,15,2,1,100713.92
2026-01-01,CDC_CAL,Calama Hub,PRD0002,10,3,0,3,1,143855.5
2026-01-01,CDC_CAL,Calama Hub,PRD0003,3,3,0,2,1,22511.22
2026-01-01,CDC_CAL,Calama Hub,PRD0004,1,1,15,3,1,3654.58
2026-01-01,CDC_CAL,Calama Hub,PRD0005,36,4,0,10,6,145486.08
2026-01-01,CDC_CAL,Calama Hub,PRD0006,0,0,5,0,0,0.0
2026-01-01,CDC_CAL,Calama Hub,PRD0007,25,2,0,8,4,80388.0
2026-01-01,CDC_CAL,Calama Hub,PRD0008,0,0,10,0,0,0.0
2026-01-01,CDC_CAL,Calama Hub,PRD0009,33,0,0,10,6,34694.88
2026-01-01,CDC_CAL,Calama Hub,PRD0010,27,0,2,10,6,162756.54
2026-01-01,CDC_CAL,Calama Hub,PRD0011,4,2,5,3,1,96191.48
2026-01-01,CDC_CAL,Calama Hub,PRD0012,0,0,10,0,0,0.0
2026-01-01,CDC_CAL,Calama Hub,PRD0013,6,1,15,3,1,5421.06
2026-01-01,CDC_CAL,Calama Hub,PRD0014,0,0,2,0,0,0.0
2026-01-01,CDC_CAL,Calama Hub,PRD0015,9,1,5,5,3,224488.98
2026-01-01,CDC_CAL,Calama Hub,PRD0016,29,4,15,8,4,9605.96
2026-01-01,CDC_CAL,Calama Hub,PRD0017,5,0,15,2,1,20299.75
2026-01-01,CDC_CAL,Calama Hub,PRD0018,6,0,5,5,3,5786.04
2026-01-01,CDC_CAL,Calama Hub,PRD0019,7,0,0,3,1,10704.12
2026-01-01,CDC_CAL,Calama Hub,PRD0020,0,0,10,0,0,0.0
2026-01-01,CDC_CAL,Calama Hub,PRD0021,4,0,2,2,1,4431.72
2026-01-01,CDC_CAL,Calama Hub,PRD0022,4,1,0,2,1,2762.12
2026-01-01,CDC_CAL,Calama Hub,PRD0023,24,0,2,10,6,73019.28
2026-01-01,CDC_CAL,Calama Hub,PRD0024,0,0,15,0,0,0.0
2026-01-01,CDC_CAL,Calama Hub,PRD0025,7,4,0,2,1,3331.3
2026-01-01,CDC_CAL,Calama Hub,PRD0026,0,0,0,0,0,0.0
2026-01-01,CDC_CAL,Calama Hub,PRD0027,2,2,10,1,0,11110.42
2026-01-01,CDC_CAL,Calama Hub,PRD0028,3,0,5,8,4,17953.44
2026-01-01,CDC_CAL,Calama Hub,PRD0029,16,0,5,10,6,104668.16
2026-01-01,CDC_CAL,Calama Hub,PRD0030,7,0,5,5,3,7724.08
2026-01-01,CDC_CAL,Calama Hub,PRD0031,9,4,0,5,3,70587.45
2026-01-01,CDC_CAL,Calama Hub,PRD0032,30,1,15,10,6,13058.4
2026-01-01,CDC_CAL,Calama Hub,PRD0033,0,0,5,2,1,0.0
2026-01-01,CDC_CAL,Calama Hub,PRD0034,22,5,10,10,6,126010.28
2026-01-01,CDC_CAL,Calama Hub,PRD0035,0,0,0,0,0,0.0
2026-01-01,CDC_CAL,Calama Hub,PRD0036,2,0,10,1,0,5244.74
2026-01-01,CDC_CAL,Calama Hub,PRD0037,25,5,10,10,6,7156.25
2026-01-01,CDC_CAL,Calama Hub,PRD0038,11,5,0,10,6,370801.09
2026-01-01,CDC_CAL,Calama Hub,PRD0039,0,0,5,0,0,0.0
2026-01-01,CDC_CAL,Calama Hub,PRD0040,0,0,10,0,0,0.0
2026-01-01,CDC_CAL,Calama Hub,PRD0041,0,0,0,1,0,0.0
2026-01-01,CDC_CAL,Calama Hub,PRD0042,2,1,10,1,0,5717.64
2026-01-01,CDC_CAL,Calama Hub,PRD0043,30,0,10,8,4,430146.0
2026-01-01,CDC_CAL,Calama Hub,PRD0044,2,0,5,2,1,55481.38
2026-01-01,CDC_CAL,Calama Hub,PRD0045,6,5,0,3,1,29004.0
2026-01-01,CDC_CAL,Calama Hub,PRD0046,9,2,0,3,1,3266.01
2026-01-01,CDC_CAL,Calama Hub,PRD0047,2,1,15,1,0,10330.02
2026-01-01,CDC_CAL,Calama Hub,PRD0048,0,0,2,0,0,0.0
2026-01-01,CDC_CAL,Calama Hub,PRD0049,20,4,0,8,4,9154.6
2026-01-01,CDC_CAL,Calama Hub,PRD0050,2,0,15,2,1,352.24
2026-01-01,CDC_CAL,Calama Hub,PRD0051,0,0,0,0,0,0.0
2026-01-01,CDC_CAL,Calama Hub,PRD0052,21,0,0,10,6,178854.27
2026-01-01,CDC_CAL,Calama Hub,PRD0053,1,0,10,1,0,753.4
2026-01-01,CDC_CAL,Calama Hub,PRD0054,2,1,5,1,0,4152.2
2026-01-01,CDC_CAL,Calama Hub,PRD0055,19,0,0,8,4,7031.52
2026-01-01,CDC_CAL,Calama Hub,PRD0056,7,0,15,5,3,189575.12
2026-01-01,CDC_CAL,Calama Hub,PRD0057,2,2,0,2,1,14506.3
2026-01-01,CDC_CAL,Calama Hub,PRD0058,2,1,15,2,1,5391.3
2026-01-01,CDC_CAL,Calama Hub,PRD0059,3,2,15,2,1,61506.87
2026-01-01,CDC_CAL,Calama Hub,PRD0060,5,1,2,5,3,76425.95
2026-01-01,CDC_CAL,Calama Hub,PRD0061,9,2,15,3,1,56232.09
2026-01-01,CDC_CAL,Calama Hub,PRD0062,5,4,0,3,1,55903.5
2026-01-01,CDC_CAL,Calama Hub,PRD0063,9,4,5,3,1,47595.87
2026-01-01,CDC_CAL,Calama Hub,PRD0064,0,0,5,8,4,0.0
2026-01-01,CDC_CAL,Calama Hub,PRD0065,6,4,2,3,1,5970.72
2026-01-01,CDC_CAL,Calama Hub,PRD0066,4,0,15,2,1,1070.44
2026-01-01,CDC_CAL,Calama Hub,PRD0067,27,0,0,10,6,11071.08
2026-01-01,CDC_CAL,Calama Hub,PRD0068,16,4,15,8,4,123413.44
2026-01-01,CDC_CAL,Calama Hub,PRD0069,6,3,2,3,1,29352.72
2026-01-01,CDC_CAL,Calama Hub,PRD0070,10,2,10,5,3,284685.1
2026-01-01,CDC_CAL,Calama Hub,PRD0071,0,0,0,0,0,0.0
2026-01-01,CDC_CAL,Calama Hub,PRD0072,9,2,0,3,1,61459.02
2026-01-01,CDC_CAL,Calama Hub,PRD0073,4,4,10,3,1,105056.16
2026-01-01,CDC_CAL,Calama Hub,PRD0074,0,0,0,0,0,0.0
2026-01-01,CDC_CAL,Calama Hub,PRD0075,1,1,10,1,0,1121.32
2026-01-01,CDC_CAL,Calama Hub,PRD0076,3,2,2,1,0,49025.19
2026-01-01,CDC_CAL,Calama Hub,PRD0077,0,0,15,0,0,0.0
2026-01-01,CDC_CAL,Calama Hub,PRD0078,3,2,5,1,0,27162.39
2026-01-01,CDC_CAL,Calama Hub,PRD0079,0,0,2,1,0,0.0
2026-01-01,CDC_CAL,Calama Hub,PRD0080,15,1,5,5,3,73696.5
2026-01-01,CDC_CAL,Calama Hub,PRD0081,4,0,0,2,1,3906.16
2026-01-01,CDC_CAL,Calama Hub,PRD0082,6,2,2,3,1,7330.92
2026-01-01,CDC_CAL,Calama Hub,PRD0083,0,0,10,3,1,0.0
2026-01-01,CDC_CAL,Calama Hub,PRD0084,0,0,15,0,0,0.0
2026-01-01,CDC_CAL,Calama Hub,PRD0085,2,1,10,1,0,10483.06
2026-01-01,CDC_CAL,Calama Hub,PRD0086,9,0,0,3,1,34939.71
2026-01-01,CDC_CAL,Calama Hub,PRD0087,0,0,5,0,0,0.0
2026-01-01,CDC_CAL,Calama Hub,PRD0088,7,3,0,3,1,5618.13
2026-01-01,CDC_CAL,Calama Hub,PRD0089,36,5,0,10,6,228533.76
2026-01-01,CDC_CAL,Calama Hub,PRD0090,22,4,5,10,6,37820.2
2026-01-01,CDC_CAL,Calama Hub,PRD0091,20,1,0,8,4,11122.6
2026-01-01,CDC_CAL,Calama Hub,PRD0092,2,0,5,2,1,22455.64
2026-01-01,CDC_CAL,Calama Hub,PRD0093,11,2,10,8,4,283257.26
2026-01-01,CDC_CAL,Calama Hub,PRD0094,0,0,0,0,0,0.0
2026-01-01,CDC_CAL,Calama Hub,PRD0095,0,0,10,3,1,0.0
2026-01-01,CDC_CAL,Calama Hub,PRD0096,1,1,0,0,0,1164.96
2026-01-01,CDC_CAL,Calama Hub,PRD0097,0,0,2,0,0,0.0
2026-01-01,CDC_CAL,Calama Hub,PRD0098,0,0,5,0,0,0.0
2026-01-01,CDC_CAL,Calama Hub,PRD0099,0,0,0,8,4,0.0
2026-01-01,CDC_CAL,Calama Hub,PRD0100,2,1,2,2,1,3172.02
2026-01-01,CDC_CAL,Calama Hub,PRD0101,15,4,15,8,4,73809.75
2026-01-01,CDC_CAL,Calama Hub,PRD0102,0,0,15,0,0,0.0
2026-01-01,CDC_CAL,Calama Hub,PRD0103,3,0,0,3,1,17441.43
2026-01-01,CDC_CAL,Calama Hub,PRD0104,4,3,5,2,1,19611.08
2026-01-01,CDC_CAL,Calama Hub,PRD0105,10,0,5,8,4,3930.1
2026-01-01,CDC_CAL,Calama Hub,PRD0106,5,5,0,2,1,43059.05
2026-01-01,CDC_CAL,Calama Hub,PRD0107,5,0,15,2,1,137263.3
2026-01-01,CDC_CAL,Calama Hub,PRD0108,2,0,2,1,0,30880.68
2026-01-01,CDC_CAL,Calama Hub,PRD0109,14,3,10,10,6,249972.8
2026-01-01,CDC_CAL,Calama Hub,PRD0110,0,0,0,0,0,0.0
2026-01-01,CDC_CAL,Calama Hub,PRD0111,0,0,5,1,0,0.0
2026-01-01,CDC_CAL,Calama Hub,PRD0112,0,0,0,5,3,0.0
2026-01-01,CDC_CAL,Calama Hub,PRD0113,3,3,15,2,1,3320.7
2026-01-01,CDC_CAL,Calama Hub,PRD0114,10,3,2,5,3,22222.1
2026-01-01,CDC_CAL,Calama Hub,PRD0115,13,0,15,5,3,78445.9
2026-01-01,CDC_CAL,Calama Hub,PRD0116,0,0,10,0,0,0.0
2026-01-01,CDC_CAL,Calama Hub,PRD0117,3,2,0,2,1,2890.32
2026-01-01,CDC_CAL,Calama Hub,PRD0118,0,0,10,0,0,0.0
2026-01-01,CDC_CAL,Calama Hub,PRD0119,14,1,0,10,6,6605.2
2026-01-01,CDC_CAL,Calama Hub,PRD0120,4,3,0,2,1,34505.52
2026-01-01,CDC_COP,Copiapó Hub,PRD0001,19,2,0,10,6,478391.12
2026-01-01,CDC_COP,Copiapó Hub,PRD0002,2,0,0,1,0,28771.1
2026-01-01,CDC_COP,Copiapó Hub,PRD0003,1,0,0,1,0,7503.74
2026-01-01,CDC_COP,Copiapó Hub,PRD0004,0,0,2,0,0,0.0
2026-01-01,CDC_COP,Copiapó Hub,PRD0005,2,1,2,1,0,8082.56
2026-01-01,CDC_COP,Copiapó Hub,PRD0006,25,0,0,10,6,182476.25
2026-01-01,CDC_COP,Copiapó Hub,PRD0007,13,2,10,8,4,41801.76
2026-01-01,CDC_COP,Copiapó Hub,PRD0008,6,2,2,2,1,21765.18
2026-01-01,CDC_COP,Copiapó Hub,PRD0009,2,2,5,2,1,2102.72
2026-01-01,CDC_COP,Copiapó Hub,PRD0010,1,0,0,1,0,6028.02
2026-01-01,CDC_COP,Copiapó Hub,PRD0011,11,3,15,8,4,264526.57
2026-01-01,CDC_COP,Copiapó Hub,PRD0012,10,1,5,5,3,3538.3
2026-01-01,CDC_COP,Copiapó Hub,PRD0013,0,0,0,0,0,0.0
2026-01-01,CDC_COP,Copiapó Hub,PRD0014,0,0,2,0,0,0.0
2026-01-01,CDC_COP,Copiapó Hub,PRD0015,1,0,15,1,0,24943.22
2026-01-01,CDC_COP,Copiapó Hub,PRD0016,28,5,0,10,6,9274.72
2026-01-01,CDC_COP,Copiapó Hub,PRD0017,1,0,0,0,0,4059.95
2026-01-01,CDC_COP,Copiapó Hub,PRD0018,4,2,5,10,6,3857.36
2026-01-01,CDC_COP,Copiapó Hub,PRD0019,7,1,15,5,3,10704.12
2026-01-01,CDC_COP,Copiapó Hub,PRD0020,4,1,0,3,1,37041.32
2026-01-01,CDC_COP,Copiapó Hub,PRD0021,5,2,5,3,1,5539.65
2026-01-01,CDC_COP,Copiapó Hub,PRD0022,28,3,2,8,4,19334.84
2026-01-01,CDC_COP,Copiapó Hub,PRD0023,29,3,15,8,4,88231.63
2026-01-01,CDC_COP,Copiapó Hub,PRD0024,1,1,0,0,0,15587.6
2026-01-01,CDC_COP,Copiapó Hub,PRD0025,4,2,10,2,1,1903.6
2026-01-01,CDC_COP,Copiapó Hub,PRD0026,1,0,15,1,0,9097.31
2026-01-01,CDC_COP,Copiapó Hub,PRD0027,37,2,2,10,6,205542.77
2026-01-01,CDC_COP,Copiapó Hub,PRD0028,41,5,0,10,6,245363.68
2026-01-01,CDC_COP,Copiapó Hub,PRD0029,0,0,0,0,0,0.0
2026-01-01,CDC_COP,Copiapó Hub,PRD0030,3,0,2,1,0,3310.32
2026-01-01,CDC_COP,Copiapó Hub,PRD0031,0,0,2,0,0,0.0
2026-01-01,CDC_COP,Copiapó Hub,PRD0032,0,0,10,0,0,0.0
2026-01-01,CDC_COP,Copiapó Hub,PRD0033,8,2,2,3,1,46570.56
2026-01-01,CDC_COP,Copiapó Hub,PRD0034,0,0,5,0,0,0.0
2026-01-01,CDC_COP,Copiapó Hub,PRD0035,0,0,5,1,0,0.0
2026-01-01,CDC_COP,Copiapó Hub,PRD0036,0,0,0,0,0,0.0
2026-01-01,CDC_COP,Copiapó Hub,PRD0037,8,5,2,8,4,2290.0
2026-01-01,CDC_COP,Copiapó Hub,PRD0038,1,1,0,1,0,33709.19
2026-01-01,CDC_COP,Copiapó Hub,PRD0039,2,0,0,2,1,15744.72
2026-01-01,CDC_COP,Copiapó Hub,PRD0040,0,0,5,0,0,0.0
2026-01-01,CDC_COP,Copiapó Hub,PRD0041,6,5,0,3,1,92370.06
2026-01-01,CDC_COP,Copiapó Hub,PRD0042,2,0,0,1,0,5717.64
2026-01-01,CDC_COP,Copiapó Hub,PRD0043,18,5,0,10,6,258087.6
2026-01-01,CDC_COP,Copiapó Hub,PRD0044,4,1,5,3,1,110962.76
2026-01-01,CDC_COP,Copiapó Hub,PRD0045,4,2,2,2,1,19336.0
2026-01-01,CDC_COP,Copiapó Hub,PRD0046,11,4,0,8,4,3991.79
2026-01-01,CDC_COP,Copiapó Hub,PRD0047,38,0,15,10,6,196270.38
2026-01-01,CDC_COP,Copiapó Hub,PRD0048,7,5,0,3,1,32739.42
2026-01-01,CDC_COP,Copiapó Hub,PRD0049,9,0,0,5,3,4119.57
2026-01-01,CDC_COP,Copiapó Hub,PRD0050,24,0,2,10,6,4226.88
2026-01-01,CDC_COP,Copiapó Hub,PRD0051,25,0,0,8,4,528898.5
2026-01-01,CDC_COP,Copiapó Hub,PRD0052,3,2,0,2,1,25550.61
2026-01-01,CDC_COP,Copiapó Hub,PRD0053,10,1,2,5,3,7534.0
2026-01-01,CDC_COP,Copiapó Hub,PRD0054,2,2,0,1,0,4152.2
2026-01-01,CDC_COP,Copiapó Hub,PRD0055,31,4,0,10,6,11472.48
2026-01-01,CDC_COP,Copiapó Hub,PRD0056,1,0,0,0,0,27082.16
2026-01-01,CDC_COP,Copiapó Hub,PRD0057,8,3,15,3,1,58025.2
2026-01-01,CDC_COP,Copiapó Hub,PRD0058,3,3,0,1,0,8086.95
2026-01-01,CDC_COP,Copiapó Hub,PRD0059,0,0,15,0,0,0.0
2026-01-01,CDC_COP,Copiapó Hub,PRD0060,0,0,0,1,0,0.0
2026-01-01,CDC_COP,Copiapó Hub,PRD0061,15,0,0,10,6,93720.15
2026-01-01,CDC_COP,Copiapó Hub,PRD0062,4,3,15,2,1,44722.8
2026-01-01,CDC_COP,Copiapó Hub,PRD0063,6,5,10,3,1,31730.58
2026-01-01,CDC_COP,Copiapó Hub,PRD0064,3,0,0,3,1,63003.39
2026-01-01,CDC_COP,Copiapó Hub,PRD0065,2,1,2,8,4,1990.24
2026-01-01,CDC_COP,Copiapó Hub,PRD0066,1,0,5,3,1,267.61
2026-01-01,CDC_COP,Copiapó Hub,PRD0067,0,0,5,0,0,0.0
2026-01-01,CDC_COP,Copiapó Hub,PRD0068,21,4,0,10,6,161980.14
2026-01-01,CDC_COP,Copiapó Hub,PRD0069,1,1,0,2,1,4892.12
2026-01-01,CDC_COP,Copiapó Hub,PRD0070,27,5,0,10,6,768649.77
2026-01-01,CDC_COP,Copiapó Hub,PRD0071,0,0,0,0,0,0.0
2026-01-01,CDC_COP,Copiapó Hub,PRD0072,24,4,0,10,6,163890.72
2026-01-01,CDC_COP,Copiapó Hub,PRD0073,9,2,5,8,4,236376.36
2026-01-01,CDC_COP,Copiapó Hub,PRD0074,2,2,2,5,3,49465.28
2026-01-01,CDC_COP,Copiapó Hub,PRD0075,3,1,2,1,0,3363.96
2026-01-01,CDC_COP,Copiapó Hub,PRD0076,9,4,0,3,1,147075.57
2026-01-01,CDC_COP,Copiapó Hub,PRD0077,9,2,5,5,3,2237.76
2026-01-01,CDC_COP,Copiapó Hub,PRD0078,2,0,0,2,1,18108.26
2026-01-01,CDC_COP,Copiapó Hub,PRD0079,0,0,0,0,0,0.0
2026-01-01,CDC_COP,Copiapó Hub,PRD0080,12,3,2,8,4,58957.2
2026-01-01,CDC_COP,Copiapó Hub,PRD0081,2,2,5,2,1,1953.08
2026-01-01,CDC_COP,Copiapó Hub,PRD0082,12,3,0,10,6,14661.84
2026-01-01,CDC_COP,Copiapó Hub,PRD0083,6,3,0,2,1,14383.2
2026-01-01,CDC_COP,Copiapó Hub,PRD0084,0,0,2,0,0,0.0
2026-01-01,CDC_COP,Copiapó Hub,PRD0085,15,3,0,5,3,78622.95
2026-01-01,CDC_COP,Copiapó Hub,PRD0086,2,1,5,1,0,7764.38
2026-01-01,CDC_COP,Copiapó Hub,PRD0087,0,0,15,0,0,0.0
2026-01-01,CDC_COP,Copiapó Hub,PRD0088,7,2,2,3,1,5618.13
2026-01-01,CDC_COP,Copiapó Hub,PRD0089,10,2,15,8,4,63481.6
2026-01-01,CDC_COP,Copiapó Hub,PRD0090,12,1,5,5,3,20629.2
2026-01-01,CDC_COP,Copiapó Hub,PRD0091,1,1,15,0,0,556.13
2026-01-01,CDC_COP,Copiapó Hub,PRD0092,24,3,0,8,4,269467.68
2026-01-01,CDC_COP,Copiapó Hub,PRD0093,0,0,0,0,0,0.0
2026-01-01,CDC_COP,Copiapó Hub,PRD0094,0,0,0,0,0,0.0
2026-01-01,CDC_COP,Copiapó Hub,PRD0095,1,1,15,0,0,6659.5
2026-01-01,CDC_COP,Copiapó Hub,PRD0096,0,0,10,0,0,0.0
2026-01-01,CDC_COP,Copiapó Hub,PRD0097,4,2,0,3,1,2690.0
2026-01-01,CDC_COP,Copiapó Hub,PRD0098,3,0,0,2,1,3336.51
2026-01-01,CDC_COP,Copiapó Hub,PRD0099,0,0,0,0,0,0.0
2026-01-01,CDC_COP,Copiapó Hub,PRD0100,0,0,2,0,0,0.0
2026-01-01,CDC_COP,Copiapó Hub,PRD0101,7,1,0,2,1,34444.55
2026-01-01,CDC_COP,Copiapó Hub,PRD0102,28,1,2,8,4,26056.52
2026-01-01,CDC_COP,Copiapó Hub,PRD0103,5,4,0,3,1,29069.05
2026-01-01,CDC_COP,Copiapó Hub,PRD0104,1,0,0,1,0,4902.77
2026-01-01,CDC_COP,Copiapó Hub,PRD0105,5,2,0,3,1,1965.05
2026-01-01,CDC_COP,Copiapó Hub,PRD0106,0,0,10,0,0,0.0
2026-01-01,CDC_COP,Copiapó Hub,PRD0107,9,2,15,5,3,247073.94
2026-01-01,CDC_COP,Copiapó Hub,PRD0108,9,5,0,3,1,138963.06
2026-01-01,CDC_COP,Copiapó Hub,PRD0109,0,0,0,0,0,0.0
2026-01-01,CDC_COP,Copiapó Hub,PRD0110,0,0,0,0,0,0.0
2026-01-01,CDC_COP,Copiapó Hub,PRD0111,1,1,2,1,0,8079.93
2026-01-01,CDC_COP,Copiapó Hub,PRD0112,0,0,0,0,0,0.0
2026-01-01,CDC_COP,Copiapó Hub,PRD0113,0,0,15,0,0,0.0
2026-01-01,CDC_COP,Copiapó Hub,PRD0114,42,1,10,10,6,93332.82
2026-01-01,CDC_COP,Copiapó Hub,PRD0115,0,0,10,0,0,0.0
2026-01-01,CDC_COP,Copiapó Hub,PRD0116,16,4,0,5,3,207697.28
2026-01-01,CDC_COP,Copiapó Hub,PRD0117,7,1,0,3,1,6744.08
2026-01-01,CDC_COP,Copiapó Hub,PRD0118,1,0,10,1,0,7385.52
2026-01-01,CDC_COP,Copiapó Hub,PRD0119,16,5,5,8,4,7548.8
2026-01-01,CDC_COP,Copiapó Hub,PRD0120,0,0,15,0,0,0.0
2026-02-01,CDC_SCL,Santiago DC,PRD0001,0,0,10,0,0,0.0
2026-02-01,CDC_SCL,Santiago DC,PRD0002,22,3,0,8,4,316482.1
2026-02-01,CDC_SCL,Santiago DC,PRD0003,7,3,15,3,1,52526.18
2026-02-01,CDC_SCL,Santiago DC,PRD0004,0,0,2,0,0,0.0
2026-02-01,CDC_SCL,Santiago DC,PRD0005,0,0,0,0,0,0.0
2026-02-01,CDC_SCL,Santiago DC,PRD0006,2,2,0,1,0,14598.1
2026-02-01,CDC_SCL,Santiago DC,PRD0007,18,3,0,8,4,57879.36
2026-02-01,CDC_SCL,Santiago DC,PRD0008,7,2,2,5,3,25392.71
2026-02-01,CDC_SCL,Santiago DC,PRD0009,3,2,0,1,0,3154.08
2026-02-01,CDC_SCL,Santiago DC,PRD0010,1,1,0,1,0,6028.02
2026-02-01,CDC_SCL,Santiago DC,PRD0011,0,0,0,0,0,0.0
2026-02-01,CDC_SCL,Santiago DC,PRD0012,0,0,15,0,0,0.0
2026-02-01,CDC_SCL,Santiago DC,PRD0013,34,4,0,10,6,30719.34
2026-02-01,CDC_SCL,Santiago DC,PRD0014,4,2,0,3,1,130763.52
2026-02-01,CDC_SCL,Santiago DC,PRD0015,6,3,10,5,3,149659.32
2026-02-01,CDC_SCL,Santiago DC,PRD0016,0,0,15,0,0,0.0
2026-02-01,CDC_SCL,Santiago DC,PRD0017,3,3,15,2,1,12179.85
2026-02-01,CDC_SCL,Santiago DC,PRD0018,2,2,15,1,0,1928.68
2026-02-01,CDC_SCL,Santiago DC,PRD0019,13,3,15,10,6,19879.08
2026-02-01,CDC_SCL,Santiago DC,PRD0020,17,5,15,5,3,157425.61
2026-02-01,CDC_SCL,Santiago DC,PRD0021,0,0,10,0,0,0.0
2026-02-01,CDC_SCL,Santiago DC,PRD0022,3,1,10,1,0,2071.59
2026-02-01,CDC_SCL,Santiago DC,PRD0023,3,3,0,1,0,9127.41
2026-02-01,CDC_SCL,Santiago DC,PRD0024,0,0,5,0,0,0.0
2026-02-01,CDC_SCL,Santiago DC,PRD0025,1,1,0,0,0,475.9
2026-02-01,CDC_SCL,Santiago DC,PRD0026,17,2,5,8,4,154654.27
2026-02-01,CDC_SCL,Santiago DC,PRD0027,2,0,0,8,4,11110.42
2026-02-01,CDC_SCL,Santiago DC,PRD0028,13,4,2,5,3,77798.24
2026-02-01,CDC_SCL,Santiago DC,PRD0029,4,4,0,2,1,26167.04
2026-02-01,CDC_SCL,Santiago DC,PRD0030,0,0,0,0,0,0.0
2026-02-01,CDC_SCL,Santiago DC,PRD0031,0,0,2,0,0,0.0
2026-02-01,CDC_SCL,Santiago DC,PRD0032,9,5,15,3,1,3917.52
2026-02-01,CDC_SCL,Santiago DC,PRD0033,2,0,0,1,0,11642.64
2026-02-01,CDC_SCL,Santiago DC,PRD0034,0,0,0,0,0,0.0
2026-02-01,CDC_SCL,Santiago DC,PRD0035,7,1,0,2,1,32893.28
2026-02-01,CDC_SCL,Santiago DC,PRD0036,0,0,10,0,0,0.0
2026-02-01,CDC_SCL,Santiago DC,PRD0037,11,0,0,10,6,3148.75
2026-02-01,CDC_SCL,Santiago DC,PRD0038,4,2,15,2,1,134836.76
2026-02-01,CDC_SCL,Santiago DC,PRD0039,3,2,15,2,1,23617.08
2026-02-01,CDC_SCL,Santiago DC,PRD0040,4,2,10,3,1,39077.44
2026-02-01,CDC_SCL,Santiago DC,PRD0041,0,0,2,0,0,0.0
2026-02-01,CDC_SCL,Santiago DC,PRD0042,0,0,0,0,0,0.0
2026-02-01,CDC_SCL,Santiago DC,PRD0043,7,1,0,10,6,100367.4
2026-02-01,CDC_SCL,Santiago DC,PRD0044,4,0,0,2,1,110962.76
2026-02-01,CDC_SCL,Santiago DC,PRD0045,3,1,0,2,1,14502.0
2026-02-01,CDC_SCL,Santiago DC,PRD0046,18,5,0,8,4,6532.02
2026-02-01,CDC_SCL,Santiago DC,PRD0047,5,5,10,2,1,25825.05
2026-02-01,CDC_SCL,Santiago DC,PRD0048,3,1,15,5,3,14031.18
2026-02-01,CDC_SCL,Santiago DC,PRD0049,10,0,0,8,4,4577.3
2026-02-01,CDC_SCL,Santiago DC,PRD0050,0,0,0,0,0,0.0
2026-02-01,CDC_SCL,Santiago DC,PRD0051,0,0,2,0,0,0.0
2026-02-01,CDC_SCL,Santiago DC,PRD0052,41,1,0,10,6,349191.67
2026-02-01,CDC_SCL,Santiago DC,PRD0053,1,0,2,0,0,753.4
2026-02-01,CDC_SCL,Santiago DC,PRD0054,2,0,10,1,0,4152.2
2026-02-01,CDC_SCL,Santiago DC,PRD0055,10,1,0,3,1,3700.8
2026-02-01,CDC_SCL,Santiago DC,PRD0056,16,5,0,5,3,433314.56
2026-02-01,CDC_SCL,Santiago DC,PRD0057,-4,0,10,1,0,7253.15
2026-02-01,CDC_SCL,Santiago DC,PRD0058,3,3,0,1,0,8086.95
2026-02-01,CDC_SCL,Santiago DC,PRD0059,6,2,0,3,1,123013.74
2026-02-01,CDC_SCL,Santiago DC,PRD0060,25,4,15,8,4,382129.75
2026-02-01,CDC_SCL,Santiago DC,PRD0061,3,1,2,3,1,18744.03
2026-02-01,CDC_SCL,Santiago DC,PRD0062,8,5,10,2,1,89445.6
2026-02-01,CDC_SCL,Santiago DC,PRD0063,10,2,2,10,6,52884.3
2026-02-01,CDC_SCL,Santiago DC,PRD0064,0,0,0,0,0,0.0
2026-02-01,CDC_SCL,Santiago DC,PRD0065,21,0,0,10,6,20897.52
2026-02-01,CDC_SCL,Santiago DC,PRD0066,7,1,0,3,1,1873.27
2026-02-01,CDC_SCL,Santiago DC,PRD0067,0,0,15,0,0,0.0
2026-02-01,CDC_SCL,Santiago DC,PRD0068,5,3,0,2,1,38566.7
2026-02-01,CDC_SCL,Santiago DC,PRD0069,6,4,0,3,1,29352.72
2026-02-01,CDC_SCL,Santiago DC,PRD0070,24,2,0,8,4,683244.24
2026-02-01,CDC_SCL,Santiago DC,PRD0071,19,1,0,10,6,17740.3
2026-02-01,CDC_SCL,Santiago DC,PRD0072,0,0,0,2,1,0.0
2026-02-01,CDC_SCL,Santiago DC,PRD0073,21,3,0,10,6,551544.84
2026-02-01,CDC_SCL,Santiago DC,PRD0074,0,0,10,0,0,0.0
2026-02-01,CDC_SCL,Santiago DC,PRD0075,1,1,0,0,0,1121.32
2026-02-01,CDC_SCL,Santiago DC,PRD0076,6,5,5,2,1,98050.38
2026-02-01,CDC_SCL,Santiago DC,PRD0077,2,2,15,2,1,497.28
2026-02-01,CDC_SCL,Santiago DC,PRD0078,1,1,0,2,1,9054.13
2026-02-01,CDC_SCL,Santiago DC,PRD0079,2,0,15,2,1,11206.58
2026-02-01,CDC_SCL,Santiago DC,PRD0080,3,1,2,3,1,14739.3
2026-02-01,CDC_SCL,Santiago DC,PRD0081,6,3,5,2,1,5859.24
2026-02-01,CDC_SCL,Santiago DC,PRD0082,7,0,15,3,1,8552.74
2026-02-01,CDC_SCL,Santiago DC,PRD0083,0,0,5,0,0,0.0
2026-02-01,CDC_SCL,Santiago DC,PRD0084,1,0,15,0,0,22536.92
2026-02-01,CDC_SCL,Santiago DC,PRD0085,36,0,2,10,6,188695.08
2026-02-01,CDC_SCL,Santiago DC,PRD0086,22,4,0,8,4,85408.18
2026-02-01,CDC_SCL,Santiago DC,PRD0087,10,3,0,3,1,12359.7
2026-02-01,CDC_SCL,Santiago DC,PRD0088,0,0,15,0,0,0.0
2026-02-01,CDC_SCL,Santiago DC,PRD0089,1,0,5,2,1,6348.16
2026-02-01,CDC_SCL,Santiago DC,PRD0090,0,0,10,0,0,0.0
2026-02-01,CDC_SCL,Santiago DC,PRD0091,0,0,10,0,0,0.0
2026-02-01,CDC_SCL,Santiago DC,PRD0092,3,2,0,5,3,33683.46
2026-02-01,CDC_SCL,Santiago DC,PRD0093,5,5,15,5,3,128753.3
2026-02-01,CDC_SCL,Santiago DC,PRD0094,28,3,2,10,6,473840.92
2026-02-01,CDC_SCL,Santiago DC,PRD0095,6,4,0,3,1,39957.0
2026-02-01,CDC_SCL,Santiago DC,PRD0096,0,0,0,3,1,0.0
2026-02-01,CDC_SCL,Santiago DC,PRD0097,0,0,0,0,0,0.0
2026-02-01,CDC_SCL,Santiago DC,PRD0098,25,1,2,5,3,27804.25
2026-02-01,CDC_SCL,Santiago DC,PRD0099,17,3,2,8,4,35742.16
2026-02-01,CDC_SCL,Santiago DC,PRD0100,10,5,0,8,4,15860.1
2026-02-01,CDC_SCL,Santiago DC,PRD0101,5,0,0,2,1,24603.25
2026-02-01,CDC_SCL,Santiago DC,PRD0102,0,0,15,0,0,0.0
2026-02-01,CDC_SCL,Santiago DC,PRD0103,1,0,0,0,0,5813.81
2026-02-01,CDC_SCL,Santiago DC,PRD0104,2,1,0,1,0,9805.54
2026-02-01,CDC_SCL,Santiago DC,PRD0105,1,1,15,1,0,393.01
2026-02-01,CDC_SCL,Santiago DC,PRD0106,5,5,0,2,1,43059.05
2026-02-01,CDC_SCL,Santiago DC,PRD0107,0,0,0,0,0,0.0
2026-02-01,CDC_SCL,Santiago DC,PRD0108,4,0,0,2,1,61761.36
2026-02-01,CDC_SCL,Santiago DC,PRD0109,21,2,2,10,6,374959.2
2026-02-01,CDC_SCL,Santiago DC,PRD0110,3,0,5,2,1,13863.09
2026-02-01,CDC_SCL,Santiago DC,PRD0111,0,0,15,0,0,0.0
2026-02-01,CDC_SCL,Santiago DC,PRD0112,5,0,2,2,1,84106.45
2026-02-01,CDC_SCL,Santiago DC,PRD0113,1,1,0,1,0,1106.9
2026-02-01,CDC_SCL,Santiago DC,PRD0114,0,0,0,1,0,0.0
2026-02-01,CDC_SCL,Santiago DC,PRD0115,0,0,15,0,0,0.0
2026-02-01,CDC_SCL,Santiago DC,PRD0116,25,4,0,10,6,324527.0
2026-02-01,CDC_SCL,Santiago DC,PRD0117,11,0,0,3,1,10597.84
2026-02-01,CDC_SCL,Santiago DC,PRD0118,12,0,15,10,6,88626.24
2026-02-01,CDC_SCL,Santiago DC,PRD0119,1,1,10,2,1,471.8
2026-02-01,CDC_SCL,Santiago DC,PRD0120,0,0,0,0,0,0.0
2026-02-01,CDC_ANT,Antofagasta DC,PRD0001,22,2,0,10,6,553926.56
2026-02-01,CDC_ANT,Antofagasta DC,PRD0002,0,0,15,1,0,0.0
2026-02-01,CDC_ANT,Antofagasta DC,PRD0003,2,0,5,1,0,15007.48
2026-02-01,CDC_ANT,Antofagasta DC,PRD0004,1,1,10,2,1,3654.58
2026-02-01,CDC_ANT,Antofagasta DC,PRD0005,0,0,5,0,0,0.0
2026-02-01,CDC_ANT,Antofagasta DC,PRD0006,0,0,2,0,0,0.0
2026-02-01,CDC_ANT,Antofagasta DC,PRD0007,15,5,15,8,4,48232.8
2026-02-01,CDC_ANT,Antofagasta DC,PRD0008,49,4,15,10,6,177748.97
2026-02-01,CDC_ANT,Antofagasta DC,PRD0009,6,4,10,3,1,6308.16
2026-02-01,CDC_ANT,Antofagasta DC,PRD0010,0,0,10,0,0,0.0
2026-02-01,CDC_ANT,Antofagasta DC,PRD0011,30,2,0,10,6,721436.1
2026-02-01,CDC_ANT,Antofagasta DC,PRD0012,1,0,10,1,0,353.83
2026-02-01,CDC_ANT,Antofagasta DC,PRD0013,5,1,0,2,1,4517.55
2026-02-01,CDC_ANT,Antofagasta DC,PRD0014,6,1,0,2,1,196145.28
2026-02-01,CDC_ANT,Antofagasta DC,PRD0015,0,0,0,1,0,0.0
2026-02-01,CDC_ANT,Antofagasta DC,PRD0016,3,0,2,8,4,993.72
2026-02-01,CDC_ANT,Antofagasta DC,PRD0017,26,4,15,8,4,105558.7
2026-02-01,CDC_ANT,Antofagasta DC,PRD0018,0,0,15,5,3,0.0
2026-02-01,CDC_ANT,Antofagasta DC,PRD0019,0,0,5,0,0,0.0
2026-02-01,CDC_ANT,Antofagasta DC,PRD0020,6,5,0,8,4,55561.98
2026-02-01,CDC_ANT,Antofagasta DC,PRD0021,0,0,5,0,0,0.0
2026-02-01,CDC_ANT,Antofagasta DC,PRD0022,16,2,0,5,3,11048.48
2026-02-01,CDC_ANT,Antofagasta DC,PRD0023,1,0,2,0,0,3042.47
2026-02-01,CDC_ANT,Antofagasta DC,PRD0024,2,1,2,1,0,31175.2
2026-02-01,CDC_ANT,Antofagasta DC,PRD0025,26,2,0,10,6,12373.4
2026-02-01,CDC_ANT,Antofagasta DC,PRD0026,5,3,5,2,1,45486.55
2026-02-01,CDC_ANT,Antofagasta DC,PRD0027,8,5,0,5,3,44441.68
2026-02-01,CDC_ANT,Antofagasta DC,PRD0028,8,2,0,3,1,47875.84
2026-02-01,CDC_ANT,Antofagasta DC,PRD0029,0,0,2,0,0,0.0
2026-02-01,CDC_ANT,Antofagasta DC,PRD0030,5,4,0,5,3,5517.2
2026-02-01,CDC_ANT,Antofagasta DC,PRD0031,0,0,0,0,0,0.0
2026-02-01,CDC_ANT,Antofagasta DC,PRD0032,3,2,0,3,1,1305.84
2026-02-01,CDC_ANT,Antofagasta DC,PRD0033,18,4,0,8,4,104783.76
2026-02-01,CDC_ANT,Antofagasta DC,PRD0034,8,0,15,3,1,45821.92
2026-02-01,CDC_ANT,Antofagasta DC,PRD0035,17,2,0,8,4,79883.68
2026-02-01,CDC_ANT,Antofagasta DC,PRD0036,11,4,2,10,6,28846.07
2026-02-01,CDC_ANT,Antofagasta DC,PRD0037,9,3,2,3,1,2576.25
2026-02-01,CDC_ANT,Antofagasta DC,PRD0038,25,2,2,10,6,842729.75
2026-02-01,CDC_ANT,Antofagasta DC,PRD0039,0,0,0,0,0,0.0
2026-02-01,CDC_ANT,Antofagasta DC,PRD0040,14,5,0,10,6,136771.04
2026-02-01,CDC_ANT,Antofagasta DC,PRD0041,6,0,5,3,1,92370.06
2026-02-01,CDC_ANT,Antofagasta DC,PRD0042,3,3,0,1,0,8576.46
2026-02-01,CDC_ANT,Antofagasta DC,PRD0043,6,1,2,2,1,86029.2
2026-02-01,CDC_ANT,Antofagasta DC,PRD0044,10,4,0,5,3,277406.9
2026-02-01,CDC_ANT,Antofagasta DC,PRD0045,20,2,2,8,4,96680.0
2026-02-01,CDC_ANT,Antofagasta DC,PRD0046,2,2,10,2,1,725.78
2026-02-01,CDC_ANT,Antofagasta DC,PRD0047,9,0,15,5,3,46485.09
2026-02-01,CDC_ANT,Antofagasta DC,PRD0048,1,1,15,1,0,4677.06
2026-02-01,CDC_ANT,Antofagasta DC,PRD0049,0,0,15,0,0,0.0
2026-02-01,CDC_ANT,Antofagasta DC,PRD0050,0,0,15,0,0,0.0
2026-02-01,CDC_ANT,Antofagasta DC,PRD0051,0,0,15,0,0,0.0
2026-02-01,CDC_ANT,Antofagasta DC,PRD0052,5,1,0,2,1,42584.35
2026-02-01,CDC_ANT,Antofagasta DC,PRD0053,0,0,10,0,0,0.0
2026-02-01,CDC_ANT,Antofagasta DC,PRD0054,0,0,0,0,0,0.0
2026-02-01,CDC_ANT,Antofagasta DC,PRD0055,1,1,2,1,0,370.08
2026-02-01,CDC_ANT,Antofagasta DC,PRD0056,6,0,10,5,3,162492.96
2026-02-01,CDC_ANT,Antofagasta DC,PRD0057,17,2,5,8,4,123303.55
2026-02-01,CDC_ANT,Antofagasta DC,PRD0058,13,1,5,8,4,35043.45
2026-02-01,CDC_ANT,Antofagasta DC,PRD0059,10,1,0,5,3,205022.9
2026-02-01,CDC_ANT,Antofagasta DC,PRD0060,0,0,2,0,0,0.0
2026-02-01,CDC_ANT,Antofagasta DC,PRD0061,10,3,2,3,1,62480.1
2026-02-01,CDC_ANT,Antofagasta DC,PRD0062,16,3,5,10,6,178891.2
2026-02-01,CDC_ANT,Antofagasta DC,PRD0063,1,0,2,1,0,5288.43
2026-02-01,CDC_ANT,Antofagasta DC,PRD0064,9,5,0,5,3,189010.17
2026-02-01,CDC_ANT,Antofagasta DC,PRD0065,4,0,0,1,0,3980.48
2026-02-01,CDC_ANT,Antofagasta DC,PRD0066,20,1,0,5,3,5352.2
2026-02-01,CDC_ANT,Antofagasta DC,PRD0067,3,1,0,2,1,1230.12
2026-02-01,CDC_ANT,Antofagasta DC,PRD0068,6,5,0,3,1,46280.04
2026-02-01,CDC_ANT,Antofagasta DC,PRD0069,7,3,2,5,3,34244.84
2026-02-01,CDC_ANT,Antofagasta DC,PRD0070,3,3,5,1,0,85405.53
2026-02-01,CDC_ANT,Antofagasta DC,PRD0071,8,3,15,2,1,7469.6
2026-02-01,CDC_ANT,Antofagasta DC,PRD0072,3,1,0,1,0,20486.34
2026-02-01,CDC_ANT,Antofagasta DC,PRD0073,13,3,15,5,3,341432.52
2026-02-01,CDC_ANT,Antofagasta DC,PRD0074,0,0,5,0,0,0.0
2026-02-01,CDC_ANT,Antofagasta DC,PRD0075,10,2,15,5,3,11213.2
2026-02-01,CDC_ANT,Antofagasta DC,PRD0076,0,0,0,0,0,0.0
2026-02-01,CDC_ANT,Antofagasta DC,PRD0077,12,0,5,5,3,2983.68
2026-02-01,CDC_ANT,Antofagasta DC,PRD0078,2,2,0,1,0,18108.26
2026-02-01,CDC_ANT,Antofagasta DC,PRD0079,6,4,15,5,3,33619.74
2026-02-01,CDC_ANT,Antofagasta DC,PRD0080,2,0,15,1,0,9826.2
2026-02-01,CDC_ANT,Antofagasta DC,PRD0081,17,0,10,10,6,16601.18
2026-02-01,CDC_ANT,Antofagasta DC,PRD0082,7,3,0,8,4,8552.74
2026-02-01,CDC_ANT,Antofagasta DC,PRD0083,0,0,2,0,0,0.0
2026-02-01,CDC_ANT,Antofagasta DC,PRD0084,14,3,2,5,3,315516.88
2026-02-01,CDC_ANT,Antofagasta DC,PRD0085,0,0,0,1,0,0.0
2026-02-01,CDC_ANT,Antofagasta DC,PRD0086,2,2,2,1,0,7764.38
2026-02-01,CDC_ANT,Antofagasta DC,PRD0087,2,1,0,1,0,2471.94
2026-02-01,CDC_ANT,Antofagasta DC,PRD0088,2,2,0,1,0,1605.18
2026-02-01,CDC_ANT,Antofagasta DC,PRD0089,4,4,0,5,3,25392.64
2026-02-01,CDC_ANT,Antofagasta DC,PRD0090,23,3,10,10,6,39539.3
2026-02-01,CDC_ANT,Antofagasta DC,PRD0091,18,2,0,10,6,10010.34
2026-02-01,CDC_ANT,Antofagasta DC,PRD0092,17,4,0,8,4,190872.94
2026-02-01,CDC_ANT,Antofagasta DC,PRD0093,21,3,0,10,6,540763.86
2026-02-01,CDC_ANT,Antofagasta DC,PRD0094,19,5,10,5,3,321534.91
2026-02-01,CDC_ANT,Antofagasta DC,PRD0095,19,2,15,5,3,126530.5
2026-02-01,CDC_ANT,Antofagasta DC,PRD0096,4,2,0,1,0,4659.84
2026-02-01,CDC_ANT,Antofagasta DC,PRD0097,13,0,2,3,1,8742.5
2026-02-01,CDC_ANT,Antofagasta DC,PRD0098,38,5,10,10,6,42262.46
2026-02-01,CDC_ANT,Antofagasta DC,PRD0099,1,0,15,0,0,2102.48
2026-02-01,CDC_ANT,Antofagasta DC,PRD0100,10,0,15,8,4,15860.1
2026-02-01,CDC_ANT,Antofagasta DC,PRD0101,1,0,0,5,3,4920.65
2026-02-01,CDC_ANT,Antofagasta DC,PRD0102,31,0,0,8,4,28848.29
2026-02-01,CDC_ANT,Antofagasta DC,PRD0103,5,3,15,3,1,29069.05
2026-02-01,CDC_ANT,Antofagasta DC,PRD0104,18,1,15,10,6,88249.86
2026-02-01,CDC_ANT,Antofagasta DC,PRD0105,14,4,2,8,4,5502.14
2026-02-01,CDC_ANT,Antofagasta DC,PRD0106,0,0,0,0,0,0.0
2026-02-01,CDC_ANT,Antofagasta DC,PRD0107,28,1,0,5,3,768674.48
2026-02-01,CDC_ANT,Antofagasta DC,PRD0108,1,1,0,0,0,15440.34
2026-02-01,CDC_ANT,Antofagasta DC,PRD0109,2,0,10,1,0,35710.4
2026-02-01,CDC_ANT,Antofagasta DC,PRD0110,0,0,5,0,0,0.0
2026-02-01,CDC_ANT,Antofagasta DC,PRD0111,31,5,0,8,4,250477.83
2026-02-01,CDC_ANT,Antofagasta DC,PRD0112,7,3,5,3,1,117749.03
2026-02-01,CDC_ANT,Antofagasta DC,PRD0113,11,2,10,5,3,12175.9
2026-02-01,CDC_ANT,Antofagasta DC,PRD0114,23,4,15,10,6,51110.83
2026-02-01,CDC_ANT,Antofagasta DC,PRD0115,7,1,0,3,1,42240.1
2026-02-01,CDC_ANT,Antofagasta DC,PRD0116,2,2,0,1,0,25962.16
2026-02-01,CDC_ANT,Antofagasta DC,PRD0117,5,4,0,3,1,4817.2
2026-02-01,CDC_ANT,Antofagasta DC,PRD0118,16,0,5,8,4,118168.32
2026-02-01,CDC_ANT,Antofagasta DC,PRD0119,4,0,0,3,1,1887.2
2026-02-01,CDC_ANT,Antofagasta DC,PRD0120,10,3,0,5,3,86263.8
2026-02-01,CDC_CAL,Calama Hub,PRD0001,2,0,2,3,1,50356.96
2026-02-01,CDC_CAL,Calama Hub,PRD0002,3,2,15,1,0,43156.65
2026-02-01,CDC_CAL,Calama Hub,PRD0003,21,1,10,10,6,157578.54
2026-02-01,CDC_CAL,Calama Hub,PRD0004,6,3,0,3,1,21927.48
2026-02-01,CDC_CAL,Calama Hub,PRD0005,2,1,5,1,0,8082.56
2026-02-01,CDC_CAL,Calama Hub,PRD0006,3,0,10,2,1,21897.15
2026-02-01,CDC_CAL,Calama Hub,PRD0007,0,0,2,1,0,0.0
2026-02-01,CDC_CAL,Calama Hub,PRD0008,1,0,0,2,1,3627.53
2026-02-01,CDC_CAL,Calama Hub,PRD0009,2,0,10,1,0,2102.72
2026-02-01,CDC_CAL,Calama Hub,PRD0010,3,0,0,3,1,18084.06
2026-02-01,CDC_CAL,Calama Hub,PRD0011,17,2,0,5,3,408813.79
2026-02-01,CDC_CAL,Calama Hub,PRD0012,0,0,0,0,0,0.0
2026-02-01,CDC_CAL,Calama Hub,PRD0013,24,5,2,10,6,21684.24
2026-02-01,CDC_CAL,Calama Hub,PRD0014,2,1,15,2,1,65381.76
2026-02-01,CDC_CAL,Calama Hub,PRD0015,11,2,5,8,4,274375.42
2026-02-01,CDC_CAL,Calama Hub,PRD0016,3,0,0,2,1,993.72
2026-02-01,CDC_CAL,Calama Hub,PRD0017,0,0,15,0,0,0.0
2026-02-01,CDC_CAL,Calama Hub,PRD0018,26,0,2,8,4,25072.84
2026-02-01,CDC_CAL,Calama Hub,PRD0019,16,4,0,5,3,24466.56
2026-02-01,CDC_CAL,Calama Hub,PRD0020,1,0,5,2,1,9260.33
2026-02-01,CDC_CAL,Calama Hub,PRD0021,2,2,0,1,0,2215.86
2026-02-01,CDC_CAL,Calama Hub,PRD0022,2,2,15,3,1,1381.06
2026-02-01,CDC_CAL,Calama Hub,PRD0023,2,1,10,1,0,6084.94
2026-02-01,CDC_CAL,Calama Hub,PRD0024,1,1,10,1,0,15587.6
2026-02-01,CDC_CAL,Calama Hub,PRD0025,0,0,0,0,0,0.0
2026-02-01,CDC_CAL,Calama Hub,PRD0026,15,1,2,8,4,136459.65
2026-02-01,CDC_CAL,Calama Hub,PRD0027,2,1,10,5,3,11110.42
2026-02-01,CDC_CAL,Calama Hub,PRD0028,1,0,0,0,0,5984.48
2026-02-01,CDC_CAL,Calama Hub,PRD0029,3,0,0,2,1,19625.28
2026-02-01,CDC_CAL,Calama Hub,PRD0030,24,4,2,10,6,26482.56
2026-02-01,CDC_CAL,Calama Hub,PRD0031,7,2,2,3,1,54901.35
2026-02-01,CDC_CAL,Calama Hub,PRD0032,16,1,5,10,6,6964.48
2026-02-01,CDC_CAL,Calama Hub,PRD0033,37,4,10,10,6,215388.84
2026-02-01,CDC_CAL,Calama Hub,PRD0034,9,5,0,5,3,51549.66
2026-02-01,CDC_CAL,Calama Hub,PRD0035,1,1,0,1,0,4699.04
2026-02-01,CDC_CAL,Calama Hub,PRD0036,19,4,0,10,6,49825.03
2026-02-01,CDC_CAL,Calama Hub,PRD0037,7,1,15,2,1,2003.75
2026-02-01,CDC_CAL,Calama Hub,PRD0038,14,3,5,10,6,471928.66
2026-02-01,CDC_CAL,Calama Hub,PRD0039,8,1,0,5,3,62978.88
2026-02-01,CDC_CAL,Calama Hub,PRD0040,4,2,0,2,1,39077.44
2026-02-01,CDC_CAL,Calama Hub,PRD0041,3,2,2,2,1,46185.03
2026-02-01,CDC_CAL,Calama Hub,PRD0042,0,0,0,0,0,0.0
2026-02-01,CDC_CAL,Calama Hub,PRD0043,0,0,15,2,1,0.0
2026-02-01,CDC_CAL,Calama Hub,PRD0044,0,0,0,0,0,0.0
2026-02-01,CDC_CAL,Calama Hub,PRD0045,3,2,15,2,1,14502.0
2026-02-01,CDC_CAL,Calama Hub,PRD0046,0,0,2,0,0,0.0
2026-02-01,CDC_CAL,Calama Hub,PRD0047,3,3,15,2,1,15495.03
2026-02-01,CDC_CAL,Calama Hub,PRD0048,0,0,5,0,0,0.0
2026-02-01,CDC_CAL,Calama Hub,PRD0049,7,5,0,3,1,3204.11
2026-02-01,CDC_CAL,Calama Hub,PRD0050,3,1,5,1,0,528.36
2026-02-01,CDC_CAL,Calama Hub,PRD0051,29,0,0,10,6,613522.26
2026-02-01,CDC_CAL,Calama Hub,PRD0052,0,0,0,0,0,0.0
2026-02-01,CDC_CAL,Calama Hub,PRD0053,2,0,15,2,1,1506.8
2026-02-01,CDC_CAL,Calama Hub,PRD0054,1,0,2,1,0,2076.1
2026-02-01,CDC_CAL,Calama Hub,PRD0055,0,0,0,0,0,0.0
2026-02-01,CDC_CAL,Calama Hub,PRD0056,3,0,5,1,0,81246.48
2026-02-01,CDC_CAL,Calama Hub,PRD0057,10,2,2,3,1,72531.5
2026-02-01,CDC_CAL,Calama Hub,PRD0058,0,0,2,0,0,0.0
2026-02-01,CDC_CAL,Calama Hub,PRD0059,0,0,5,0,0,0.0
2026-02-01,CDC_CAL,Calama Hub,PRD0060,17,5,15,8,4,259848.23
2026-02-01,CDC_CAL,Calama Hub,PRD0061,1,0,0,1,0,6248.01
2026-02-01,CDC_CAL,Calama Hub,PRD0062,0,0,15,0,0,0.0
2026-02-01,CDC_CAL,Calama Hub,PRD0063,10,3,2,3,1,52884.3
2026-02-01,CDC_CAL,Calama Hub,PRD0064,28,2,15,10,6,588031.64
2026-02-01,CDC_CAL,Calama Hub,PRD0065,9,0,5,3,1,8956.08
2026-02-01,CDC_CAL,Calama Hub,PRD0066,7,0,5,3,1,1873.27
2026-02-01,CDC_CAL,Calama Hub,PRD0067,1,1,5,8,4,410.04
2026-02-01,CDC_CAL,Calama Hub,PRD0068,5,3,5,2,1,38566.7
2026-02-01,CDC_CAL,Calama Hub,PRD0069,1,0,0,1,0,4892.12
2026-02-01,CDC_CAL,Calama Hub,PRD0070,7,0,5,2,1,199279.57
2026-02-01,CDC_CAL,Calama Hub,PRD0071,0,0,0,0,0,0.0
2026-02-01,CDC_CAL,Calama Hub,PRD0072,3,2,2,1,0,20486.34
2026-02-01,CDC_CAL,Calama Hub,PRD0073,31,3,10,8,4,814185.24
2026-02-01,CDC_CAL,Calama Hub,PRD0074,2,0,2,2,1,49465.28
2026-02-01,CDC_CAL,Calama Hub,PRD0075,6,3,0,3,1,6727.92
2026-02-01,CDC_CAL,Calama Hub,PRD0076,34,1,0,10,6,555618.82
2026-02-01,CDC_CAL,Calama Hub,PRD0077,7,1,5,2,1,1740.48
2026-02-01,CDC_CAL,Calama Hub,PRD0078,17,4,0,5,3,153920.21
2026-02-01,CDC_CAL,Calama Hub,PRD0079,1,1,0,0,0,5603.29
2026-02-01,CDC_CAL,Calama Hub,PRD0080,4,4,0,3,1,19652.4
2026-02-01,CDC_CAL,Calama Hub,PRD0081,5,0,2,2,1,4882.7
2026-02-01,CDC_CAL,Calama Hub,PRD0082,6,0,0,2,1,7330.92
2026-02-01,CDC_CAL,Calama Hub,PRD0083,5,1,0,8,4,11986.0
2026-02-01,CDC_CAL,Calama Hub,PRD0084,16,3,10,5,3,360590.72
2026-02-01,CDC_CAL,Calama Hub,PRD0085,27,4,15,10,6,141521.31
2026-02-01,CDC_CAL,Calama Hub,PRD0086,5,4,5,2,1,19410.95
2026-02-01,CDC_CAL,Calama Hub,PRD0087,2,2,0,1,0,2471.94
2026-02-01,CDC_CAL,Calama Hub,PRD0088,0,0,10,0,0,0.0
2026-02-01,CDC_CAL,Calama Hub,PRD0089,21,2,0,8,4,133311.36
2026-02-01,CDC_CAL,Calama Hub,PRD0090,4,0,5,2,1,6876.4
2026-02-01,CDC_CAL,Calama Hub,PRD0091,14,5,2,8,4,7785.82
2026-02-01,CDC_CAL,Calama Hub,PRD0092,13,1,10,5,3,145961.66
2026-02-01,CDC_CAL,Calama Hub,PRD0093,0,0,5,0,0,0.0
2026-02-01,CDC_CAL,Calama Hub,PRD0094,16,0,15,5,3,270766.24
2026-02-01,CDC_CAL,Calama Hub,PRD0095,0,0,0,0,0,0.0
2026-02-01,CDC_CAL,Calama Hub,PRD0096,0,0,2,0,0,0.0
2026-02-01,CDC_CAL,Calama Hub,PRD0097,8,1,0,3,1,5380.0
2026-02-01,CDC_CAL,Calama Hub,PRD0098,18,3,2,8,4,20019.06
2026-02-01,CDC_CAL,Calama Hub,PRD0099,10,1,2,3,1,21024.8
2026-02-01,CDC_CAL,Calama Hub,PRD0100,1,0,0,5,3,1586.01
2026-02-01,CDC_CAL,Calama Hub,PRD0101,25,0,2,8,4,123016.25
2026-02-01,CDC_CAL,Calama Hub,PRD0102,0,0,15,0,0,0.0
2026-02-01,CDC_CAL,Calama Hub,PRD0103,5,4,0,3,1,29069.05
2026-02-01,CDC_CAL,Calama Hub,PRD0104,7,1,2,3,1,34319.39
2026-02-01,CDC_CAL,Calama Hub,PRD0105,16,3,0,10,6,6288.16
2026-02-01,CDC_CAL,Calama Hub,PRD0106,20,2,2,10,6,172236.2
2026-02-01,CDC_CAL,Calama Hub,PRD0107,11,5,0,10,6,301979.26
2026-02-01,CDC_CAL,Calama Hub,PRD0108,16,3,0,8,4,247045.44
2026-02-01,CDC_CAL,Calama Hub,PRD0109,24,5,15,10,6,428524.8
2026-02-01,CDC_CAL,Calama Hub,PRD0110,5,2,10,2,1,23105.15
2026-02-01,CDC_CAL,Calama Hub,PRD0111,5,3,2,3,1,40399.65
2026-02-01,CDC_CAL,Calama Hub,PRD0112,0,0,2,0,0,0.0
2026-02-01,CDC_CAL,Calama Hub,PRD0113,8,1,0,5,3,8855.2
2026-02-01,CDC_CAL,Calama Hub,PRD0114,3,1,2,1,0,6666.63
2026-02-01,CDC_CAL,Calama Hub,PRD0115,14,3,2,5,3,84480.2
2026-02-01,CDC_CAL,Calama Hub,PRD0116,20,2,5,10,6,259621.6
2026-02-01,CDC_CAL,Calama Hub,PRD0117,-2,2,5,10,6,28903.2
2026-02-01,CDC_CAL,Calama Hub,PRD0118,0,0,0,0,0,0.0
2026-02-01,CDC_CAL,Calama Hub,PRD0119,0,0,10,0,0,0.0
2026-02-01,CDC_CAL,Calama Hub,PRD0120,0,0,10,2,1,0.0
2026-02-01,CDC_COP,Copiapó Hub,PRD0001,4,3,2,5,3,100713.92
2026-02-01,CDC_COP,Copiapó Hub,PRD0002,7,3,0,10,6,100698.85
2026-02-01,CDC_COP,Copiapó Hub,PRD0003,2,2,10,0,0,15007.48
2026-02-01,CDC_COP,Copiapó Hub,PRD0004,0,0,0,0,0,0.0
2026-02-01,CDC_COP,Copiapó Hub,PRD0005,6,1,15,2,1,24247.68
2026-02-01,CDC_COP,Copiapó Hub,PRD0006,0,0,0,0,0,0.0
2026-02-01,CDC_COP,Copiapó Hub,PRD0007,29,4,5,10,6,93250.08
2026-02-01,CDC_COP,Copiapó Hub,PRD0008,2,2,10,2,1,7255.06
2026-02-01,CDC_COP,Copiapó Hub,PRD0009,5,5,2,2,1,5256.8
2026-02-01,CDC_COP,Copiapó Hub,PRD0010,0,0,5,0,0,0.0
2026-02-01,CDC_COP,Copiapó Hub,PRD0011,1,0,10,1,0,24047.87
2026-02-01,CDC_COP,Copiapó Hub,PRD0012,5,4,2,5,3,1769.15
2026-02-01,CDC_COP,Copiapó Hub,PRD0013,0,0,15,0,0,0.0
2026-02-01,CDC_COP,Copiapó Hub,PRD0014,3,2,15,1,0,98072.64
2026-02-01,CDC_COP,Copiapó Hub,PRD0015,11,3,15,5,3,274375.42
2026-02-01,CDC_COP,Copiapó Hub,PRD0016,0,0,5,0,0,0.0
2026-02-01,CDC_COP,Copiapó Hub,PRD0017,15,0,0,5,3,60899.25
2026-02-01,CDC_COP,Copiapó Hub,PRD0018,11,1,0,5,3,10607.74
2026-02-01,CDC_COP,Copiapó Hub,PRD0019,4,3,10,3,1,6116.64
2026-02-01,CDC_COP,Copiapó Hub,PRD0020,9,5,5,3,1,83342.97
2026-02-01,CDC_COP,Copiapó Hub,PRD0021,1,1,0,0,0,1107.93
2026-02-01,CDC_COP,Copiapó Hub,PRD0022,6,1,5,10,6,4143.18
2026-02-01,CDC_COP,Copiapó Hub,PRD0023,19,4,0,8,4,57806.93
2026-02-01,CDC_COP,Copiapó Hub,PRD0024,9,5,15,5,3,140288.4
2026-02-01,CDC_COP,Copiapó Hub,PRD0025,3,2,0,3,1,1427.7
2026-02-01,CDC_COP,Copiapó Hub,PRD0026,4,3,2,3,1,36389.24
2026-02-01,CDC_COP,Copiapó Hub,PRD0027,2,1,0,1,0,11110.42
2026-02-01,CDC_COP,Copiapó Hub,PRD0028,8,2,15,3,1,47875.84
2026-02-01,CDC_COP,Copiapó Hub,PRD0029,2,2,0,1,0,13083.52
2026-02-01,CDC_COP,Copiapó Hub,PRD0030,35,4,5,10,6,38620.4
2026-02-01,CDC_COP,Copiapó Hub,PRD0031,15,1,2,5,3,117645.75
2026-02-01,CDC_COP,Copiapó Hub,PRD0032,3,2,0,1,0,1305.84
2026-02-01,CDC_COP,Copiapó Hub,PRD0033,29,0,0,10,6,168818.28
2026-02-01,CDC_COP,Copiapó Hub,PRD0034,5,2,5,2,1,28638.7
2026-02-01,CDC_COP,Copiapó Hub,PRD0035,16,5,5,10,6,75184.64
2026-02-01,CDC_COP,Copiapó Hub,PRD0036,3,1,2,3,1,7867.11
2026-02-01,CDC_COP,Copiapó Hub,PRD0037,9,2,15,5,3,2576.25
2026-02-01,CDC_COP,Copiapó Hub,PRD0038,20,1,0,8,4,674183.8
2026-02-01,CDC_COP,Copiapó Hub,PRD0039,3,2,5,1,0,23617.08
2026-02-01,CDC_COP,Copiapó Hub,PRD0040,3,2,2,2,1,29308.08
2026-02-01,CDC_COP,Copiapó Hub,PRD0041,13,4,0,8,4,200135.13
2026-02-01,CDC_COP,Copiapó Hub,PRD0042,1,0,5,0,0,2858.82
2026-02-01,CDC_COP,Copiapó Hub,PRD0043,7,5,0,2,1,100367.4
2026-02-01,CDC_COP,Copiapó Hub,PRD0044,26,5,0,10,6,721257.94
2026-02-01,CDC_COP,Copiapó Hub,PRD0045,26,3,0,8,4,125684.0
2026-02-01,CDC_COP,Copiapó Hub,PRD0046,0,0,0,0,0,0.0
2026-02-01,CDC_COP,Copiapó Hub,PRD0047,14,4,5,8,4,72310.14
2026-02-01,CDC_COP,Copiapó Hub,PRD0048,0,0,0,0,0,0.0
2026-02-01,CDC_COP,Copiapó Hub,PRD0049,0,0,0,0,0,0.0
2026-02-01,CDC_COP,Copiapó Hub,PRD0050,25,5,5,10,6,4403.0
2026-02-01,CDC_COP,Copiapó Hub,PRD0051,21,0,0,10,6,444274.74
2026-02-01,CDC_COP,Copiapó Hub,PRD0052,4,0,5,2,1,34067.48
2026-02-01,CDC_COP,Copiapó Hub,PRD0053,0,0,15,0,0,0.0
2026-02-01,CDC_COP,Copiapó Hub,PRD0054,0,0,2,0,0,0.0
2026-02-01,CDC_COP,Copiapó Hub,PRD0055,17,3,0,5,3,6291.36
2026-02-01,CDC_COP,Copiapó Hub,PRD0056,2,2,2,1,0,54164.32
2026-02-01,CDC_COP,Copiapó Hub,PRD0057,3,3,15,2,1,21759.45
2026-02-01,CDC_COP,Copiapó Hub,PRD0058,0,0,2,0,0,0.0
2026-02-01,CDC_COP,Copiapó Hub,PRD0059,19,1,5,5,3,389543.51
2026-02-01,CDC_COP,Copiapó Hub,PRD0060,22,1,10,8,4,336274.18
2026-02-01,CDC_COP,Copiapó Hub,PRD0061,33,2,5,10,6,206184.33
2026-02-01,CDC_COP,Copiapó Hub,PRD0062,16,2,0,8,4,178891.2
2026-02-01,CDC_COP,Copiapó Hub,PRD0063,23,0,10,10,6,121633.89
2026-02-01,CDC_COP,Copiapó Hub,PRD0064,8,0,2,3,1,168009.04
2026-02-01,CDC_COP,Copiapó Hub,PRD0065,1,1,15,1,0,995.12
2026-02-01,CDC_COP,Copiapó Hub,PRD0066,2,2,5,0,0,535.22
2026-02-01,CDC_COP,Copiapó Hub,PRD0067,2,2,5,1,0,820.08
2026-02-01,CDC_COP,Copiapó Hub,PRD0068,9,0,15,5,3,69420.06
2026-02-01,CDC_COP,Copiapó Hub,PRD0069,11,5,5,5,3,53813.32
2026-02-01,CDC_COP,Copiapó Hub,PRD0070,8,2,2,3,1,227748.08
2026-02-01,CDC_COP,Copiapó Hub,PRD0071,8,5,5,3,1,7469.6
2026-02-01,CDC_COP,Copiapó Hub,PRD0072,5,0,2,3,1,34143.9
2026-02-01,CDC_COP,Copiapó Hub,PRD0073,21,4,0,10,6,551544.84
2026-02-01,CDC_COP,Copiapó Hub,PRD0074,2,2,5,1,0,49465.28
2026-02-01,CDC_COP,Copiapó Hub,PRD0075,26,1,5,10,6,29154.32
2026-02-01,CDC_COP,Copiapó Hub,PRD0076,1,1,5,1,0,16341.73
2026-02-01,CDC_COP,Copiapó Hub,PRD0077,13,1,0,10,6,3232.32
2026-02-01,CDC_COP,Copiapó Hub,PRD0078,0,0,2,0,0,0.0
2026-02-01,CDC_COP,Copiapó Hub,PRD0079,0,0,2,0,0,0.0
2026-02-01,CDC_COP,Copiapó Hub,PRD0080,0,0,0,0,0,0.0
2026-02-01,CDC_COP,Copiapó Hub,PRD0081,13,0,0,10,6,12695.02
2026-02-01,CDC_COP,Copiapó Hub,PRD0082,12,0,15,5,3,14661.84
2026-02-01,CDC_COP,Copiapó Hub,PRD0083,24,1,2,8,4,57532.8
2026-02-01,CDC_COP,Copiapó Hub,PRD0084,1,1,5,0,0,22536.92
2026-02-01,CDC_COP,Copiapó Hub,PRD0085,9,5,0,5,3,47173.77
2026-02-01,CDC_COP,Copiapó Hub,PRD0086,9,5,0,3,1,34939.71
2026-02-01,CDC_COP,Copiapó Hub,PRD0087,7,0,0,5,3,8651.79
2026-02-01,CDC_COP,Copiapó Hub,PRD0088,6,5,0,2,1,4815.54
2026-02-01,CDC_COP,Copiapó Hub,PRD0089,3,2,0,1,0,19044.48
2026-02-01,CDC_COP,Copiapó Hub,PRD0090,1,1,10,1,0,1719.1
2026-02-01,CDC_COP,Copiapó Hub,PRD0091,22,5,0,8,4,12234.86
2026-02-01,CDC_COP,Copiapó Hub,PRD0092,7,2,2,5,3,78594.74
2026-02-01,CDC_COP,Copiapó Hub,PRD0093,4,3,10,3,1,103002.64
2026-02-01,CDC_COP,Copiapó Hub,PRD0094,0,0,0,0,0,0.0
2026-02-01,CDC_COP,Copiapó Hub,PRD0095,16,1,10,10,6,106552.0
2026-02-01,CDC_COP,Copiapó Hub,PRD0096,22,5,15,10,6,25629.12
2026-02-01,CDC_COP,Copiapó Hub,PRD0097,0,0,10,0,0,0.0
2026-02-01,CDC_COP,Copiapó Hub,PRD0098,0,0,15,0,0,0.0
2026-02-01,CDC_COP,Copiapó Hub,PRD0099,19,0,5,10,6,39947.12
2026-02-01,CDC_COP,Copiapó Hub,PRD0100,11,3,10,5,3,17446.11
2026-02-01,CDC_COP,Copiapó Hub,PRD0101,0,0,10,0,0,0.0
2026-02-01,CDC_COP,Copiapó Hub,PRD0102,1,0,5,0,0,930.59
2026-02-01,CDC_COP,Copiapó Hub,PRD0103,16,3,15,10,6,93020.96
2026-02-01,CDC_COP,Copiapó Hub,PRD0104,0,0,0,0,0,0.0
2026-02-01,CDC_COP,Copiapó Hub,PRD0105,12,5,10,5,3,4716.12
2026-02-01,CDC_COP,Copiapó Hub,PRD0106,17,5,0,8,4,146400.77
2026-02-01,CDC_COP,Copiapó Hub,PRD0107,3,2,15,2,1,82357.98
2026-02-01,CDC_COP,Copiapó Hub,PRD0108,0,0,10,0,0,0.0
2026-02-01,CDC_COP,Copiapó Hub,PRD0109,0,0,0,0,0,0.0
2026-02-01,CDC_COP,Copiapó Hub,PRD0110,13,2,0,5,3,60073.39
2026-02-01,CDC_COP,Copiapó Hub,PRD0111,1,1,0,0,0,8079.93
2026-02-01,CDC_COP,Copiapó Hub,PRD0112,15,5,10,10,6,252319.35
2026-02-01,CDC_COP,Copiapó Hub,PRD0113,13,5,5,5,3,14389.7
2026-02-01,CDC_COP,Copiapó Hub,PRD0114,5,5,2,3,1,11111.05
2026-02-01,CDC_COP,Copiapó Hub,PRD0115,3,3,0,1,0,18102.9
2026-02-01,CDC_COP,Copiapó Hub,PRD0116,6,2,10,3,1,77886.48
2026-02-01,CDC_COP,Copiapó Hub,PRD0117,0,0,5,0,0,0.0
2026-02-01,CDC_COP,Copiapó Hub,PRD0118,2,1,0,2,1,14771.04
2026-02-01,CDC_COP,Copiapó Hub,PRD0119,0,0,10,0,0,0.0
2026-02-01,CDC_COP,Copiapó Hub,PRD0120,5,4,0,3,1,43131.9
2026-03-01,CDC_SCL,Santiago DC,PRD0001,4,1,10,3,1,100713.92
2026-03-01,CDC_SCL,Santiago DC,PRD0002,23,2,2,5,3,330867.65
2026-03-01,CDC_SCL,Santiago DC,PRD0003,3,1,0,2,1,22511.22
2026-03-01,CDC_SCL,Santiago DC,PRD0004,5,0,0,2,1,18272.9
2026-03-01,CDC_SCL,Santiago DC,PRD0005,2,2,2,1,0,8082.56
2026-03-01,CDC_SCL,Santiago DC,PRD0006,1,0,0,10,6,7299.05
2026-03-01,CDC_SCL,Santiago DC,PRD0007,24,4,2,10,6,77172.48
2026-03-01,CDC_SCL,Santiago DC,PRD0008,1,0,0,1,0,3627.53
2026-03-01,CDC_SCL,Santiago DC,PRD0009,0,0,15,0,0,0.0
2026-03-01,CDC_SCL,Santiago DC,PRD0010,15,1,0,5,3,90420.3
2026-03-01,CDC_SCL,Santiago DC,PRD0011,6,3,0,3,1,144287.22
2026-03-01,CDC_SCL,Santiago DC,PRD0012,8,1,10,2,1,2830.64
2026-03-01,CDC_SCL,Santiago DC,PRD0013,23,1,0,10,6,20780.73
2026-03-01,CDC_SCL,Santiago DC,PRD0014,2,1,0,1,0,65381.76
2026-03-01,CDC_SCL,Santiago DC,PRD0015,2,0,0,2,1,49886.44
2026-03-01,CDC_SCL,Santiago DC,PRD0016,3,2,2,0,0,993.72
2026-03-01,CDC_SCL,Santiago DC,PRD0017,0,0,5,1,0,0.0
2026-03-01,CDC_SCL,Santiago DC,PRD0018,3,0,2,1,0,2893.02
2026-03-01,CDC_SCL,Santiago DC,PRD0019,0,0,10,0,0,0.0
2026-03-01,CDC_SCL,Santiago DC,PRD0020,1,0,2,0,0,9260.33
2026-03-01,CDC_SCL,Santiago DC,PRD0021,0,0,10,0,0,0.0
2026-03-01,CDC_SCL,Santiago DC,PRD0022,1,1,5,0,0,690.53
2026-03-01,CDC_SCL,Santiago DC,PRD0023,1,1,0,2,1,3042.47
2026-03-01,CDC_SCL,Santiago DC,PRD0024,0,0,0,0,0,0.0
2026-03-01,CDC_SCL,Santiago DC,PRD0025,0,0,0,0,0,0.0
2026-03-01,CDC_SCL,Santiago DC,PRD0026,9,2,15,8,4,81875.79
2026-03-01,CDC_SCL,Santiago DC,PRD0027,5,1,5,5,3,27776.05
2026-03-01,CDC_SCL,Santiago DC,PRD0028,6,3,0,3,1,35906.88
2026-03-01,CDC_SCL,Santiago DC,PRD0029,5,4,15,2,1,32708.8
2026-03-01,CDC_SCL,Santiago DC,PRD0030,2,2,0,1,0,2206.88
2026-03-01,CDC_SCL,Santiago DC,PRD0031,2,2,0,1,0,15686.1
2026-03-01,CDC_SCL,Santiago DC,PRD0032,1,1,0,0,0,435.28
2026-03-01,CDC_SCL,Santiago DC,PRD0033,0,0,0,0,0,0.0
2026-03-01,CDC_SCL,Santiago DC,PRD0034,8,2,0,3,1,45821.92
2026-03-01,CDC_SCL,Santiago DC,PRD0035,4,2,0,3,1,18796.16
2026-03-01,CDC_SCL,Santiago DC,PRD0036,12,4,10,8,4,31468.44
2026-03-01,CDC_SCL,Santiago DC,PRD0037,26,1,0,8,4,7442.5
2026-03-01,CDC_SCL,Santiago DC,PRD0038,5,2,0,3,1,168545.95
2026-03-01,CDC_SCL,Santiago DC,PRD0039,0,0,15,0,0,0.0
2026-03-01,CDC_SCL,Santiago DC,PRD0040,0,0,10,3,1,0.0
2026-03-01,CDC_SCL,Santiago DC,PRD0041,1,1,0,1,0,15395.01
2026-03-01,CDC_SCL,Santiago DC,PRD0042,6,4,10,2,1,17152.92
2026-03-01,CDC_SCL,Santiago DC,PRD0043,0,0,2,0,0,0.0
2026-03-01,CDC_SCL,Santiago DC,PRD0044,2,2,10,1,0,55481.38
2026-03-01,CDC_SCL,Santiago DC,PRD0045,4,3,2,3,1,19336.0
2026-03-01,CDC_SCL,Santiago DC,PRD0046,2,1,15,1,0,725.78
2026-03-01,CDC_SCL,Santiago DC,PRD0047,2,2,15,1,0,10330.02
2026-03-01,CDC_SCL,Santiago DC,PRD0048,8,4,5,3,1,37416.48
2026-03-01,CDC_SCL,Santiago DC,PRD0049,21,5,10,8,4,9612.33
2026-03-01,CDC_SCL,Santiago DC,PRD0050,8,5,0,5,3,1408.96
2026-03-01,CDC_SCL,Santiago DC,PRD0051,22,0,5,8,4,465430.68
2026-03-01,CDC_SCL,Santiago DC,PRD0052,0,0,0,0,0,0.0
2026-03-01,CDC_SCL,Santiago DC,PRD0053,0,0,0,0,0,0.0
2026-03-01,CDC_SCL,Santiago DC,PRD0054,2,2,0,1,0,4152.2
2026-03-01,CDC_SCL,Santiago DC,PRD0055,4,0,0,2,1,1480.32
2026-03-01,CDC_SCL,Santiago DC,PRD0056,21,4,2,10,6,568725.36
2026-03-01,CDC_SCL,Santiago DC,PRD0057,0,0,0,0,0,0.0
2026-03-01,CDC_SCL,Santiago DC,PRD0058,30,5,2,8,4,80869.5
2026-03-01,CDC_SCL,Santiago DC,PRD0059,4,3,0,2,1,82009.16
2026-03-01,CDC_SCL,Santiago DC,PRD0060,22,4,15,8,4,336274.18
2026-03-01,CDC_SCL,Santiago DC,PRD0061,0,0,15,0,0,0.0
2026-03-01,CDC_SCL,Santiago DC,PRD0062,2,0,0,2,1,22361.4
2026-03-01,CDC_SCL,Santiago DC,PRD0063,6,3,0,3,1,31730.58
2026-03-01,CDC_SCL,Santiago DC,PRD0064,5,1,15,3,1,105005.65
2026-03-01,CDC_SCL,Santiago DC,PRD0065,3,0,0,2,1,2985.36
2026-03-01,CDC_SCL,Santiago DC,PRD0066,2,1,2,1,0,535.22
2026-03-01,CDC_SCL,Santiago DC,PRD0067,0,0,10,0,0,0.0
2026-03-01,CDC_SCL,Santiago DC,PRD0068,17,1,5,10,6,131126.78
2026-03-01,CDC_SCL,Santiago DC,PRD0069,16,2,15,5,3,78273.92
2026-03-01,CDC_SCL,Santiago DC,PRD0070,12,4,15,10,6,341622.12
2026-03-01,CDC_SCL,Santiago DC,PRD0071,12,3,2,3,1,11204.4
2026-03-01,CDC_SCL,Santiago DC,PRD0072,3,3,0,1,0,20486.34
2026-03-01,CDC_SCL,Santiago DC,PRD0073,7,3,10,2,1,183848.28
2026-03-01,CDC_SCL,Santiago DC,PRD0074,18,3,2,8,4,445187.52
2026-03-01,CDC_SCL,Santiago DC,PRD0075,0,0,2,0,0,0.0
2026-03-01,CDC_SCL,Santiago DC,PRD0076,18,4,5,5,3,294151.14
2026-03-01,CDC_SCL,Santiago DC,PRD0077,1,1,15,1,0,248.64
2026-03-01,CDC_SCL,Santiago DC,PRD0078,0,0,10,0,0,0.0
2026-03-01,CDC_SCL,Santiago DC,PRD0079,0,0,15,0,0,0.0
2026-03-01,CDC_SCL,Santiago DC,PRD0080,10,5,10,5,3,49131.0
2026-03-01,CDC_SCL,Santiago DC,PRD0081,3,0,5,3,1,2929.62
2026-03-01,CDC_SCL,Santiago DC,PRD0082,0,0,10,0,0,0.0
2026-03-01,CDC_SCL,Santiago DC,PRD0083,1,1,0,1,0,2397.2
2026-03-01,CDC_SCL,Santiago DC,PRD0084,6,2,5,2,1,135221.52
2026-03-01,CDC_SCL,Santiago DC,PRD0085,10,0,5,3,1,52415.3
2026-03-01,CDC_SCL,Santiago DC,PRD0086,5,5,10,2,1,19410.95
2026-03-01,CDC_SCL,Santiago DC,PRD0087,13,3,5,10,6,16067.61
2026-03-01,CDC_SCL,Santiago DC,PRD0088,-10,4,15,2,1,3210.36
2026-03-01,CDC_SCL,Santiago DC,PRD0089,36,1,15,8,4,228533.76
2026-03-01,CDC_SCL,Santiago DC,PRD0090,3,0,10,2,1,5157.3
2026-03-01,CDC_SCL,Santiago DC,PRD0091,4,4,10,2,1,2224.52
2026-03-01,CDC_SCL,Santiago DC,PRD0092,23,0,15,8,4,258239.86
2026-03-01,CDC_SCL,Santiago DC,PRD0093,1,1,10,0,0,25750.66
2026-03-01,CDC_SCL,Santiago DC,PRD0094,9,5,0,5,3,152306.01
2026-03-01,CDC_SCL,Santiago DC,PRD0095,4,4,10,2,1,26638.0
2026-03-01,CDC_SCL,Santiago DC,PRD0096,3,0,10,2,1,3494.88
2026-03-01,CDC_SCL,Santiago DC,PRD0097,0,0,15,1,0,0.0
2026-03-01,CDC_SCL,Santiago DC,PRD0098,2,1,2,1,0,2224.34
2026-03-01,CDC_SCL,Santiago DC,PRD0099,0,0,5,0,0,0.0
2026-03-01,CDC_SCL,Santiago DC,PRD0100,0,0,5,1,0,0.0
2026-03-01,CDC_SCL,Santiago DC,PRD0101,3,1,2,5,3,14761.95
2026-03-01,CDC_SCL,Santiago DC,PRD0102,0,0,0,0,0,0.0
2026-03-01,CDC_SCL,Santiago DC,PRD0103,1,0,0,1,0,5813.81
2026-03-01,CDC_SCL,Santiago DC,PRD0104,0,0,0,0,0,0.0
2026-03-01,CDC_SCL,Santiago DC,PRD0105,0,0,0,0,0,0.0
2026-03-01,CDC_SCL,Santiago DC,PRD0106,1,1,10,0,0,8611.81
2026-03-01,CDC_SCL,Santiago DC,PRD0107,9,5,5,10,6,247073.94
2026-03-01,CDC_SCL,Santiago DC,PRD0108,12,4,5,5,3,185284.08
2026-03-01,CDC_SCL,Santiago DC,PRD0109,15,5,0,8,4,267828.0
2026-03-01,CDC_SCL,Santiago DC,PRD0110,9,2,0,5,3,41589.27
2026-03-01,CDC_SCL,Santiago DC,PRD0111,3,2,15,5,3,24239.79
2026-03-01,CDC_SCL,Santiago DC,PRD0112,0,0,2,0,0,0.0
2026-03-01,CDC_SCL,Santiago DC,PRD0113,13,2,10,8,4,14389.7
2026-03-01,CDC_SCL,Santiago DC,PRD0114,26,5,5,8,4,57777.46
2026-03-01,CDC_SCL,Santiago DC,PRD0115,9,5,2,10,6,54308.7
2026-03-01,CDC_SCL,Santiago DC,PRD0116,14,1,5,10,6,181735.12
2026-03-01,CDC_SCL,Santiago DC,PRD0117,31,4,15,10,6,29866.64
2026-03-01,CDC_SCL,Santiago DC,PRD0118,4,2,2,10,6,29542.08
2026-03-01,CDC_SCL,Santiago DC,PRD0119,7,0,15,3,1,3302.6
2026-03-01,CDC_SCL,Santiago DC,PRD0120,7,0,10,10,6,60384.66
2026-03-01,CDC_ANT,Antofagasta DC,PRD0001,9,3,2,3,1,226606.32
2026-03-01,CDC_ANT,Antofagasta DC,PRD0002,6,3,2,3,1,86313.3
2026-03-01,CDC_ANT,Antofagasta DC,PRD0003,0,0,0,0,0,0.0
2026-03-01,CDC_ANT,Antofagasta DC,PRD0004,0,0,15,0,0,0.0
2026-03-01,CDC_ANT,Antofagasta DC,PRD0005,1,1,2,2,1,4041.28
2026-03-01,CDC_ANT,Antofagasta DC,PRD0006,18,3,10,5,3,131382.9
2026-03-01,CDC_ANT,Antofagasta DC,PRD0007,0,0,15,1,0,0.0
2026-03-01,CDC_ANT,Antofagasta DC,PRD0008,20,1,10,5,3,72550.6
2026-03-01,CDC_ANT,Antofagasta DC,PRD0009,13,3,0,10,6,13667.68
2026-03-01,CDC_ANT,Antofagasta DC,PRD0010,2,1,0,1,0,12056.04
2026-03-01,CDC_ANT,Antofagasta DC,PRD0011,3,3,0,2,1,72143.61
2026-03-01,CDC_ANT,Antofagasta DC,PRD0012,5,3,10,2,1,1769.15
2026-03-01,CDC_ANT,Antofagasta DC,PRD0013,0,0,0,0,0,0.0
2026-03-01,CDC_ANT,Antofagasta DC,PRD0014,6,3,0,3,1,196145.28
2026-03-01,CDC_ANT,Antofagasta DC,PRD0015,10,5,10,5,3,249432.2
2026-03-01,CDC_ANT,Antofagasta DC,PRD0016,17,0,10,10,6,5631.08
2026-03-01,CDC_ANT,Antofagasta DC,PRD0017,10,4,5,3,1,40599.5
2026-03-01,CDC_ANT,Antofagasta DC,PRD0018,3,0,2,2,1,2893.02
2026-03-01,CDC_ANT,Antofagasta DC,PRD0019,0,0,0,0,0,0.0
2026-03-01,CDC_ANT,Antofagasta DC,PRD0020,0,0,2,0,0,0.0
2026-03-01,CDC_ANT,Antofagasta DC,PRD0021,11,4,0,8,4,12187.23
2026-03-01,CDC_ANT,Antofagasta DC,PRD0022,0,0,5,0,0,0.0
2026-03-01,CDC_ANT,Antofagasta DC,PRD0023,0,0,0,0,0,0.0
2026-03-01,CDC_ANT,Antofagasta DC,PRD0024,2,1,15,1,0,31175.2
2026-03-01,CDC_ANT,Antofagasta DC,PRD0025,6,1,0,5,3,2855.4
2026-03-01,CDC_ANT,Antofagasta DC,PRD0026,8,0,0,5,3,72778.48
2026-03-01,CDC_ANT,Antofagasta DC,PRD0027,13,4,0,5,3,72217.73
2026-03-01,CDC_ANT,Antofagasta DC,PRD0028,3,3,10,1,0,17953.44
2026-03-01,CDC_ANT,Antofagasta DC,PRD0029,7,2,2,3,1,45792.32
2026-03-01,CDC_ANT,Antofagasta DC,PRD0030,1,1,0,0,0,1103.44
2026-03-01,CDC_ANT,Antofagasta DC,PRD0031,0,0,0,0,0,0.0
2026-03-01,CDC_ANT,Antofagasta DC,PRD0032,1,0,2,0,0,435.28
2026-03-01,CDC_ANT,Antofagasta DC,PRD0033,1,1,15,1,0,5821.32
2026-03-01,CDC_ANT,Antofagasta DC,PRD0034,0,0,10,0,0,0.0
2026-03-01,CDC_ANT,Antofagasta DC,PRD0035,0,0,10,0,0,0.0
2026-03-01,CDC_ANT,Antofagasta DC,PRD0036,0,0,15,0,0,0.0
2026-03-01,CDC_ANT,Antofagasta DC,PRD0037,5,3,5,2,1,1431.25
2026-03-01,CDC_ANT,Antofagasta DC,PRD0038,21,1,0,8,4,707892.99
2026-03-01,CDC_ANT,Antofagasta DC,PRD0039,0,0,2,0,0,0.0
2026-03-01,CDC_ANT,Antofagasta DC,PRD0040,38,5,0,10,6,371235.68
2026-03-01,CDC_ANT,Antofagasta DC,PRD0041,5,5,0,3,1,76975.05
2026-03-01,CDC_ANT,Antofagasta DC,PRD0042,4,2,0,5,3,11435.28
2026-03-01,CDC_ANT,Antofagasta DC,PRD0043,0,0,0,0,0,0.0
2026-03-01,CDC_ANT,Antofagasta DC,PRD0044,0,0,0,0,0,0.0
2026-03-01,CDC_ANT,Antofagasta DC,PRD0045,10,2,15,3,1,48340.0
2026-03-01,CDC_ANT,Antofagasta DC,PRD0046,0,0,2,0,0,0.0
2026-03-01,CDC_ANT,Antofagasta DC,PRD0047,16,1,0,5,3,82640.16
2026-03-01,CDC_ANT,Antofagasta DC,PRD0048,12,4,15,8,4,56124.72
2026-03-01,CDC_ANT,Antofagasta DC,PRD0049,24,1,2,8,4,10985.52
2026-03-01,CDC_ANT,Antofagasta DC,PRD0050,15,5,10,10,6,2641.8
2026-03-01,CDC_ANT,Antofagasta DC,PRD0051,19,0,15,8,4,401962.86
2026-03-01,CDC_ANT,Antofagasta DC,PRD0052,0,0,2,0,0,0.0
2026-03-01,CDC_ANT,Antofagasta DC,PRD0053,1,0,2,8,4,753.4
2026-03-01,CDC_ANT,Antofagasta DC,PRD0054,5,5,2,3,1,10380.5
2026-03-01,CDC_ANT,Antofagasta DC,PRD0055,5,4,2,3,1,1850.4
2026-03-01,CDC_ANT,Antofagasta DC,PRD0056,32,1,2,8,4,866629.12
2026-03-01,CDC_ANT,Antofagasta DC,PRD0057,11,5,15,5,3,79784.65
2026-03-01,CDC_ANT,Antofagasta DC,PRD0058,2,2,0,2,1,5391.3
2026-03-01,CDC_ANT,Antofagasta DC,PRD0059,6,3,2,3,1,123013.74
2026-03-01,CDC_ANT,Antofagasta DC,PRD0060,11,1,5,8,4,168137.09
2026-03-01,CDC_ANT,Antofagasta DC,PRD0061,0,0,2,0,0,0.0
2026-03-01,CDC_ANT,Antofagasta DC,PRD0062,24,2,0,10,6,268336.8
2026-03-01,CDC_ANT,Antofagasta DC,PRD0063,0,0,10,0,0,0.0
2026-03-01,CDC_ANT,Antofagasta DC,PRD0064,36,0,0,10,6,756040.68
2026-03-01,CDC_ANT,Antofagasta DC,PRD0065,1,1,10,1,0,995.12
2026-03-01,CDC_ANT,Antofagasta DC,PRD0066,32,5,15,10,6,8563.52
2026-03-01,CDC_ANT,Antofagasta DC,PRD0067,26,5,5,8,4,10661.04
2026-03-01,CDC_ANT,Antofagasta DC,PRD0068,7,2,2,8,4,53993.38
2026-03-01,CDC_ANT,Antofagasta DC,PRD0069,20,1,2,8,4,97842.4
2026-03-01,CDC_ANT,Antofagasta DC,PRD0070,4,0,15,3,1,113874.04
2026-03-01,CDC_ANT,Antofagasta DC,PRD0071,13,2,2,3,1,12138.1
2026-03-01,CDC_ANT,Antofagasta DC,PRD0072,18,3,10,10,6,122918.04
2026-03-01,CDC_ANT,Antofagasta DC,PRD0073,15,4,0,5,3,393960.6
2026-03-01,CDC_ANT,Antofagasta DC,PRD0074,0,0,0,0,0,0.0
2026-03-01,CDC_ANT,Antofagasta DC,PRD0075,13,0,0,3,1,14577.16
2026-03-01,CDC_ANT,Antofagasta DC,PRD0076,2,1,5,2,1,32683.46
2026-03-01,CDC_ANT,Antofagasta DC,PRD0077,7,0,0,3,1,1740.48
2026-03-01,CDC_ANT,Antofagasta DC,PRD0078,31,4,10,10,6,280678.03
2026-03-01,CDC_ANT,Antofagasta DC,PRD0079,0,0,0,2,1,0.0
2026-03-01,CDC_ANT,Antofagasta DC,PRD0080,17,5,0,5,3,83522.7
2026-03-01,CDC_ANT,Antofagasta DC,PRD0081,2,2,0,2,1,1953.08
2026-03-01,CDC_ANT,Antofagasta DC,PRD0082,9,1,15,3,1,10996.38
2026-03-01,CDC_ANT,Antofagasta DC,PRD0083,11,5,0,5,3,26369.2
2026-03-01,CDC_ANT,Antofagasta DC,PRD0084,2,1,0,5,3,45073.84
2026-03-01,CDC_ANT,Antofagasta DC,PRD0085,17,1,10,8,4,89106.01
2026-03-01,CDC_ANT,Antofagasta DC,PRD0086,3,3,0,2,1,11646.57
2026-03-01,CDC_ANT,Antofagasta DC,PRD0087,5,0,2,5,3,6179.85
2026-03-01,CDC_ANT,Antofagasta DC,PRD0088,1,1,5,0,0,802.59
2026-03-01,CDC_ANT,Antofagasta DC,PRD0089,8,1,0,10,6,50785.28
2026-03-01,CDC_ANT,Antofagasta DC,PRD0090,0,0,0,1,0,0.0
2026-03-01,CDC_ANT,Antofagasta DC,PRD0091,7,4,0,3,1,3892.91
2026-03-01,CDC_ANT,Antofagasta DC,PRD0092,9,0,15,5,3,101050.38
2026-03-01,CDC_ANT,Antofagasta DC,PRD0093,13,0,15,5,3,334758.58
2026-03-01,CDC_ANT,Antofagasta DC,PRD0094,2,0,5,1,0,33845.78
2026-03-01,CDC_ANT,Antofagasta DC,PRD0095,0,0,0,0,0,0.0
2026-03-01,CDC_ANT,Antofagasta DC,PRD0096,0,0,0,3,1,0.0
2026-03-01,CDC_ANT,Antofagasta DC,PRD0097,8,2,2,3,1,5380.0
2026-03-01,CDC_ANT,Antofagasta DC,PRD0098,15,3,10,5,3,16682.55
2026-03-01,CDC_ANT,Antofagasta DC,PRD0099,6,3,0,5,3,12614.88
2026-03-01,CDC_ANT,Antofagasta DC,PRD0100,11,5,0,5,3,17446.11
2026-03-01,CDC_ANT,Antofagasta DC,PRD0101,0,0,10,0,0,0.0
2026-03-01,CDC_ANT,Antofagasta DC,PRD0102,17,1,2,10,6,15820.03
2026-03-01,CDC_ANT,Antofagasta DC,PRD0103,20,2,5,8,4,116276.2
2026-03-01,CDC_ANT,Antofagasta DC,PRD0104,35,1,10,10,6,171596.95
2026-03-01,CDC_ANT,Antofagasta DC,PRD0105,14,0,5,5,3,5502.14
2026-03-01,CDC_ANT,Antofagasta DC,PRD0106,33,5,0,10,6,284189.73
2026-03-01,CDC_ANT,Antofagasta DC,PRD0107,0,0,0,0,0,0.0
2026-03-01,CDC_ANT,Antofagasta DC,PRD0108,5,1,15,3,1,77201.7
2026-03-01,CDC_ANT,Antofagasta DC,PRD0109,7,3,0,3,1,124986.4
2026-03-01,CDC_ANT,Antofagasta DC,PRD0110,14,3,5,10,6,64694.42
2026-03-01,CDC_ANT,Antofagasta DC,PRD0111,5,1,10,5,3,40399.65
2026-03-01,CDC_ANT,Antofagasta DC,PRD0112,18,1,2,10,6,302783.22
2026-03-01,CDC_ANT,Antofagasta DC,PRD0113,0,0,5,0,0,0.0
2026-03-01,CDC_ANT,Antofagasta DC,PRD0114,16,4,0,10,6,35555.36
2026-03-01,CDC_ANT,Antofagasta DC,PRD0115,4,0,2,3,1,24137.2
2026-03-01,CDC_ANT,Antofagasta DC,PRD0116,5,0,0,2,1,64905.4
2026-03-01,CDC_ANT,Antofagasta DC,PRD0117,1,0,0,0,0,963.44
2026-03-01,CDC_ANT,Antofagasta DC,PRD0118,0,0,0,0,0,0.0
2026-03-01,CDC_ANT,Antofagasta DC,PRD0119,1,0,0,1,0,471.8
2026-03-01,CDC_ANT,Antofagasta DC,PRD0120,25,1,15,10,6,215659.5
2026-03-01,CDC_CAL,Calama Hub,PRD0001,51,5,10,10,6,1284102.48
2026-03-01,CDC_CAL,Calama Hub,PRD0002,3,1,5,1,0,43156.65
2026-03-01,CDC_CAL,Calama Hub,PRD0003,1,0,5,2,1,7503.74
2026-03-01,CDC_CAL,Calama Hub,PRD0004,0,0,2,0,0,0.0
2026-03-01,CDC_CAL,Calama Hub,PRD0005,0,0,0,0,0,0.0
2026-03-01,CDC_CAL,Calama Hub,PRD0006,0,0,0,0,0,0.0
2026-03-01,CDC_CAL,Calama Hub,PRD0007,13,5,2,8,4,41801.76
2026-03-01,CDC_CAL,Calama Hub,PRD0008,7,5,0,3,1,25392.71
2026-03-01,CDC_CAL,Calama Hub,PRD0009,0,0,15,0,0,0.0
2026-03-01,CDC_CAL,Calama Hub,PRD0010,1,1,2,1,0,6028.02
2026-03-01,CDC_CAL,Calama Hub,PRD0011,3,0,5,1,0,72143.61
2026-03-01,CDC_CAL,Calama Hub,PRD0012,0,0,0,0,0,0.0
2026-03-01,CDC_CAL,Calama Hub,PRD0013,0,0,0,0,0,0.0
2026-03-01,CDC_CAL,Calama Hub,PRD0014,5,5,5,3,1,163454.4
2026-03-01,CDC_CAL,Calama Hub,PRD0015,1,1,10,1,0,24943.22
2026-03-01,CDC_CAL,Calama Hub,PRD0016,1,0,10,2,1,331.24
2026-03-01,CDC_CAL,Calama Hub,PRD0017,0,0,15,0,0,0.0
2026-03-01,CDC_CAL,Calama Hub,PRD0018,5,4,5,5,3,4821.7
2026-03-01,CDC_CAL,Calama Hub,PRD0019,5,1,2,2,1,7645.8
2026-03-01,CDC_CAL,Calama Hub,PRD0020,9,2,2,10,6,83342.97
2026-03-01,CDC_CAL,Calama Hub,PRD0021,2,1,0,2,1,2215.86
2026-03-01,CDC_CAL,Calama Hub,PRD0022,0,0,0,8,4,0.0
2026-03-01,CDC_CAL,Calama Hub,PRD0023,17,2,2,8,4,51721.99
2026-03-01,CDC_CAL,Calama Hub,PRD0024,15,0,0,5,3,233814.0
2026-03-01,CDC_CAL,Calama Hub,PRD0025,6,4,2,8,4,2855.4
2026-03-01,CDC_CAL,Calama Hub,PRD0026,10,4,0,5,3,90973.1
2026-03-01,CDC_CAL,Calama Hub,PRD0027,5,2,10,2,1,27776.05
2026-03-01,CDC_CAL,Calama Hub,PRD0028,2,0,0,0,0,11968.96
2026-03-01,CDC_CAL,Calama Hub,PRD0029,17,4,10,10,6,111209.92
2026-03-01,CDC_CAL,Calama Hub,PRD0030,4,3,10,2,1,4413.76
2026-03-01,CDC_CAL,Calama Hub,PRD0031,0,0,10,0,0,0.0
2026-03-01,CDC_CAL,Calama Hub,PRD0032,0,0,10,0,0,0.0
2026-03-01,CDC_CAL,Calama Hub,PRD0033,2,0,2,5,3,11642.64
2026-03-01,CDC_CAL,Calama Hub,PRD0034,6,0,5,5,3,34366.44
2026-03-01,CDC_CAL,Calama Hub,PRD0035,17,4,10,5,3,79883.68
2026-03-01,CDC_CAL,Calama Hub,PRD0036,8,5,5,5,3,20978.96
2026-03-01,CDC_CAL,Calama Hub,PRD0037,7,5,0,3,1,2003.75
2026-03-01,CDC_CAL,Calama Hub,PRD0038,2,1,0,1,0,67418.38
2026-03-01,CDC_CAL,Calama Hub,PRD0039,0,0,0,0,0,0.0
2026-03-01,CDC_CAL,Calama Hub,PRD0040,3,2,0,2,1,29308.08
2026-03-01,CDC_CAL,Calama Hub,PRD0041,7,2,0,3,1,107765.07
2026-03-01,CDC_CAL,Calama Hub,PRD0042,20,4,0,8,4,57176.4
2026-03-01,CDC_CAL,Calama Hub,PRD0043,20,1,0,8,4,286764.0
2026-03-01,CDC_CAL,Calama Hub,PRD0044,0,0,2,0,0,0.0
2026-03-01,CDC_CAL,Calama Hub,PRD0045,5,1,0,5,3,24170.0
2026-03-01,CDC_CAL,Calama Hub,PRD0046,5,5,0,2,1,1814.45
2026-03-01,CDC_CAL,Calama Hub,PRD0047,2,0,15,1,0,10330.02
2026-03-01,CDC_CAL,Calama Hub,PRD0048,0,0,0,0,0,0.0
2026-03-01,CDC_CAL,Calama Hub,PRD0049,8,1,5,3,1,3661.84
2026-03-01,CDC_CAL,Calama Hub,PRD0050,1,1,10,1,0,176.12
2026-03-01,CDC_CAL,Calama Hub,PRD0051,27,3,15,8,4,571210.38
2026-03-01,CDC_CAL,Calama Hub,PRD0052,28,2,15,10,6,238472.36
2026-03-01,CDC_CAL,Calama Hub,PRD0053,15,0,0,8,4,11301.0
2026-03-01,CDC_CAL,Calama Hub,PRD0054,5,3,2,2,1,10380.5
2026-03-01,CDC_CAL,Calama Hub,PRD0055,2,2,10,5,3,740.16
2026-03-01,CDC_CAL,Calama Hub,PRD0056,32,1,0,10,6,866629.12
2026-03-01,CDC_CAL,Calama Hub,PRD0057,25,0,0,8,4,181328.75
2026-03-01,CDC_CAL,Calama Hub,PRD0058,0,0,0,0,0,0.0
2026-03-01,CDC_CAL,Calama Hub,PRD0059,5,0,10,10,6,102511.45
2026-03-01,CDC_CAL,Calama Hub,PRD0060,6,3,2,3,1,91711.14
2026-03-01,CDC_CAL,Calama Hub,PRD0061,15,1,0,5,3,93720.15
2026-03-01,CDC_CAL,Calama Hub,PRD0062,4,2,0,2,1,44722.8
2026-03-01,CDC_CAL,Calama Hub,PRD0063,0,0,0,0,0,0.0
2026-03-01,CDC_CAL,Calama Hub,PRD0064,0,0,10,0,0,0.0
2026-03-01,CDC_CAL,Calama Hub,PRD0065,1,1,5,1,0,995.12
2026-03-01,CDC_CAL,Calama Hub,PRD0066,35,3,0,10,6,9366.35
2026-03-01,CDC_CAL,Calama Hub,PRD0067,7,0,2,10,6,2870.28
2026-03-01,CDC_CAL,Calama Hub,PRD0068,0,0,0,0,0,0.0
2026-03-01,CDC_CAL,Calama Hub,PRD0069,0,0,5,0,0,0.0
2026-03-01,CDC_CAL,Calama Hub,PRD0070,14,5,2,10,6,398559.14
2026-03-01,CDC_CAL,Calama Hub,PRD0071,0,0,0,0,0,0.0
2026-03-01,CDC_CAL,Calama Hub,PRD0072,0,0,5,0,0,0.0
2026-03-01,CDC_CAL,Calama Hub,PRD0073,43,3,2,10,6,1129353.72
2026-03-01,CDC_CAL,Calama Hub,PRD0074,0,0,0,10,6,0.0
2026-03-01,CDC_CAL,Calama Hub,PRD0075,0,0,10,0,0,0.0
2026-03-01,CDC_CAL,Calama Hub,PRD0076,0,0,0,0,0,0.0
2026-03-01,CDC_CAL,Calama Hub,PRD0077,0,0,5,0,0,0.0
2026-03-01,CDC_CAL,Calama Hub,PRD0078,5,5,0,3,1,45270.65
2026-03-01,CDC_CAL,Calama Hub,PRD0079,3,3,15,1,0,16809.87
2026-03-01,CDC_CAL,Calama Hub,PRD0080,13,0,15,10,6,63870.3
2026-03-01,CDC_CAL,Calama Hub,PRD0081,10,2,0,3,1,9765.4
2026-03-01,CDC_CAL,Calama Hub,PRD0082,39,0,10,10,6,47650.98
2026-03-01,CDC_CAL,Calama Hub,PRD0083,24,4,5,8,4,57532.8
2026-03-01,CDC_CAL,Calama Hub,PRD0084,14,4,0,8,4,315516.88
2026-03-01,CDC_CAL,Calama Hub,PRD0085,0,0,2,0,0,0.0
2026-03-01,CDC_CAL,Calama Hub,PRD0086,3,3,10,2,1,11646.57
2026-03-01,CDC_CAL,Calama Hub,PRD0087,15,1,0,8,4,18539.55
2026-03-01,CDC_CAL,Calama Hub,PRD0088,20,5,5,5,3,16051.8
2026-03-01,CDC_CAL,Calama Hub,PRD0089,13,4,0,8,4,82526.08
2026-03-01,CDC_CAL,Calama Hub,PRD0090,7,1,5,8,4,12033.7
2026-03-01,CDC_CAL,Calama Hub,PRD0091,28,1,15,10,6,15571.64
2026-03-01,CDC_CAL,Calama Hub,PRD0092,1,0,5,1,0,11227.82
2026-03-01,CDC_CAL,Calama Hub,PRD0093,0,0,0,0,0,0.0
2026-03-01,CDC_CAL,Calama Hub,PRD0094,1,0,0,0,0,16922.89
2026-03-01,CDC_CAL,Calama Hub,PRD0095,2,0,5,1,0,13319.0
2026-03-01,CDC_CAL,Calama Hub,PRD0096,0,0,5,0,0,0.0
2026-03-01,CDC_CAL,Calama Hub,PRD0097,6,4,10,3,1,4035.0
2026-03-01,CDC_CAL,Calama Hub,PRD0098,8,3,0,3,1,8897.36
2026-03-01,CDC_CAL,Calama Hub,PRD0099,0,0,0,0,0,0.0
2026-03-01,CDC_CAL,Calama Hub,PRD0100,0,0,0,0,0,0.0
2026-03-01,CDC_CAL,Calama Hub,PRD0101,6,1,2,3,1,29523.9
2026-03-01,CDC_CAL,Calama Hub,PRD0102,3,2,10,1,0,2791.77
2026-03-01,CDC_CAL,Calama Hub,PRD0103,5,4,15,3,1,29069.05
2026-03-01,CDC_CAL,Calama Hub,PRD0104,15,2,0,5,3,73541.55
2026-03-01,CDC_CAL,Calama Hub,PRD0105,4,2,0,2,1,1572.04
2026-03-01,CDC_CAL,Calama Hub,PRD0106,2,0,15,1,0,17223.62
2026-03-01,CDC_CAL,Calama Hub,PRD0107,9,0,0,3,1,247073.94
2026-03-01,CDC_CAL,Calama Hub,PRD0108,13,5,0,5,3,200724.42
2026-03-01,CDC_CAL,Calama Hub,PRD0109,4,4,0,3,1,71420.8
2026-03-01,CDC_CAL,Calama Hub,PRD0110,18,4,5,10,6,83178.54
2026-03-01,CDC_CAL,Calama Hub,PRD0111,3,2,0,1,0,24239.79
2026-03-01,CDC_CAL,Calama Hub,PRD0112,17,4,10,10,6,285961.93
2026-03-01,CDC_CAL,Calama Hub,PRD0113,23,5,15,10,6,25458.7
2026-03-01,CDC_CAL,Calama Hub,PRD0114,0,0,10,0,0,0.0
2026-03-01,CDC_CAL,Calama Hub,PRD0115,9,0,0,3,1,54308.7
2026-03-01,CDC_CAL,Calama Hub,PRD0116,12,1,5,10,6,155772.96
2026-03-01,CDC_CAL,Calama Hub,PRD0117,3,0,10,2,1,2890.32
2026-03-01,CDC_CAL,Calama Hub,PRD0118,9,1,0,10,6,66469.68
2026-03-01,CDC_CAL,Calama Hub,PRD0119,0,0,0,2,1,0.0
2026-03-01,CDC_CAL,Calama Hub,PRD0120,6,0,0,2,1,51758.28
2026-03-01,CDC_COP,Copiapó Hub,PRD0001,0,0,0,0,0,0.0
2026-03-01,CDC_COP,Copiapó Hub,PRD0002,14,5,10,5,3,201397.7
2026-03-01,CDC_COP,Copiapó Hub,PRD0003,0,0,15,0,0,0.0
2026-03-01,CDC_COP,Copiapó Hub,PRD0004,6,4,2,3,1,21927.48
2026-03-01,CDC_COP,Copiapó Hub,PRD0005,9,3,10,3,1,36371.52
2026-03-01,CDC_COP,Copiapó Hub,PRD0006,15,1,0,5,3,109485.75
2026-03-01,CDC_COP,Copiapó Hub,PRD0007,2,2,5,2,1,6431.04
2026-03-01,CDC_COP,Copiapó Hub,PRD0008,3,1,0,1,0,10882.59
2026-03-01,CDC_COP,Copiapó Hub,PRD0009,26,0,5,8,4,27335.36
2026-03-01,CDC_COP,Copiapó Hub,PRD0010,4,4,0,3,1,24112.08
2026-03-01,CDC_COP,Copiapó Hub,PRD0011,1,0,2,0,0,24047.87
2026-03-01,CDC_COP,Copiapó Hub,PRD0012,-1,1,15,8,4,707.66
2026-03-01,CDC_COP,Copiapó Hub,PRD0013,2,2,5,1,0,1807.02
2026-03-01,CDC_COP,Copiapó Hub,PRD0014,3,1,0,1,0,98072.64
2026-03-01,CDC_COP,Copiapó Hub,PRD0015,0,0,10,5,3,0.0
2026-03-01,CDC_COP,Copiapó Hub,PRD0016,15,2,0,8,4,4968.6
2026-03-01,CDC_COP,Copiapó Hub,PRD0017,4,4,0,2,1,16239.8
2026-03-01,CDC_COP,Copiapó Hub,PRD0018,12,5,5,5,3,11572.08
2026-03-01,CDC_COP,Copiapó Hub,PRD0019,10,3,10,8,4,15291.6
2026-03-01,CDC_COP,Copiapó Hub,PRD0020,23,2,0,8,4,212987.59
2026-03-01,CDC_COP,Copiapó Hub,PRD0021,2,0,2,2,1,2215.86
2026-03-01,CDC_COP,Copiapó Hub,PRD0022,2,2,0,1,0,1381.06
2026-03-01,CDC_COP,Copiapó Hub,PRD0023,0,0,0,2,1,0.0
2026-03-01,CDC_COP,Copiapó Hub,PRD0024,19,2,10,8,4,296164.4
2026-03-01,CDC_COP,Copiapó Hub,PRD0025,4,3,0,5,3,1903.6
2026-03-01,CDC_COP,Copiapó Hub,PRD0026,9,3,5,10,6,81875.79
2026-03-01,CDC_COP,Copiapó Hub,PRD0027,0,0,5,0,0,0.0
2026-03-01,CDC_COP,Copiapó Hub,PRD0028,4,2,0,5,3,23937.92
2026-03-01,CDC_COP,Copiapó Hub,PRD0029,0,0,2,0,0,0.0
2026-03-01,CDC_COP,Copiapó Hub,PRD0030,15,4,10,10,6,16551.6
2026-03-01,CDC_COP,Copiapó Hub,PRD0031,10,0,5,5,3,78430.5
2026-03-01,CDC_COP,Copiapó Hub,PRD0032,3,1,15,1,0,1305.84
2026-03-01,CDC_COP,Copiapó Hub,PRD0033,7,1,2,2,1,40749.24
2026-03-01,CDC_COP,Copiapó Hub,PRD0034,0,0,0,0,0,0.0
2026-03-01,CDC_COP,Copiapó Hub,PRD0035,10,4,10,3,1,46990.4
2026-03-01,CDC_COP,Copiapó Hub,PRD0036,0,0,0,1,0,0.0
2026-03-01,CDC_COP,Copiapó Hub,PRD0037,6,1,5,3,1,1717.5
2026-03-01,CDC_COP,Copiapó Hub,PRD0038,3,2,0,1,0,101127.57
2026-03-01,CDC_COP,Copiapó Hub,PRD0039,14,1,0,8,4,110213.04
2026-03-01,CDC_COP,Copiapó Hub,PRD0040,13,1,5,8,4,127001.68
2026-03-01,CDC_COP,Copiapó Hub,PRD0041,7,4,10,5,3,107765.07
2026-03-01,CDC_COP,Copiapó Hub,PRD0042,6,4,15,3,1,17152.92
2026-03-01,CDC_COP,Copiapó Hub,PRD0043,8,1,5,3,1,114705.6
2026-03-01,CDC_COP,Copiapó Hub,PRD0044,20,3,0,8,4,554813.8
2026-03-01,CDC_COP,Copiapó Hub,PRD0045,0,0,0,0,0,0.0
2026-03-01,CDC_COP,Copiapó Hub,PRD0046,1,1,2,0,0,362.89
2026-03-01,CDC_COP,Copiapó Hub,PRD0047,21,1,0,8,4,108465.21
2026-03-01,CDC_COP,Copiapó Hub,PRD0048,4,0,10,3,1,18708.24
2026-03-01,CDC_COP,Copiapó Hub,PRD0049,6,3,0,3,1,2746.38
2026-03-01,CDC_COP,Copiapó Hub,PRD0050,7,2,2,2,1,1232.84
2026-03-01,CDC_COP,Copiapó Hub,PRD0051,0,0,0,10,6,0.0
2026-03-01,CDC_COP,Copiapó Hub,PRD0052,32,0,0,10,6,272539.84
2026-03-01,CDC_COP,Copiapó Hub,PRD0053,0,0,5,0,0,0.0
2026-03-01,CDC_COP,Copiapó Hub,PRD0054,0,0,0,0,0,0.0
2026-03-01,CDC_COP,Copiapó Hub,PRD0055,4,1,10,3,1,1480.32
2026-03-01,CDC_COP,Copiapó Hub,PRD0056,21,0,15,10,6,568725.36
2026-03-01,CDC_COP,Copiapó Hub,PRD0057,7,5,0,3,1,50772.05
2026-03-01,CDC_COP,Copiapó Hub,PRD0058,2,0,2,1,0,5391.3
2026-03-01,CDC_COP,Copiapó Hub,PRD0059,7,4,0,10,6,143516.03
2026-03-01,CDC_COP,Copiapó Hub,PRD0060,18,2,10,8,4,275133.42
2026-03-01,CDC_COP,Copiapó Hub,PRD0061,5,1,15,3,1,31240.05
2026-03-01,CDC_COP,Copiapó Hub,PRD0062,8,0,15,10,6,89445.6
2026-03-01,CDC_COP,Copiapó Hub,PRD0063,18,5,2,8,4,95191.74
2026-03-01,CDC_COP,Copiapó Hub,PRD0064,0,0,10,0,0,0.0
2026-03-01,CDC_COP,Copiapó Hub,PRD0065,15,0,15,3,1,14926.8
2026-03-01,CDC_COP,Copiapó Hub,PRD0066,6,1,2,5,3,1605.66
2026-03-01,CDC_COP,Copiapó Hub,PRD0067,23,0,0,5,3,9430.92
2026-03-01,CDC_COP,Copiapó Hub,PRD0068,0,0,5,0,0,0.0
2026-03-01,CDC_COP,Copiapó Hub,PRD0069,0,0,15,0,0,0.0
2026-03-01,CDC_COP,Copiapó Hub,PRD0070,26,0,0,10,6,740181.26
2026-03-01,CDC_COP,Copiapó Hub,PRD0071,6,4,0,10,6,5602.2
2026-03-01,CDC_COP,Copiapó Hub,PRD0072,20,0,0,8,4,136575.6
2026-03-01,CDC_COP,Copiapó Hub,PRD0073,0,0,0,0,0,0.0
2026-03-01,CDC_COP,Copiapó Hub,PRD0074,26,2,2,10,6,643048.64
2026-03-01,CDC_COP,Copiapó Hub,PRD0075,2,0,0,1,0,2242.64
2026-03-01,CDC_COP,Copiapó Hub,PRD0076,9,4,15,3,1,147075.57
2026-03-01,CDC_COP,Copiapó Hub,PRD0077,22,2,5,10,6,5470.08
2026-03-01,CDC_COP,Copiapó Hub,PRD0078,2,1,5,1,0,18108.26
2026-03-01,CDC_COP,Copiapó Hub,PRD0079,4,3,0,2,1,22413.16
2026-03-01,CDC_COP,Copiapó Hub,PRD0080,0,0,0,0,0,0.0
2026-03-01,CDC_COP,Copiapó Hub,PRD0081,0,0,0,0,0,0.0
2026-03-01,CDC_COP,Copiapó Hub,PRD0082,0,0,2,0,0,0.0
2026-03-01,CDC_COP,Copiapó Hub,PRD0083,10,1,5,5,3,23972.0
2026-03-01,CDC_COP,Copiapó Hub,PRD0084,52,0,0,10,6,1171919.84
2026-03-01,CDC_COP,Copiapó Hub,PRD0085,0,0,0,0,0,0.0
2026-03-01,CDC_COP,Copiapó Hub,PRD0086,0,0,10,0,0,0.0
2026-03-01,CDC_COP,Copiapó Hub,PRD0087,0,0,0,0,0,0.0
2026-03-01,CDC_COP,Copiapó Hub,PRD0088,4,1,10,2,1,3210.36
2026-03-01,CDC_COP,Copiapó Hub,PRD0089,1,0,0,3,1,6348.16
2026-03-01,CDC_COP,Copiapó Hub,PRD0090,8,3,10,5,3,13752.8
2026-03-01,CDC_COP,Copiapó Hub,PRD0091,1,0,0,1,0,556.13
2026-03-01,CDC_COP,Copiapó Hub,PRD0092,0,0,0,0,0,0.0
2026-03-01,CDC_COP,Copiapó Hub,PRD0093,5,3,0,2,1,128753.3
2026-03-01,CDC_COP,Copiapó Hub,PRD0094,1,1,15,0,0,16922.89
2026-03-01,CDC_COP,Copiapó Hub,PRD0095,6,0,2,5,3,39957.0
2026-03-01,CDC_COP,Copiapó Hub,PRD0096,25,1,0,10,6,29124.0
2026-03-01,CDC_COP,Copiapó Hub,PRD0097,4,0,10,1,0,2690.0
2026-03-01,CDC_COP,Copiapó Hub,PRD0098,6,2,5,5,3,6673.02
2026-03-01,CDC_COP,Copiapó Hub,PRD0099,7,1,10,3,1,14717.36
2026-03-01,CDC_COP,Copiapó Hub,PRD0100,0,0,15,0,0,0.0
2026-03-01,CDC_COP,Copiapó Hub,PRD0101,4,4,10,2,1,19682.6
2026-03-01,CDC_COP,Copiapó Hub,PRD0102,3,3,5,1,0,2791.77
2026-03-01,CDC_COP,Copiapó Hub,PRD0103,0,0,0,0,0,0.0
2026-03-01,CDC_COP,Copiapó Hub,PRD0104,1,1,0,1,0,4902.77
2026-03-01,CDC_COP,Copiapó Hub,PRD0105,0,0,5,0,0,0.0
2026-03-01,CDC_COP,Copiapó Hub,PRD0106,11,0,2,5,3,94729.91
2026-03-01,CDC_COP,Copiapó Hub,PRD0107,3,1,0,2,1,82357.98
2026-03-01,CDC_COP,Copiapó Hub,PRD0108,27,5,10,10,6,416889.18
2026-03-01,CDC_COP,Copiapó Hub,PRD0109,4,4,0,2,1,71420.8
2026-03-01,CDC_COP,Copiapó Hub,PRD0110,10,5,0,5,3,46210.3
2026-03-01,CDC_COP,Copiapó Hub,PRD0111,7,2,5,2,1,56559.51
2026-03-01,CDC_COP,Copiapó Hub,PRD0112,0,0,5,0,0,0.0
2026-03-01,CDC_COP,Copiapó Hub,PRD0113,0,0,0,0,0,0.0
2026-03-01,CDC_COP,Copiapó Hub,PRD0114,13,1,10,8,4,28888.73
2026-03-01,CDC_COP,Copiapó Hub,PRD0115,20,4,0,8,4,120686.0
2026-03-01,CDC_COP,Copiapó Hub,PRD0116,0,0,15,0,0,0.0
2026-03-01,CDC_COP,Copiapó Hub,PRD0117,0,0,2,0,0,0.0
2026-03-01,CDC_COP,Copiapó Hub,PRD0118,7,0,10,3,1,51698.64
2026-03-01,CDC_COP,Copiapó Hub,PRD0119,5,4,10,2,1,2359.0
2026-03-01,CDC_COP,Copiapó Hub,PRD0120,48,1,10,10,6,414066.24
2026-04-01,CDC_SCL,Santiago DC,PRD0001,19,0,15,10,6,478391.12
2026-04-01,CDC_SCL,Santiago DC,PRD0002,0,0,10,0,0,0.0
2026-04-01,CDC_SCL,Santiago DC,PRD0003,0,0,0,0,0,0.0
2026-04-01,CDC_SCL,Santiago DC,PRD0004,6,2,0,3,1,21927.48
2026-04-01,CDC_SCL,Santiago DC,PRD0005,6,4,0,3,1,24247.68
2026-04-01,CDC_SCL,Santiago DC,PRD0006,32,5,5,10,6,233569.6
2026-04-01,CDC_SCL,Santiago DC,PRD0007,0,0,0,2,1,0.0
2026-04-01,CDC_SCL,Santiago DC,PRD0008,8,3,0,3,1,29020.24
2026-04-01,CDC_SCL,Santiago DC,PRD0009,0,0,5,0,0,0.0
2026-04-01,CDC_SCL,Santiago DC,PRD0010,4,4,0,2,1,24112.08
2026-04-01,CDC_SCL,Santiago DC,PRD0011,0,0,10,0,0,0.0
2026-04-01,CDC_SCL,Santiago DC,PRD0012,9,3,0,8,4,3184.47
2026-04-01,CDC_SCL,Santiago DC,PRD0013,24,5,0,8,4,21684.24
2026-04-01,CDC_SCL,Santiago DC,PRD0014,1,0,10,3,1,32690.88
2026-04-01,CDC_SCL,Santiago DC,PRD0015,3,0,0,2,1,74829.66
2026-04-01,CDC_SCL,Santiago DC,PRD0016,0,0,5,0,0,0.0
2026-04-01,CDC_SCL,Santiago DC,PRD0017,0,0,5,0,0,0.0
2026-04-01,CDC_SCL,Santiago DC,PRD0018,14,0,0,5,3,13500.76
2026-04-01,CDC_SCL,Santiago DC,PRD0019,0,0,5,0,0,0.0
2026-04-01,CDC_SCL,Santiago DC,PRD0020,6,2,0,8,4,55561.98
2026-04-01,CDC_SCL,Santiago DC,PRD0021,20,4,0,8,4,22158.6
2026-04-01,CDC_SCL,Santiago DC,PRD0022,3,2,0,1,0,2071.59
2026-04-01,CDC_SCL,Santiago DC,PRD0023,6,1,15,10,6,18254.82
2026-04-01,CDC_SCL,Santiago DC,PRD0024,1,0,2,0,0,15587.6
2026-04-01,CDC_SCL,Santiago DC,PRD0025,10,2,2,5,3,4759.0
2026-04-01,CDC_SCL,Santiago DC,PRD0026,6,2,15,2,1,54583.86
2026-04-01,CDC_SCL,Santiago DC,PRD0027,21,0,0,5,3,116659.41
2026-04-01,CDC_SCL,Santiago DC,PRD0028,2,2,0,1,0,11968.96
2026-04-01,CDC_SCL,Santiago DC,PRD0029,7,1,15,3,1,45792.32
2026-04-01,CDC_SCL,Santiago DC,PRD0030,0,0,0,2,1,0.0
2026-04-01,CDC_SCL,Santiago DC,PRD0031,0,0,0,0,0,0.0
2026-04-01,CDC_SCL,Santiago DC,PRD0032,8,5,0,5,3,3482.24
2026-04-01,CDC_SCL,Santiago DC,PRD0033,3,0,0,2,1,17463.96
2026-04-01,CDC_SCL,Santiago DC,PRD0034,16,1,15,5,3,91643.84
2026-04-01,CDC_SCL,Santiago DC,PRD0035,9,4,2,5,3,42291.36
2026-04-01,CDC_SCL,Santiago DC,PRD0036,30,0,15,10,6,78671.1
2026-04-01,CDC_SCL,Santiago DC,PRD0037,0,0,5,0,0,0.0
2026-04-01,CDC_SCL,Santiago DC,PRD0038,17,4,10,5,3,573056.23
2026-04-01,CDC_SCL,Santiago DC,PRD0039,2,1,0,1,0,15744.72
2026-04-01,CDC_SCL,Santiago DC,PRD0040,7,1,5,2,1,68385.52
2026-04-01,CDC_SCL,Santiago DC,PRD0041,0,0,2,0,0,0.0
2026-04-01,CDC_SCL,Santiago DC,PRD0042,0,0,0,0,0,0.0
2026-04-01,CDC_SCL,Santiago DC,PRD0043,0,0,0,5,3,0.0
2026-04-01,CDC_SCL,Santiago DC,PRD0044,6,5,15,5,3,166444.14
2026-04-01,CDC_SCL,Santiago DC,PRD0045,4,2,15,3,1,19336.0
2026-04-01,CDC_SCL,Santiago DC,PRD0046,13,5,5,5,3,4717.57
2026-04-01,CDC_SCL,Santiago DC,PRD0047,7,4,2,8,4,36155.07
2026-04-01,CDC_SCL,Santiago DC,PRD0048,12,4,0,5,3,56124.72
2026-04-01,CDC_SCL,Santiago DC,PRD0049,2,0,5,3,1,915.46
2026-04-01,CDC_SCL,Santiago DC,PRD0050,14,4,0,10,6,2465.68
2026-04-01,CDC_SCL,Santiago DC,PRD0051,5,5,0,3,1,105779.7
2026-04-01,CDC_SCL,Santiago DC,PRD0052,5,4,0,3,1,42584.35
2026-04-01,CDC_SCL,Santiago DC,PRD0053,11,4,0,5,3,8287.4
2026-04-01,CDC_SCL,Santiago DC,PRD0054,12,2,0,8,4,24913.2
2026-04-01,CDC_SCL,Santiago DC,PRD0055,25,1,2,8,4,9252.0
2026-04-01,CDC_SCL,Santiago DC,PRD0056,19,4,0,10,6,514561.04
2026-04-01,CDC_SCL,Santiago DC,PRD0057,12,1,0,5,3,87037.8
2026-04-01,CDC_SCL,Santiago DC,PRD0058,10,0,5,10,6,26956.5
2026-04-01,CDC_SCL,Santiago DC,PRD0059,0,0,5,0,0,0.0
2026-04-01,CDC_SCL,Santiago DC,PRD0060,0,0,0,0,0,0.0
2026-04-01,CDC_SCL,Santiago DC,PRD0061,0,0,15,0,0,0.0
2026-04-01,CDC_SCL,Santiago DC,PRD0062,16,3,5,5,3,178891.2
2026-04-01,CDC_SCL,Santiago DC,PRD0063,6,4,15,2,1,31730.58
2026-04-01,CDC_SCL,Santiago DC,PRD0064,3,1,0,1,0,63003.39
2026-04-01,CDC_SCL,Santiago DC,PRD0065,0,0,0,0,0,0.0
2026-04-01,CDC_SCL,Santiago DC,PRD0066,1,0,10,1,0,267.61
2026-04-01,CDC_SCL,Santiago DC,PRD0067,0,0,0,0,0,0.0
2026-04-01,CDC_SCL,Santiago DC,PRD0068,7,1,0,3,1,53993.38
2026-04-01,CDC_SCL,Santiago DC,PRD0069,21,2,5,8,4,102734.52
2026-04-01,CDC_SCL,Santiago DC,PRD0070,5,0,2,3,1,142342.55
2026-04-01,CDC_SCL,Santiago DC,PRD0071,4,3,5,2,1,3734.8
2026-04-01,CDC_SCL,Santiago DC,PRD0072,18,4,2,8,4,122918.04
2026-04-01,CDC_SCL,Santiago DC,PRD0073,2,0,15,1,0,52528.08
2026-04-01,CDC_SCL,Santiago DC,PRD0074,0,0,15,0,0,0.0
2026-04-01,CDC_SCL,Santiago DC,PRD0075,3,2,0,2,1,3363.96
2026-04-01,CDC_SCL,Santiago DC,PRD0076,0,0,0,1,0,0.0
2026-04-01,CDC_SCL,Santiago DC,PRD0077,24,1,2,8,4,5967.36
2026-04-01,CDC_SCL,Santiago DC,PRD0078,2,2,0,2,1,18108.26
2026-04-01,CDC_SCL,Santiago DC,PRD0079,14,2,0,5,3,78446.06
2026-04-01,CDC_SCL,Santiago DC,PRD0080,24,1,2,10,6,117914.4
2026-04-01,CDC_SCL,Santiago DC,PRD0081,0,0,15,0,0,0.0
2026-04-01,CDC_SCL,Santiago DC,PRD0082,15,5,15,8,4,18327.3
2026-04-01,CDC_SCL,Santiago DC,PRD0083,27,4,15,10,6,64724.4
2026-04-01,CDC_SCL,Santiago DC,PRD0084,1,0,0,1,0,22536.92
2026-04-01,CDC_SCL,Santiago DC,PRD0085,2,0,0,5,3,10483.06
2026-04-01,CDC_SCL,Santiago DC,PRD0086,31,3,0,10,6,120347.89
2026-04-01,CDC_SCL,Santiago DC,PRD0087,24,4,0,8,4,29663.28
2026-04-01,CDC_SCL,Santiago DC,PRD0088,6,2,10,10,6,4815.54
2026-04-01,CDC_SCL,Santiago DC,PRD0089,4,2,0,1,0,25392.64
2026-04-01,CDC_SCL,Santiago DC,PRD0090,9,2,5,8,4,15471.9
2026-04-01,CDC_SCL,Santiago DC,PRD0091,17,5,10,8,4,9454.21
2026-04-01,CDC_SCL,Santiago DC,PRD0092,30,5,5,10,6,336834.6
2026-04-01,CDC_SCL,Santiago DC,PRD0093,5,2,5,2,1,128753.3
2026-04-01,CDC_SCL,Santiago DC,PRD0094,1,1,0,0,0,16922.89
2026-04-01,CDC_SCL,Santiago DC,PRD0095,5,1,5,2,1,33297.5
2026-04-01,CDC_SCL,Santiago DC,PRD0096,25,3,0,10,6,29124.0
2026-04-01,CDC_SCL,Santiago DC,PRD0097,21,2,0,8,4,14122.5
2026-04-01,CDC_SCL,Santiago DC,PRD0098,0,0,2,0,0,0.0
2026-04-01,CDC_SCL,Santiago DC,PRD0099,4,4,15,3,1,8409.92
2026-04-01,CDC_SCL,Santiago DC,PRD0100,1,0,10,1,0,1586.01
2026-04-01,CDC_SCL,Santiago DC,PRD0101,4,0,5,2,1,19682.6
2026-04-01,CDC_SCL,Santiago DC,PRD0102,1,0,2,0,0,930.59
2026-04-01,CDC_SCL,Santiago DC,PRD0103,0,0,0,0,0,0.0
2026-04-01,CDC_SCL,Santiago DC,PRD0104,0,0,0,0,0,0.0
2026-04-01,CDC_SCL,Santiago DC,PRD0105,0,0,0,0,0,0.0
2026-04-01,CDC_SCL,Santiago DC,PRD0106,32,4,15,8,4,275577.92
2026-04-01,CDC_SCL,Santiago DC,PRD0107,17,4,2,10,6,466695.22
2026-04-01,CDC_SCL,Santiago DC,PRD0108,6,3,0,3,1,92642.04
2026-04-01,CDC_SCL,Santiago DC,PRD0109,0,0,0,0,0,0.0
2026-04-01,CDC_SCL,Santiago DC,PRD0110,1,0,0,1,0,4621.03
2026-04-01,CDC_SCL,Santiago DC,PRD0111,10,3,0,5,3,80799.3
2026-04-01,CDC_SCL,Santiago DC,PRD0112,0,0,15,1,0,0.0
2026-04-01,CDC_SCL,Santiago DC,PRD0113,1,0,15,1,0,1106.9
2026-04-01,CDC_SCL,Santiago DC,PRD0114,0,0,0,0,0,0.0
2026-04-01,CDC_SCL,Santiago DC,PRD0115,19,4,15,5,3,114651.7
2026-04-01,CDC_SCL,Santiago DC,PRD0116,5,1,15,3,1,64905.4
2026-04-01,CDC_SCL,Santiago DC,PRD0117,13,1,10,5,3,12524.72
2026-04-01,CDC_SCL,Santiago DC,PRD0118,0,0,5,8,4,0.0
2026-04-01,CDC_SCL,Santiago DC,PRD0119,31,0,15,10,6,14625.8
2026-04-01,CDC_SCL,Santiago DC,PRD0120,0,0,0,0,0,0.0
2026-04-01,CDC_ANT,Antofagasta DC,PRD0001,8,0,15,3,1,201427.84
2026-04-01,CDC_ANT,Antofagasta DC,PRD0002,1,1,0,0,0,14385.55
2026-04-01,CDC_ANT,Antofagasta DC,PRD0003,0,0,15,0,0,0.0
2026-04-01,CDC_ANT,Antofagasta DC,PRD0004,0,0,2,0,0,0.0
2026-04-01,CDC_ANT,Antofagasta DC,PRD0005,23,0,0,8,4,92949.44
2026-04-01,CDC_ANT,Antofagasta DC,PRD0006,15,1,0,5,3,109485.75
2026-04-01,CDC_ANT,Antofagasta DC,PRD0007,10,2,0,8,4,32155.2
2026-04-01,CDC_ANT,Antofagasta DC,PRD0008,3,3,0,2,1,10882.59
2026-04-01,CDC_ANT,Antofagasta DC,PRD0009,7,1,0,8,4,7359.52
2026-04-01,CDC_ANT,Antofagasta DC,PRD0010,0,0,0,0,0,0.0
2026-04-01,CDC_ANT,Antofagasta DC,PRD0011,7,4,5,3,1,168335.09
2026-04-01,CDC_ANT,Antofagasta DC,PRD0012,23,1,10,8,4,8138.09
2026-04-01,CDC_ANT,Antofagasta DC,PRD0013,21,5,0,10,6,18973.71
2026-04-01,CDC_ANT,Antofagasta DC,PRD0014,6,4,0,3,1,196145.28
2026-04-01,CDC_ANT,Antofagasta DC,PRD0015,0,0,15,1,0,0.0
2026-04-01,CDC_ANT,Antofagasta DC,PRD0016,7,3,0,5,3,2318.68
2026-04-01,CDC_ANT,Antofagasta DC,PRD0017,7,0,0,3,1,28419.65
2026-04-01,CDC_ANT,Antofagasta DC,PRD0018,23,0,5,8,4,22179.82
2026-04-01,CDC_ANT,Antofagasta DC,PRD0019,27,2,0,10,6,41287.32
2026-04-01,CDC_ANT,Antofagasta DC,PRD0020,9,2,15,3,1,83342.97
2026-04-01,CDC_ANT,Antofagasta DC,PRD0021,0,0,0,0,0,0.0
2026-04-01,CDC_ANT,Antofagasta DC,PRD0022,2,0,2,3,1,1381.06
2026-04-01,CDC_ANT,Antofagasta DC,PRD0023,2,2,10,3,1,6084.94
2026-04-01,CDC_ANT,Antofagasta DC,PRD0024,8,5,0,5,3,124700.8
2026-04-01,CDC_ANT,Antofagasta DC,PRD0025,7,2,10,3,1,3331.3
2026-04-01,CDC_ANT,Antofagasta DC,PRD0026,15,1,15,10,6,136459.65
2026-04-01,CDC_ANT,Antofagasta DC,PRD0027,0,0,15,1,0,0.0
2026-04-01,CDC_ANT,Antofagasta DC,PRD0028,7,1,0,3,1,41891.36
2026-04-01,CDC_ANT,Antofagasta DC,PRD0029,1,1,0,1,0,6541.76
2026-04-01,CDC_ANT,Antofagasta DC,PRD0030,31,1,0,10,6,34206.64
2026-04-01,CDC_ANT,Antofagasta DC,PRD0031,2,0,10,1,0,15686.1
2026-04-01,CDC_ANT,Antofagasta DC,PRD0032,16,2,0,10,6,6964.48
2026-04-01,CDC_ANT,Antofagasta DC,PRD0033,1,1,15,1,0,5821.32
2026-04-01,CDC_ANT,Antofagasta DC,PRD0034,14,5,0,3,1,80188.36
2026-04-01,CDC_ANT,Antofagasta DC,PRD0035,0,0,0,0,0,0.0
2026-04-01,CDC_ANT,Antofagasta DC,PRD0036,9,3,10,10,6,23601.33
2026-04-01,CDC_ANT,Antofagasta DC,PRD0037,2,1,15,2,1,572.5
2026-04-01,CDC_ANT,Antofagasta DC,PRD0038,1,0,10,0,0,33709.19
2026-04-01,CDC_ANT,Antofagasta DC,PRD0039,0,0,2,0,0,0.0
2026-04-01,CDC_ANT,Antofagasta DC,PRD0040,9,3,0,8,4,87924.24
2026-04-01,CDC_ANT,Antofagasta DC,PRD0041,9,3,2,8,4,138555.09
2026-04-01,CDC_ANT,Antofagasta DC,PRD0042,2,2,2,2,1,5717.64
2026-04-01,CDC_ANT,Antofagasta DC,PRD0043,5,5,2,2,1,71691.0
2026-04-01,CDC_ANT,Antofagasta DC,PRD0044,3,2,5,1,0,83222.07
2026-04-01,CDC_ANT,Antofagasta DC,PRD0045,6,1,0,3,1,29004.0
2026-04-01,CDC_ANT,Antofagasta DC,PRD0046,6,1,0,3,1,2177.34
2026-04-01,CDC_ANT,Antofagasta DC,PRD0047,9,4,0,3,1,46485.09
2026-04-01,CDC_ANT,Antofagasta DC,PRD0048,33,1,0,10,6,154342.98
2026-04-01,CDC_ANT,Antofagasta DC,PRD0049,13,5,2,3,1,5950.49
2026-04-01,CDC_ANT,Antofagasta DC,PRD0050,2,2,0,1,0,352.24
2026-04-01,CDC_ANT,Antofagasta DC,PRD0051,3,1,10,1,0,63467.82
2026-04-01,CDC_ANT,Antofagasta DC,PRD0052,0,0,0,0,0,0.0
2026-04-01,CDC_ANT,Antofagasta DC,PRD0053,0,0,15,0,0,0.0
2026-04-01,CDC_ANT,Antofagasta DC,PRD0054,6,5,5,3,1,12456.6
2026-04-01,CDC_ANT,Antofagasta DC,PRD0055,19,2,2,10,6,7031.52
2026-04-01,CDC_ANT,Antofagasta DC,PRD0056,0,0,2,0,0,0.0
2026-04-01,CDC_ANT,Antofagasta DC,PRD0057,3,3,0,1,0,21759.45
2026-04-01,CDC_ANT,Antofagasta DC,PRD0058,2,2,5,2,1,5391.3
2026-04-01,CDC_ANT,Antofagasta DC,PRD0059,3,2,0,5,3,61506.87
2026-04-01,CDC_ANT,Antofagasta DC,PRD0060,0,0,2,0,0,0.0
2026-04-01,CDC_ANT,Antofagasta DC,PRD0061,6,0,10,2,1,37488.06
2026-04-01,CDC_ANT,Antofagasta DC,PRD0062,0,0,2,0,0,0.0
2026-04-01,CDC_ANT,Antofagasta DC,PRD0063,14,0,2,5,3,74038.02
2026-04-01,CDC_ANT,Antofagasta DC,PRD0064,58,5,0,10,6,1218065.54
2026-04-01,CDC_ANT,Antofagasta DC,PRD0065,0,0,2,1,0,0.0
2026-04-01,CDC_ANT,Antofagasta DC,PRD0066,18,4,5,10,6,4816.98
2026-04-01,CDC_ANT,Antofagasta DC,PRD0067,6,3,15,3,1,2460.24
2026-04-01,CDC_ANT,Antofagasta DC,PRD0068,7,3,0,3,1,53993.38
2026-04-01,CDC_ANT,Antofagasta DC,PRD0069,18,5,0,8,4,88058.16
2026-04-01,CDC_ANT,Antofagasta DC,PRD0070,2,1,15,2,1,56937.02
2026-04-01,CDC_ANT,Antofagasta DC,PRD0071,0,0,15,0,0,0.0
2026-04-01,CDC_ANT,Antofagasta DC,PRD0072,7,5,5,2,1,47801.46
2026-04-01,CDC_ANT,Antofagasta DC,PRD0073,13,3,2,5,3,341432.52
2026-04-01,CDC_ANT,Antofagasta DC,PRD0074,19,2,15,10,6,469920.16
2026-04-01,CDC_ANT,Antofagasta DC,PRD0075,8,2,5,5,3,8970.56
2026-04-01,CDC_ANT,Antofagasta DC,PRD0076,3,1,10,2,1,49025.19
2026-04-01,CDC_ANT,Antofagasta DC,PRD0077,0,0,0,0,0,0.0
2026-04-01,CDC_ANT,Antofagasta DC,PRD0078,0,0,0,0,0,0.0
2026-04-01,CDC_ANT,Antofagasta DC,PRD0079,4,1,2,2,1,22413.16
2026-04-01,CDC_ANT,Antofagasta DC,PRD0080,23,4,0,10,6,113001.3
2026-04-01,CDC_ANT,Antofagasta DC,PRD0081,6,3,0,3,1,5859.24
2026-04-01,CDC_ANT,Antofagasta DC,PRD0082,12,3,0,8,4,14661.84
2026-04-01,CDC_ANT,Antofagasta DC,PRD0083,41,4,0,10,6,98285.2
2026-04-01,CDC_ANT,Antofagasta DC,PRD0084,9,5,5,8,4,202832.28
2026-04-01,CDC_ANT,Antofagasta DC,PRD0085,26,4,0,8,4,136279.78
2026-04-01,CDC_ANT,Antofagasta DC,PRD0086,0,0,2,0,0,0.0
2026-04-01,CDC_ANT,Antofagasta DC,PRD0087,7,3,2,3,1,8651.79
2026-04-01,CDC_ANT,Antofagasta DC,PRD0088,5,4,5,2,1,4012.95
2026-04-01,CDC_ANT,Antofagasta DC,PRD0089,17,3,0,5,3,107918.72
2026-04-01,CDC_ANT,Antofagasta DC,PRD0090,3,1,0,1,0,5157.3
2026-04-01,CDC_ANT,Antofagasta DC,PRD0091,0,0,5,0,0,0.0
2026-04-01,CDC_ANT,Antofagasta DC,PRD0092,2,1,0,1,0,22455.64
2026-04-01,CDC_ANT,Antofagasta DC,PRD0093,0,0,15,0,0,0.0
2026-04-01,CDC_ANT,Antofagasta DC,PRD0094,5,1,0,3,1,84614.45
2026-04-01,CDC_ANT,Antofagasta DC,PRD0095,4,0,15,3,1,26638.0
2026-04-01,CDC_ANT,Antofagasta DC,PRD0096,2,2,0,1,0,2329.92
2026-04-01,CDC_ANT,Antofagasta DC,PRD0097,2,1,10,1,0,1345.0
2026-04-01,CDC_ANT,Antofagasta DC,PRD0098,11,3,5,10,6,12233.87
2026-04-01,CDC_ANT,Antofagasta DC,PRD0099,30,4,10,8,4,63074.4
2026-04-01,CDC_ANT,Antofagasta DC,PRD0100,12,1,0,5,3,19032.12
2026-04-01,CDC_ANT,Antofagasta DC,PRD0101,10,0,5,5,3,49206.5
2026-04-01,CDC_ANT,Antofagasta DC,PRD0102,9,0,5,3,1,8375.31
2026-04-01,CDC_ANT,Antofagasta DC,PRD0103,7,5,2,3,1,40696.67
2026-04-01,CDC_ANT,Antofagasta DC,PRD0104,13,1,15,5,3,63736.01
2026-04-01,CDC_ANT,Antofagasta DC,PRD0105,6,1,0,2,1,2358.06
2026-04-01,CDC_ANT,Antofagasta DC,PRD0106,2,0,10,1,0,17223.62
2026-04-01,CDC_ANT,Antofagasta DC,PRD0107,0,0,0,0,0,0.0
2026-04-01,CDC_ANT,Antofagasta DC,PRD0108,0,0,0,0,0,0.0
2026-04-01,CDC_ANT,Antofagasta DC,PRD0109,10,2,10,10,6,178552.0
2026-04-01,CDC_ANT,Antofagasta DC,PRD0110,5,0,0,2,1,23105.15
2026-04-01,CDC_ANT,Antofagasta DC,PRD0111,9,2,0,2,1,72719.37
2026-04-01,CDC_ANT,Antofagasta DC,PRD0112,0,0,2,0,0,0.0
2026-04-01,CDC_ANT,Antofagasta DC,PRD0113,12,2,0,5,3,13282.8
2026-04-01,CDC_ANT,Antofagasta DC,PRD0114,17,3,0,8,4,37777.57
2026-04-01,CDC_ANT,Antofagasta DC,PRD0115,24,5,15,10,6,144823.2
2026-04-01,CDC_ANT,Antofagasta DC,PRD0116,5,0,10,3,1,64905.4
2026-04-01,CDC_ANT,Antofagasta DC,PRD0117,9,0,0,8,4,8670.96
2026-04-01,CDC_ANT,Antofagasta DC,PRD0118,26,0,2,10,6,192023.52
2026-04-01,CDC_ANT,Antofagasta DC,PRD0119,13,5,2,8,4,6133.4
2026-04-01,CDC_ANT,Antofagasta DC,PRD0120,0,0,0,1,0,0.0
2026-04-01,CDC_CAL,Calama Hub,PRD0001,1,1,2,0,0,25178.48
2026-04-01,CDC_CAL,Calama Hub,PRD0002,1,0,2,2,1,14385.55
2026-04-01,CDC_CAL,Calama Hub,PRD0003,0,0,15,0,0,0.0
2026-04-01,CDC_CAL,Calama Hub,PRD0004,16,4,0,5,3,58473.28
2026-04-01,CDC_CAL,Calama Hub,PRD0005,0,0,2,0,0,0.0
2026-04-01,CDC_CAL,Calama Hub,PRD0006,5,3,2,8,4,36495.25
2026-04-01,CDC_CAL,Calama Hub,PRD0007,3,1,15,1,0,9646.56
2026-04-01,CDC_CAL,Calama Hub,PRD0008,0,0,0,0,0,0.0
2026-04-01,CDC_CAL,Calama Hub,PRD0009,15,3,0,10,6,15770.4
2026-04-01,CDC_CAL,Calama Hub,PRD0010,0,0,15,0,0,0.0
2026-04-01,CDC_CAL,Calama Hub,PRD0011,12,0,0,8,4,288574.44
2026-04-01,CDC_CAL,Calama Hub,PRD0012,9,4,10,3,1,3184.47
2026-04-01,CDC_CAL,Calama Hub,PRD0013,2,0,0,2,1,1807.02
2026-04-01,CDC_CAL,Calama Hub,PRD0014,0,0,0,0,0,0.0
2026-04-01,CDC_CAL,Calama Hub,PRD0015,0,0,15,0,0,0.0
2026-04-01,CDC_CAL,Calama Hub,PRD0016,6,2,2,5,3,1987.44
2026-04-01,CDC_CAL,Calama Hub,PRD0017,0,0,0,0,0,0.0
2026-04-01,CDC_CAL,Calama Hub,PRD0018,0,0,2,0,0,0.0
2026-04-01,CDC_CAL,Calama Hub,PRD0019,8,2,15,5,3,12233.28
2026-04-01,CDC_CAL,Calama Hub,PRD0020,0,0,0,0,0,0.0
2026-04-01,CDC_CAL,Calama Hub,PRD0021,15,5,0,5,3,16618.95
2026-04-01,CDC_CAL,Calama Hub,PRD0022,11,3,10,3,1,7595.83
2026-04-01,CDC_CAL,Calama Hub,PRD0023,0,0,0,1,0,0.0
2026-04-01,CDC_CAL,Calama Hub,PRD0024,1,1,2,1,0,15587.6
2026-04-01,CDC_CAL,Calama Hub,PRD0025,14,2,15,5,3,6662.6
2026-04-01,CDC_CAL,Calama Hub,PRD0026,2,2,5,0,0,18194.62
2026-04-01,CDC_CAL,Calama Hub,PRD0027,23,3,0,8,4,127769.83
2026-04-01,CDC_CAL,Calama Hub,PRD0028,2,2,2,1,0,11968.96
2026-04-01,CDC_CAL,Calama Hub,PRD0029,0,0,0,0,0,0.0
2026-04-01,CDC_CAL,Calama Hub,PRD0030,0,0,0,0,0,0.0
2026-04-01,CDC_CAL,Calama Hub,PRD0031,14,2,0,8,4,109802.7
2026-04-01,CDC_CAL,Calama Hub,PRD0032,5,1,2,3,1,2176.4
2026-04-01,CDC_CAL,Calama Hub,PRD0033,9,3,10,3,1,52391.88
2026-04-01,CDC_CAL,Calama Hub,PRD0034,4,1,5,2,1,22910.96
2026-04-01,CDC_CAL,Calama Hub,PRD0035,0,0,2,0,0,0.0
2026-04-01,CDC_CAL,Calama Hub,PRD0036,4,0,0,2,1,10489.48
2026-04-01,CDC_CAL,Calama Hub,PRD0037,18,5,5,10,6,5152.5
2026-04-01,CDC_CAL,Calama Hub,PRD0038,1,0,10,0,0,33709.19
2026-04-01,CDC_CAL,Calama Hub,PRD0039,0,0,5,0,0,0.0
2026-04-01,CDC_CAL,Calama Hub,PRD0040,18,1,0,10,6,175848.48
2026-04-01,CDC_CAL,Calama Hub,PRD0041,0,0,15,0,0,0.0
2026-04-01,CDC_CAL,Calama Hub,PRD0042,2,1,2,1,0,5717.64
2026-04-01,CDC_CAL,Calama Hub,PRD0043,0,0,0,0,0,0.0
2026-04-01,CDC_CAL,Calama Hub,PRD0044,11,5,10,5,3,305147.59
2026-04-01,CDC_CAL,Calama Hub,PRD0045,4,3,0,2,1,19336.0
2026-04-01,CDC_CAL,Calama Hub,PRD0046,0,0,0,0,0,0.0
2026-04-01,CDC_CAL,Calama Hub,PRD0047,1,0,10,1,0,5165.01
2026-04-01,CDC_CAL,Calama Hub,PRD0048,16,2,0,8,4,74832.96
2026-04-01,CDC_CAL,Calama Hub,PRD0049,0,0,0,0,0,0.0
2026-04-01,CDC_CAL,Calama Hub,PRD0050,8,4,15,8,4,1408.96
2026-04-01,CDC_CAL,Calama Hub,PRD0051,3,1,15,1,0,63467.82
2026-04-01,CDC_CAL,Calama Hub,PRD0052,23,2,0,10,6,195888.01
2026-04-01,CDC_CAL,Calama Hub,PRD0053,4,2,10,3,1,3013.6
2026-04-01,CDC_CAL,Calama Hub,PRD0054,0,0,5,0,0,0.0
2026-04-01,CDC_CAL,Calama Hub,PRD0055,14,2,0,5,3,5181.12
2026-04-01,CDC_CAL,Calama Hub,PRD0056,0,0,0,0,0,0.0
2026-04-01,CDC_CAL,Calama Hub,PRD0057,36,5,10,10,6,261113.4
2026-04-01,CDC_CAL,Calama Hub,PRD0058,0,0,0,0,0,0.0
2026-04-01,CDC_CAL,Calama Hub,PRD0059,21,2,2,8,4,430548.09
2026-04-01,CDC_CAL,Calama Hub,PRD0060,22,4,0,8,4,336274.18
2026-04-01,CDC_CAL,Calama Hub,PRD0061,10,0,0,5,3,62480.1
2026-04-01,CDC_CAL,Calama Hub,PRD0062,0,0,5,0,0,0.0
2026-04-01,CDC_CAL,Calama Hub,PRD0063,3,3,10,1,0,15865.29
2026-04-01,CDC_CAL,Calama Hub,PRD0064,8,0,0,5,3,168009.04
2026-04-01,CDC_CAL,Calama Hub,PRD0065,20,1,0,8,4,19902.4
2026-04-01,CDC_CAL,Calama Hub,PRD0066,5,0,0,2,1,1338.05
2026-04-01,CDC_CAL,Calama Hub,PRD0067,0,0,0,0,0,0.0
2026-04-01,CDC_CAL,Calama Hub,PRD0068,3,1,2,2,1,23140.02
2026-04-01,CDC_CAL,Calama Hub,PRD0069,0,0,0,0,0,0.0
2026-04-01,CDC_CAL,Calama Hub,PRD0070,12,2,0,5,3,341622.12
2026-04-01,CDC_CAL,Calama Hub,PRD0071,2,0,5,1,0,1867.4
2026-04-01,CDC_CAL,Calama Hub,PRD0072,3,3,10,3,1,20486.34
2026-04-01,CDC_CAL,Calama Hub,PRD0073,20,4,15,10,6,525280.8
2026-04-01,CDC_CAL,Calama Hub,PRD0074,6,4,5,5,3,148395.84
2026-04-01,CDC_CAL,Calama Hub,PRD0075,9,4,2,3,1,10091.88
2026-04-01,CDC_CAL,Calama Hub,PRD0076,0,0,5,0,0,0.0
2026-04-01,CDC_CAL,Calama Hub,PRD0077,0,0,10,0,0,0.0
2026-04-01,CDC_CAL,Calama Hub,PRD0078,10,3,10,8,4,90541.3
2026-04-01,CDC_CAL,Calama Hub,PRD0079,4,3,0,2,1,22413.16
2026-04-01,CDC_CAL,Calama Hub,PRD0080,10,3,5,5,3,49131.0
2026-04-01,CDC_CAL,Calama Hub,PRD0081,0,0,15,0,0,0.0
2026-04-01,CDC_CAL,Calama Hub,PRD0082,16,1,5,5,3,19549.12
2026-04-01,CDC_CAL,Calama Hub,PRD0083,3,2,5,2,1,7191.6
2026-04-01,CDC_CAL,Calama Hub,PRD0084,0,0,10,0,0,0.0
2026-04-01,CDC_CAL,Calama Hub,PRD0085,17,4,15,8,4,89106.01
2026-04-01,CDC_CAL,Calama Hub,PRD0086,5,5,5,8,4,19410.95
2026-04-01,CDC_CAL,Calama Hub,PRD0087,3,0,0,2,1,3707.91
2026-04-01,CDC_CAL,Calama Hub,PRD0088,0,0,0,0,0,0.0
2026-04-01,CDC_CAL,Calama Hub,PRD0089,1,0,2,1,0,6348.16
2026-04-01,CDC_CAL,Calama Hub,PRD0090,3,3,0,1,0,5157.3
2026-04-01,CDC_CAL,Calama Hub,PRD0091,17,4,0,10,6,9454.21
2026-04-01,CDC_CAL,Calama Hub,PRD0092,0,0,0,0,0,0.0
2026-04-01,CDC_CAL,Calama Hub,PRD0093,0,0,15,2,1,0.0
2026-04-01,CDC_CAL,Calama Hub,PRD0094,0,0,0,0,0,0.0
2026-04-01,CDC_CAL,Calama Hub,PRD0095,10,1,0,3,1,66595.0
2026-04-01,CDC_CAL,Calama Hub,PRD0096,1,0,0,0,0,1164.96
2026-04-01,CDC_CAL,Calama Hub,PRD0097,9,5,0,3,1,6052.5
2026-04-01,CDC_CAL,Calama Hub,PRD0098,34,2,10,10,6,37813.78
2026-04-01,CDC_CAL,Calama Hub,PRD0099,9,3,2,3,1,18922.32
2026-04-01,CDC_CAL,Calama Hub,PRD0100,0,0,0,0,0,0.0
2026-04-01,CDC_CAL,Calama Hub,PRD0101,21,4,10,10,6,103333.65
2026-04-01,CDC_CAL,Calama Hub,PRD0102,0,0,0,0,0,0.0
2026-04-01,CDC_CAL,Calama Hub,PRD0103,24,0,10,8,4,139531.44
2026-04-01,CDC_CAL,Calama Hub,PRD0104,2,2,2,1,0,9805.54
2026-04-01,CDC_CAL,Calama Hub,PRD0105,6,1,0,3,1,2358.06
2026-04-01,CDC_CAL,Calama Hub,PRD0106,13,2,2,5,3,111953.53
2026-04-01,CDC_CAL,Calama Hub,PRD0107,0,0,15,0,0,0.0
2026-04-01,CDC_CAL,Calama Hub,PRD0108,0,0,15,0,0,0.0
2026-04-01,CDC_CAL,Calama Hub,PRD0109,0,0,0,0,0,0.0
2026-04-01,CDC_CAL,Calama Hub,PRD0110,16,4,0,10,6,73936.48
2026-04-01,CDC_CAL,Calama Hub,PRD0111,13,5,0,8,4,105039.09
2026-04-01,CDC_CAL,Calama Hub,PRD0112,7,0,0,2,1,117749.03
2026-04-01,CDC_CAL,Calama Hub,PRD0113,1,0,0,2,1,1106.9
2026-04-01,CDC_CAL,Calama Hub,PRD0114,1,0,2,0,0,2222.21
2026-04-01,CDC_CAL,Calama Hub,PRD0115,13,1,10,5,3,78445.9
2026-04-01,CDC_CAL,Calama Hub,PRD0116,0,0,0,0,0,0.0
2026-04-01,CDC_CAL,Calama Hub,PRD0117,8,4,10,3,1,7707.52
2026-04-01,CDC_CAL,Calama Hub,PRD0118,1,1,15,1,0,7385.52
2026-04-01,CDC_CAL,Calama Hub,PRD0119,9,4,0,2,1,4246.2
2026-04-01,CDC_CAL,Calama Hub,PRD0120,21,1,5,8,4,181153.98
2026-04-01,CDC_COP,Copiapó Hub,PRD0001,1,0,10,1,0,25178.48
2026-04-01,CDC_COP,Copiapó Hub,PRD0002,8,4,5,2,1,115084.4
2026-04-01,CDC_COP,Copiapó Hub,PRD0003,3,1,15,2,1,22511.22
2026-04-01,CDC_COP,Copiapó Hub,PRD0004,19,5,5,5,3,69437.02
2026-04-01,CDC_COP,Copiapó Hub,PRD0005,17,0,0,10,6,68701.76
2026-04-01,CDC_COP,Copiapó Hub,PRD0006,1,0,2,3,1,7299.05
2026-04-01,CDC_COP,Copiapó Hub,PRD0007,2,2,10,2,1,6431.04
2026-04-01,CDC_COP,Copiapó Hub,PRD0008,0,0,15,0,0,0.0
2026-04-01,CDC_COP,Copiapó Hub,PRD0009,0,0,2,0,0,0.0
2026-04-01,CDC_COP,Copiapó Hub,PRD0010,12,3,10,3,1,72336.24
2026-04-01,CDC_COP,Copiapó Hub,PRD0011,0,0,0,0,0,0.0
2026-04-01,CDC_COP,Copiapó Hub,PRD0012,0,0,0,0,0,0.0
2026-04-01,CDC_COP,Copiapó Hub,PRD0013,3,1,0,3,1,2710.53
2026-04-01,CDC_COP,Copiapó Hub,PRD0014,22,4,5,8,4,719199.36
2026-04-01,CDC_COP,Copiapó Hub,PRD0015,2,1,2,10,6,49886.44
2026-04-01,CDC_COP,Copiapó Hub,PRD0016,3,0,15,3,1,993.72
2026-04-01,CDC_COP,Copiapó Hub,PRD0017,1,1,0,1,0,4059.95
2026-04-01,CDC_COP,Copiapó Hub,PRD0018,4,1,10,2,1,3857.36
2026-04-01,CDC_COP,Copiapó Hub,PRD0019,1,1,0,5,3,1529.16
2026-04-01,CDC_COP,Copiapó Hub,PRD0020,31,0,15,10,6,287070.23
2026-04-01,CDC_COP,Copiapó Hub,PRD0021,1,1,10,1,0,1107.93
2026-04-01,CDC_COP,Copiapó Hub,PRD0022,0,0,0,0,0,0.0
2026-04-01,CDC_COP,Copiapó Hub,PRD0023,4,3,2,3,1,12169.88
2026-04-01,CDC_COP,Copiapó Hub,PRD0024,3,1,0,1,0,46762.8
2026-04-01,CDC_COP,Copiapó Hub,PRD0025,0,0,0,0,0,0.0
2026-04-01,CDC_COP,Copiapó Hub,PRD0026,0,0,10,0,0,0.0
2026-04-01,CDC_COP,Copiapó Hub,PRD0027,0,0,5,0,0,0.0
2026-04-01,CDC_COP,Copiapó Hub,PRD0028,2,1,5,3,1,11968.96
2026-04-01,CDC_COP,Copiapó Hub,PRD0029,0,0,5,0,0,0.0
2026-04-01,CDC_COP,Copiapó Hub,PRD0030,13,1,0,8,4,14344.72
2026-04-01,CDC_COP,Copiapó Hub,PRD0031,9,4,0,5,3,70587.45
2026-04-01,CDC_COP,Copiapó Hub,PRD0032,25,5,0,8,4,10882.0
2026-04-01,CDC_COP,Copiapó Hub,PRD0033,35,2,15,10,6,203746.2
2026-04-01,CDC_COP,Copiapó Hub,PRD0034,1,1,0,1,0,5727.74
2026-04-01,CDC_COP,Copiapó Hub,PRD0035,8,3,10,3,1,37592.32
2026-04-01,CDC_COP,Copiapó Hub,PRD0036,4,2,0,1,0,10489.48
2026-04-01,CDC_COP,Copiapó Hub,PRD0037,18,5,0,8,4,5152.5
2026-04-01,CDC_COP,Copiapó Hub,PRD0038,0,0,0,0,0,0.0
2026-04-01,CDC_COP,Copiapó Hub,PRD0039,0,0,5,0,0,0.0
2026-04-01,CDC_COP,Copiapó Hub,PRD0040,15,1,0,5,3,146540.4
2026-04-01,CDC_COP,Copiapó Hub,PRD0041,32,2,0,10,6,492640.32
2026-04-01,CDC_COP,Copiapó Hub,PRD0042,5,4,0,3,1,14294.1
2026-04-01,CDC_COP,Copiapó Hub,PRD0043,1,0,0,1,0,14338.2
2026-04-01,CDC_COP,Copiapó Hub,PRD0044,0,0,10,0,0,0.0
2026-04-01,CDC_COP,Copiapó Hub,PRD0045,0,0,0,0,0,0.0
2026-04-01,CDC_COP,Copiapó Hub,PRD0046,21,5,5,10,6,7620.69
2026-04-01,CDC_COP,Copiapó Hub,PRD0047,23,1,10,8,4,118795.23
2026-04-01,CDC_COP,Copiapó Hub,PRD0048,8,2,0,3,1,37416.48
2026-04-01,CDC_COP,Copiapó Hub,PRD0049,10,3,0,5,3,4577.3
2026-04-01,CDC_COP,Copiapó Hub,PRD0050,5,1,10,3,1,880.6
2026-04-01,CDC_COP,Copiapó Hub,PRD0051,6,1,15,10,6,126935.64
2026-04-01,CDC_COP,Copiapó Hub,PRD0052,0,0,15,0,0,0.0
2026-04-01,CDC_COP,Copiapó Hub,PRD0053,0,0,5,0,0,0.0
2026-04-01,CDC_COP,Copiapó Hub,PRD0054,4,0,0,2,1,8304.4
2026-04-01,CDC_COP,Copiapó Hub,PRD0055,0,0,0,0,0,0.0
2026-04-01,CDC_COP,Copiapó Hub,PRD0056,22,3,2,8,4,595807.52
2026-04-01,CDC_COP,Copiapó Hub,PRD0057,3,0,5,2,1,21759.45
2026-04-01,CDC_COP,Copiapó Hub,PRD0058,1,0,0,0,0,2695.65
2026-04-01,CDC_COP,Copiapó Hub,PRD0059,13,5,0,10,6,266529.77
2026-04-01,CDC_COP,Copiapó Hub,PRD0060,17,5,5,8,4,259848.23
2026-04-01,CDC_COP,Copiapó Hub,PRD0061,25,3,2,8,4,156200.25
2026-04-01,CDC_COP,Copiapó Hub,PRD0062,0,0,2,0,0,0.0
2026-04-01,CDC_COP,Copiapó Hub,PRD0063,21,4,15,10,6,111057.03
2026-04-01,CDC_COP,Copiapó Hub,PRD0064,37,3,15,10,6,777041.81
2026-04-01,CDC_COP,Copiapó Hub,PRD0065,16,4,0,10,6,15921.92
2026-04-01,CDC_COP,Copiapó Hub,PRD0066,3,1,2,3,1,802.83
2026-04-01,CDC_COP,Copiapó Hub,PRD0067,22,1,0,10,6,9020.88
2026-04-01,CDC_COP,Copiapó Hub,PRD0068,6,2,0,2,1,46280.04
2026-04-01,CDC_COP,Copiapó Hub,PRD0069,2,2,0,1,0,9784.24
2026-04-01,CDC_COP,Copiapó Hub,PRD0070,18,2,5,8,4,512433.18
2026-04-01,CDC_COP,Copiapó Hub,PRD0071,30,2,0,10,6,28011.0
2026-04-01,CDC_COP,Copiapó Hub,PRD0072,0,0,0,0,0,0.0
2026-04-01,CDC_COP,Copiapó Hub,PRD0073,26,5,5,10,6,682865.04
2026-04-01,CDC_COP,Copiapó Hub,PRD0074,14,1,0,10,6,346256.96
2026-04-01,CDC_COP,Copiapó Hub,PRD0075,6,2,15,5,3,6727.92
2026-04-01,CDC_COP,Copiapó Hub,PRD0076,25,5,0,8,4,408543.25
2026-04-01,CDC_COP,Copiapó Hub,PRD0077,1,1,5,1,0,248.64
2026-04-01,CDC_COP,Copiapó Hub,PRD0078,6,0,10,3,1,54324.78
2026-04-01,CDC_COP,Copiapó Hub,PRD0079,4,2,10,5,3,22413.16
2026-04-01,CDC_COP,Copiapó Hub,PRD0080,-8,1,0,0,0,9826.2
2026-04-01,CDC_COP,Copiapó Hub,PRD0081,0,0,0,0,0,0.0
2026-04-01,CDC_COP,Copiapó Hub,PRD0082,0,0,0,0,0,0.0
2026-04-01,CDC_COP,Copiapó Hub,PRD0083,4,4,0,2,1,9588.8
2026-04-01,CDC_COP,Copiapó Hub,PRD0084,18,4,0,8,4,405664.56
2026-04-01,CDC_COP,Copiapó Hub,PRD0085,29,1,0,8,4,152004.37
2026-04-01,CDC_COP,Copiapó Hub,PRD0086,0,0,0,0,0,0.0
2026-04-01,CDC_COP,Copiapó Hub,PRD0087,1,0,0,1,0,1235.97
2026-04-01,CDC_COP,Copiapó Hub,PRD0088,10,5,10,5,3,8025.9
2026-04-01,CDC_COP,Copiapó Hub,PRD0089,0,0,5,0,0,0.0
2026-04-01,CDC_COP,Copiapó Hub,PRD0090,34,1,15,10,6,58449.4
2026-04-01,CDC_COP,Copiapó Hub,PRD0091,24,0,2,10,6,13347.12
2026-04-01,CDC_COP,Copiapó Hub,PRD0092,5,5,15,10,6,56139.1
2026-04-01,CDC_COP,Copiapó Hub,PRD0093,4,3,2,2,1,103002.64
2026-04-01,CDC_COP,Copiapó Hub,PRD0094,0,0,5,0,0,0.0
2026-04-01,CDC_COP,Copiapó Hub,PRD0095,17,5,0,8,4,113211.5
2026-04-01,CDC_COP,Copiapó Hub,PRD0096,7,5,0,3,1,8154.72
2026-04-01,CDC_COP,Copiapó Hub,PRD0097,7,5,10,5,3,4707.5
2026-04-01,CDC_COP,Copiapó Hub,PRD0098,3,3,0,1,0,3336.51
2026-04-01,CDC_COP,Copiapó Hub,PRD0099,7,2,0,2,1,14717.36
2026-04-01,CDC_COP,Copiapó Hub,PRD0100,4,2,0,5,3,6344.04
2026-04-01,CDC_COP,Copiapó Hub,PRD0101,7,4,10,5,3,34444.55
2026-04-01,CDC_COP,Copiapó Hub,PRD0102,32,3,0,10,6,29778.88
2026-04-01,CDC_COP,Copiapó Hub,PRD0103,5,2,0,2,1,29069.05
2026-04-01,CDC_COP,Copiapó Hub,PRD0104,1,0,15,0,0,4902.77
2026-04-01,CDC_COP,Copiapó Hub,PRD0105,8,5,0,3,1,3144.08
2026-04-01,CDC_COP,Copiapó Hub,PRD0106,0,0,0,0,0,0.0
2026-04-01,CDC_COP,Copiapó Hub,PRD0107,1,1,5,2,1,27452.66
2026-04-01,CDC_COP,Copiapó Hub,PRD0108,6,5,5,5,3,92642.04
2026-04-01,CDC_COP,Copiapó Hub,PRD0109,19,5,10,8,4,339248.8
2026-04-01,CDC_COP,Copiapó Hub,PRD0110,9,1,5,5,3,41589.27
2026-04-01,CDC_COP,Copiapó Hub,PRD0111,23,2,0,10,6,185838.39
2026-04-01,CDC_COP,Copiapó Hub,PRD0112,4,0,2,3,1,67285.16
2026-04-01,CDC_COP,Copiapó Hub,PRD0113,1,0,2,0,0,1106.9
2026-04-01,CDC_COP,Copiapó Hub,PRD0114,1,1,10,3,1,2222.21
2026-04-01,CDC_COP,Copiapó Hub,PRD0115,28,3,0,8,4,168960.4
2026-04-01,CDC_COP,Copiapó Hub,PRD0116,15,4,15,5,3,194716.2
2026-04-01,CDC_COP,Copiapó Hub,PRD0117,5,5,10,10,6,4817.2
2026-04-01,CDC_COP,Copiapó Hub,PRD0118,0,0,10,0,0,0.0
2026-04-01,CDC_COP,Copiapó Hub,PRD0119,2,2,0,2,1,943.6
2026-04-01,CDC_COP,Copiapó Hub,PRD0120,16,0,0,10,6,138022.08
2026-05-01,CDC_SCL,Santiago DC,PRD0001,0,0,5,0,0,0.0
2026-05-01,CDC_SCL,Santiago DC,PRD0002,0,0,10,0,0,0.0
2026-05-01,CDC_SCL,Santiago DC,PRD0003,17,1,0,5,3,127563.58
2026-05-01,CDC_SCL,Santiago DC,PRD0004,0,0,10,0,0,0.0
2026-05-01,CDC_SCL,Santiago DC,PRD0005,7,3,15,8,4,28288.96
2026-05-01,CDC_SCL,Santiago DC,PRD0006,8,5,15,8,4,58392.4
2026-05-01,CDC_SCL,Santiago DC,PRD0007,0,0,0,0,0,0.0
2026-05-01,CDC_SCL,Santiago DC,PRD0008,14,5,0,5,3,50785.42
2026-05-01,CDC_SCL,Santiago DC,PRD0009,10,3,0,3,1,10513.6
2026-05-01,CDC_SCL,Santiago DC,PRD0010,38,4,10,10,6,229064.76
2026-05-01,CDC_SCL,Santiago DC,PRD0011,0,0,0,1,0,0.0
2026-05-01,CDC_SCL,Santiago DC,PRD0012,3,3,5,1,0,1061.49
2026-05-01,CDC_SCL,Santiago DC,PRD0013,13,5,2,10,6,11745.63
2026-05-01,CDC_SCL,Santiago DC,PRD0014,28,1,15,10,6,915344.64
2026-05-01,CDC_SCL,Santiago DC,PRD0015,2,2,0,2,1,49886.44
2026-05-01,CDC_SCL,Santiago DC,PRD0016,4,1,2,2,1,1324.96
2026-05-01,CDC_SCL,Santiago DC,PRD0017,2,0,0,1,0,8119.9
2026-05-01,CDC_SCL,Santiago DC,PRD0018,0,0,0,0,0,0.0
2026-05-01,CDC_SCL,Santiago DC,PRD0019,0,0,0,0,0,0.0
2026-05-01,CDC_SCL,Santiago DC,PRD0020,6,5,10,2,1,55561.98
2026-05-01,CDC_SCL,Santiago DC,PRD0021,4,4,10,5,3,4431.72
2026-05-01,CDC_SCL,Santiago DC,PRD0022,10,1,0,8,4,6905.3
2026-05-01,CDC_SCL,Santiago DC,PRD0023,5,0,0,5,3,15212.35
2026-05-01,CDC_SCL,Santiago DC,PRD0024,13,5,10,5,3,202638.8
2026-05-01,CDC_SCL,Santiago DC,PRD0025,0,0,2,0,0,0.0
2026-05-01,CDC_SCL,Santiago DC,PRD0026,1,0,0,0,0,9097.31
2026-05-01,CDC_SCL,Santiago DC,PRD0027,0,0,0,0,0,0.0
2026-05-01,CDC_SCL,Santiago DC,PRD0028,1,0,10,2,1,5984.48
2026-05-01,CDC_SCL,Santiago DC,PRD0029,4,2,0,2,1,26167.04
2026-05-01,CDC_SCL,Santiago DC,PRD0030,3,1,2,2,1,3310.32
2026-05-01,CDC_SCL,Santiago DC,PRD0031,3,2,0,2,1,23529.15
2026-05-01,CDC_SCL,Santiago DC,PRD0032,5,3,2,2,1,2176.4
2026-05-01,CDC_SCL,Santiago DC,PRD0033,0,0,10,0,0,0.0
2026-05-01,CDC_SCL,Santiago DC,PRD0034,0,0,0,0,0,0.0
2026-05-01,CDC_SCL,Santiago DC,PRD0035,5,1,0,3,1,23495.2
2026-05-01,CDC_SCL,Santiago DC,PRD0036,4,0,0,2,1,10489.48
2026-05-01,CDC_SCL,Santiago DC,PRD0037,17,3,0,10,6,4866.25
2026-05-01,CDC_SCL,Santiago DC,PRD0038,24,5,2,8,4,809020.56
2026-05-01,CDC_SCL,Santiago DC,PRD0039,6,5,2,2,1,47234.16
2026-05-01,CDC_SCL,Santiago DC,PRD0040,0,0,10,0,0,0.0
2026-05-01,CDC_SCL,Santiago DC,PRD0041,13,4,10,8,4,200135.13
2026-05-01,CDC_SCL,Santiago DC,PRD0042,24,4,10,10,6,68611.68
2026-05-01,CDC_SCL,Santiago DC,PRD0043,19,2,0,10,6,272425.8
2026-05-01,CDC_SCL,Santiago DC,PRD0044,1,1,0,2,1,27740.69
2026-05-01,CDC_SCL,Santiago DC,PRD0045,4,4,5,5,3,19336.0
2026-05-01,CDC_SCL,Santiago DC,PRD0046,-10,2,10,5,3,2540.23
2026-05-01,CDC_SCL,Santiago DC,PRD0047,14,0,0,10,6,72310.14
2026-05-01,CDC_SCL,Santiago DC,PRD0048,5,5,10,3,1,23385.3
2026-05-01,CDC_SCL,Santiago DC,PRD0049,17,0,0,8,4,7781.41
2026-05-01,CDC_SCL,Santiago DC,PRD0050,5,3,15,3,1,880.6
2026-05-01,CDC_SCL,Santiago DC,PRD0051,18,0,5,10,6,380806.92
2026-05-01,CDC_SCL,Santiago DC,PRD0052,1,0,0,0,0,8516.87
2026-05-01,CDC_SCL,Santiago DC,PRD0053,7,1,0,2,1,5273.8
2026-05-01,CDC_SCL,Santiago DC,PRD0054,5,4,2,3,1,10380.5
2026-05-01,CDC_SCL,Santiago DC,PRD0055,19,5,10,8,4,7031.52
2026-05-01,CDC_SCL,Santiago DC,PRD0056,1,1,0,0,0,27082.16
2026-05-01,CDC_SCL,Santiago DC,PRD0057,2,2,15,2,1,14506.3
2026-05-01,CDC_SCL,Santiago DC,PRD0058,-8,3,0,5,3,32347.8
2026-05-01,CDC_SCL,Santiago DC,PRD0059,8,0,0,3,1,164018.32
2026-05-01,CDC_SCL,Santiago DC,PRD0060,9,3,2,5,3,137566.71
2026-05-01,CDC_SCL,Santiago DC,PRD0061,29,1,0,8,4,181192.29
2026-05-01,CDC_SCL,Santiago DC,PRD0062,44,2,0,10,6,491950.8
2026-05-01,CDC_SCL,Santiago DC,PRD0063,16,4,0,10,6,84614.88
2026-05-01,CDC_SCL,Santiago DC,PRD0064,2,0,10,1,0,42002.26
2026-05-01,CDC_SCL,Santiago DC,PRD0065,2,1,0,5,3,1990.24
2026-05-01,CDC_SCL,Santiago DC,PRD0066,2,0,0,1,0,535.22
2026-05-01,CDC_SCL,Santiago DC,PRD0067,1,0,0,1,0,410.04
2026-05-01,CDC_SCL,Santiago DC,PRD0068,25,3,10,10,6,192833.5
2026-05-01,CDC_SCL,Santiago DC,PRD0069,5,2,0,2,1,24460.6
2026-05-01,CDC_SCL,Santiago DC,PRD0070,1,1,0,0,0,28468.51
2026-05-01,CDC_SCL,Santiago DC,PRD0071,6,4,2,2,1,5602.2
2026-05-01,CDC_SCL,Santiago DC,PRD0072,8,4,15,10,6,54630.24
2026-05-01,CDC_SCL,Santiago DC,PRD0073,17,2,10,5,3,446488.68
2026-05-01,CDC_SCL,Santiago DC,PRD0074,0,0,0,0,0,0.0
2026-05-01,CDC_SCL,Santiago DC,PRD0075,0,0,2,0,0,0.0
2026-05-01,CDC_SCL,Santiago DC,PRD0076,1,1,0,1,0,16341.73
2026-05-01,CDC_SCL,Santiago DC,PRD0077,1,0,5,0,0,248.64
2026-05-01,CDC_SCL,Santiago DC,PRD0078,7,4,10,2,1,63378.91
2026-05-01,CDC_SCL,Santiago DC,PRD0079,2,0,0,1,0,11206.58
2026-05-01,CDC_SCL,Santiago DC,PRD0080,0,0,0,0,0,0.0
2026-05-01,CDC_SCL,Santiago DC,PRD0081,1,1,5,0,0,976.54
2026-05-01,CDC_SCL,Santiago DC,PRD0082,24,2,0,10,6,29323.68
2026-05-01,CDC_SCL,Santiago DC,PRD0083,9,0,2,3,1,21574.8
2026-05-01,CDC_SCL,Santiago DC,PRD0084,12,3,0,8,4,270443.04
2026-05-01,CDC_SCL,Santiago DC,PRD0085,0,0,0,0,0,0.0
2026-05-01,CDC_SCL,Santiago DC,PRD0086,5,0,10,2,1,19410.95
2026-05-01,CDC_SCL,Santiago DC,PRD0087,1,0,10,10,6,1235.97
2026-05-01,CDC_SCL,Santiago DC,PRD0088,17,5,5,10,6,13644.03
2026-05-01,CDC_SCL,Santiago DC,PRD0089,2,0,0,1,0,12696.32
2026-05-01,CDC_SCL,Santiago DC,PRD0090,0,0,15,0,0,0.0
2026-05-01,CDC_SCL,Santiago DC,PRD0091,26,1,5,10,6,14459.38
2026-05-01,CDC_SCL,Santiago DC,PRD0092,9,1,0,3,1,101050.38
2026-05-01,CDC_SCL,Santiago DC,PRD0093,2,1,0,1,0,51501.32
2026-05-01,CDC_SCL,Santiago DC,PRD0094,12,2,0,5,3,203074.68
2026-05-01,CDC_SCL,Santiago DC,PRD0095,1,0,0,0,0,6659.5
2026-05-01,CDC_SCL,Santiago DC,PRD0096,32,0,10,10,6,37278.72
2026-05-01,CDC_SCL,Santiago DC,PRD0097,0,0,10,0,0,0.0
2026-05-01,CDC_SCL,Santiago DC,PRD0098,7,5,0,5,3,7785.19
2026-05-01,CDC_SCL,Santiago DC,PRD0099,4,2,0,3,1,8409.92
2026-05-01,CDC_SCL,Santiago DC,PRD0100,2,2,2,2,1,3172.02
2026-05-01,CDC_SCL,Santiago DC,PRD0101,3,0,0,2,1,14761.95
2026-05-01,CDC_SCL,Santiago DC,PRD0102,4,1,15,2,1,3722.36
2026-05-01,CDC_SCL,Santiago DC,PRD0103,11,1,0,5,3,63951.91
2026-05-01,CDC_SCL,Santiago DC,PRD0104,13,4,5,3,1,63736.01
2026-05-01,CDC_SCL,Santiago DC,PRD0105,21,5,5,8,4,8253.21
2026-05-01,CDC_SCL,Santiago DC,PRD0106,0,0,2,10,6,0.0
2026-05-01,CDC_SCL,Santiago DC,PRD0107,14,2,2,8,4,384337.24
2026-05-01,CDC_SCL,Santiago DC,PRD0108,0,0,0,0,0,0.0
2026-05-01,CDC_SCL,Santiago DC,PRD0109,0,0,5,0,0,0.0
2026-05-01,CDC_SCL,Santiago DC,PRD0110,1,1,0,0,0,4621.03
2026-05-01,CDC_SCL,Santiago DC,PRD0111,2,0,10,1,0,16159.86
2026-05-01,CDC_SCL,Santiago DC,PRD0112,2,0,15,2,1,33642.58
2026-05-01,CDC_SCL,Santiago DC,PRD0113,20,5,0,8,4,22138.0
2026-05-01,CDC_SCL,Santiago DC,PRD0114,5,4,2,3,1,11111.05
2026-05-01,CDC_SCL,Santiago DC,PRD0115,7,3,10,3,1,42240.1
2026-05-01,CDC_SCL,Santiago DC,PRD0116,24,4,10,10,6,311545.92
2026-05-01,CDC_SCL,Santiago DC,PRD0117,9,1,10,8,4,8670.96
2026-05-01,CDC_SCL,Santiago DC,PRD0118,3,3,0,1,0,22156.56
2026-05-01,CDC_SCL,Santiago DC,PRD0119,5,2,15,3,1,2359.0
2026-05-01,CDC_SCL,Santiago DC,PRD0120,6,3,0,8,4,51758.28
2026-05-01,CDC_ANT,Antofagasta DC,PRD0001,0,0,5,0,0,0.0
2026-05-01,CDC_ANT,Antofagasta DC,PRD0002,16,1,10,10,6,230168.8
2026-05-01,CDC_ANT,Antofagasta DC,PRD0003,3,3,0,1,0,22511.22
2026-05-01,CDC_ANT,Antofagasta DC,PRD0004,1,0,0,0,0,3654.58
2026-05-01,CDC_ANT,Antofagasta DC,PRD0005,3,0,0,3,1,12123.84
2026-05-01,CDC_ANT,Antofagasta DC,PRD0006,0,0,0,2,1,0.0
2026-05-01,CDC_ANT,Antofagasta DC,PRD0007,16,1,15,10,6,51448.32
2026-05-01,CDC_ANT,Antofagasta DC,PRD0008,9,1,10,5,3,32647.77
2026-05-01,CDC_ANT,Antofagasta DC,PRD0009,2,2,2,2,1,2102.72
2026-05-01,CDC_ANT,Antofagasta DC,PRD0010,0,0,2,1,0,0.0
2026-05-01,CDC_ANT,Antofagasta DC,PRD0011,5,2,5,2,1,120239.35
2026-05-01,CDC_ANT,Antofagasta DC,PRD0012,1,1,0,1,0,353.83
2026-05-01,CDC_ANT,Antofagasta DC,PRD0013,17,3,15,8,4,15359.67
2026-05-01,CDC_ANT,Antofagasta DC,PRD0014,4,4,0,2,1,130763.52
2026-05-01,CDC_ANT,Antofagasta DC,PRD0015,0,0,2,0,0,0.0
2026-05-01,CDC_ANT,Antofagasta DC,PRD0016,14,5,2,5,3,4637.36
2026-05-01,CDC_ANT,Antofagasta DC,PRD0017,31,0,2,10,6,125858.45
2026-05-01,CDC_ANT,Antofagasta DC,PRD0018,14,2,15,8,4,13500.76
2026-05-01,CDC_ANT,Antofagasta DC,PRD0019,28,1,0,10,6,42816.48
2026-05-01,CDC_ANT,Antofagasta DC,PRD0020,2,2,0,1,0,18520.66
2026-05-01,CDC_ANT,Antofagasta DC,PRD0021,6,2,0,2,1,6647.58
2026-05-01,CDC_ANT,Antofagasta DC,PRD0022,4,1,5,3,1,2762.12
2026-05-01,CDC_ANT,Antofagasta DC,PRD0023,37,4,2,10,6,112571.39
2026-05-01,CDC_ANT,Antofagasta DC,PRD0024,12,2,2,5,3,187051.2
2026-05-01,CDC_ANT,Antofagasta DC,PRD0025,0,0,10,0,0,0.0
2026-05-01,CDC_ANT,Antofagasta DC,PRD0026,0,0,0,0,0,0.0
2026-05-01,CDC_ANT,Antofagasta DC,PRD0027,1,1,0,3,1,5555.21
2026-05-01,CDC_ANT,Antofagasta DC,PRD0028,0,0,0,2,1,0.0
2026-05-01,CDC_ANT,Antofagasta DC,PRD0029,4,4,5,3,1,26167.04
2026-05-01,CDC_ANT,Antofagasta DC,PRD0030,2,2,0,1,0,2206.88
2026-05-01,CDC_ANT,Antofagasta DC,PRD0031,28,5,0,8,4,219605.4
2026-05-01,CDC_ANT,Antofagasta DC,PRD0032,6,1,0,2,1,2611.68
2026-05-01,CDC_ANT,Antofagasta DC,PRD0033,0,0,0,0,0,0.0
2026-05-01,CDC_ANT,Antofagasta DC,PRD0034,7,2,2,3,1,40094.18
2026-05-01,CDC_ANT,Antofagasta DC,PRD0035,1,0,10,3,1,4699.04
2026-05-01,CDC_ANT,Antofagasta DC,PRD0036,30,1,2,10,6,78671.1
2026-05-01,CDC_ANT,Antofagasta DC,PRD0037,23,0,2,10,6,6583.75
2026-05-01,CDC_ANT,Antofagasta DC,PRD0038,9,0,15,10,6,303382.71
2026-05-01,CDC_ANT,Antofagasta DC,PRD0039,39,4,0,10,6,307022.04
2026-05-01,CDC_ANT,Antofagasta DC,PRD0040,0,0,10,0,0,0.0
2026-05-01,CDC_ANT,Antofagasta DC,PRD0041,24,2,10,8,4,369480.24
2026-05-01,CDC_ANT,Antofagasta DC,PRD0042,34,3,5,10,6,97199.88
2026-05-01,CDC_ANT,Antofagasta DC,PRD0043,12,0,10,5,3,172058.4
2026-05-01,CDC_ANT,Antofagasta DC,PRD0044,0,0,10,0,0,0.0
2026-05-01,CDC_ANT,Antofagasta DC,PRD0045,2,0,0,1,0,9668.0
2026-05-01,CDC_ANT,Antofagasta DC,PRD0046,1,0,0,2,1,362.89
2026-05-01,CDC_ANT,Antofagasta DC,PRD0047,5,1,0,5,3,25825.05
2026-05-01,CDC_ANT,Antofagasta DC,PRD0048,0,0,0,0,0,0.0
2026-05-01,CDC_ANT,Antofagasta DC,PRD0049,3,1,0,2,1,1373.19
2026-05-01,CDC_ANT,Antofagasta DC,PRD0050,16,4,10,10,6,2817.92
2026-05-01,CDC_ANT,Antofagasta DC,PRD0051,7,3,0,3,1,148091.58
2026-05-01,CDC_ANT,Antofagasta DC,PRD0052,0,0,0,0,0,0.0
2026-05-01,CDC_ANT,Antofagasta DC,PRD0053,0,0,2,0,0,0.0
2026-05-01,CDC_ANT,Antofagasta DC,PRD0054,0,0,15,0,0,0.0
2026-05-01,CDC_ANT,Antofagasta DC,PRD0055,0,0,0,0,0,0.0
2026-05-01,CDC_ANT,Antofagasta DC,PRD0056,20,1,0,8,4,541643.2
2026-05-01,CDC_ANT,Antofagasta DC,PRD0057,0,0,5,0,0,0.0
2026-05-01,CDC_ANT,Antofagasta DC,PRD0058,14,2,0,10,6,37739.1
2026-05-01,CDC_ANT,Antofagasta DC,PRD0059,0,0,10,0,0,0.0
2026-05-01,CDC_ANT,Antofagasta DC,PRD0060,6,4,0,3,1,91711.14
2026-05-01,CDC_ANT,Antofagasta DC,PRD0061,0,0,0,0,0,0.0
2026-05-01,CDC_ANT,Antofagasta DC,PRD0062,4,1,5,1,0,44722.8
2026-05-01,CDC_ANT,Antofagasta DC,PRD0063,0,0,0,0,0,0.0
2026-05-01,CDC_ANT,Antofagasta DC,PRD0064,0,0,0,0,0,0.0
2026-05-01,CDC_ANT,Antofagasta DC,PRD0065,0,0,0,0,0,0.0
2026-05-01,CDC_ANT,Antofagasta DC,PRD0066,5,0,2,8,4,1338.05
2026-05-01,CDC_ANT,Antofagasta DC,PRD0067,1,1,0,2,1,410.04
2026-05-01,CDC_ANT,Antofagasta DC,PRD0068,14,1,2,5,3,107986.76
2026-05-01,CDC_ANT,Antofagasta DC,PRD0069,2,1,15,1,0,9784.24
2026-05-01,CDC_ANT,Antofagasta DC,PRD0070,2,2,0,1,0,56937.02
2026-05-01,CDC_ANT,Antofagasta DC,PRD0071,1,0,0,1,0,933.7
2026-05-01,CDC_ANT,Antofagasta DC,PRD0072,7,2,0,3,1,47801.46
2026-05-01,CDC_ANT,Antofagasta DC,PRD0073,0,0,10,0,0,0.0
2026-05-01,CDC_ANT,Antofagasta DC,PRD0074,7,0,15,5,3,173128.48
2026-05-01,CDC_ANT,Antofagasta DC,PRD0075,6,4,0,3,1,6727.92
2026-05-01,CDC_ANT,Antofagasta DC,PRD0076,3,3,0,1,0,49025.19
2026-05-01,CDC_ANT,Antofagasta DC,PRD0077,0,0,2,0,0,0.0
2026-05-01,CDC_ANT,Antofagasta DC,PRD0078,0,0,5,0,0,0.0
2026-05-01,CDC_ANT,Antofagasta DC,PRD0079,2,1,15,2,1,11206.58
2026-05-01,CDC_ANT,Antofagasta DC,PRD0080,16,3,0,8,4,78609.6
2026-05-01,CDC_ANT,Antofagasta DC,PRD0081,26,1,15,8,4,25390.04
2026-05-01,CDC_ANT,Antofagasta DC,PRD0082,2,2,0,2,1,2443.64
2026-05-01,CDC_ANT,Antofagasta DC,PRD0083,5,1,0,2,1,11986.0
2026-05-01,CDC_ANT,Antofagasta DC,PRD0084,17,5,0,10,6,383127.64
2026-05-01,CDC_ANT,Antofagasta DC,PRD0085,1,0,10,10,6,5241.53
2026-05-01,CDC_ANT,Antofagasta DC,PRD0086,3,1,2,1,0,11646.57
2026-05-01,CDC_ANT,Antofagasta DC,PRD0087,0,0,0,0,0,0.0
2026-05-01,CDC_ANT,Antofagasta DC,PRD0088,-10,2,0,10,6,17656.98
2026-05-01,CDC_ANT,Antofagasta DC,PRD0089,4,2,0,2,1,25392.64
2026-05-01,CDC_ANT,Antofagasta DC,PRD0090,2,2,15,1,0,3438.2
2026-05-01,CDC_ANT,Antofagasta DC,PRD0091,0,0,0,0,0,0.0
2026-05-01,CDC_ANT,Antofagasta DC,PRD0092,4,1,0,2,1,44911.28
2026-05-01,CDC_ANT,Antofagasta DC,PRD0093,4,4,2,1,0,103002.64
2026-05-01,CDC_ANT,Antofagasta DC,PRD0094,4,1,2,3,1,67691.56
2026-05-01,CDC_ANT,Antofagasta DC,PRD0095,0,0,0,0,0,0.0
2026-05-01,CDC_ANT,Antofagasta DC,PRD0096,3,1,10,2,1,3494.88
2026-05-01,CDC_ANT,Antofagasta DC,PRD0097,16,0,10,5,3,10760.0
2026-05-01,CDC_ANT,Antofagasta DC,PRD0098,0,0,0,0,0,0.0
2026-05-01,CDC_ANT,Antofagasta DC,PRD0099,5,4,10,2,1,10512.4
2026-05-01,CDC_ANT,Antofagasta DC,PRD0100,0,0,5,1,0,0.0
2026-05-01,CDC_ANT,Antofagasta DC,PRD0101,18,1,0,5,3,88571.7
2026-05-01,CDC_ANT,Antofagasta DC,PRD0102,4,0,0,2,1,3722.36
2026-05-01,CDC_ANT,Antofagasta DC,PRD0103,36,1,0,10,6,209297.16
2026-05-01,CDC_ANT,Antofagasta DC,PRD0104,0,0,2,1,0,0.0
2026-05-01,CDC_ANT,Antofagasta DC,PRD0105,3,3,5,1,0,1179.03
2026-05-01,CDC_ANT,Antofagasta DC,PRD0106,0,0,0,2,1,0.0
2026-05-01,CDC_ANT,Antofagasta DC,PRD0107,1,0,2,1,0,27452.66
2026-05-01,CDC_ANT,Antofagasta DC,PRD0108,12,0,15,10,6,185284.08
2026-05-01,CDC_ANT,Antofagasta DC,PRD0109,4,2,15,3,1,71420.8
2026-05-01,CDC_ANT,Antofagasta DC,PRD0110,0,0,10,5,3,0.0
2026-05-01,CDC_ANT,Antofagasta DC,PRD0111,8,3,0,5,3,64639.44
2026-05-01,CDC_ANT,Antofagasta DC,PRD0112,12,5,15,5,3,201855.48
2026-05-01,CDC_ANT,Antofagasta DC,PRD0113,31,3,15,8,4,34313.9
2026-05-01,CDC_ANT,Antofagasta DC,PRD0114,0,0,2,1,0,0.0
2026-05-01,CDC_ANT,Antofagasta DC,PRD0115,0,0,2,0,0,0.0
2026-05-01,CDC_ANT,Antofagasta DC,PRD0116,5,2,2,2,1,64905.4
2026-05-01,CDC_ANT,Antofagasta DC,PRD0117,0,0,0,0,0,0.0
2026-05-01,CDC_ANT,Antofagasta DC,PRD0118,21,3,5,8,4,155095.92
2026-05-01,CDC_ANT,Antofagasta DC,PRD0119,20,1,0,10,6,9436.0
2026-05-01,CDC_ANT,Antofagasta DC,PRD0120,2,1,0,1,0,17252.76
2026-05-01,CDC_CAL,Calama Hub,PRD0001,3,3,5,3,1,75535.44
2026-05-01,CDC_CAL,Calama Hub,PRD0002,0,0,5,0,0,0.0
2026-05-01,CDC_CAL,Calama Hub,PRD0003,14,5,2,10,6,105052.36
2026-05-01,CDC_CAL,Calama Hub,PRD0004,32,3,15,10,6,116946.56
2026-05-01,CDC_CAL,Calama Hub,PRD0005,13,1,0,5,3,52536.64
2026-05-01,CDC_CAL,Calama Hub,PRD0006,12,1,5,5,3,87588.6
2026-05-01,CDC_CAL,Calama Hub,PRD0007,12,1,0,5,3,38586.24
2026-05-01,CDC_CAL,Calama Hub,PRD0008,2,2,10,1,0,7255.06
2026-05-01,CDC_CAL,Calama Hub,PRD0009,0,0,15,0,0,0.0
2026-05-01,CDC_CAL,Calama Hub,PRD0010,1,1,0,2,1,6028.02
2026-05-01,CDC_CAL,Calama Hub,PRD0011,15,0,15,5,3,360718.05
2026-05-01,CDC_CAL,Calama Hub,PRD0012,15,5,10,8,4,5307.45
2026-05-01,CDC_CAL,Calama Hub,PRD0013,0,0,2,0,0,0.0
2026-05-01,CDC_CAL,Calama Hub,PRD0014,0,0,0,0,0,0.0
2026-05-01,CDC_CAL,Calama Hub,PRD0015,5,4,0,2,1,124716.1
2026-05-01,CDC_CAL,Calama Hub,PRD0016,0,0,0,0,0,0.0
2026-05-01,CDC_CAL,Calama Hub,PRD0017,14,1,0,8,4,56839.3
2026-05-01,CDC_CAL,Calama Hub,PRD0018,1,0,0,0,0,964.34
2026-05-01,CDC_CAL,Calama Hub,PRD0019,0,0,0,0,0,0.0
2026-05-01,CDC_CAL,Calama Hub,PRD0020,18,3,10,10,6,166685.94
2026-05-01,CDC_CAL,Calama Hub,PRD0021,1,0,0,2,1,1107.93
2026-05-01,CDC_CAL,Calama Hub,PRD0022,0,0,0,0,0,0.0
2026-05-01,CDC_CAL,Calama Hub,PRD0023,7,2,0,3,1,21297.29
2026-05-01,CDC_CAL,Calama Hub,PRD0024,0,0,0,0,0,0.0
2026-05-01,CDC_CAL,Calama Hub,PRD0025,35,3,10,10,6,16656.5
2026-05-01,CDC_CAL,Calama Hub,PRD0026,2,1,0,1,0,18194.62
2026-05-01,CDC_CAL,Calama Hub,PRD0027,8,0,15,3,1,44441.68
2026-05-01,CDC_CAL,Calama Hub,PRD0028,27,1,0,8,4,161580.96
2026-05-01,CDC_CAL,Calama Hub,PRD0029,10,2,0,5,3,65417.6
2026-05-01,CDC_CAL,Calama Hub,PRD0030,31,2,0,8,4,34206.64
2026-05-01,CDC_CAL,Calama Hub,PRD0031,0,0,0,0,0,0.0
2026-05-01,CDC_CAL,Calama Hub,PRD0032,0,0,10,0,0,0.0
2026-05-01,CDC_CAL,Calama Hub,PRD0033,0,0,2,0,0,0.0
2026-05-01,CDC_CAL,Calama Hub,PRD0034,28,3,15,10,6,160376.72
2026-05-01,CDC_CAL,Calama Hub,PRD0035,-9,0,5,0,0,0.0
2026-05-01,CDC_CAL,Calama Hub,PRD0036,0,0,10,0,0,0.0
2026-05-01,CDC_CAL,Calama Hub,PRD0037,11,5,0,5,3,3148.75
2026-05-01,CDC_CAL,Calama Hub,PRD0038,0,0,0,0,0,0.0
2026-05-01,CDC_CAL,Calama Hub,PRD0039,0,0,0,0,0,0.0
2026-05-01,CDC_CAL,Calama Hub,PRD0040,1,1,10,2,1,9769.36
2026-05-01,CDC_CAL,Calama Hub,PRD0041,18,3,2,8,4,277110.18
2026-05-01,CDC_CAL,Calama Hub,PRD0042,7,5,0,2,1,20011.74
2026-05-01,CDC_CAL,Calama Hub,PRD0043,3,0,2,5,3,43014.6
2026-05-01,CDC_CAL,Calama Hub,PRD0044,8,3,15,5,3,221925.52
2026-05-01,CDC_CAL,Calama Hub,PRD0045,21,5,0,8,4,101514.0
2026-05-01,CDC_CAL,Calama Hub,PRD0046,5,3,5,2,1,1814.45
2026-05-01,CDC_CAL,Calama Hub,PRD0047,7,0,0,3,1,36155.07
2026-05-01,CDC_CAL,Calama Hub,PRD0048,8,2,0,2,1,37416.48
2026-05-01,CDC_CAL,Calama Hub,PRD0049,1,0,5,1,0,457.73
2026-05-01,CDC_CAL,Calama Hub,PRD0050,0,0,0,0,0,0.0
2026-05-01,CDC_CAL,Calama Hub,PRD0051,1,1,5,1,0,21155.94
2026-05-01,CDC_CAL,Calama Hub,PRD0052,10,0,10,8,4,85168.7
2026-05-01,CDC_CAL,Calama Hub,PRD0053,8,1,5,5,3,6027.2
2026-05-01,CDC_CAL,Calama Hub,PRD0054,7,0,0,10,6,14532.7
2026-05-01,CDC_CAL,Calama Hub,PRD0055,5,3,0,2,1,1850.4
2026-05-01,CDC_CAL,Calama Hub,PRD0056,10,2,0,8,4,270821.6
2026-05-01,CDC_CAL,Calama Hub,PRD0057,16,3,5,5,3,116050.4
2026-05-01,CDC_CAL,Calama Hub,PRD0058,11,0,0,8,4,29652.15
2026-05-01,CDC_CAL,Calama Hub,PRD0059,5,0,5,2,1,102511.45
2026-05-01,CDC_CAL,Calama Hub,PRD0060,1,1,0,3,1,15285.19
2026-05-01,CDC_CAL,Calama Hub,PRD0061,1,1,0,2,1,6248.01
2026-05-01,CDC_CAL,Calama Hub,PRD0062,3,1,0,1,0,33542.1
2026-05-01,CDC_CAL,Calama Hub,PRD0063,2,2,0,2,1,10576.86
2026-05-01,CDC_CAL,Calama Hub,PRD0064,0,0,0,0,0,0.0
2026-05-01,CDC_CAL,Calama Hub,PRD0065,1,1,2,1,0,995.12
2026-05-01,CDC_CAL,Calama Hub,PRD0066,35,3,15,10,6,9366.35
2026-05-01,CDC_CAL,Calama Hub,PRD0067,10,1,0,5,3,4100.4
2026-05-01,CDC_CAL,Calama Hub,PRD0068,17,3,2,8,4,131126.78
2026-05-01,CDC_CAL,Calama Hub,PRD0069,12,2,0,5,3,58705.44
2026-05-01,CDC_CAL,Calama Hub,PRD0070,3,3,10,1,0,85405.53
2026-05-01,CDC_CAL,Calama Hub,PRD0071,1,1,0,1,0,933.7
2026-05-01,CDC_CAL,Calama Hub,PRD0072,7,1,0,5,3,47801.46
2026-05-01,CDC_CAL,Calama Hub,PRD0073,9,3,0,3,1,236376.36
2026-05-01,CDC_CAL,Calama Hub,PRD0074,1,1,10,0,0,24732.64
2026-05-01,CDC_CAL,Calama Hub,PRD0075,0,0,15,0,0,0.0
2026-05-01,CDC_CAL,Calama Hub,PRD0076,3,0,5,1,0,49025.19
2026-05-01,CDC_CAL,Calama Hub,PRD0077,12,0,0,5,3,2983.68
2026-05-01,CDC_CAL,Calama Hub,PRD0078,1,1,0,0,0,9054.13
2026-05-01,CDC_CAL,Calama Hub,PRD0079,1,0,5,1,0,5603.29
2026-05-01,CDC_CAL,Calama Hub,PRD0080,0,0,15,0,0,0.0
2026-05-01,CDC_CAL,Calama Hub,PRD0081,0,0,5,0,0,0.0
2026-05-01,CDC_CAL,Calama Hub,PRD0082,4,4,0,2,1,4887.28
2026-05-01,CDC_CAL,Calama Hub,PRD0083,23,0,10,8,4,55135.6
2026-05-01,CDC_CAL,Calama Hub,PRD0084,9,4,15,2,1,202832.28
2026-05-01,CDC_CAL,Calama Hub,PRD0085,26,3,2,8,4,136279.78
2026-05-01,CDC_CAL,Calama Hub,PRD0086,0,0,15,0,0,0.0
2026-05-01,CDC_CAL,Calama Hub,PRD0087,0,0,15,0,0,0.0
2026-05-01,CDC_CAL,Calama Hub,PRD0088,3,0,0,1,0,2407.77
2026-05-01,CDC_CAL,Calama Hub,PRD0089,25,3,2,10,6,158704.0
2026-05-01,CDC_CAL,Calama Hub,PRD0090,-9,0,0,0,0,0.0
2026-05-01,CDC_CAL,Calama Hub,PRD0091,2,0,0,1,0,1112.26
2026-05-01,CDC_CAL,Calama Hub,PRD0092,4,1,0,3,1,44911.28
2026-05-01,CDC_CAL,Calama Hub,PRD0093,5,4,15,3,1,128753.3
2026-05-01,CDC_CAL,Calama Hub,PRD0094,12,4,0,5,3,203074.68
2026-05-01,CDC_CAL,Calama Hub,PRD0095,3,1,5,1,0,19978.5
2026-05-01,CDC_CAL,Calama Hub,PRD0096,1,1,5,3,1,1164.96
2026-05-01,CDC_CAL,Calama Hub,PRD0097,0,0,10,0,0,0.0
2026-05-01,CDC_CAL,Calama Hub,PRD0098,3,3,5,2,1,3336.51
2026-05-01,CDC_CAL,Calama Hub,PRD0099,5,1,15,2,1,10512.4
2026-05-01,CDC_CAL,Calama Hub,PRD0100,9,2,10,8,4,14274.09
2026-05-01,CDC_CAL,Calama Hub,PRD0101,0,0,5,0,0,0.0
2026-05-01,CDC_CAL,Calama Hub,PRD0102,11,5,0,10,6,10236.49
2026-05-01,CDC_CAL,Calama Hub,PRD0103,7,0,0,2,1,40696.67
2026-05-01,CDC_CAL,Calama Hub,PRD0104,20,0,15,10,6,98055.4
2026-05-01,CDC_CAL,Calama Hub,PRD0105,0,0,15,3,1,0.0
2026-05-01,CDC_CAL,Calama Hub,PRD0106,5,5,10,3,1,43059.05
2026-05-01,CDC_CAL,Calama Hub,PRD0107,9,2,5,5,3,247073.94
2026-05-01,CDC_CAL,Calama Hub,PRD0108,0,0,2,0,0,0.0
2026-05-01,CDC_CAL,Calama Hub,PRD0109,10,1,0,10,6,178552.0
2026-05-01,CDC_CAL,Calama Hub,PRD0110,8,0,0,3,1,36968.24
2026-05-01,CDC_CAL,Calama Hub,PRD0111,11,4,0,5,3,88879.23
2026-05-01,CDC_CAL,Calama Hub,PRD0112,0,0,5,0,0,0.0
2026-05-01,CDC_CAL,Calama Hub,PRD0113,0,0,0,1,0,0.0
2026-05-01,CDC_CAL,Calama Hub,PRD0114,8,2,2,3,1,17777.68
2026-05-01,CDC_CAL,Calama Hub,PRD0115,5,4,0,3,1,30171.5
2026-05-01,CDC_CAL,Calama Hub,PRD0116,2,0,10,1,0,25962.16
2026-05-01,CDC_CAL,Calama Hub,PRD0117,14,2,10,8,4,13488.16
2026-05-01,CDC_CAL,Calama Hub,PRD0118,5,4,5,2,1,36927.6
2026-05-01,CDC_CAL,Calama Hub,PRD0119,1,0,0,0,0,471.8
2026-05-01,CDC_CAL,Calama Hub,PRD0120,25,3,15,10,6,215659.5
2026-05-01,CDC_COP,Copiapó Hub,PRD0001,12,5,5,8,4,302141.76
2026-05-01,CDC_COP,Copiapó Hub,PRD0002,30,2,2,10,6,431566.5
2026-05-01,CDC_COP,Copiapó Hub,PRD0003,3,2,0,1,0,22511.22
2026-05-01,CDC_COP,Copiapó Hub,PRD0004,1,0,15,1,0,3654.58
2026-05-01,CDC_COP,Copiapó Hub,PRD0005,16,1,10,10,6,64660.48
2026-05-01,CDC_COP,Copiapó Hub,PRD0006,1,0,0,0,0,7299.05
2026-05-01,CDC_COP,Copiapó Hub,PRD0007,6,4,10,3,1,19293.12
2026-05-01,CDC_COP,Copiapó Hub,PRD0008,5,5,10,3,1,18137.65
2026-05-01,CDC_COP,Copiapó Hub,PRD0009,12,5,2,5,3,12616.32
2026-05-01,CDC_COP,Copiapó Hub,PRD0010,3,1,2,2,1,18084.06
2026-05-01,CDC_COP,Copiapó Hub,PRD0011,0,0,0,2,1,0.0
2026-05-01,CDC_COP,Copiapó Hub,PRD0012,5,0,15,2,1,1769.15
2026-05-01,CDC_COP,Copiapó Hub,PRD0013,5,2,0,2,1,4517.55
2026-05-01,CDC_COP,Copiapó Hub,PRD0014,16,3,15,10,6,523054.08
2026-05-01,CDC_COP,Copiapó Hub,PRD0015,9,2,0,5,3,224488.98
2026-05-01,CDC_COP,Copiapó Hub,PRD0016,1,1,0,2,1,331.24
2026-05-01,CDC_COP,Copiapó Hub,PRD0017,10,2,0,8,4,40599.5
2026-05-01,CDC_COP,Copiapó Hub,PRD0018,8,4,2,5,3,7714.72
2026-05-01,CDC_COP,Copiapó Hub,PRD0019,1,1,5,0,0,1529.16
2026-05-01,CDC_COP,Copiapó Hub,PRD0020,17,0,0,5,3,157425.61
2026-05-01,CDC_COP,Copiapó Hub,PRD0021,30,1,0,8,4,33237.9
2026-05-01,CDC_COP,Copiapó Hub,PRD0022,11,4,0,5,3,7595.83
2026-05-01,CDC_COP,Copiapó Hub,PRD0023,22,3,0,8,4,66934.34
2026-05-01,CDC_COP,Copiapó Hub,PRD0024,3,1,5,2,1,46762.8
2026-05-01,CDC_COP,Copiapó Hub,PRD0025,13,3,10,10,6,6186.7
2026-05-01,CDC_COP,Copiapó Hub,PRD0026,6,5,0,3,1,54583.86
2026-05-01,CDC_COP,Copiapó Hub,PRD0027,1,1,10,1,0,5555.21
2026-05-01,CDC_COP,Copiapó Hub,PRD0028,1,1,5,1,0,5984.48
2026-05-01,CDC_COP,Copiapó Hub,PRD0029,5,4,0,3,1,32708.8
2026-05-01,CDC_COP,Copiapó Hub,PRD0030,11,2,0,8,4,12137.84
2026-05-01,CDC_COP,Copiapó Hub,PRD0031,0,0,0,0,0,0.0
2026-05-01,CDC_COP,Copiapó Hub,PRD0032,0,0,0,0,0,0.0
2026-05-01,CDC_COP,Copiapó Hub,PRD0033,1,0,5,1,0,5821.32
2026-05-01,CDC_COP,Copiapó Hub,PRD0034,5,2,5,2,1,28638.7
2026-05-01,CDC_COP,Copiapó Hub,PRD0035,3,2,0,2,1,14097.12
2026-05-01,CDC_COP,Copiapó Hub,PRD0036,9,1,2,10,6,23601.33
2026-05-01,CDC_COP,Copiapó Hub,PRD0037,1,1,5,3,1,286.25
2026-05-01,CDC_COP,Copiapó Hub,PRD0038,15,1,10,5,3,505637.85
2026-05-01,CDC_COP,Copiapó Hub,PRD0039,7,2,0,2,1,55106.52
2026-05-01,CDC_COP,Copiapó Hub,PRD0040,22,4,15,8,4,214925.92
2026-05-01,CDC_COP,Copiapó Hub,PRD0041,1,0,0,1,0,15395.01
2026-05-01,CDC_COP,Copiapó Hub,PRD0042,5,1,15,2,1,14294.1
2026-05-01,CDC_COP,Copiapó Hub,PRD0043,0,0,2,1,0,0.0
2026-05-01,CDC_COP,Copiapó Hub,PRD0044,11,3,2,5,3,305147.59
2026-05-01,CDC_COP,Copiapó Hub,PRD0045,4,4,2,2,1,19336.0
2026-05-01,CDC_COP,Copiapó Hub,PRD0046,2,2,15,1,0,725.78
2026-05-01,CDC_COP,Copiapó Hub,PRD0047,1,1,0,0,0,5165.01
2026-05-01,CDC_COP,Copiapó Hub,PRD0048,8,5,0,2,1,37416.48
2026-05-01,CDC_COP,Copiapó Hub,PRD0049,23,4,2,10,6,10527.79
2026-05-01,CDC_COP,Copiapó Hub,PRD0050,2,0,15,3,1,352.24
2026-05-01,CDC_COP,Copiapó Hub,PRD0051,0,0,0,0,0,0.0
2026-05-01,CDC_COP,Copiapó Hub,PRD0052,32,4,0,10,6,272539.84
2026-05-01,CDC_COP,Copiapó Hub,PRD0053,1,1,0,0,0,753.4
2026-05-01,CDC_COP,Copiapó Hub,PRD0054,0,0,2,0,0,0.0
2026-05-01,CDC_COP,Copiapó Hub,PRD0055,0,0,15,0,0,0.0
2026-05-01,CDC_COP,Copiapó Hub,PRD0056,6,4,10,3,1,162492.96
2026-05-01,CDC_COP,Copiapó Hub,PRD0057,6,1,2,5,3,43518.9
2026-05-01,CDC_COP,Copiapó Hub,PRD0058,0,0,15,0,0,0.0
2026-05-01,CDC_COP,Copiapó Hub,PRD0059,0,0,5,0,0,0.0
2026-05-01,CDC_COP,Copiapó Hub,PRD0060,5,5,10,5,3,76425.95
2026-05-01,CDC_COP,Copiapó Hub,PRD0061,46,5,0,10,6,287408.46
2026-05-01,CDC_COP,Copiapó Hub,PRD0062,0,0,2,0,0,0.0
2026-05-01,CDC_COP,Copiapó Hub,PRD0063,5,0,0,3,1,26442.15
2026-05-01,CDC_COP,Copiapó Hub,PRD0064,5,0,15,2,1,105005.65
2026-05-01,CDC_COP,Copiapó Hub,PRD0065,2,0,2,1,0,1990.24
2026-05-01,CDC_COP,Copiapó Hub,PRD0066,10,0,0,5,3,2676.1
2026-05-01,CDC_COP,Copiapó Hub,PRD0067,4,2,2,5,3,1640.16
2026-05-01,CDC_COP,Copiapó Hub,PRD0068,0,0,0,0,0,0.0
2026-05-01,CDC_COP,Copiapó Hub,PRD0069,12,4,10,5,3,58705.44
2026-05-01,CDC_COP,Copiapó Hub,PRD0070,0,0,5,0,0,0.0
2026-05-01,CDC_COP,Copiapó Hub,PRD0071,9,5,10,3,1,8403.3
2026-05-01,CDC_COP,Copiapó Hub,PRD0072,12,4,2,3,1,81945.36
2026-05-01,CDC_COP,Copiapó Hub,PRD0073,23,2,0,8,4,604072.92
2026-05-01,CDC_COP,Copiapó Hub,PRD0074,5,3,0,3,1,123663.2
2026-05-01,CDC_COP,Copiapó Hub,PRD0075,4,4,10,2,1,4485.28
2026-05-01,CDC_COP,Copiapó Hub,PRD0076,0,0,0,0,0,0.0
2026-05-01,CDC_COP,Copiapó Hub,PRD0077,0,0,0,5,3,0.0
2026-05-01,CDC_COP,Copiapó Hub,PRD0078,20,2,15,8,4,181082.6
2026-05-01,CDC_COP,Copiapó Hub,PRD0079,28,5,2,10,6,156892.12
2026-05-01,CDC_COP,Copiapó Hub,PRD0080,0,0,2,0,0,0.0
2026-05-01,CDC_COP,Copiapó Hub,PRD0081,23,5,10,10,6,22460.42
2026-05-01,CDC_COP,Copiapó Hub,PRD0082,28,3,5,8,4,34210.96
2026-05-01,CDC_COP,Copiapó Hub,PRD0083,6,5,0,2,1,14383.2
2026-05-01,CDC_COP,Copiapó Hub,PRD0084,-3,1,0,0,0,45073.84
2026-05-01,CDC_COP,Copiapó Hub,PRD0085,3,0,15,1,0,15724.59
2026-05-01,CDC_COP,Copiapó Hub,PRD0086,3,2,10,1,0,11646.57
2026-05-01,CDC_COP,Copiapó Hub,PRD0087,5,2,0,3,1,6179.85
2026-05-01,CDC_COP,Copiapó Hub,PRD0088,24,0,0,8,4,19262.16
2026-05-01,CDC_COP,Copiapó Hub,PRD0089,13,3,0,5,3,82526.08
2026-05-01,CDC_COP,Copiapó Hub,PRD0090,1,0,5,5,3,1719.1
2026-05-01,CDC_COP,Copiapó Hub,PRD0091,20,5,2,10,6,11122.6
2026-05-01,CDC_COP,Copiapó Hub,PRD0092,11,2,0,3,1,123506.02
2026-05-01,CDC_COP,Copiapó Hub,PRD0093,0,0,5,0,0,0.0
2026-05-01,CDC_COP,Copiapó Hub,PRD0094,38,1,2,10,6,643069.82
2026-05-01,CDC_COP,Copiapó Hub,PRD0095,1,1,0,0,0,6659.5
2026-05-01,CDC_COP,Copiapó Hub,PRD0096,21,5,10,10,6,24464.16
2026-05-01,CDC_COP,Copiapó Hub,PRD0097,7,1,10,3,1,4707.5
2026-05-01,CDC_COP,Copiapó Hub,PRD0098,0,0,2,0,0,0.0
2026-05-01,CDC_COP,Copiapó Hub,PRD0099,14,2,2,8,4,29434.72
2026-05-01,CDC_COP,Copiapó Hub,PRD0100,7,0,10,2,1,11102.07
2026-05-01,CDC_COP,Copiapó Hub,PRD0101,15,4,0,10,6,73809.75
2026-05-01,CDC_COP,Copiapó Hub,PRD0102,6,3,2,3,1,5583.54
2026-05-01,CDC_COP,Copiapó Hub,PRD0103,15,2,0,5,3,87207.15
2026-05-01,CDC_COP,Copiapó Hub,PRD0104,28,5,10,8,4,137277.56
2026-05-01,CDC_COP,Copiapó Hub,PRD0105,5,0,0,2,1,1965.05
2026-05-01,CDC_COP,Copiapó Hub,PRD0106,2,2,15,2,1,17223.62
2026-05-01,CDC_COP,Copiapó Hub,PRD0107,2,0,5,1,0,54905.32
2026-05-01,CDC_COP,Copiapó Hub,PRD0108,20,1,15,10,6,308806.8
2026-05-01,CDC_COP,Copiapó Hub,PRD0109,13,3,15,10,6,232117.6
2026-05-01,CDC_COP,Copiapó Hub,PRD0110,5,4,10,3,1,23105.15
2026-05-01,CDC_COP,Copiapó Hub,PRD0111,1,0,15,1,0,8079.93
2026-05-01,CDC_COP,Copiapó Hub,PRD0112,27,5,0,8,4,454174.83
2026-05-01,CDC_COP,Copiapó Hub,PRD0113,2,1,10,1,0,2213.8
2026-05-01,CDC_COP,Copiapó Hub,PRD0114,1,1,10,1,0,2222.21
2026-05-01,CDC_COP,Copiapó Hub,PRD0115,25,4,0,10,6,150857.5
2026-05-01,CDC_COP,Copiapó Hub,PRD0116,0,0,15,0,0,0.0
2026-05-01,CDC_COP,Copiapó Hub,PRD0117,0,0,15,1,0,0.0
2026-05-01,CDC_COP,Copiapó Hub,PRD0118,3,1,2,2,1,22156.56
2026-05-01,CDC_COP,Copiapó Hub,PRD0119,24,5,0,8,4,11323.2
2026-05-01,CDC_COP,Copiapó Hub,PRD0120,3,3,10,1,0,25879.14
2026-06-01,CDC_SCL,Santiago DC,PRD0001,24,1,0,10,6,604283.52
2026-06-01,CDC_SCL,Santiago DC,PRD0002,0,0,0,1,0,0.0
2026-06-01,CDC_SCL,Santiago DC,PRD0003,1,1,15,0,0,7503.74
2026-06-01,CDC_SCL,Santiago DC,PRD0004,17,3,5,10,6,62127.86
2026-06-01,CDC_SCL,Santiago DC,PRD0005,0,0,2,0,0,0.0
2026-06-01,CDC_SCL,Santiago DC,PRD0006,7,2,0,3,1,51093.35
2026-06-01,CDC_SCL,Santiago DC,PRD0007,0,0,15,0,0,0.0
2026-06-01,CDC_SCL,Santiago DC,PRD0008,2,2,2,0,0,7255.06
2026-06-01,CDC_SCL,Santiago DC,PRD0009,2,0,5,3,1,2102.72
2026-06-01,CDC_SCL,Santiago DC,PRD0010,0,0,10,0,0,0.0
2026-06-01,CDC_SCL,Santiago DC,PRD0011,0,0,15,0,0,0.0
2026-06-01,CDC_SCL,Santiago DC,PRD0012,10,0,10,8,4,3538.3
2026-06-01,CDC_SCL,Santiago DC,PRD0013,0,0,2,0,0,0.0
2026-06-01,CDC_SCL,Santiago DC,PRD0014,3,1,0,1,0,98072.64
2026-06-01,CDC_SCL,Santiago DC,PRD0015,24,2,2,10,6,598637.28
2026-06-01,CDC_SCL,Santiago DC,PRD0016,16,4,0,5,3,5299.84
2026-06-01,CDC_SCL,Santiago DC,PRD0017,0,0,0,0,0,0.0
2026-06-01,CDC_SCL,Santiago DC,PRD0018,3,1,10,1,0,2893.02
2026-06-01,CDC_SCL,Santiago DC,PRD0019,3,1,5,1,0,4587.48
2026-06-01,CDC_SCL,Santiago DC,PRD0020,1,0,0,1,0,9260.33
2026-06-01,CDC_SCL,Santiago DC,PRD0021,0,0,10,0,0,0.0
2026-06-01,CDC_SCL,Santiago DC,PRD0022,0,0,15,0,0,0.0
2026-06-01,CDC_SCL,Santiago DC,PRD0023,10,1,5,3,1,30424.7
2026-06-01,CDC_SCL,Santiago DC,PRD0024,5,4,0,5,3,77938.0
2026-06-01,CDC_SCL,Santiago DC,PRD0025,0,0,0,0,0,0.0
2026-06-01,CDC_SCL,Santiago DC,PRD0026,0,0,10,0,0,0.0
2026-06-01,CDC_SCL,Santiago DC,PRD0027,5,3,0,3,1,27776.05
2026-06-01,CDC_SCL,Santiago DC,PRD0028,1,0,0,0,0,5984.48
2026-06-01,CDC_SCL,Santiago DC,PRD0029,17,0,0,10,6,111209.92
2026-06-01,CDC_SCL,Santiago DC,PRD0030,3,2,5,2,1,3310.32
2026-06-01,CDC_SCL,Santiago DC,PRD0031,49,5,2,10,6,384309.45
2026-06-01,CDC_SCL,Santiago DC,PRD0032,10,5,10,3,1,4352.8
2026-06-01,CDC_SCL,Santiago DC,PRD0033,3,1,15,3,1,17463.96
2026-06-01,CDC_SCL,Santiago DC,PRD0034,0,0,0,0,0,0.0
2026-06-01,CDC_SCL,Santiago DC,PRD0035,0,0,15,0,0,0.0
2026-06-01,CDC_SCL,Santiago DC,PRD0036,1,1,0,2,1,2622.37
2026-06-01,CDC_SCL,Santiago DC,PRD0037,8,5,15,5,3,2290.0
2026-06-01,CDC_SCL,Santiago DC,PRD0038,27,5,0,10,6,910148.13
2026-06-01,CDC_SCL,Santiago DC,PRD0039,23,4,0,8,4,181064.28
2026-06-01,CDC_SCL,Santiago DC,PRD0040,0,0,10,1,0,0.0
2026-06-01,CDC_SCL,Santiago DC,PRD0041,0,0,0,1,0,0.0
2026-06-01,CDC_SCL,Santiago DC,PRD0042,11,1,0,10,6,31447.02
2026-06-01,CDC_SCL,Santiago DC,PRD0043,2,0,15,1,0,28676.4
2026-06-01,CDC_SCL,Santiago DC,PRD0044,0,0,5,0,0,0.0
2026-06-01,CDC_SCL,Santiago DC,PRD0045,6,3,0,5,3,29004.0
2026-06-01,CDC_SCL,Santiago DC,PRD0046,3,2,0,1,0,1088.67
2026-06-01,CDC_SCL,Santiago DC,PRD0047,0,0,0,0,0,0.0
2026-06-01,CDC_SCL,Santiago DC,PRD0048,6,0,2,3,1,28062.36
2026-06-01,CDC_SCL,Santiago DC,PRD0049,24,1,0,10,6,10985.52
2026-06-01,CDC_SCL,Santiago DC,PRD0050,2,0,5,1,0,352.24
2026-06-01,CDC_SCL,Santiago DC,PRD0051,2,2,2,1,0,42311.88
2026-06-01,CDC_SCL,Santiago DC,PRD0052,17,2,0,5,3,144786.79
2026-06-01,CDC_SCL,Santiago DC,PRD0053,2,2,2,1,0,1506.8
2026-06-01,CDC_SCL,Santiago DC,PRD0054,5,4,0,2,1,10380.5
2026-06-01,CDC_SCL,Santiago DC,PRD0055,7,1,2,5,3,2590.56
2026-06-01,CDC_SCL,Santiago DC,PRD0056,26,3,5,8,4,704136.16
2026-06-01,CDC_SCL,Santiago DC,PRD0057,7,0,0,8,4,50772.05
2026-06-01,CDC_SCL,Santiago DC,PRD0058,2,2,15,2,1,5391.3
2026-06-01,CDC_SCL,Santiago DC,PRD0059,5,1,5,2,1,102511.45
2026-06-01,CDC_SCL,Santiago DC,PRD0060,0,0,5,0,0,0.0
2026-06-01,CDC_SCL,Santiago DC,PRD0061,0,0,15,0,0,0.0
2026-06-01,CDC_SCL,Santiago DC,PRD0062,8,4,15,3,1,89445.6
2026-06-01,CDC_SCL,Santiago DC,PRD0063,6,0,0,2,1,31730.58
2026-06-01,CDC_SCL,Santiago DC,PRD0064,7,5,0,2,1,147007.91
2026-06-01,CDC_SCL,Santiago DC,PRD0065,0,0,0,0,0,0.0
2026-06-01,CDC_SCL,Santiago DC,PRD0066,1,0,10,0,0,267.61
2026-06-01,CDC_SCL,Santiago DC,PRD0067,0,0,0,0,0,0.0
2026-06-01,CDC_SCL,Santiago DC,PRD0068,34,4,0,10,6,262253.56
2026-06-01,CDC_SCL,Santiago DC,PRD0069,33,2,15,10,6,161439.96
2026-06-01,CDC_SCL,Santiago DC,PRD0070,17,1,2,10,6,483964.67
2026-06-01,CDC_SCL,Santiago DC,PRD0071,4,3,2,3,1,3734.8
2026-06-01,CDC_SCL,Santiago DC,PRD0072,5,5,0,2,1,34143.9
2026-06-01,CDC_SCL,Santiago DC,PRD0073,2,1,0,1,0,52528.08
2026-06-01,CDC_SCL,Santiago DC,PRD0074,1,0,10,0,0,24732.64
2026-06-01,CDC_SCL,Santiago DC,PRD0075,1,1,0,1,0,1121.32
2026-06-01,CDC_SCL,Santiago DC,PRD0076,3,3,5,1,0,49025.19
2026-06-01,CDC_SCL,Santiago DC,PRD0077,0,0,5,0,0,0.0
2026-06-01,CDC_SCL,Santiago DC,PRD0078,28,5,0,10,6,253515.64
2026-06-01,CDC_SCL,Santiago DC,PRD0079,31,5,0,8,4,173701.99
2026-06-01,CDC_SCL,Santiago DC,PRD0080,9,2,5,5,3,44217.9
2026-06-01,CDC_SCL,Santiago DC,PRD0081,1,0,0,2,1,976.54
2026-06-01,CDC_SCL,Santiago DC,PRD0082,1,1,5,1,0,1221.82
2026-06-01,CDC_SCL,Santiago DC,PRD0083,1,1,0,1,0,2397.2
2026-06-01,CDC_SCL,Santiago DC,PRD0084,0,0,10,0,0,0.0
2026-06-01,CDC_SCL,Santiago DC,PRD0085,2,2,0,2,1,10483.06
2026-06-01,CDC_SCL,Santiago DC,PRD0086,36,0,15,10,6,139758.84
2026-06-01,CDC_SCL,Santiago DC,PRD0087,18,5,0,5,3,22247.46
2026-06-01,CDC_SCL,Santiago DC,PRD0088,30,0,5,8,4,24077.7
2026-06-01,CDC_SCL,Santiago DC,PRD0089,1,0,0,2,1,6348.16
2026-06-01,CDC_SCL,Santiago DC,PRD0090,15,2,10,5,3,25786.5
2026-06-01,CDC_SCL,Santiago DC,PRD0091,0,0,0,0,0,0.0
2026-06-01,CDC_SCL,Santiago DC,PRD0092,27,4,2,10,6,303151.14
2026-06-01,CDC_SCL,Santiago DC,PRD0093,0,0,10,0,0,0.0
2026-06-01,CDC_SCL,Santiago DC,PRD0094,8,0,0,5,3,135383.12
2026-06-01,CDC_SCL,Santiago DC,PRD0095,4,2,15,3,1,26638.0
2026-06-01,CDC_SCL,Santiago DC,PRD0096,1,1,5,0,0,1164.96
2026-06-01,CDC_SCL,Santiago DC,PRD0097,2,2,0,1,0,1345.0
2026-06-01,CDC_SCL,Santiago DC,PRD0098,-11,0,5,5,3,15570.38
2026-06-01,CDC_SCL,Santiago DC,PRD0099,3,1,10,10,6,6307.44
2026-06-01,CDC_SCL,Santiago DC,PRD0100,10,1,15,3,1,15860.1
2026-06-01,CDC_SCL,Santiago DC,PRD0101,22,2,2,10,6,108254.3
2026-06-01,CDC_SCL,Santiago DC,PRD0102,0,0,0,0,0,0.0
2026-06-01,CDC_SCL,Santiago DC,PRD0103,0,0,0,0,0,0.0
2026-06-01,CDC_SCL,Santiago DC,PRD0104,22,0,5,8,4,107860.94
2026-06-01,CDC_SCL,Santiago DC,PRD0105,4,1,0,3,1,1572.04
2026-06-01,CDC_SCL,Santiago DC,PRD0106,5,5,0,10,6,43059.05
2026-06-01,CDC_SCL,Santiago DC,PRD0107,3,1,0,2,1,82357.98
2026-06-01,CDC_SCL,Santiago DC,PRD0108,3,3,10,1,0,46321.02
2026-06-01,CDC_SCL,Santiago DC,PRD0109,0,0,0,0,0,0.0
2026-06-01,CDC_SCL,Santiago DC,PRD0110,23,0,10,10,6,106283.69
2026-06-01,CDC_SCL,Santiago DC,PRD0111,1,0,10,1,0,8079.93
2026-06-01,CDC_SCL,Santiago DC,PRD0112,1,0,0,2,1,16821.29
2026-06-01,CDC_SCL,Santiago DC,PRD0113,5,1,0,2,1,5534.5
2026-06-01,CDC_SCL,Santiago DC,PRD0114,0,0,0,0,0,0.0
2026-06-01,CDC_SCL,Santiago DC,PRD0115,5,3,15,8,4,30171.5
2026-06-01,CDC_SCL,Santiago DC,PRD0116,2,0,0,5,3,25962.16
2026-06-01,CDC_SCL,Santiago DC,PRD0117,2,2,0,2,1,1926.88
2026-06-01,CDC_SCL,Santiago DC,PRD0118,0,0,10,0,0,0.0
2026-06-01,CDC_SCL,Santiago DC,PRD0119,9,2,0,3,1,4246.2
2026-06-01,CDC_SCL,Santiago DC,PRD0120,19,5,0,8,4,163901.22
2026-06-01,CDC_ANT,Antofagasta DC,PRD0001,39,0,10,10,6,981960.72
2026-06-01,CDC_ANT,Antofagasta DC,PRD0002,2,1,10,1,0,28771.1
2026-06-01,CDC_ANT,Antofagasta DC,PRD0003,0,0,15,0,0,0.0
2026-06-01,CDC_ANT,Antofagasta DC,PRD0004,13,5,0,5,3,47509.54
2026-06-01,CDC_ANT,Antofagasta DC,PRD0005,0,0,10,0,0,0.0
2026-06-01,CDC_ANT,Antofagasta DC,PRD0006,0,0,0,0,0,0.0
2026-06-01,CDC_ANT,Antofagasta DC,PRD0007,20,1,5,8,4,64310.4
2026-06-01,CDC_ANT,Antofagasta DC,PRD0008,5,1,0,2,1,18137.65
2026-06-01,CDC_ANT,Antofagasta DC,PRD0009,25,1,15,10,6,26284.0
2026-06-01,CDC_ANT,Antofagasta DC,PRD0010,17,4,10,8,4,102476.34
2026-06-01,CDC_ANT,Antofagasta DC,PRD0011,2,2,5,1,0,48095.74
2026-06-01,CDC_ANT,Antofagasta DC,PRD0012,1,1,2,0,0,353.83
2026-06-01,CDC_ANT,Antofagasta DC,PRD0013,0,0,15,1,0,0.0
2026-06-01,CDC_ANT,Antofagasta DC,PRD0014,16,5,0,10,6,523054.08
2026-06-01,CDC_ANT,Antofagasta DC,PRD0015,20,1,0,8,4,498864.4
2026-06-01,CDC_ANT,Antofagasta DC,PRD0016,0,0,0,0,0,0.0
2026-06-01,CDC_ANT,Antofagasta DC,PRD0017,0,0,0,0,0,0.0
2026-06-01,CDC_ANT,Antofagasta DC,PRD0018,4,3,0,1,0,3857.36
2026-06-01,CDC_ANT,Antofagasta DC,PRD0019,8,2,0,3,1,12233.28
2026-06-01,CDC_ANT,Antofagasta DC,PRD0020,0,0,15,0,0,0.0
2026-06-01,CDC_ANT,Antofagasta DC,PRD0021,4,4,0,2,1,4431.72
2026-06-01,CDC_ANT,Antofagasta DC,PRD0022,23,0,10,8,4,15882.19
2026-06-01,CDC_ANT,Antofagasta DC,PRD0023,0,0,10,0,0,0.0
2026-06-01,CDC_ANT,Antofagasta DC,PRD0024,9,2,10,8,4,140288.4
2026-06-01,CDC_ANT,Antofagasta DC,PRD0025,0,0,0,0,0,0.0
2026-06-01,CDC_ANT,Antofagasta DC,PRD0026,5,5,0,2,1,45486.55
2026-06-01,CDC_ANT,Antofagasta DC,PRD0027,0,0,15,0,0,0.0
2026-06-01,CDC_ANT,Antofagasta DC,PRD0028,16,1,0,5,3,95751.68
2026-06-01,CDC_ANT,Antofagasta DC,PRD0029,5,4,0,2,1,32708.8
2026-06-01,CDC_ANT,Antofagasta DC,PRD0030,0,0,5,0,0,0.0
2026-06-01,CDC_ANT,Antofagasta DC,PRD0031,0,0,10,0,0,0.0
2026-06-01,CDC_ANT,Antofagasta DC,PRD0032,1,1,5,5,3,435.28
2026-06-01,CDC_ANT,Antofagasta DC,PRD0033,0,0,5,0,0,0.0
2026-06-01,CDC_ANT,Antofagasta DC,PRD0034,2,2,0,2,1,11455.48
2026-06-01,CDC_ANT,Antofagasta DC,PRD0035,0,0,0,0,0,0.0
2026-06-01,CDC_ANT,Antofagasta DC,PRD0036,13,0,0,5,3,34090.81
2026-06-01,CDC_ANT,Antofagasta DC,PRD0037,2,0,0,1,0,572.5
2026-06-01,CDC_ANT,Antofagasta DC,PRD0038,8,2,5,5,3,269673.52
2026-06-01,CDC_ANT,Antofagasta DC,PRD0039,4,1,0,5,3,31489.44
2026-06-01,CDC_ANT,Antofagasta DC,PRD0040,2,2,15,1,0,19538.72
2026-06-01,CDC_ANT,Antofagasta DC,PRD0041,0,0,0,0,0,0.0
2026-06-01,CDC_ANT,Antofagasta DC,PRD0042,3,0,10,1,0,8576.46
2026-06-01,CDC_ANT,Antofagasta DC,PRD0043,25,0,0,10,6,358455.0
2026-06-01,CDC_ANT,Antofagasta DC,PRD0044,1,1,0,0,0,27740.69
2026-06-01,CDC_ANT,Antofagasta DC,PRD0045,1,1,5,1,0,4834.0
2026-06-01,CDC_ANT,Antofagasta DC,PRD0046,19,5,0,10,6,6894.91
2026-06-01,CDC_ANT,Antofagasta DC,PRD0047,0,0,15,0,0,0.0
2026-06-01,CDC_ANT,Antofagasta DC,PRD0048,10,1,0,5,3,46770.6
2026-06-01,CDC_ANT,Antofagasta DC,PRD0049,0,0,10,0,0,0.0
2026-06-01,CDC_ANT,Antofagasta DC,PRD0050,14,1,2,8,4,2465.68
2026-06-01,CDC_ANT,Antofagasta DC,PRD0051,7,0,10,5,3,148091.58
2026-06-01,CDC_ANT,Antofagasta DC,PRD0052,33,1,0,10,6,281056.71
2026-06-01,CDC_ANT,Antofagasta DC,PRD0053,12,5,5,8,4,9040.8
2026-06-01,CDC_ANT,Antofagasta DC,PRD0054,5,3,0,2,1,10380.5
2026-06-01,CDC_ANT,Antofagasta DC,PRD0055,3,2,0,2,1,1110.24
2026-06-01,CDC_ANT,Antofagasta DC,PRD0056,6,2,10,5,3,162492.96
2026-06-01,CDC_ANT,Antofagasta DC,PRD0057,3,2,15,2,1,21759.45
2026-06-01,CDC_ANT,Antofagasta DC,PRD0058,5,4,0,3,1,13478.25
2026-06-01,CDC_ANT,Antofagasta DC,PRD0059,1,1,0,2,1,20502.29
2026-06-01,CDC_ANT,Antofagasta DC,PRD0060,18,2,15,5,3,275133.42
2026-06-01,CDC_ANT,Antofagasta DC,PRD0061,4,0,2,2,1,24992.04
2026-06-01,CDC_ANT,Antofagasta DC,PRD0062,2,1,10,1,0,22361.4
2026-06-01,CDC_ANT,Antofagasta DC,PRD0063,0,0,10,0,0,0.0
2026-06-01,CDC_ANT,Antofagasta DC,PRD0064,0,0,2,0,0,0.0
2026-06-01,CDC_ANT,Antofagasta DC,PRD0065,0,0,10,0,0,0.0
2026-06-01,CDC_ANT,Antofagasta DC,PRD0066,2,1,15,1,0,535.22
2026-06-01,CDC_ANT,Antofagasta DC,PRD0067,5,0,2,3,1,2050.2
2026-06-01,CDC_ANT,Antofagasta DC,PRD0068,0,0,0,10,6,0.0
2026-06-01,CDC_ANT,Antofagasta DC,PRD0069,0,0,0,0,0,0.0
2026-06-01,CDC_ANT,Antofagasta DC,PRD0070,0,0,0,0,0,0.0
2026-06-01,CDC_ANT,Antofagasta DC,PRD0071,6,1,2,3,1,5602.2
2026-06-01,CDC_ANT,Antofagasta DC,PRD0072,27,5,10,10,6,184377.06
2026-06-01,CDC_ANT,Antofagasta DC,PRD0073,4,2,0,3,1,105056.16
2026-06-01,CDC_ANT,Antofagasta DC,PRD0074,0,0,15,0,0,0.0
2026-06-01,CDC_ANT,Antofagasta DC,PRD0075,21,0,10,8,4,23547.72
2026-06-01,CDC_ANT,Antofagasta DC,PRD0076,0,0,5,0,0,0.0
2026-06-01,CDC_ANT,Antofagasta DC,PRD0077,15,5,2,8,4,3729.6
2026-06-01,CDC_ANT,Antofagasta DC,PRD0078,21,4,0,10,6,190136.73
2026-06-01,CDC_ANT,Antofagasta DC,PRD0079,1,0,2,1,0,5603.29
2026-06-01,CDC_ANT,Antofagasta DC,PRD0080,4,0,2,2,1,19652.4
2026-06-01,CDC_ANT,Antofagasta DC,PRD0081,0,0,15,0,0,0.0
2026-06-01,CDC_ANT,Antofagasta DC,PRD0082,24,5,2,8,4,29323.68
2026-06-01,CDC_ANT,Antofagasta DC,PRD0083,8,1,10,5,3,19177.6
2026-06-01,CDC_ANT,Antofagasta DC,PRD0084,0,0,0,0,0,0.0
2026-06-01,CDC_ANT,Antofagasta DC,PRD0085,7,2,15,5,3,36690.71
2026-06-01,CDC_ANT,Antofagasta DC,PRD0086,24,4,15,8,4,93172.56
2026-06-01,CDC_ANT,Antofagasta DC,PRD0087,25,3,0,8,4,30899.25
2026-06-01,CDC_ANT,Antofagasta DC,PRD0088,2,2,0,1,0,1605.18
2026-06-01,CDC_ANT,Antofagasta DC,PRD0089,6,4,5,3,1,38088.96
2026-06-01,CDC_ANT,Antofagasta DC,PRD0090,4,1,0,5,3,6876.4
2026-06-01,CDC_ANT,Antofagasta DC,PRD0091,1,1,0,0,0,556.13
2026-06-01,CDC_ANT,Antofagasta DC,PRD0092,0,0,10,0,0,0.0
2026-06-01,CDC_ANT,Antofagasta DC,PRD0093,1,1,0,2,1,25750.66
2026-06-01,CDC_ANT,Antofagasta DC,PRD0094,0,0,2,0,0,0.0
2026-06-01,CDC_ANT,Antofagasta DC,PRD0095,25,0,15,8,4,166487.5
2026-06-01,CDC_ANT,Antofagasta DC,PRD0096,1,0,0,2,1,1164.96
2026-06-01,CDC_ANT,Antofagasta DC,PRD0097,0,0,0,3,1,0.0
2026-06-01,CDC_ANT,Antofagasta DC,PRD0098,4,4,0,2,1,4448.68
2026-06-01,CDC_ANT,Antofagasta DC,PRD0099,19,4,2,10,6,39947.12
2026-06-01,CDC_ANT,Antofagasta DC,PRD0100,21,0,15,8,4,33306.21
2026-06-01,CDC_ANT,Antofagasta DC,PRD0101,2,0,15,1,0,9841.3
2026-06-01,CDC_ANT,Antofagasta DC,PRD0102,17,4,15,5,3,15820.03
2026-06-01,CDC_ANT,Antofagasta DC,PRD0103,5,4,0,2,1,29069.05
2026-06-01,CDC_ANT,Antofagasta DC,PRD0104,14,2,0,5,3,68638.78
2026-06-01,CDC_ANT,Antofagasta DC,PRD0105,15,2,15,8,4,5895.15
2026-06-01,CDC_ANT,Antofagasta DC,PRD0106,0,0,0,0,0,0.0
2026-06-01,CDC_ANT,Antofagasta DC,PRD0107,0,0,10,0,0,0.0
2026-06-01,CDC_ANT,Antofagasta DC,PRD0108,3,2,5,2,1,46321.02
2026-06-01,CDC_ANT,Antofagasta DC,PRD0109,19,2,5,8,4,339248.8
2026-06-01,CDC_ANT,Antofagasta DC,PRD0110,0,0,2,0,0,0.0
2026-06-01,CDC_ANT,Antofagasta DC,PRD0111,0,0,2,0,0,0.0
2026-06-01,CDC_ANT,Antofagasta DC,PRD0112,7,2,0,3,1,117749.03
2026-06-01,CDC_ANT,Antofagasta DC,PRD0113,0,0,5,0,0,0.0
2026-06-01,CDC_ANT,Antofagasta DC,PRD0114,0,0,5,0,0,0.0
2026-06-01,CDC_ANT,Antofagasta DC,PRD0115,0,0,0,1,0,0.0
2026-06-01,CDC_ANT,Antofagasta DC,PRD0116,5,1,0,3,1,64905.4
2026-06-01,CDC_ANT,Antofagasta DC,PRD0117,34,5,0,10,6,32756.96
2026-06-01,CDC_ANT,Antofagasta DC,PRD0118,0,0,0,0,0,0.0
2026-06-01,CDC_ANT,Antofagasta DC,PRD0119,0,0,0,0,0,0.0
2026-06-01,CDC_ANT,Antofagasta DC,PRD0120,1,0,10,0,0,8626.38
2026-06-01,CDC_CAL,Calama Hub,PRD0001,4,2,0,2,1,100713.92
2026-06-01,CDC_CAL,Calama Hub,PRD0002,1,1,0,1,0,14385.55
2026-06-01,CDC_CAL,Calama Hub,PRD0003,0,0,0,0,0,0.0
2026-06-01,CDC_CAL,Calama Hub,PRD0004,7,1,5,5,3,25582.06
2026-06-01,CDC_CAL,Calama Hub,PRD0005,7,1,2,8,4,28288.96
2026-06-01,CDC_CAL,Calama Hub,PRD0006,18,3,15,5,3,131382.9
2026-06-01,CDC_CAL,Calama Hub,PRD0007,7,3,0,10,6,22508.64
2026-06-01,CDC_CAL,Calama Hub,PRD0008,1,1,5,0,0,3627.53
2026-06-01,CDC_CAL,Calama Hub,PRD0009,2,2,0,3,1,2102.72
2026-06-01,CDC_CAL,Calama Hub,PRD0010,1,1,2,0,0,6028.02
2026-06-01,CDC_CAL,Calama Hub,PRD0011,0,0,15,0,0,0.0
2026-06-01,CDC_CAL,Calama Hub,PRD0012,0,0,0,0,0,0.0
2026-06-01,CDC_CAL,Calama Hub,PRD0013,12,0,2,10,6,10842.12
2026-06-01,CDC_CAL,Calama Hub,PRD0014,6,0,10,3,1,196145.28
2026-06-01,CDC_CAL,Calama Hub,PRD0015,2,1,10,1,0,49886.44
2026-06-01,CDC_CAL,Calama Hub,PRD0016,1,1,5,1,0,331.24
2026-06-01,CDC_CAL,Calama Hub,PRD0017,20,2,15,10,6,81199.0
2026-06-01,CDC_CAL,Calama Hub,PRD0018,0,0,5,0,0,0.0
2026-06-01,CDC_CAL,Calama Hub,PRD0019,35,1,0,10,6,53520.6
2026-06-01,CDC_CAL,Calama Hub,PRD0020,0,0,0,0,0,0.0
2026-06-01,CDC_CAL,Calama Hub,PRD0021,0,0,5,0,0,0.0
2026-06-01,CDC_CAL,Calama Hub,PRD0022,8,5,5,5,3,5524.24
2026-06-01,CDC_CAL,Calama Hub,PRD0023,4,1,2,1,0,12169.88
2026-06-01,CDC_CAL,Calama Hub,PRD0024,37,5,0,10,6,576741.2
2026-06-01,CDC_CAL,Calama Hub,PRD0025,6,2,0,3,1,2855.4
2026-06-01,CDC_CAL,Calama Hub,PRD0026,0,0,5,0,0,0.0
2026-06-01,CDC_CAL,Calama Hub,PRD0027,3,2,10,1,0,16665.63
2026-06-01,CDC_CAL,Calama Hub,PRD0028,1,0,2,0,0,5984.48
2026-06-01,CDC_CAL,Calama Hub,PRD0029,32,0,5,8,4,209336.32
2026-06-01,CDC_CAL,Calama Hub,PRD0030,17,1,0,10,6,18758.48
2026-06-01,CDC_CAL,Calama Hub,PRD0031,0,0,2,0,0,0.0
2026-06-01,CDC_CAL,Calama Hub,PRD0032,1,1,0,0,0,435.28
2026-06-01,CDC_CAL,Calama Hub,PRD0033,10,0,0,5,3,58213.2
2026-06-01,CDC_CAL,Calama Hub,PRD0034,13,1,0,8,4,74460.62
2026-06-01,CDC_CAL,Calama Hub,PRD0035,15,0,10,5,3,70485.6
2026-06-01,CDC_CAL,Calama Hub,PRD0036,4,2,0,3,1,10489.48
2026-06-01,CDC_CAL,Calama Hub,PRD0037,14,4,15,5,3,4007.5
2026-06-01,CDC_CAL,Calama Hub,PRD0038,3,3,5,1,0,101127.57
2026-06-01,CDC_CAL,Calama Hub,PRD0039,1,1,0,1,0,7872.36
2026-06-01,CDC_CAL,Calama Hub,PRD0040,21,0,0,10,6,205156.56
2026-06-01,CDC_CAL,Calama Hub,PRD0041,4,2,0,2,1,61580.04
2026-06-01,CDC_CAL,Calama Hub,PRD0042,5,0,15,3,1,14294.1
2026-06-01,CDC_CAL,Calama Hub,PRD0043,10,1,10,5,3,143382.0
2026-06-01,CDC_CAL,Calama Hub,PRD0044,3,0,5,2,1,83222.07
2026-06-01,CDC_CAL,Calama Hub,PRD0045,0,0,15,0,0,0.0
2026-06-01,CDC_CAL,Calama Hub,PRD0046,0,0,0,0,0,0.0
2026-06-01,CDC_CAL,Calama Hub,PRD0047,23,4,5,8,4,118795.23
2026-06-01,CDC_CAL,Calama Hub,PRD0048,18,5,15,8,4,84187.08
2026-06-01,CDC_CAL,Calama Hub,PRD0049,9,3,5,3,1,4119.57
2026-06-01,CDC_CAL,Calama Hub,PRD0050,9,3,0,5,3,1585.08
2026-06-01,CDC_CAL,Calama Hub,PRD0051,10,1,5,5,3,211559.4
2026-06-01,CDC_CAL,Calama Hub,PRD0052,0,0,0,0,0,0.0
2026-06-01,CDC_CAL,Calama Hub,PRD0053,6,1,2,8,4,4520.4
2026-06-01,CDC_CAL,Calama Hub,PRD0054,1,0,0,3,1,2076.1
2026-06-01,CDC_CAL,Calama Hub,PRD0055,0,0,0,0,0,0.0
2026-06-01,CDC_CAL,Calama Hub,PRD0056,7,4,15,3,1,189575.12
2026-06-01,CDC_CAL,Calama Hub,PRD0057,3,3,15,5,3,21759.45
2026-06-01,CDC_CAL,Calama Hub,PRD0058,0,0,2,0,0,0.0
2026-06-01,CDC_CAL,Calama Hub,PRD0059,0,0,2,0,0,0.0
2026-06-01,CDC_CAL,Calama Hub,PRD0060,2,0,2,1,0,30570.38
2026-06-01,CDC_CAL,Calama Hub,PRD0061,0,0,15,0,0,0.0
2026-06-01,CDC_CAL,Calama Hub,PRD0062,0,0,0,0,0,0.0
2026-06-01,CDC_CAL,Calama Hub,PRD0063,0,0,5,0,0,0.0
2026-06-01,CDC_CAL,Calama Hub,PRD0064,1,1,0,5,3,21001.13
2026-06-01,CDC_CAL,Calama Hub,PRD0065,28,0,0,10,6,27863.36
2026-06-01,CDC_CAL,Calama Hub,PRD0066,2,2,2,1,0,535.22
2026-06-01,CDC_CAL,Calama Hub,PRD0067,8,4,0,8,4,3280.32
2026-06-01,CDC_CAL,Calama Hub,PRD0068,13,1,0,10,6,100273.42
2026-06-01,CDC_CAL,Calama Hub,PRD0069,18,1,5,8,4,88058.16
2026-06-01,CDC_CAL,Calama Hub,PRD0070,26,1,0,10,6,740181.26
2026-06-01,CDC_CAL,Calama Hub,PRD0071,23,5,0,8,4,21475.1
2026-06-01,CDC_CAL,Calama Hub,PRD0072,2,1,15,0,0,13657.56
2026-06-01,CDC_CAL,Calama Hub,PRD0073,6,3,5,3,1,157584.24
2026-06-01,CDC_CAL,Calama Hub,PRD0074,23,3,2,8,4,568850.72
2026-06-01,CDC_CAL,Calama Hub,PRD0075,10,2,0,5,3,11213.2
2026-06-01,CDC_CAL,Calama Hub,PRD0076,0,0,15,0,0,0.0
2026-06-01,CDC_CAL,Calama Hub,PRD0077,0,0,10,0,0,0.0
2026-06-01,CDC_CAL,Calama Hub,PRD0078,0,0,15,1,0,0.0
2026-06-01,CDC_CAL,Calama Hub,PRD0079,5,3,10,5,3,28016.45
2026-06-01,CDC_CAL,Calama Hub,PRD0080,9,0,0,5,3,44217.9
2026-06-01,CDC_CAL,Calama Hub,PRD0081,1,1,15,1,0,976.54
2026-06-01,CDC_CAL,Calama Hub,PRD0082,14,1,2,10,6,17105.48
2026-06-01,CDC_CAL,Calama Hub,PRD0083,18,5,2,10,6,43149.6
2026-06-01,CDC_CAL,Calama Hub,PRD0084,18,1,2,8,4,405664.56
2026-06-01,CDC_CAL,Calama Hub,PRD0085,8,2,5,5,3,41932.24
2026-06-01,CDC_CAL,Calama Hub,PRD0086,2,1,2,1,0,7764.38
2026-06-01,CDC_CAL,Calama Hub,PRD0087,13,4,0,8,4,16067.61
2026-06-01,CDC_CAL,Calama Hub,PRD0088,2,2,10,1,0,1605.18
2026-06-01,CDC_CAL,Calama Hub,PRD0089,2,0,2,5,3,12696.32
2026-06-01,CDC_CAL,Calama Hub,PRD0090,2,0,5,1,0,3438.2
2026-06-01,CDC_CAL,Calama Hub,PRD0091,4,0,0,3,1,2224.52
2026-06-01,CDC_CAL,Calama Hub,PRD0092,0,0,0,0,0,0.0
2026-06-01,CDC_CAL,Calama Hub,PRD0093,12,1,15,8,4,309007.92
2026-06-01,CDC_CAL,Calama Hub,PRD0094,6,3,5,10,6,101537.34
2026-06-01,CDC_CAL,Calama Hub,PRD0095,14,1,0,5,3,93233.0
2026-06-01,CDC_CAL,Calama Hub,PRD0096,7,3,0,2,1,8154.72
2026-06-01,CDC_CAL,Calama Hub,PRD0097,12,0,0,3,1,8070.0
2026-06-01,CDC_CAL,Calama Hub,PRD0098,0,0,10,0,0,0.0
2026-06-01,CDC_CAL,Calama Hub,PRD0099,2,0,0,2,1,4204.96
2026-06-01,CDC_CAL,Calama Hub,PRD0100,13,4,10,5,3,20618.13
2026-06-01,CDC_CAL,Calama Hub,PRD0101,26,5,0,10,6,127936.9
2026-06-01,CDC_CAL,Calama Hub,PRD0102,8,3,10,8,4,7444.72
2026-06-01,CDC_CAL,Calama Hub,PRD0103,5,3,0,10,6,29069.05
2026-06-01,CDC_CAL,Calama Hub,PRD0104,28,5,10,8,4,137277.56
2026-06-01,CDC_CAL,Calama Hub,PRD0105,1,1,2,1,0,393.01
2026-06-01,CDC_CAL,Calama Hub,PRD0106,1,0,2,0,0,8611.81
2026-06-01,CDC_CAL,Calama Hub,PRD0107,8,1,2,3,1,219621.28
2026-06-01,CDC_CAL,Calama Hub,PRD0108,6,1,0,2,1,92642.04
2026-06-01,CDC_CAL,Calama Hub,PRD0109,0,0,0,0,0,0.0
2026-06-01,CDC_CAL,Calama Hub,PRD0110,0,0,2,0,0,0.0
2026-06-01,CDC_CAL,Calama Hub,PRD0111,15,0,0,5,3,121198.95
2026-06-01,CDC_CAL,Calama Hub,PRD0112,0,0,5,0,0,0.0
2026-06-01,CDC_CAL,Calama Hub,PRD0113,4,2,10,2,1,4427.6
2026-06-01,CDC_CAL,Calama Hub,PRD0114,28,3,2,10,6,62221.88
2026-06-01,CDC_CAL,Calama Hub,PRD0115,0,0,0,8,4,0.0
2026-06-01,CDC_CAL,Calama Hub,PRD0116,6,5,0,3,1,77886.48
2026-06-01,CDC_CAL,Calama Hub,PRD0117,42,2,5,10,6,40464.48
2026-06-01,CDC_CAL,Calama Hub,PRD0118,5,4,0,2,1,36927.6
2026-06-01,CDC_CAL,Calama Hub,PRD0119,22,1,5,10,6,10379.6
2026-06-01,CDC_CAL,Calama Hub,PRD0120,1,0,0,0,0,8626.38
2026-06-01,CDC_COP,Copiapó Hub,PRD0001,9,1,0,5,3,226606.32
2026-06-01,CDC_COP,Copiapó Hub,PRD0002,23,1,0,8,4,330867.65
2026-06-01,CDC_COP,Copiapó Hub,PRD0003,1,0,0,1,0,7503.74
2026-06-01,CDC_COP,Copiapó Hub,PRD0004,2,1,0,2,1,7309.16
2026-06-01,CDC_COP,Copiapó Hub,PRD0005,0,0,10,0,0,0.0
2026-06-01,CDC_COP,Copiapó Hub,PRD0006,2,0,15,3,1,14598.1
2026-06-01,CDC_COP,Copiapó Hub,PRD0007,5,5,0,2,1,16077.6
2026-06-01,CDC_COP,Copiapó Hub,PRD0008,2,2,0,1,0,7255.06
2026-06-01,CDC_COP,Copiapó Hub,PRD0009,0,0,5,0,0,0.0
2026-06-01,CDC_COP,Copiapó Hub,PRD0010,0,0,0,0,0,0.0
2026-06-01,CDC_COP,Copiapó Hub,PRD0011,0,0,0,0,0,0.0
2026-06-01,CDC_COP,Copiapó Hub,PRD0012,11,3,10,5,3,3892.13
2026-06-01,CDC_COP,Copiapó Hub,PRD0013,0,0,10,0,0,0.0
2026-06-01,CDC_COP,Copiapó Hub,PRD0014,0,0,0,0,0,0.0
2026-06-01,CDC_COP,Copiapó Hub,PRD0015,3,0,0,1,0,74829.66
2026-06-01,CDC_COP,Copiapó Hub,PRD0016,1,1,5,1,0,331.24
2026-06-01,CDC_COP,Copiapó Hub,PRD0017,6,1,10,3,1,24359.7
2026-06-01,CDC_COP,Copiapó Hub,PRD0018,5,3,0,8,4,4821.7
2026-06-01,CDC_COP,Copiapó Hub,PRD0019,2,0,2,2,1,3058.32
2026-06-01,CDC_COP,Copiapó Hub,PRD0020,0,0,0,5,3,0.0
2026-06-01,CDC_COP,Copiapó Hub,PRD0021,0,0,10,0,0,0.0
2026-06-01,CDC_COP,Copiapó Hub,PRD0022,0,0,0,0,0,0.0
2026-06-01,CDC_COP,Copiapó Hub,PRD0023,0,0,0,0,0,0.0
2026-06-01,CDC_COP,Copiapó Hub,PRD0024,6,1,0,3,1,93525.6
2026-06-01,CDC_COP,Copiapó Hub,PRD0025,7,0,0,3,1,3331.3
2026-06-01,CDC_COP,Copiapó Hub,PRD0026,11,1,0,10,6,100070.41
2026-06-01,CDC_COP,Copiapó Hub,PRD0027,32,3,2,10,6,177766.72
2026-06-01,CDC_COP,Copiapó Hub,PRD0028,11,1,10,8,4,65829.28
2026-06-01,CDC_COP,Copiapó Hub,PRD0029,0,0,10,0,0,0.0
2026-06-01,CDC_COP,Copiapó Hub,PRD0030,0,0,10,0,0,0.0
2026-06-01,CDC_COP,Copiapó Hub,PRD0031,6,2,0,10,6,47058.3
2026-06-01,CDC_COP,Copiapó Hub,PRD0032,8,3,5,3,1,3482.24
2026-06-01,CDC_COP,Copiapó Hub,PRD0033,22,0,0,8,4,128069.04
2026-06-01,CDC_COP,Copiapó Hub,PRD0034,8,3,0,5,3,45821.92
2026-06-01,CDC_COP,Copiapó Hub,PRD0035,0,0,0,0,0,0.0
2026-06-01,CDC_COP,Copiapó Hub,PRD0036,4,3,15,10,6,10489.48
2026-06-01,CDC_COP,Copiapó Hub,PRD0037,0,0,5,0,0,0.0
2026-06-01,CDC_COP,Copiapó Hub,PRD0038,16,0,0,5,3,539347.04
2026-06-01,CDC_COP,Copiapó Hub,PRD0039,0,0,2,2,1,0.0
2026-06-01,CDC_COP,Copiapó Hub,PRD0040,1,1,0,0,0,9769.36
2026-06-01,CDC_COP,Copiapó Hub,PRD0041,18,4,0,5,3,277110.18
2026-06-01,CDC_COP,Copiapó Hub,PRD0042,12,3,0,5,3,34305.84
2026-06-01,CDC_COP,Copiapó Hub,PRD0043,0,0,0,0,0,0.0
2026-06-01,CDC_COP,Copiapó Hub,PRD0044,0,0,5,0,0,0.0
2026-06-01,CDC_COP,Copiapó Hub,PRD0045,10,1,0,3,1,48340.0
2026-06-01,CDC_COP,Copiapó Hub,PRD0046,21,2,0,10,6,7620.69
2026-06-01,CDC_COP,Copiapó Hub,PRD0047,6,0,10,3,1,30990.06
2026-06-01,CDC_COP,Copiapó Hub,PRD0048,13,3,0,5,3,60801.78
2026-06-01,CDC_COP,Copiapó Hub,PRD0049,2,1,0,1,0,915.46
2026-06-01,CDC_COP,Copiapó Hub,PRD0050,1,0,15,0,0,176.12
2026-06-01,CDC_COP,Copiapó Hub,PRD0051,0,0,0,0,0,0.0
2026-06-01,CDC_COP,Copiapó Hub,PRD0052,6,3,15,2,1,51101.22
2026-06-01,CDC_COP,Copiapó Hub,PRD0053,0,0,10,0,0,0.0
2026-06-01,CDC_COP,Copiapó Hub,PRD0054,5,5,0,5,3,10380.5
2026-06-01,CDC_COP,Copiapó Hub,PRD0055,16,1,10,8,4,5921.28
2026-06-01,CDC_COP,Copiapó Hub,PRD0056,11,5,2,3,1,297903.76
2026-06-01,CDC_COP,Copiapó Hub,PRD0057,2,0,10,3,1,14506.3
2026-06-01,CDC_COP,Copiapó Hub,PRD0058,7,3,2,5,3,18869.55
2026-06-01,CDC_COP,Copiapó Hub,PRD0059,5,1,15,2,1,102511.45
2026-06-01,CDC_COP,Copiapó Hub,PRD0060,17,3,15,10,6,259848.23
2026-06-01,CDC_COP,Copiapó Hub,PRD0061,4,1,0,2,1,24992.04
2026-06-01,CDC_COP,Copiapó Hub,PRD0062,6,3,0,2,1,67084.2
2026-06-01,CDC_COP,Copiapó Hub,PRD0063,4,2,2,3,1,21153.72
2026-06-01,CDC_COP,Copiapó Hub,PRD0064,5,3,5,3,1,105005.65
2026-06-01,CDC_COP,Copiapó Hub,PRD0065,1,0,2,1,0,995.12
2026-06-01,CDC_COP,Copiapó Hub,PRD0066,2,2,5,1,0,535.22
2026-06-01,CDC_COP,Copiapó Hub,PRD0067,7,0,0,3,1,2870.28
2026-06-01,CDC_COP,Copiapó Hub,PRD0068,3,1,0,1,0,23140.02
2026-06-01,CDC_COP,Copiapó Hub,PRD0069,3,0,2,2,1,14676.36
2026-06-01,CDC_COP,Copiapó Hub,PRD0070,15,1,0,5,3,427027.65
2026-06-01,CDC_COP,Copiapó Hub,PRD0071,5,1,0,3,1,4668.5
2026-06-01,CDC_COP,Copiapó Hub,PRD0072,15,3,15,8,4,102431.7
2026-06-01,CDC_COP,Copiapó Hub,PRD0073,2,1,0,1,0,52528.08
2026-06-01,CDC_COP,Copiapó Hub,PRD0074,0,0,0,0,0,0.0
2026-06-01,CDC_COP,Copiapó Hub,PRD0075,4,4,5,3,1,4485.28
2026-06-01,CDC_COP,Copiapó Hub,PRD0076,25,2,2,8,4,408543.25
2026-06-01,CDC_COP,Copiapó Hub,PRD0077,0,0,0,0,0,0.0
2026-06-01,CDC_COP,Copiapó Hub,PRD0078,3,3,0,2,1,27162.39
2026-06-01,CDC_COP,Copiapó Hub,PRD0079,0,0,15,0,0,0.0
2026-06-01,CDC_COP,Copiapó Hub,PRD0080,22,5,0,8,4,108088.2
2026-06-01,CDC_COP,Copiapó Hub,PRD0081,0,0,0,0,0,0.0
2026-06-01,CDC_COP,Copiapó Hub,PRD0082,14,2,15,10,6,17105.48
2026-06-01,CDC_COP,Copiapó Hub,PRD0083,0,0,15,0,0,0.0
2026-06-01,CDC_COP,Copiapó Hub,PRD0084,0,0,0,0,0,0.0
2026-06-01,CDC_COP,Copiapó Hub,PRD0085,7,2,15,3,1,36690.71
2026-06-01,CDC_COP,Copiapó Hub,PRD0086,3,3,0,2,1,11646.57
2026-06-01,CDC_COP,Copiapó Hub,PRD0087,1,0,2,1,0,1235.97
2026-06-01,CDC_COP,Copiapó Hub,PRD0088,0,0,2,2,1,0.0
2026-06-01,CDC_COP,Copiapó Hub,PRD0089,7,2,10,8,4,44437.12
2026-06-01,CDC_COP,Copiapó Hub,PRD0090,2,1,0,2,1,3438.2
2026-06-01,CDC_COP,Copiapó Hub,PRD0091,0,0,15,0,0,0.0
2026-06-01,CDC_COP,Copiapó Hub,PRD0092,16,4,10,8,4,179645.12
2026-06-01,CDC_COP,Copiapó Hub,PRD0093,0,0,5,0,0,0.0
2026-06-01,CDC_COP,Copiapó Hub,PRD0094,28,1,10,8,4,473840.92
2026-06-01,CDC_COP,Copiapó Hub,PRD0095,1,1,15,0,0,6659.5
2026-06-01,CDC_COP,Copiapó Hub,PRD0096,0,0,2,0,0,0.0
2026-06-01,CDC_COP,Copiapó Hub,PRD0097,15,2,15,8,4,10087.5
2026-06-01,CDC_COP,Copiapó Hub,PRD0098,30,3,10,10,6,33365.1
2026-06-01,CDC_COP,Copiapó Hub,PRD0099,6,0,10,3,1,12614.88
2026-06-01,CDC_COP,Copiapó Hub,PRD0100,0,0,0,0,0,0.0
2026-06-01,CDC_COP,Copiapó Hub,PRD0101,0,0,0,0,0,0.0
2026-06-01,CDC_COP,Copiapó Hub,PRD0102,7,5,0,5,3,6514.13
2026-06-01,CDC_COP,Copiapó Hub,PRD0103,6,0,0,2,1,34882.86
2026-06-01,CDC_COP,Copiapó Hub,PRD0104,4,0,10,5,3,19611.08
2026-06-01,CDC_COP,Copiapó Hub,PRD0105,1,0,15,0,0,393.01
2026-06-01,CDC_COP,Copiapó Hub,PRD0106,17,4,0,5,3,146400.77
2026-06-01,CDC_COP,Copiapó Hub,PRD0107,0,0,0,0,0,0.0
2026-06-01,CDC_COP,Copiapó Hub,PRD0108,10,4,0,10,6,154403.4
2026-06-01,CDC_COP,Copiapó Hub,PRD0109,8,3,10,3,1,142841.6
2026-06-01,CDC_COP,Copiapó Hub,PRD0110,9,1,2,5,3,41589.27
2026-06-01,CDC_COP,Copiapó Hub,PRD0111,1,0,0,0,0,8079.93
2026-06-01,CDC_COP,Copiapó Hub,PRD0112,6,4,5,2,1,100927.74
2026-06-01,CDC_COP,Copiapó Hub,PRD0113,0,0,5,0,0,0.0
2026-06-01,CDC_COP,Copiapó Hub,PRD0114,23,3,0,10,6,51110.83
2026-06-01,CDC_COP,Copiapó Hub,PRD0115,1,0,0,1,0,6034.3
2026-06-01,CDC_COP,Copiapó Hub,PRD0116,0,0,5,0,0,0.0
2026-06-01,CDC_COP,Copiapó Hub,PRD0117,0,0,0,1,0,0.0
2026-06-01,CDC_COP,Copiapó Hub,PRD0118,12,3,0,3,1,88626.24
2026-06-01,CDC_COP,Copiapó Hub,PRD0119,0,0,5,0,0,0.0
2026-06-01,CDC_COP,Copiapó Hub,PRD0120,4,4,0,2,1,34505.52
