cost_month,product_id,supplier_id,standard_cost_usd,updated_cost_usd,cost_source
2024-01-01,PRD0001,SUP007,25178.48,25254.53,Manual Review
2024-02-01,PRD0001,SUP007,25178.48,25176.1,Manual Review
2024-03-01,PRD0001,SUP007,25178.48,25105.99,Supplier Quote
2024-04-01,PRD0001,SUP007,25178.48,25341.61,Supplier Quote
2024-05-01,PRD0001,SUP007,25178.48,25922.03,Annual Price List
2024-06-01,PRD0001,SUP007,25178.48,26181.78,ERP Standard Cost
2024-07-01,PRD0001,SUP007,25178.48,26480.7,Annual Price List
2024-08-01,PRD0001,SUP007,25178.48,26337.56,Supplier Quote
2024-09-01,PRD0001,SUP007,25178.48,26107.41,Manual Review
2024-10-01,PRD0001,SUP007,25178.48,26186.25,Manual Review
2024-11-01,PRD0001,SUP007,25178.48,26098.54,Annual Price List
2024-12-01,PRD0001,SUP007,25178.48,26007.83,ERP Standard Cost
2025-01-01,PRD0001,SUP007,25178.48,26349.04,Manual Review
2025-02-01,PRD0001,SUP007,25178.48,26028.82,Annual Price List
2025-03-01,PRD0001,SUP007,25178.48,26600.32,Annual Price List
2025-04-01,PRD0001,SUP007,25178.48,26653.67,Annual Price List
2025-05-01,PRD0001,SUP007,25178.48,26944.34,ERP Standard Cost
2025-06-01,PRD0001,SUP007,25178.48,27431.1,Supplier Quote
2025-07-01,PRD0001,SUP007,25178.48,27085.07,ERP Standard Cost
2025-08-01,PRD0001,SUP007,25178.48,27323.46,ERP Standard Cost
2025-09-01,PRD0001,SUP007,25178.48,27393.58,Manual Review
2025-10-01,PRD0001,SUP007,25178.48,27737.29,Manual Review
2025-11-01,PRD0001,SUP007,25178.48,28367.12,Manual Review
2025-12-01,PRD0001,SUP007,25178.48,28438.33,Supplier Quote
2026-01-01,PRD0001,SUP007,25178.48,29023.51,ERP Standard Cost
2026-02-01,PRD0001,SUP007,25178.48,29289.03,Supplier Quote
2026-03-01,PRD0001,SUP007,25178.48,28956.69,Supplier Quote
2026-04-01,PRD0001,SUP007,25178.48,29680.11,ERP Standard Cost
2026-05-01,PRD0001,SUP007,25178.48,29919.03,Annual Price List
2026-06-01,PRD0001,SUP007,25178.48,30033.32,Manual Review
2024-01-01,PRD0002,SUP005,14385.55,14274.2,Manual Review
2024-02-01,PRD0002,SUP005,14385.55,14422.53,Manual Review
2024-03-01,PRD0002,SUP005,14385.55,14765.24,Manual Review
2024-04-01,PRD0002,SUP005,14385.55,14749.27,ERP Standard Cost
2024-05-01,PRD0002,SUP005,14385.55,14717.45,Supplier Quote
2024-06-01,PRD0002,SUP005,14385.55,15001.63,ERP Standard Cost
2024-07-01,PRD0002,SUP005,14385.55,15023.62,Manual Review
2024-08-01,PRD0002,SUP005,14385.55,14971.47,Manual Review
2024-09-01,PRD0002,SUP005,14385.55,15234.11,Supplier Quote
2024-10-01,PRD0002,SUP005,14385.55,15282.75,ERP Standard Cost
2024-11-01,PRD0002,SUP005,14385.55,15207.8,Supplier Quote
2024-12-01,PRD0002,SUP005,14385.55,15569.86,Manual Review
2025-01-01,PRD0002,SUP005,14385.55,15874.97,Supplier Quote
2025-02-01,PRD0002,SUP005,14385.55,16054.46,Manual Review
2025-03-01,PRD0002,SUP005,14385.55,16079.03,Annual Price List
2025-04-01,PRD0002,SUP005,14385.55,16171.28,Manual Review
2025-05-01,PRD0002,SUP005,14385.55,16333.26,Supplier Quote
2025-06-01,PRD0002,SUP005,14385.55,16221.25,Annual Price List
2025-07-01,PRD0002,SUP005,14385.55,16579.85,Manual Review
2025-08-01,PRD0002,SUP005,14385.55,16915.33,Manual Review
2025-09-01,PRD0002,SUP005,14385.55,16743.75,Annual Price List
2025-10-01,PRD0002,SUP005,14385.55,16967.97,ERP Standard Cost
2025-11-01,PRD0002,SUP005,14385.55,17087.32,Manual Review
2025-12-01,PRD0002,SUP005,14385.55,16894.72,Supplier Quote
2026-01-01,PRD0002,SUP005,14385.55,16953.14,Supplier Quote
2026-02-01,PRD0002,SUP005,14385.55,17138.07,Annual Price List
2026-03-01,PRD0002,SUP005,14385.55,17222.65,ERP Standard Cost
2026-04-01,PRD0002,SUP005,14385.55,17314.87,ERP Standard Cost
2026-05-01,PRD0002,SUP005,14385.55,17342.92,Manual Review
2026-06-01,PRD0002,SUP005,14385.55,17762.78,Annual Price List
2024-01-01,PRD0003,SUP008,7503.74,7556.65,Manual Review
2024-02-01,PRD0003,SUP008,7503.74,7500.91,Annual Price List
2024-03-01,PRD0003,SUP008,7503.74,7647.64,ERP Standard Cost
2024-04-01,PRD0003,SUP008,7503.74,7769.29,Manual Review
2024-05-01,PRD0003,SUP008,7503.74,7758.37,ERP Standard Cost
2024-06-01,PRD0003,SUP008,7503.74,7896.64,ERP Standard Cost
2024-07-01,PRD0003,SUP008,7503.74,8007.53,Manual Review
2024-08-01,PRD0003,SUP008,7503.74,8164.56,Manual Review
2024-09-01,PRD0003,SUP008,7503.74,8217.98,ERP Standard Cost
2024-10-01,PRD0003,SUP008,7503.74,8203.99,Manual Review
2024-11-01,PRD0003,SUP008,7503.74,8230.36,ERP Standard Cost
2024-12-01,PRD0003,SUP008,7503.74,8393.19,Annual Price List
2025-01-01,PRD0003,SUP008,7503.74,8459.26,Annual Price List
2025-02-01,PRD0003,SUP008,7503.74,8622.02,Manual Review
2025-03-01,PRD0003,SUP008,7503.74,8507.74,Manual Review
2025-04-01,PRD0003,SUP008,7503.74,8620.12,Manual Review
2025-05-01,PRD0003,SUP008,7503.74,8623.94,Annual Price List
2025-06-01,PRD0003,SUP008,7503.74,8665.45,Supplier Quote
2025-07-01,PRD0003,SUP008,7503.74,8579.23,ERP Standard Cost
2025-08-01,PRD0003,SUP008,7503.74,8748.99,Manual Review
2025-09-01,PRD0003,SUP008,7503.74,8652.65,Manual Review
2025-10-01,PRD0003,SUP008,7503.74,8528.17,Annual Price List
2025-11-01,PRD0003,SUP008,7503.74,8540.11,Annual Price List
2025-12-01,PRD0003,SUP008,7503.74,8437.57,ERP Standard Cost
2026-01-01,PRD0003,SUP008,7503.74,8425.27,Manual Review
2026-02-01,PRD0003,SUP008,7503.74,8517.89,ERP Standard Cost
2026-03-01,PRD0003,SUP008,7503.74,8680.53,Manual Review
2026-04-01,PRD0003,SUP008,7503.74,8881.62,Manual Review
2026-05-01,PRD0003,SUP008,7503.74,9058.32,Supplier Quote
2026-06-01,PRD0003,SUP008,7503.74,9146.17,Annual Price List
2024-01-01,PRD0004,SUP005,3654.58,3745.57,Supplier Quote
2024-02-01,PRD0004,SUP005,3654.58,3754.4,Supplier Quote
2024-03-01,PRD0004,SUP005,3654.58,3812.28,Supplier Quote
2024-04-01,PRD0004,SUP005,3654.58,3822.75,ERP Standard Cost
2024-05-01,PRD0004,SUP005,3654.58,3903.55,Supplier Quote
2024-06-01,PRD0004,SUP005,3654.58,3895.65,Supplier Quote
2024-07-01,PRD0004,SUP005,3654.58,3882.93,ERP Standard Cost
2024-08-01,PRD0004,SUP005,3654.58,3891.57,Annual Price List
2024-09-01,PRD0004,SUP005,3654.58,3915.88,Annual Price List
2024-10-01,PRD0004,SUP005,3654.58,3883.77,Supplier Quote
2024-11-01,PRD0004,SUP005,3654.58,3920.2,Manual Review
2024-12-01,PRD0004,SUP005,3654.58,3958.57,Annual Price List
2025-01-01,PRD0004,SUP005,3654.58,3978.0,Annual Price List
2025-02-01,PRD0004,SUP005,3654.58,3955.27,ERP Standard Cost
2025-03-01,PRD0004,SUP005,3654.58,3968.65,Supplier Quote
2025-04-01,PRD0004,SUP005,3654.58,4051.82,Manual Review
2025-05-01,PRD0004,SUP005,3654.58,4137.1,Annual Price List
2025-06-01,PRD0004,SUP005,3654.58,4087.27,ERP Standard Cost
2025-07-01,PRD0004,SUP005,3654.58,4187.43,ERP Standard Cost
2025-08-01,PRD0004,SUP005,3654.58,4231.64,Manual Review
2025-09-01,PRD0004,SUP005,3654.58,4285.01,Manual Review
2025-10-01,PRD0004,SUP005,3654.58,4365.62,Annual Price List
2025-11-01,PRD0004,SUP005,3654.58,4474.66,Manual Review
2025-12-01,PRD0004,SUP005,3654.58,4426.63,Manual Review
2026-01-01,PRD0004,SUP005,3654.58,4461.49,ERP Standard Cost
2026-02-01,PRD0004,SUP005,3654.58,4571.73,ERP Standard Cost
2026-03-01,PRD0004,SUP005,3654.58,4507.16,Manual Review
2026-04-01,PRD0004,SUP005,3654.58,4489.04,Supplier Quote
2026-05-01,PRD0004,SUP005,3654.58,4585.22,Manual Review
2026-06-01,PRD0004,SUP005,3654.58,4669.19,ERP Standard Cost
2024-01-01,PRD0005,SUP004,4041.28,4078.79,ERP Standard Cost
2024-02-01,PRD0005,SUP004,4041.28,4053.34,Annual Price List
2024-03-01,PRD0005,SUP004,4041.28,4093.21,Annual Price List
2024-04-01,PRD0005,SUP004,4041.28,4134.67,Supplier Quote
2024-05-01,PRD0005,SUP004,4041.28,4123.75,Manual Review
2024-06-01,PRD0005,SUP004,4041.28,4067.39,ERP Standard Cost
2024-07-01,PRD0005,SUP004,4041.28,4125.54,Supplier Quote
2024-08-01,PRD0005,SUP004,4041.28,4213.76,ERP Standard Cost
2024-09-01,PRD0005,SUP004,4041.28,4276.54,Annual Price List
2024-10-01,PRD0005,SUP004,4041.28,4246.74,ERP Standard Cost
2024-11-01,PRD0005,SUP004,4041.28,4273.22,ERP Standard Cost
2024-12-01,PRD0005,SUP004,4041.28,4351.07,ERP Standard Cost
2025-01-01,PRD0005,SUP004,4041.28,4444.89,Manual Review
2025-02-01,PRD0005,SUP004,4041.28,4550.21,ERP Standard Cost
2025-03-01,PRD0005,SUP004,4041.28,4617.84,ERP Standard Cost
2025-04-01,PRD0005,SUP004,4041.28,4697.12,Manual Review
2025-05-01,PRD0005,SUP004,4041.28,4807.58,Annual Price List
2025-06-01,PRD0005,SUP004,4041.28,4880.49,Annual Price List
2025-07-01,PRD0005,SUP004,4041.28,4975.2,Manual Review
2025-08-01,PRD0005,SUP004,4041.28,5093.07,ERP Standard Cost
2025-09-01,PRD0005,SUP004,4041.28,5035.07,Manual Review
2025-10-01,PRD0005,SUP004,4041.28,4962.34,Supplier Quote
2025-11-01,PRD0005,SUP004,4041.28,4978.18,ERP Standard Cost
2025-12-01,PRD0005,SUP004,4041.28,5019.91,ERP Standard Cost
2026-01-01,PRD0005,SUP004,4041.28,4966.37,Annual Price List
2026-02-01,PRD0005,SUP004,4041.28,4985.53,ERP Standard Cost
2026-03-01,PRD0005,SUP004,4041.28,5093.27,Annual Price List
2026-04-01,PRD0005,SUP004,4041.28,5148.82,Manual Review
2026-05-01,PRD0005,SUP004,4041.28,5258.88,ERP Standard Cost
2026-06-01,PRD0005,SUP004,4041.28,5316.57,Supplier Quote
2024-01-01,PRD0006,SUP003,7299.05,7202.8,Supplier Quote
2024-02-01,PRD0006,SUP003,7299.05,7182.45,Manual Review
2024-03-01,PRD0006,SUP003,7299.05,7108.08,Annual Price List
2024-04-01,PRD0006,SUP003,7299.05,7253.72,Annual Price List
2024-05-01,PRD0006,SUP003,7299.05,7257.68,ERP Standard Cost
2024-06-01,PRD0006,SUP003,7299.05,7343.47,Manual Review
2024-07-01,PRD0006,SUP003,7299.05,7405.84,Annual Price List
2024-08-01,PRD0006,SUP003,7299.05,7557.04,Supplier Quote
2024-09-01,PRD0006,SUP003,7299.05,7695.69,Manual Review
2024-10-01,PRD0006,SUP003,7299.05,7869.33,ERP Standard Cost
2024-11-01,PRD0006,SUP003,7299.05,7761.58,ERP Standard Cost
2024-12-01,PRD0006,SUP003,7299.05,7712.61,Manual Review
2025-01-01,PRD0006,SUP003,7299.05,7890.18,ERP Standard Cost
2025-02-01,PRD0006,SUP003,7299.05,7803.18,ERP Standard Cost
2025-03-01,PRD0006,SUP003,7299.05,7856.08,ERP Standard Cost
2025-04-01,PRD0006,SUP003,7299.05,7757.26,ERP Standard Cost
2025-05-01,PRD0006,SUP003,7299.05,7699.8,Supplier Quote
2025-06-01,PRD0006,SUP003,7299.05,7876.59,Manual Review
2025-07-01,PRD0006,SUP003,7299.05,7787.32,Annual Price List
2025-08-01,PRD0006,SUP003,7299.05,7870.4,Supplier Quote
2025-09-01,PRD0006,SUP003,7299.05,7768.27,ERP Standard Cost
2025-10-01,PRD0006,SUP003,7299.05,7727.43,Annual Price List
2025-11-01,PRD0006,SUP003,7299.05,7854.77,Annual Price List
2025-12-01,PRD0006,SUP003,7299.05,7758.5,Annual Price List
2026-01-01,PRD0006,SUP003,7299.05,7824.1,Annual Price List
2026-02-01,PRD0006,SUP003,7299.05,7809.57,Annual Price List
2026-03-01,PRD0006,SUP003,7299.05,7938.78,Supplier Quote
2026-04-01,PRD0006,SUP003,7299.05,7907.75,Annual Price List
2026-05-01,PRD0006,SUP003,7299.05,8101.5,ERP Standard Cost
2026-06-01,PRD0006,SUP003,7299.05,8238.74,Supplier Quote
2024-01-01,PRD0007,SUP001,3215.52,3184.24,ERP Standard Cost
2024-02-01,PRD0007,SUP001,3215.52,3237.1,Annual Price List
2024-03-01,PRD0007,SUP001,3215.52,3264.79,Supplier Quote
2024-04-01,PRD0007,SUP001,3215.52,3238.57,Supplier Quote
2024-05-01,PRD0007,SUP001,3215.52,3206.41,Manual Review
2024-06-01,PRD0007,SUP001,3215.52,3225.79,Supplier Quote
2024-07-01,PRD0007,SUP001,3215.52,3238.85,ERP Standard Cost
2024-08-01,PRD0007,SUP001,3215.52,3256.76,Supplier Quote
2024-09-01,PRD0007,SUP001,3215.52,3266.79,Annual Price List
2024-10-01,PRD0007,SUP001,3215.52,3341.33,Supplier Quote
2024-11-01,PRD0007,SUP001,3215.52,3388.41,ERP Standard Cost
2024-12-01,PRD0007,SUP001,3215.52,3399.67,Supplier Quote
2025-01-01,PRD0007,SUP001,3215.52,3356.94,Manual Review
2025-02-01,PRD0007,SUP001,3215.52,3420.36,Manual Review
2025-03-01,PRD0007,SUP001,3215.52,3462.92,Manual Review
2025-04-01,PRD0007,SUP001,3215.52,3509.66,Manual Review
2025-05-01,PRD0007,SUP001,3215.52,3467.33,Supplier Quote
2025-06-01,PRD0007,SUP001,3215.52,3460.0,Annual Price List
2025-07-01,PRD0007,SUP001,3215.52,3417.19,ERP Standard Cost
2025-08-01,PRD0007,SUP001,3215.52,3451.27,ERP Standard Cost
2025-09-01,PRD0007,SUP001,3215.52,3452.08,ERP Standard Cost
2025-10-01,PRD0007,SUP001,3215.52,3462.95,Manual Review
2025-11-01,PRD0007,SUP001,3215.52,3424.74,Supplier Quote
2025-12-01,PRD0007,SUP001,3215.52,3490.2,Annual Price List
2026-01-01,PRD0007,SUP001,3215.52,3497.88,Annual Price List
2026-02-01,PRD0007,SUP001,3215.52,3503.32,Manual Review
2026-03-01,PRD0007,SUP001,3215.52,3506.64,Supplier Quote
2026-04-01,PRD0007,SUP001,3215.52,3497.88,ERP Standard Cost
2026-05-01,PRD0007,SUP001,3215.52,3538.47,ERP Standard Cost
2026-06-01,PRD0007,SUP001,3215.52,3620.36,Manual Review
2024-01-01,PRD0008,SUP002,3627.53,3586.35,Supplier Quote
2024-02-01,PRD0008,SUP002,3627.53,3545.93,Supplier Quote
2024-03-01,PRD0008,SUP002,3627.53,3598.35,ERP Standard Cost
2024-04-01,PRD0008,SUP002,3627.53,3661.22,Supplier Quote
2024-05-01,PRD0008,SUP002,3627.53,3692.19,ERP Standard Cost
2024-06-01,PRD0008,SUP002,3627.53,3735.76,Manual Review
2024-07-01,PRD0008,SUP002,3627.53,3732.56,Manual Review
2024-08-01,PRD0008,SUP002,3627.53,3806.18,Supplier Quote
2024-09-01,PRD0008,SUP002,3627.53,3896.52,ERP Standard Cost
2024-10-01,PRD0008,SUP002,3627.53,3892.88,Annual Price List
2024-11-01,PRD0008,SUP002,3627.53,3858.58,Manual Review
2024-12-01,PRD0008,SUP002,3627.53,3835.32,Supplier Quote
2025-01-01,PRD0008,SUP002,3627.53,3831.5,ERP Standard Cost
2025-02-01,PRD0008,SUP002,3627.53,3791.63,ERP Standard Cost
2025-03-01,PRD0008,SUP002,3627.53,3821.83,Manual Review
2025-04-01,PRD0008,SUP002,3627.53,3893.7,Supplier Quote
2025-05-01,PRD0008,SUP002,3627.53,3930.15,ERP Standard Cost
2025-06-01,PRD0008,SUP002,3627.53,3875.75,ERP Standard Cost
2025-07-01,PRD0008,SUP002,3627.53,3926.55,ERP Standard Cost
2025-08-01,PRD0008,SUP002,3627.53,4012.39,ERP Standard Cost
2025-09-01,PRD0008,SUP002,3627.53,3953.19,Annual Price List
2025-10-01,PRD0008,SUP002,3627.53,3983.44,Manual Review
2025-11-01,PRD0008,SUP002,3627.53,3934.77,Supplier Quote
2025-12-01,PRD0008,SUP002,3627.53,3890.19,Annual Price List
2026-01-01,PRD0008,SUP002,3627.53,3890.38,Manual Review
2026-02-01,PRD0008,SUP002,3627.53,3885.07,ERP Standard Cost
2026-03-01,PRD0008,SUP002,3627.53,3875.23,ERP Standard Cost
2026-04-01,PRD0008,SUP002,3627.53,3937.51,Supplier Quote
2026-05-01,PRD0008,SUP002,3627.53,4017.58,Annual Price List
2026-06-01,PRD0008,SUP002,3627.53,3982.61,Supplier Quote
2024-01-01,PRD0009,SUP002,1051.36,1047.03,Manual Review
2024-02-01,PRD0009,SUP002,1051.36,1051.67,Manual Review
2024-03-01,PRD0009,SUP002,1051.36,1053.32,Annual Price List
2024-04-01,PRD0009,SUP002,1051.36,1069.32,Supplier Quote
2024-05-01,PRD0009,SUP002,1051.36,1068.05,Supplier Quote
2024-06-01,PRD0009,SUP002,1051.36,1064.13,Manual Review
2024-07-01,PRD0009,SUP002,1051.36,1070.6,ERP Standard Cost
2024-08-01,PRD0009,SUP002,1051.36,1056.48,Manual Review
2024-09-01,PRD0009,SUP002,1051.36,1082.24,Supplier Quote
2024-10-01,PRD0009,SUP002,1051.36,1066.34,ERP Standard Cost
2024-11-01,PRD0009,SUP002,1051.36,1090.66,Annual Price List
2024-12-01,PRD0009,SUP002,1051.36,1107.64,ERP Standard Cost
2025-01-01,PRD0009,SUP002,1051.36,1105.56,Supplier Quote
2025-02-01,PRD0009,SUP002,1051.36,1110.97,Manual Review
2025-03-01,PRD0009,SUP002,1051.36,1102.12,Manual Review
2025-04-01,PRD0009,SUP002,1051.36,1109.06,Annual Price List
2025-05-01,PRD0009,SUP002,1051.36,1114.62,ERP Standard Cost
2025-06-01,PRD0009,SUP002,1051.36,1101.12,Supplier Quote
2025-07-01,PRD0009,SUP002,1051.36,1103.81,Manual Review
2025-08-01,PRD0009,SUP002,1051.36,1127.93,ERP Standard Cost
2025-09-01,PRD0009,SUP002,1051.36,1136.98,Manual Review
2025-10-01,PRD0009,SUP002,1051.36,1152.2,Manual Review
2025-11-01,PRD0009,SUP002,1051.36,1148.26,Manual Review
2025-12-01,PRD0009,SUP002,1051.36,1131.99,ERP Standard Cost
2026-01-01,PRD0009,SUP002,1051.36,1122.79,Manual Review
2026-02-01,PRD0009,SUP002,1051.36,1143.32,ERP Standard Cost
2026-03-01,PRD0009,SUP002,1051.36,1130.2,Supplier Quote
2026-04-01,PRD0009,SUP002,1051.36,1124.25,Manual Review
2026-05-01,PRD0009,SUP002,1051.36,1130.95,Manual Review
2026-06-01,PRD0009,SUP002,1051.36,1153.36,ERP Standard Cost
2024-01-01,PRD0010,SUP004,6028.02,6017.91,Annual Price List
2024-02-01,PRD0010,SUP004,6028.02,5946.03,Supplier Quote
2024-03-01,PRD0010,SUP004,6028.02,5983.04,Annual Price List
2024-04-01,PRD0010,SUP004,6028.02,6110.1,ERP Standard Cost
2024-05-01,PRD0010,SUP004,6028.02,6104.26,Annual Price List
2024-06-01,PRD0010,SUP004,6028.02,6070.38,Annual Price List
2024-07-01,PRD0010,SUP004,6028.02,6041.48,Annual Price List
2024-08-01,PRD0010,SUP004,6028.02,6096.43,Supplier Quote
2024-09-01,PRD0010,SUP004,6028.02,6048.18,Manual Review
2024-10-01,PRD0010,SUP004,6028.02,6069.7,Manual Review
2024-11-01,PRD0010,SUP004,6028.02,6144.03,ERP Standard Cost
2024-12-01,PRD0010,SUP004,6028.02,6264.27,ERP Standard Cost
2025-01-01,PRD0010,SUP004,6028.02,6208.13,Supplier Quote
2025-02-01,PRD0010,SUP004,6028.02,6231.45,ERP Standard Cost
2025-03-01,PRD0010,SUP004,6028.02,6336.47,Supplier Quote
2025-04-01,PRD0010,SUP004,6028.02,6330.63,Supplier Quote
2025-05-01,PRD0010,SUP004,6028.02,6314.27,Manual Review
2025-06-01,PRD0010,SUP004,6028.02,6229.06,ERP Standard Cost
2025-07-01,PRD0010,SUP004,6028.02,6342.85,Supplier Quote
2025-08-01,PRD0010,SUP004,6028.02,6411.27,Supplier Quote
2025-09-01,PRD0010,SUP004,6028.02,6472.82,Manual Review
2025-10-01,PRD0010,SUP004,6028.02,6495.53,Supplier Quote
2025-11-01,PRD0010,SUP004,6028.02,6514.94,Annual Price List
2025-12-01,PRD0010,SUP004,6028.02,6501.01,Manual Review
2026-01-01,PRD0010,SUP004,6028.02,6533.87,Supplier Quote
2026-02-01,PRD0010,SUP004,6028.02,6553.61,ERP Standard Cost
2026-03-01,PRD0010,SUP004,6028.02,6712.83,Supplier Quote
2026-04-01,PRD0010,SUP004,6028.02,6747.61,Annual Price List
2026-05-01,PRD0010,SUP004,6028.02,6656.97,Manual Review
2026-06-01,PRD0010,SUP004,6028.02,6820.99,Annual Price List
2024-01-01,PRD0011,SUP006,24047.87,24045.8,ERP Standard Cost
2024-02-01,PRD0011,SUP006,24047.87,24057.75,ERP Standard Cost
2024-03-01,PRD0011,SUP006,24047.87,24350.19,Supplier Quote
2024-04-01,PRD0011,SUP006,24047.87,24753.65,ERP Standard Cost
2024-05-01,PRD0011,SUP006,24047.87,24447.61,Supplier Quote
2024-06-01,PRD0011,SUP006,24047.87,24626.53,Manual Review
2024-07-01,PRD0011,SUP006,24047.87,24537.03,Annual Price List
2024-08-01,PRD0011,SUP006,24047.87,24496.17,Annual Price List
2024-09-01,PRD0011,SUP006,24047.87,25026.99,ERP Standard Cost
2024-10-01,PRD0011,SUP006,24047.87,25620.33,Manual Review
2024-11-01,PRD0011,SUP006,24047.87,25368.18,Supplier Quote
2024-12-01,PRD0011,SUP006,24047.87,25301.8,Manual Review
2025-01-01,PRD0011,SUP006,24047.87,25573.53,ERP Standard Cost
2025-02-01,PRD0011,SUP006,24047.87,26021.77,Supplier Quote
2025-03-01,PRD0011,SUP006,24047.87,26303.87,Manual Review
2025-04-01,PRD0011,SUP006,24047.87,26444.32,Supplier Quote
2025-05-01,PRD0011,SUP006,24047.87,26431.2,Annual Price List
2025-06-01,PRD0011,SUP006,24047.87,27040.35,ERP Standard Cost
2025-07-01,PRD0011,SUP006,24047.87,27659.76,Manual Review
2025-08-01,PRD0011,SUP006,24047.87,27457.3,Annual Price List
2025-09-01,PRD0011,SUP006,24047.87,27215.61,ERP Standard Cost
2025-10-01,PRD0011,SUP006,24047.87,27726.64,Supplier Quote
2025-11-01,PRD0011,SUP006,24047.87,27873.81,Supplier Quote
2025-12-01,PRD0011,SUP006,24047.87,28193.72,Annual Price List
2026-01-01,PRD0011,SUP006,24047.87,28444.36,Annual Price List
2026-02-01,PRD0011,SUP006,24047.87,28202.29,Annual Price List
2026-03-01,PRD0011,SUP006,24047.87,28592.82,Supplier Quote
2026-04-01,PRD0011,SUP006,24047.87,28633.83,Annual Price List
2026-05-01,PRD0011,SUP006,24047.87,29314.84,ERP Standard Cost
2026-06-01,PRD0011,SUP006,24047.87,29757.37,Manual Review
2024-01-01,PRD0012,SUP004,353.83,356.08,ERP Standard Cost
2024-02-01,PRD0012,SUP004,353.83,364.49,Manual Review
2024-03-01,PRD0012,SUP004,353.83,372.2,Annual Price List
2024-04-01,PRD0012,SUP004,353.83,372.1,Manual Review
2024-05-01,PRD0012,SUP004,353.83,373.39,ERP Standard Cost
2024-06-01,PRD0012,SUP004,353.83,379.41,Manual Review
2024-07-01,PRD0012,SUP004,353.83,388.38,Annual Price List
2024-08-01,PRD0012,SUP004,353.83,395.0,Annual Price List
2024-09-01,PRD0012,SUP004,353.83,402.87,Supplier Quote
2024-10-01,PRD0012,SUP004,353.83,407.16,ERP Standard Cost
2024-11-01,PRD0012,SUP004,353.83,410.09,Supplier Quote
2024-12-01,PRD0012,SUP004,353.83,415.6,Supplier Quote
2025-01-01,PRD0012,SUP004,353.83,414.11,Annual Price List
2025-02-01,PRD0012,SUP004,353.83,412.42,Annual Price List
2025-03-01,PRD0012,SUP004,353.83,419.94,Supplier Quote
2025-04-01,PRD0012,SUP004,353.83,429.54,Annual Price List
2025-05-01,PRD0012,SUP004,353.83,437.13,ERP Standard Cost
2025-06-01,PRD0012,SUP004,353.83,446.84,Manual Review
2025-07-01,PRD0012,SUP004,353.83,441.09,ERP Standard Cost
2025-08-01,PRD0012,SUP004,353.83,438.63,Supplier Quote
2025-09-01,PRD0012,SUP004,353.83,438.63,Supplier Quote
2025-10-01,PRD0012,SUP004,353.83,437.64,Supplier Quote
2025-11-01,PRD0012,SUP004,353.83,445.77,ERP Standard Cost
2025-12-01,PRD0012,SUP004,353.83,453.19,Annual Price List
2026-01-01,PRD0012,SUP004,353.83,447.09,Manual Review
2026-02-01,PRD0012,SUP004,353.83,452.83,Annual Price List
2026-03-01,PRD0012,SUP004,353.83,459.78,Manual Review
2026-04-01,PRD0012,SUP004,353.83,461.14,Supplier Quote
2026-05-01,PRD0012,SUP004,353.83,470.93,Supplier Quote
2026-06-01,PRD0012,SUP004,353.83,468.69,Annual Price List
2024-01-01,PRD0013,SUP009,903.51,923.94,Manual Review
2024-02-01,PRD0013,SUP009,903.51,914.19,ERP Standard Cost
2024-03-01,PRD0013,SUP009,903.51,909.16,Supplier Quote
2024-04-01,PRD0013,SUP009,903.51,897.26,Manual Review
2024-05-01,PRD0013,SUP009,903.51,906.74,Manual Review
2024-06-01,PRD0013,SUP009,903.51,895.41,Manual Review
2024-07-01,PRD0013,SUP009,903.51,903.36,Supplier Quote
2024-08-01,PRD0013,SUP009,903.51,912.64,Annual Price List
2024-09-01,PRD0013,SUP009,903.51,925.18,ERP Standard Cost
2024-10-01,PRD0013,SUP009,903.51,927.19,ERP Standard Cost
2024-11-01,PRD0013,SUP009,903.51,922.2,Manual Review
2024-12-01,PRD0013,SUP009,903.51,915.28,Supplier Quote
2025-01-01,PRD0013,SUP009,903.51,920.72,ERP Standard Cost
2025-02-01,PRD0013,SUP009,903.51,909.4,Supplier Quote
2025-03-01,PRD0013,SUP009,903.51,909.96,Manual Review
2025-04-01,PRD0013,SUP009,903.51,897.9,Manual Review
2025-05-01,PRD0013,SUP009,903.51,919.66,ERP Standard Cost
2025-06-01,PRD0013,SUP009,903.51,933.36,ERP Standard Cost
2025-07-01,PRD0013,SUP009,903.51,948.8,ERP Standard Cost
2025-08-01,PRD0013,SUP009,903.51,943.72,Supplier Quote
2025-09-01,PRD0013,SUP009,903.51,958.68,ERP Standard Cost
2025-10-01,PRD0013,SUP009,903.51,949.42,ERP Standard Cost
2025-11-01,PRD0013,SUP009,903.51,955.91,Annual Price List
2025-12-01,PRD0013,SUP009,903.51,973.33,Manual Review
2026-01-01,PRD0013,SUP009,903.51,996.91,Manual Review
2026-02-01,PRD0013,SUP009,903.51,1007.15,Annual Price List
2026-03-01,PRD0013,SUP009,903.51,994.58,Manual Review
2026-04-01,PRD0013,SUP009,903.51,981.14,Annual Price List
2026-05-01,PRD0013,SUP009,903.51,968.14,Annual Price List
2026-06-01,PRD0013,SUP009,903.51,987.92,ERP Standard Cost
2024-01-01,PRD0014,SUP005,32690.88,32874.45,Manual Review
2024-02-01,PRD0014,SUP005,32690.88,32714.44,Annual Price List
2024-03-01,PRD0014,SUP005,32690.88,32598.12,Supplier Quote
2024-04-01,PRD0014,SUP005,32690.88,33238.08,ERP Standard Cost
2024-05-01,PRD0014,SUP005,32690.88,33102.76,ERP Standard Cost
2024-06-01,PRD0014,SUP005,32690.88,33184.79,Manual Review
2024-07-01,PRD0014,SUP005,32690.88,33673.68,Manual Review
2024-08-01,PRD0014,SUP005,32690.88,33625.24,Annual Price List
2024-09-01,PRD0014,SUP005,32690.88,33788.26,Manual Review
2024-10-01,PRD0014,SUP005,32690.88,33777.91,ERP Standard Cost
2024-11-01,PRD0014,SUP005,32690.88,34353.69,Manual Review
2024-12-01,PRD0014,SUP005,32690.88,33946.84,Annual Price List
2025-01-01,PRD0014,SUP005,32690.88,34178.32,ERP Standard Cost
2025-02-01,PRD0014,SUP005,32690.88,33805.91,ERP Standard Cost
2025-03-01,PRD0014,SUP005,32690.88,34192.54,ERP Standard Cost
2025-04-01,PRD0014,SUP005,32690.88,34289.54,Manual Review
2025-05-01,PRD0014,SUP005,32690.88,34003.76,Manual Review
2025-06-01,PRD0014,SUP005,32690.88,33971.86,Supplier Quote
2025-07-01,PRD0014,SUP005,32690.88,34449.93,ERP Standard Cost
2025-08-01,PRD0014,SUP005,32690.88,34780.45,Manual Review
2025-09-01,PRD0014,SUP005,32690.88,34640.71,Supplier Quote
2025-10-01,PRD0014,SUP005,32690.88,34225.07,Manual Review
2025-11-01,PRD0014,SUP005,32690.88,34209.07,Annual Price List
2025-12-01,PRD0014,SUP005,32690.88,34999.7,Annual Price List
2026-01-01,PRD0014,SUP005,32690.88,35662.83,Manual Review
2026-02-01,PRD0014,SUP005,32690.88,35177.53,Supplier Quote
2026-03-01,PRD0014,SUP005,32690.88,34981.93,ERP Standard Cost
2026-04-01,PRD0014,SUP005,32690.88,34963.95,Supplier Quote
2026-05-01,PRD0014,SUP005,32690.88,35285.75,Manual Review
2026-06-01,PRD0014,SUP005,32690.88,36095.67,ERP Standard Cost
2024-01-01,PRD0015,SUP008,24943.22,25330.42,Annual Price List
2024-02-01,PRD0015,SUP008,24943.22,25486.92,Manual Review
2024-03-01,PRD0015,SUP008,24943.22,25425.13,ERP Standard Cost
2024-04-01,PRD0015,SUP008,24943.22,25297.61,Supplier Quote
2024-05-01,PRD0015,SUP008,24943.22,24944.37,Annual Price List
2024-06-01,PRD0015,SUP008,24943.22,25068.13,Manual Review
2024-07-01,PRD0015,SUP008,24943.22,25608.14,Supplier Quote
2024-08-01,PRD0015,SUP008,24943.22,25492.17,ERP Standard Cost
2024-09-01,PRD0015,SUP008,24943.22,25827.68,Annual Price List
2024-10-01,PRD0015,SUP008,24943.22,26469.62,ERP Standard Cost
2024-11-01,PRD0015,SUP008,24943.22,26807.35,Manual Review
2024-12-01,PRD0015,SUP008,24943.22,26619.89,Annual Price List
2025-01-01,PRD0015,SUP008,24943.22,27128.68,Manual Review
2025-02-01,PRD0015,SUP008,24943.22,26909.11,Manual Review
2025-03-01,PRD0015,SUP008,24943.22,27578.89,ERP Standard Cost
2025-04-01,PRD0015,SUP008,24943.22,27901.93,Supplier Quote
2025-05-01,PRD0015,SUP008,24943.22,28097.24,ERP Standard Cost
2025-06-01,PRD0015,SUP008,24943.22,28677.54,Annual Price List
2025-07-01,PRD0015,SUP008,24943.22,29063.9,Annual Price List
2025-08-01,PRD0015,SUP008,24943.22,29550.66,Annual Price List
2025-09-01,PRD0015,SUP008,24943.22,29250.85,Annual Price List
2025-10-01,PRD0015,SUP008,24943.22,29738.83,Annual Price List
2025-11-01,PRD0015,SUP008,24943.22,30232.94,Supplier Quote
2025-12-01,PRD0015,SUP008,24943.22,30215.88,ERP Standard Cost
2026-01-01,PRD0015,SUP008,24943.22,30327.57,Annual Price List
2026-02-01,PRD0015,SUP008,24943.22,30615.01,Supplier Quote
2026-03-01,PRD0015,SUP008,24943.22,30236.3,Manual Review
2026-04-01,PRD0015,SUP008,24943.22,30991.72,Manual Review
2026-05-01,PRD0015,SUP008,24943.22,31178.53,Manual Review
2026-06-01,PRD0015,SUP008,24943.22,31737.68,Supplier Quote
2024-01-01,PRD0016,SUP003,331.24,339.16,Supplier Quote
2024-02-01,PRD0016,SUP003,331.24,340.17,ERP Standard Cost
2024-03-01,PRD0016,SUP003,331.24,336.82,Annual Price List
2024-04-01,PRD0016,SUP003,331.24,342.11,Annual Price List
2024-05-01,PRD0016,SUP003,331.24,342.9,Supplier Quote
2024-06-01,PRD0016,SUP003,331.24,349.16,Annual Price List
2024-07-01,PRD0016,SUP003,331.24,348.17,Annual Price List
2024-08-01,PRD0016,SUP003,331.24,347.44,Annual Price List
2024-09-01,PRD0016,SUP003,331.24,347.03,ERP Standard Cost
2024-10-01,PRD0016,SUP003,331.24,353.57,ERP Standard Cost
2024-11-01,PRD0016,SUP003,331.24,351.04,ERP Standard Cost
2024-12-01,PRD0016,SUP003,331.24,347.54,ERP Standard Cost
2025-01-01,PRD0016,SUP003,331.24,350.86,Supplier Quote
2025-02-01,PRD0016,SUP003,331.24,352.66,Annual Price List
2025-03-01,PRD0016,SUP003,331.24,355.71,Annual Price List
2025-04-01,PRD0016,SUP003,331.24,352.81,ERP Standard Cost
2025-05-01,PRD0016,SUP003,331.24,359.41,Supplier Quote
2025-06-01,PRD0016,SUP003,331.24,365.88,Supplier Quote
2025-07-01,PRD0016,SUP003,331.24,361.58,ERP Standard Cost
2025-08-01,PRD0016,SUP003,331.24,365.58,Manual Review
2025-09-01,PRD0016,SUP003,331.24,369.13,Supplier Quote
2025-10-01,PRD0016,SUP003,331.24,370.95,ERP Standard Cost
2025-11-01,PRD0016,SUP003,331.24,374.91,ERP Standard Cost
2025-12-01,PRD0016,SUP003,331.24,376.53,Manual Review
2026-01-01,PRD0016,SUP003,331.24,375.36,Supplier Quote
2026-02-01,PRD0016,SUP003,331.24,380.07,Annual Price List
2026-03-01,PRD0016,SUP003,331.24,381.05,Manual Review
2026-04-01,PRD0016,SUP003,331.24,382.42,ERP Standard Cost
2026-05-01,PRD0016,SUP003,331.24,385.96,ERP Standard Cost
2026-06-01,PRD0016,SUP003,331.24,393.47,ERP Standard Cost
2024-01-01,PRD0017,SUP006,4059.95,4157.45,Annual Price List
2024-02-01,PRD0017,SUP006,4059.95,4221.58,Supplier Quote
2024-03-01,PRD0017,SUP006,4059.95,4212.15,Manual Review
2024-04-01,PRD0017,SUP006,4059.95,4169.61,Manual Review
2024-05-01,PRD0017,SUP006,4059.95,4148.41,Supplier Quote
2024-06-01,PRD0017,SUP006,4059.95,4094.58,Manual Review
2024-07-01,PRD0017,SUP006,4059.95,4174.7,Manual Review
2024-08-01,PRD0017,SUP006,4059.95,4153.54,Annual Price List
2024-09-01,PRD0017,SUP006,4059.95,4226.39,ERP Standard Cost
2024-10-01,PRD0017,SUP006,4059.95,4195.09,Annual Price List
2024-11-01,PRD0017,SUP006,4059.95,4215.77,Manual Review
2024-12-01,PRD0017,SUP006,4059.95,4236.64,ERP Standard Cost
2025-01-01,PRD0017,SUP006,4059.95,4257.38,Supplier Quote
2025-02-01,PRD0017,SUP006,4059.95,4354.49,Manual Review
2025-03-01,PRD0017,SUP006,4059.95,4457.54,Annual Price List
2025-04-01,PRD0017,SUP006,4059.95,4494.69,Supplier Quote
2025-05-01,PRD0017,SUP006,4059.95,4436.36,Manual Review
2025-06-01,PRD0017,SUP006,4059.95,4475.85,Manual Review
2025-07-01,PRD0017,SUP006,4059.95,4459.87,Supplier Quote
2025-08-01,PRD0017,SUP006,4059.95,4544.1,Manual Review
2025-09-01,PRD0017,SUP006,4059.95,4500.28,ERP Standard Cost
2025-10-01,PRD0017,SUP006,4059.95,4563.74,Manual Review
2025-11-01,PRD0017,SUP006,4059.95,4562.08,Manual Review
2025-12-01,PRD0017,SUP006,4059.95,4502.99,Annual Price List
2026-01-01,PRD0017,SUP006,4059.95,4500.74,ERP Standard Cost
2026-02-01,PRD0017,SUP006,4059.95,4446.47,Manual Review
2026-03-01,PRD0017,SUP006,4059.95,4515.73,ERP Standard Cost
2026-04-01,PRD0017,SUP006,4059.95,4597.07,Supplier Quote
2026-05-01,PRD0017,SUP006,4059.95,4551.77,Supplier Quote
2026-06-01,PRD0017,SUP006,4059.95,4555.21,ERP Standard Cost
2024-01-01,PRD0018,SUP009,964.34,986.09,Annual Price List
2024-02-01,PRD0018,SUP009,964.34,979.15,Manual Review
2024-03-01,PRD0018,SUP009,964.34,984.05,Supplier Quote
2024-04-01,PRD0018,SUP009,964.34,970.82,ERP Standard Cost
2024-05-01,PRD0018,SUP009,964.34,987.48,Manual Review
2024-06-01,PRD0018,SUP009,964.34,978.55,Annual Price List
2024-07-01,PRD0018,SUP009,964.34,976.71,ERP Standard Cost
2024-08-01,PRD0018,SUP009,964.34,968.41,ERP Standard Cost
2024-09-01,PRD0018,SUP009,964.34,976.88,Manual Review
2024-10-01,PRD0018,SUP009,964.34,989.92,ERP Standard Cost
2024-11-01,PRD0018,SUP009,964.34,993.88,Supplier Quote
2024-12-01,PRD0018,SUP009,964.34,993.61,Supplier Quote
2025-01-01,PRD0018,SUP009,964.34,1017.66,ERP Standard Cost
2025-02-01,PRD0018,SUP009,964.34,1034.82,Supplier Quote
2025-03-01,PRD0018,SUP009,964.34,1044.01,ERP Standard Cost
2025-04-01,PRD0018,SUP009,964.34,1068.73,Annual Price List
2025-05-01,PRD0018,SUP009,964.34,1083.54,Manual Review
2025-06-01,PRD0018,SUP009,964.34,1074.68,Manual Review
2025-07-01,PRD0018,SUP009,964.34,1064.91,Annual Price List
2025-08-01,PRD0018,SUP009,964.34,1050.28,Supplier Quote
2025-09-01,PRD0018,SUP009,964.34,1042.54,Manual Review
2025-10-01,PRD0018,SUP009,964.34,1039.99,Annual Price List
2025-11-01,PRD0018,SUP009,964.34,1041.57,Annual Price List
2025-12-01,PRD0018,SUP009,964.34,1043.04,Manual Review
2026-01-01,PRD0018,SUP009,964.34,1063.81,Supplier Quote
2026-02-01,PRD0018,SUP009,964.34,1077.89,Annual Price List
2026-03-01,PRD0018,SUP009,964.34,1085.9,Manual Review
2026-04-01,PRD0018,SUP009,964.34,1092.44,ERP Standard Cost
2026-05-01,PRD0018,SUP009,964.34,1117.85,Manual Review
2026-06-01,PRD0018,SUP009,964.34,1141.87,ERP Standard Cost
2024-01-01,PRD0019,SUP009,1529.16,1527.89,ERP Standard Cost
2024-02-01,PRD0019,SUP009,1529.16,1542.26,Annual Price List
2024-03-01,PRD0019,SUP009,1529.16,1578.18,ERP Standard Cost
2024-04-01,PRD0019,SUP009,1529.16,1589.74,Annual Price List
2024-05-01,PRD0019,SUP009,1529.16,1625.76,ERP Standard Cost
2024-06-01,PRD0019,SUP009,1529.16,1651.53,Annual Price List
2024-07-01,PRD0019,SUP009,1529.16,1672.35,Manual Review
2024-08-01,PRD0019,SUP009,1529.16,1668.48,ERP Standard Cost
2024-09-01,PRD0019,SUP009,1529.16,1680.86,ERP Standard Cost
2024-10-01,PRD0019,SUP009,1529.16,1674.99,Manual Review
2024-11-01,PRD0019,SUP009,1529.16,1709.88,Manual Review
2024-12-01,PRD0019,SUP009,1529.16,1740.21,Annual Price List
2025-01-01,PRD0019,SUP009,1529.16,1734.32,ERP Standard Cost
2025-02-01,PRD0019,SUP009,1529.16,1774.58,Supplier Quote
2025-03-01,PRD0019,SUP009,1529.16,1772.55,Manual Review
2025-04-01,PRD0019,SUP009,1529.16,1792.47,Manual Review
2025-05-01,PRD0019,SUP009,1529.16,1780.93,ERP Standard Cost
2025-06-01,PRD0019,SUP009,1529.16,1820.68,ERP Standard Cost
2025-07-01,PRD0019,SUP009,1529.16,1803.36,Annual Price List
2025-08-01,PRD0019,SUP009,1529.16,1793.8,Annual Price List
2025-09-01,PRD0019,SUP009,1529.16,1812.67,Supplier Quote
2025-10-01,PRD0019,SUP009,1529.16,1792.74,ERP Standard Cost
2025-11-01,PRD0019,SUP009,1529.16,1817.3,Supplier Quote
2025-12-01,PRD0019,SUP009,1529.16,1839.55,Annual Price List
2026-01-01,PRD0019,SUP009,1529.16,1812.34,Annual Price List
2026-02-01,PRD0019,SUP009,1529.16,1814.65,Manual Review
2026-03-01,PRD0019,SUP009,1529.16,1822.09,Annual Price List
2026-04-01,PRD0019,SUP009,1529.16,1849.85,ERP Standard Cost
2026-05-01,PRD0019,SUP009,1529.16,1845.87,Supplier Quote
2026-06-01,PRD0019,SUP009,1529.16,1885.22,Supplier Quote
2024-01-01,PRD0020,SUP010,9260.33,9207.44,Supplier Quote
2024-02-01,PRD0020,SUP010,9260.33,9405.67,Annual Price List
2024-03-01,PRD0020,SUP010,9260.33,9421.81,Annual Price List
2024-04-01,PRD0020,SUP010,9260.33,9632.45,Supplier Quote
2024-05-01,PRD0020,SUP010,9260.33,9872.17,Manual Review
2024-06-01,PRD0020,SUP010,9260.33,10035.24,Annual Price List
2024-07-01,PRD0020,SUP010,9260.33,10260.68,ERP Standard Cost
2024-08-01,PRD0020,SUP010,9260.33,10466.61,Supplier Quote
2024-09-01,PRD0020,SUP010,9260.33,10434.53,Supplier Quote
2024-10-01,PRD0020,SUP010,9260.33,10665.54,ERP Standard Cost
2024-11-01,PRD0020,SUP010,9260.33,10626.95,Manual Review
2024-12-01,PRD0020,SUP010,9260.33,10845.55,Annual Price List
2025-01-01,PRD0020,SUP010,9260.33,11052.08,Manual Review
2025-02-01,PRD0020,SUP010,9260.33,11006.91,Supplier Quote
2025-03-01,PRD0020,SUP010,9260.33,10987.4,Manual Review
2025-04-01,PRD0020,SUP010,9260.33,11107.51,Annual Price List
2025-05-01,PRD0020,SUP010,9260.33,10947.16,ERP Standard Cost
2025-06-01,PRD0020,SUP010,9260.33,11129.21,Annual Price List
2025-07-01,PRD0020,SUP010,9260.33,11040.4,Manual Review
2025-08-01,PRD0020,SUP010,9260.33,11240.01,ERP Standard Cost
2025-09-01,PRD0020,SUP010,9260.33,11110.4,Supplier Quote
2025-10-01,PRD0020,SUP010,9260.33,11025.87,Annual Price List
2025-11-01,PRD0020,SUP010,9260.33,11071.05,Annual Price List
2025-12-01,PRD0020,SUP010,9260.33,10908.01,Manual Review
2026-01-01,PRD0020,SUP010,9260.33,10847.15,ERP Standard Cost
2026-02-01,PRD0020,SUP010,9260.33,11098.39,ERP Standard Cost
2026-03-01,PRD0020,SUP010,9260.33,11190.49,Supplier Quote
2026-04-01,PRD0020,SUP010,9260.33,11139.71,ERP Standard Cost
2026-05-01,PRD0020,SUP010,9260.33,11281.3,Supplier Quote
2026-06-01,PRD0020,SUP010,9260.33,11413.42,Manual Review
2024-01-01,PRD0021,SUP005,1107.93,1098.39,ERP Standard Cost
2024-02-01,PRD0021,SUP005,1107.93,1112.24,ERP Standard Cost
2024-03-01,PRD0021,SUP005,1107.93,1111.91,Annual Price List
2024-04-01,PRD0021,SUP005,1107.93,1104.98,Annual Price List
2024-05-01,PRD0021,SUP005,1107.93,1109.54,Manual Review
2024-06-01,PRD0021,SUP005,1107.93,1126.08,ERP Standard Cost
2024-07-01,PRD0021,SUP005,1107.93,1127.92,Manual Review
2024-08-01,PRD0021,SUP005,1107.93,1145.17,Annual Price List
2024-09-01,PRD0021,SUP005,1107.93,1162.89,Supplier Quote
2024-10-01,PRD0021,SUP005,1107.93,1169.89,ERP Standard Cost
2024-11-01,PRD0021,SUP005,1107.93,1156.0,Supplier Quote
2024-12-01,PRD0021,SUP005,1107.93,1141.51,Annual Price List
2025-01-01,PRD0021,SUP005,1107.93,1150.54,Annual Price List
2025-02-01,PRD0021,SUP005,1107.93,1140.86,Manual Review
2025-03-01,PRD0021,SUP005,1107.93,1129.05,Annual Price List
2025-04-01,PRD0021,SUP005,1107.93,1144.49,Manual Review
2025-05-01,PRD0021,SUP005,1107.93,1131.49,Manual Review
2025-06-01,PRD0021,SUP005,1107.93,1151.11,Manual Review
2025-07-01,PRD0021,SUP005,1107.93,1139.92,Manual Review
2025-08-01,PRD0021,SUP005,1107.93,1143.65,Supplier Quote
2025-09-01,PRD0021,SUP005,1107.93,1152.06,ERP Standard Cost
2025-10-01,PRD0021,SUP005,1107.93,1168.11,Manual Review
2025-11-01,PRD0021,SUP005,1107.93,1162.48,Supplier Quote
2025-12-01,PRD0021,SUP005,1107.93,1179.72,Supplier Quote
2026-01-01,PRD0021,SUP005,1107.93,1164.16,ERP Standard Cost
2026-02-01,PRD0021,SUP005,1107.93,1179.31,Supplier Quote
2026-03-01,PRD0021,SUP005,1107.93,1205.71,Supplier Quote
2026-04-01,PRD0021,SUP005,1107.93,1235.18,Manual Review
2026-05-01,PRD0021,SUP005,1107.93,1218.22,Manual Review
2026-06-01,PRD0021,SUP005,1107.93,1208.72,Annual Price List
2024-01-01,PRD0022,SUP007,690.53,690.52,Manual Review
2024-02-01,PRD0022,SUP007,690.53,692.55,Manual Review
2024-03-01,PRD0022,SUP007,690.53,692.56,Annual Price List
2024-04-01,PRD0022,SUP007,690.53,700.28,ERP Standard Cost
2024-05-01,PRD0022,SUP007,690.53,693.1,Manual Review
2024-06-01,PRD0022,SUP007,690.53,697.36,Annual Price List
2024-07-01,PRD0022,SUP007,690.53,710.19,Supplier Quote
2024-08-01,PRD0022,SUP007,690.53,727.33,Manual Review
2024-09-01,PRD0022,SUP007,690.53,736.02,Manual Review
2024-10-01,PRD0022,SUP007,690.53,740.64,Annual Price List
2024-11-01,PRD0022,SUP007,690.53,736.86,ERP Standard Cost
2024-12-01,PRD0022,SUP007,690.53,730.38,Annual Price List
2025-01-01,PRD0022,SUP007,690.53,746.81,Supplier Quote
2025-02-01,PRD0022,SUP007,690.53,736.57,Manual Review
2025-03-01,PRD0022,SUP007,690.53,743.64,Supplier Quote
2025-04-01,PRD0022,SUP007,690.53,739.65,Supplier Quote
2025-05-01,PRD0022,SUP007,690.53,731.54,Supplier Quote
2025-06-01,PRD0022,SUP007,690.53,733.63,Supplier Quote
2025-07-01,PRD0022,SUP007,690.53,729.8,Supplier Quote
2025-08-01,PRD0022,SUP007,690.53,730.6,Annual Price List
2025-09-01,PRD0022,SUP007,690.53,735.41,Supplier Quote
2025-10-01,PRD0022,SUP007,690.53,728.51,ERP Standard Cost
2025-11-01,PRD0022,SUP007,690.53,724.4,ERP Standard Cost
2025-12-01,PRD0022,SUP007,690.53,730.27,ERP Standard Cost
2026-01-01,PRD0022,SUP007,690.53,726.23,Annual Price List
2026-02-01,PRD0022,SUP007,690.53,743.98,Annual Price List
2026-03-01,PRD0022,SUP007,690.53,745.12,ERP Standard Cost
2026-04-01,PRD0022,SUP007,690.53,735.76,Annual Price List
2026-05-01,PRD0022,SUP007,690.53,743.15,Manual Review
2026-06-01,PRD0022,SUP007,690.53,748.53,Supplier Quote
2024-01-01,PRD0023,SUP006,3042.47,3111.42,Manual Review
2024-02-01,PRD0023,SUP006,3042.47,3162.55,ERP Standard Cost
2024-03-01,PRD0023,SUP006,3042.47,3203.2,Manual Review
2024-04-01,PRD0023,SUP006,3042.47,3174.27,Manual Review
2024-05-01,PRD0023,SUP006,3042.47,3150.0,Manual Review
2024-06-01,PRD0023,SUP006,3042.47,3133.11,Annual Price List
2024-07-01,PRD0023,SUP006,3042.47,3123.81,Annual Price List
2024-08-01,PRD0023,SUP006,3042.47,3177.63,Supplier Quote
2024-09-01,PRD0023,SUP006,3042.47,3201.45,Manual Review
2024-10-01,PRD0023,SUP006,3042.47,3224.79,Annual Price List
2024-11-01,PRD0023,SUP006,3042.47,3226.52,ERP Standard Cost
2024-12-01,PRD0023,SUP006,3042.47,3204.37,Supplier Quote
2025-01-01,PRD0023,SUP006,3042.47,3274.51,ERP Standard Cost
2025-02-01,PRD0023,SUP006,3042.47,3237.5,Annual Price List
2025-03-01,PRD0023,SUP006,3042.47,3195.61,Manual Review
2025-04-01,PRD0023,SUP006,3042.47,3233.79,Supplier Quote
2025-05-01,PRD0023,SUP006,3042.47,3298.29,Annual Price List
2025-06-01,PRD0023,SUP006,3042.47,3354.97,Annual Price List
2025-07-01,PRD0023,SUP006,3042.47,3368.98,ERP Standard Cost
2025-08-01,PRD0023,SUP006,3042.47,3359.31,Supplier Quote
2025-09-01,PRD0023,SUP006,3042.47,3337.38,Annual Price List
2025-10-01,PRD0023,SUP006,3042.47,3415.75,Supplier Quote
2025-11-01,PRD0023,SUP006,3042.47,3466.56,Manual Review
2025-12-01,PRD0023,SUP006,3042.47,3541.36,Annual Price List
2026-01-01,PRD0023,SUP006,3042.47,3544.42,Annual Price List
2026-02-01,PRD0023,SUP006,3042.47,3569.53,ERP Standard Cost
2026-03-01,PRD0023,SUP006,3042.47,3570.34,ERP Standard Cost
2026-04-01,PRD0023,SUP006,3042.47,3560.83,ERP Standard Cost
2026-05-01,PRD0023,SUP006,3042.47,3580.46,Manual Review
2026-06-01,PRD0023,SUP006,3042.47,3593.49,Manual Review
2024-01-01,PRD0024,SUP006,15587.6,15923.87,ERP Standard Cost
2024-02-01,PRD0024,SUP006,15587.6,15884.33,Supplier Quote
2024-03-01,PRD0024,SUP006,15587.6,16003.48,Annual Price List
2024-04-01,PRD0024,SUP006,15587.6,16237.93,Supplier Quote
2024-05-01,PRD0024,SUP006,15587.6,16163.74,Manual Review
2024-06-01,PRD0024,SUP006,15587.6,16112.14,Annual Price List
2024-07-01,PRD0024,SUP006,15587.6,16083.05,Manual Review
2024-08-01,PRD0024,SUP006,15587.6,16208.37,Annual Price List
2024-09-01,PRD0024,SUP006,15587.6,16288.96,ERP Standard Cost
2024-10-01,PRD0024,SUP006,15587.6,16212.28,Manual Review
2024-11-01,PRD0024,SUP006,15587.6,16595.87,Manual Review
2024-12-01,PRD0024,SUP006,15587.6,16652.85,ERP Standard Cost
2025-01-01,PRD0024,SUP006,15587.6,16515.81,Manual Review
2025-02-01,PRD0024,SUP006,15587.6,16389.66,Supplier Quote
2025-03-01,PRD0024,SUP006,15587.6,16487.3,Supplier Quote
2025-04-01,PRD0024,SUP006,15587.6,16863.34,Supplier Quote
2025-05-01,PRD0024,SUP006,15587.6,17125.96,Manual Review
2025-06-01,PRD0024,SUP006,15587.6,16963.26,Annual Price List
2025-07-01,PRD0024,SUP006,15587.6,16754.93,Annual Price List
2025-08-01,PRD0024,SUP006,15587.6,16509.73,Manual Review
2025-09-01,PRD0024,SUP006,15587.6,16508.54,Manual Review
2025-10-01,PRD0024,SUP006,15587.6,16696.27,Supplier Quote
2025-11-01,PRD0024,SUP006,15587.6,16450.24,Manual Review
2025-12-01,PRD0024,SUP006,15587.6,16211.28,ERP Standard Cost
2026-01-01,PRD0024,SUP006,15587.6,16315.51,ERP Standard Cost
2026-02-01,PRD0024,SUP006,15587.6,16081.97,Manual Review
2026-03-01,PRD0024,SUP006,15587.6,16359.33,Annual Price List
2026-04-01,PRD0024,SUP006,15587.6,16183.97,Supplier Quote
2026-05-01,PRD0024,SUP006,15587.6,16280.67,Annual Price List
2026-06-01,PRD0024,SUP006,15587.6,16161.46,ERP Standard Cost
2024-01-01,PRD0025,SUP006,475.9,473.85,Manual Review
2024-02-01,PRD0025,SUP006,475.9,468.24,Manual Review
2024-03-01,PRD0025,SUP006,475.9,469.81,Annual Price List
2024-04-01,PRD0025,SUP006,475.9,481.38,Annual Price List
2024-05-01,PRD0025,SUP006,475.9,479.93,Supplier Quote
2024-06-01,PRD0025,SUP006,475.9,485.28,Supplier Quote
2024-07-01,PRD0025,SUP006,475.9,479.82,Manual Review
2024-08-01,PRD0025,SUP006,475.9,479.86,Manual Review
2024-09-01,PRD0025,SUP006,475.9,473.74,Supplier Quote
2024-10-01,PRD0025,SUP006,475.9,479.95,Supplier Quote
2024-11-01,PRD0025,SUP006,475.9,482.35,Manual Review
2024-12-01,PRD0025,SUP006,475.9,487.56,ERP Standard Cost
2025-01-01,PRD0025,SUP006,475.9,491.28,Supplier Quote
2025-02-01,PRD0025,SUP006,475.9,501.49,Supplier Quote
2025-03-01,PRD0025,SUP006,475.9,498.58,Manual Review
2025-04-01,PRD0025,SUP006,475.9,496.51,Supplier Quote
2025-05-01,PRD0025,SUP006,475.9,502.65,ERP Standard Cost
2025-06-01,PRD0025,SUP006,475.9,513.19,Supplier Quote
2025-07-01,PRD0025,SUP006,475.9,509.18,ERP Standard Cost
2025-08-01,PRD0025,SUP006,475.9,501.86,Annual Price List
2025-09-01,PRD0025,SUP006,475.9,506.12,Manual Review
2025-10-01,PRD0025,SUP006,475.9,517.33,ERP Standard Cost
2025-11-01,PRD0025,SUP006,475.9,512.93,Annual Price List
2025-12-01,PRD0025,SUP006,475.9,516.86,Manual Review
2026-01-01,PRD0025,SUP006,475.9,523.11,ERP Standard Cost
2026-02-01,PRD0025,SUP006,475.9,523.29,Annual Price List
2026-03-01,PRD0025,SUP006,475.9,531.99,Supplier Quote
2026-04-01,PRD0025,SUP006,475.9,534.67,ERP Standard Cost
2026-05-01,PRD0025,SUP006,475.9,527.79,Manual Review
2026-06-01,PRD0025,SUP006,475.9,524.78,Supplier Quote
2024-01-01,PRD0026,SUP006,9097.31,9181.07,Manual Review
2024-02-01,PRD0026,SUP006,9097.31,9399.18,ERP Standard Cost
2024-03-01,PRD0026,SUP006,9097.31,9269.33,ERP Standard Cost
2024-04-01,PRD0026,SUP006,9097.31,9420.81,Manual Review
2024-05-01,PRD0026,SUP006,9097.31,9464.37,ERP Standard Cost
2024-06-01,PRD0026,SUP006,9097.31,9531.77,Manual Review
2024-07-01,PRD0026,SUP006,9097.31,9553.45,Manual Review
2024-08-01,PRD0026,SUP006,9097.31,9442.89,ERP Standard Cost
2024-09-01,PRD0026,SUP006,9097.31,9602.69,Supplier Quote
2024-10-01,PRD0026,SUP006,9097.31,9490.16,Annual Price List
2024-11-01,PRD0026,SUP006,9097.31,9492.06,Annual Price List
2024-12-01,PRD0026,SUP006,9097.31,9630.51,ERP Standard Cost
2025-01-01,PRD0026,SUP006,9097.31,9625.0,Supplier Quote
2025-02-01,PRD0026,SUP006,9097.31,9482.63,ERP Standard Cost
2025-03-01,PRD0026,SUP006,9097.31,9509.08,ERP Standard Cost
2025-04-01,PRD0026,SUP006,9097.31,9405.33,Supplier Quote
2025-05-01,PRD0026,SUP006,9097.31,9334.75,Manual Review
2025-06-01,PRD0026,SUP006,9097.31,9402.7,Manual Review
2025-07-01,PRD0026,SUP006,9097.31,9300.51,Supplier Quote
2025-08-01,PRD0026,SUP006,9097.31,9292.66,Supplier Quote
2025-09-01,PRD0026,SUP006,9097.31,9375.15,ERP Standard Cost
2025-10-01,PRD0026,SUP006,9097.31,9558.42,Supplier Quote
2025-11-01,PRD0026,SUP006,9097.31,9526.63,Manual Review
2025-12-01,PRD0026,SUP006,9097.31,9680.65,Annual Price List
2026-01-01,PRD0026,SUP006,9097.31,9756.91,Annual Price List
2026-02-01,PRD0026,SUP006,9097.31,9878.02,Annual Price List
2026-03-01,PRD0026,SUP006,9097.31,9784.71,ERP Standard Cost
2026-04-01,PRD0026,SUP006,9097.31,9742.99,Annual Price List
2026-05-01,PRD0026,SUP006,9097.31,9621.5,Manual Review
2026-06-01,PRD0026,SUP006,9097.31,9583.39,ERP Standard Cost
2024-01-01,PRD0027,SUP008,5555.21,5645.8,ERP Standard Cost
2024-02-01,PRD0027,SUP008,5555.21,5617.95,Annual Price List
2024-03-01,PRD0027,SUP008,5555.21,5695.68,Manual Review
2024-04-01,PRD0027,SUP008,5555.21,5745.53,Annual Price List
2024-05-01,PRD0027,SUP008,5555.21,5764.58,Annual Price List
2024-06-01,PRD0027,SUP008,5555.21,5748.36,Manual Review
2024-07-01,PRD0027,SUP008,5555.21,5738.52,Manual Review
2024-08-01,PRD0027,SUP008,5555.21,5837.01,ERP Standard Cost
2024-09-01,PRD0027,SUP008,5555.21,5852.24,Manual Review
2024-10-01,PRD0027,SUP008,5555.21,5955.35,Annual Price List
2024-11-01,PRD0027,SUP008,5555.21,5937.59,Annual Price List
2024-12-01,PRD0027,SUP008,5555.21,5962.29,Annual Price List
2025-01-01,PRD0027,SUP008,5555.21,6102.9,ERP Standard Cost
2025-02-01,PRD0027,SUP008,5555.21,6082.5,Manual Review
2025-03-01,PRD0027,SUP008,5555.21,6226.72,Annual Price List
2025-04-01,PRD0027,SUP008,5555.21,6214.49,ERP Standard Cost
2025-05-01,PRD0027,SUP008,5555.21,6324.23,Manual Review
2025-06-01,PRD0027,SUP008,5555.21,6321.71,Annual Price List
2025-07-01,PRD0027,SUP008,5555.21,6376.64,Annual Price List
2025-08-01,PRD0027,SUP008,5555.21,6454.87,Supplier Quote
2025-09-01,PRD0027,SUP008,5555.21,6604.11,Manual Review
2025-10-01,PRD0027,SUP008,5555.21,6754.15,Annual Price List
2025-11-01,PRD0027,SUP008,5555.21,6771.29,ERP Standard Cost
2025-12-01,PRD0027,SUP008,5555.21,6894.87,Supplier Quote
2026-01-01,PRD0027,SUP008,5555.21,7017.32,Manual Review
2026-02-01,PRD0027,SUP008,5555.21,7100.96,Annual Price List
2026-03-01,PRD0027,SUP008,5555.21,7174.33,Annual Price List
2026-04-01,PRD0027,SUP008,5555.21,7139.23,Annual Price List
2026-05-01,PRD0027,SUP008,5555.21,7236.39,Manual Review
2026-06-01,PRD0027,SUP008,5555.21,7149.26,Manual Review
2024-01-01,PRD0028,SUP010,5984.48,5990.66,Manual Review
2024-02-01,PRD0028,SUP010,5984.48,6031.07,ERP Standard Cost
2024-03-01,PRD0028,SUP010,5984.48,6109.87,Supplier Quote
2024-04-01,PRD0028,SUP010,5984.48,6044.95,Annual Price List
2024-05-01,PRD0028,SUP010,5984.48,6113.28,ERP Standard Cost
2024-06-01,PRD0028,SUP010,5984.48,6062.26,Supplier Quote
2024-07-01,PRD0028,SUP010,5984.48,6107.9,Manual Review
2024-08-01,PRD0028,SUP010,5984.48,6252.49,ERP Standard Cost
2024-09-01,PRD0028,SUP010,5984.48,6400.23,Manual Review
2024-10-01,PRD0028,SUP010,5984.48,6331.34,Supplier Quote
2024-11-01,PRD0028,SUP010,5984.48,6301.9,Annual Price List
2024-12-01,PRD0028,SUP010,5984.48,6319.74,Manual Review
2025-01-01,PRD0028,SUP010,5984.48,6342.0,Annual Price List
2025-02-01,PRD0028,SUP010,5984.48,6334.39,Supplier Quote
2025-03-01,PRD0028,SUP010,5984.48,6361.69,ERP Standard Cost
2025-04-01,PRD0028,SUP010,5984.48,6372.12,Supplier Quote
2025-05-01,PRD0028,SUP010,5984.48,6306.12,Annual Price List
2025-06-01,PRD0028,SUP010,5984.48,6299.39,ERP Standard Cost
2025-07-01,PRD0028,SUP010,5984.48,6319.64,Annual Price List
2025-08-01,PRD0028,SUP010,5984.48,6356.57,ERP Standard Cost
2025-09-01,PRD0028,SUP010,5984.48,6382.29,Manual Review
2025-10-01,PRD0028,SUP010,5984.48,6470.88,Manual Review
2025-11-01,PRD0028,SUP010,5984.48,6456.36,ERP Standard Cost
2025-12-01,PRD0028,SUP010,5984.48,6371.05,Supplier Quote
2026-01-01,PRD0028,SUP010,5984.48,6281.24,ERP Standard Cost
2026-02-01,PRD0028,SUP010,5984.48,6349.83,Annual Price List
2026-03-01,PRD0028,SUP010,5984.48,6490.77,Annual Price List
2026-04-01,PRD0028,SUP010,5984.48,6527.38,Annual Price List
2026-05-01,PRD0028,SUP010,5984.48,6515.89,Manual Review
2026-06-01,PRD0028,SUP010,5984.48,6667.96,Annual Price List
2024-01-01,PRD0029,SUP007,6541.76,6608.42,Annual Price List
2024-02-01,PRD0029,SUP007,6541.76,6678.6,Manual Review
2024-03-01,PRD0029,SUP007,6541.76,6684.1,Annual Price List
2024-04-01,PRD0029,SUP007,6541.76,6704.04,Manual Review
2024-05-01,PRD0029,SUP007,6541.76,6707.75,Annual Price List
2024-06-01,PRD0029,SUP007,6541.76,6662.34,Supplier Quote
2024-07-01,PRD0029,SUP007,6541.76,6716.27,Annual Price List
2024-08-01,PRD0029,SUP007,6541.76,6713.8,Annual Price List
2024-09-01,PRD0029,SUP007,6541.76,6735.96,ERP Standard Cost
2024-10-01,PRD0029,SUP007,6541.76,6815.64,Manual Review
2024-11-01,PRD0029,SUP007,6541.76,6857.27,ERP Standard Cost
2024-12-01,PRD0029,SUP007,6541.76,6918.16,Manual Review
2025-01-01,PRD0029,SUP007,6541.76,6976.82,ERP Standard Cost
2025-02-01,PRD0029,SUP007,6541.76,6970.4,Manual Review
2025-03-01,PRD0029,SUP007,6541.76,7037.98,ERP Standard Cost
2025-04-01,PRD0029,SUP007,6541.76,7191.03,Supplier Quote
2025-05-01,PRD0029,SUP007,6541.76,7276.49,ERP Standard Cost
2025-06-01,PRD0029,SUP007,6541.76,7201.65,ERP Standard Cost
2025-07-01,PRD0029,SUP007,6541.76,7127.31,ERP Standard Cost
2025-08-01,PRD0029,SUP007,6541.76,7218.1,Manual Review
2025-09-01,PRD0029,SUP007,6541.76,7230.58,Annual Price List
2025-10-01,PRD0029,SUP007,6541.76,7288.37,Manual Review
2025-11-01,PRD0029,SUP007,6541.76,7233.2,Annual Price List
2025-12-01,PRD0029,SUP007,6541.76,7285.25,Manual Review
2026-01-01,PRD0029,SUP007,6541.76,7260.14,Annual Price List
2026-02-01,PRD0029,SUP007,6541.76,7242.6,Manual Review
2026-03-01,PRD0029,SUP007,6541.76,7313.4,ERP Standard Cost
2026-04-01,PRD0029,SUP007,6541.76,7482.15,Manual Review
2026-05-01,PRD0029,SUP007,6541.76,7410.78,Manual Review
2026-06-01,PRD0029,SUP007,6541.76,7585.33,Manual Review
2024-01-01,PRD0030,SUP007,1103.44,1117.11,Manual Review
2024-02-01,PRD0030,SUP007,1103.44,1132.08,Manual Review
2024-03-01,PRD0030,SUP007,1103.44,1137.23,Supplier Quote
2024-04-01,PRD0030,SUP007,1103.44,1145.89,Annual Price List
2024-05-01,PRD0030,SUP007,1103.44,1142.09,ERP Standard Cost
2024-06-01,PRD0030,SUP007,1103.44,1135.23,ERP Standard Cost
2024-07-01,PRD0030,SUP007,1103.44,1125.84,Manual Review
2024-08-01,PRD0030,SUP007,1103.44,1134.43,Manual Review
2024-09-01,PRD0030,SUP007,1103.44,1142.36,Supplier Quote
2024-10-01,PRD0030,SUP007,1103.44,1151.39,ERP Standard Cost
2024-11-01,PRD0030,SUP007,1103.44,1169.82,ERP Standard Cost
2024-12-01,PRD0030,SUP007,1103.44,1177.64,Supplier Quote
2025-01-01,PRD0030,SUP007,1103.44,1195.77,Manual Review
2025-02-01,PRD0030,SUP007,1103.44,1203.97,Manual Review
2025-03-01,PRD0030,SUP007,1103.44,1190.84,Annual Price List
2025-04-01,PRD0030,SUP007,1103.44,1187.16,Supplier Quote
2025-05-01,PRD0030,SUP007,1103.44,1190.71,ERP Standard Cost
2025-06-01,PRD0030,SUP007,1103.44,1213.91,Supplier Quote
2025-07-01,PRD0030,SUP007,1103.44,1217.02,Supplier Quote
2025-08-01,PRD0030,SUP007,1103.44,1236.53,Annual Price List
2025-09-01,PRD0030,SUP007,1103.44,1228.36,ERP Standard Cost
2025-10-01,PRD0030,SUP007,1103.44,1252.24,Manual Review
2025-11-01,PRD0030,SUP007,1103.44,1241.77,Annual Price List
2025-12-01,PRD0030,SUP007,1103.44,1262.13,Annual Price List
2026-01-01,PRD0030,SUP007,1103.44,1283.86,ERP Standard Cost
2026-02-01,PRD0030,SUP007,1103.44,1291.94,Annual Price List
2026-03-01,PRD0030,SUP007,1103.44,1289.28,ERP Standard Cost
2026-04-01,PRD0030,SUP007,1103.44,1284.87,ERP Standard Cost
2026-05-01,PRD0030,SUP007,1103.44,1314.54,Supplier Quote
2026-06-01,PRD0030,SUP007,1103.44,1301.95,Manual Review
2024-01-01,PRD0031,SUP001,7843.05,8036.77,Annual Price List
2024-02-01,PRD0031,SUP001,7843.05,8141.71,Annual Price List
2024-03-01,PRD0031,SUP001,7843.05,8100.89,ERP Standard Cost
2024-04-01,PRD0031,SUP001,7843.05,8247.84,Manual Review
2024-05-01,PRD0031,SUP001,7843.05,8285.6,ERP Standard Cost
2024-06-01,PRD0031,SUP001,7843.05,8369.39,Manual Review
2024-07-01,PRD0031,SUP001,7843.05,8395.16,Supplier Quote
2024-08-01,PRD0031,SUP001,7843.05,8404.51,ERP Standard Cost
2024-09-01,PRD0031,SUP001,7843.05,8511.99,ERP Standard Cost
2024-10-01,PRD0031,SUP001,7843.05,8539.13,Manual Review
2024-11-01,PRD0031,SUP001,7843.05,8522.83,Supplier Quote
2024-12-01,PRD0031,SUP001,7843.05,8691.21,Supplier Quote
2025-01-01,PRD0031,SUP001,7843.05,8814.95,Manual Review
2025-02-01,PRD0031,SUP001,7843.05,8906.57,ERP Standard Cost
2025-03-01,PRD0031,SUP001,7843.05,9075.83,Manual Review
2025-04-01,PRD0031,SUP001,7843.05,9018.77,Manual Review
2025-05-01,PRD0031,SUP001,7843.05,9181.06,Manual Review
2025-06-01,PRD0031,SUP001,7843.05,9141.96,ERP Standard Cost
2025-07-01,PRD0031,SUP001,7843.05,9128.34,Annual Price List
2025-08-01,PRD0031,SUP001,7843.05,9198.13,Manual Review
2025-09-01,PRD0031,SUP001,7843.05,9350.2,Supplier Quote
2025-10-01,PRD0031,SUP001,7843.05,9227.13,Manual Review
2025-11-01,PRD0031,SUP001,7843.05,9094.73,Annual Price List
2025-12-01,PRD0031,SUP001,7843.05,9118.84,Supplier Quote
2026-01-01,PRD0031,SUP001,7843.05,9343.84,Manual Review
2026-02-01,PRD0031,SUP001,7843.05,9279.3,Annual Price List
2026-03-01,PRD0031,SUP001,7843.05,9467.53,ERP Standard Cost
2026-04-01,PRD0031,SUP001,7843.05,9385.73,ERP Standard Cost
2026-05-01,PRD0031,SUP001,7843.05,9279.98,ERP Standard Cost
2026-06-01,PRD0031,SUP001,7843.05,9233.73,ERP Standard Cost
2024-01-01,PRD0032,SUP003,435.28,429.65,ERP Standard Cost
2024-02-01,PRD0032,SUP003,435.28,435.68,Annual Price List
2024-03-01,PRD0032,SUP003,435.28,436.63,Supplier Quote
2024-04-01,PRD0032,SUP003,435.28,442.37,Supplier Quote
2024-05-01,PRD0032,SUP003,435.28,439.51,Supplier Quote
2024-06-01,PRD0032,SUP003,435.28,435.25,Annual Price List
2024-07-01,PRD0032,SUP003,435.28,437.77,Manual Review
2024-08-01,PRD0032,SUP003,435.28,431.36,ERP Standard Cost
2024-09-01,PRD0032,SUP003,435.28,438.99,Manual Review
2024-10-01,PRD0032,SUP003,435.28,444.59,Manual Review
2024-11-01,PRD0032,SUP003,435.28,439.18,Manual Review
2024-12-01,PRD0032,SUP003,435.28,434.17,Supplier Quote
2025-01-01,PRD0032,SUP003,435.28,429.45,ERP Standard Cost
2025-02-01,PRD0032,SUP003,435.28,438.14,Annual Price List
2025-03-01,PRD0032,SUP003,435.28,438.27,Annual Price List
2025-04-01,PRD0032,SUP003,435.28,442.95,Annual Price List
2025-05-01,PRD0032,SUP003,435.28,437.51,Supplier Quote
2025-06-01,PRD0032,SUP003,435.28,441.63,Annual Price List
2025-07-01,PRD0032,SUP003,435.28,442.78,Annual Price List
2025-08-01,PRD0032,SUP003,435.28,447.26,Annual Price List
2025-09-01,PRD0032,SUP003,435.28,457.01,Manual Review
2025-10-01,PRD0032,SUP003,435.28,465.88,Supplier Quote
2025-11-01,PRD0032,SUP003,435.28,475.6,Annual Price List
2025-12-01,PRD0032,SUP003,435.28,482.78,Manual Review
2026-01-01,PRD0032,SUP003,435.28,482.33,Manual Review
2026-02-01,PRD0032,SUP003,435.28,481.16,Annual Price List
2026-03-01,PRD0032,SUP003,435.28,478.71,Supplier Quote
2026-04-01,PRD0032,SUP003,435.28,476.28,ERP Standard Cost
2026-05-01,PRD0032,SUP003,435.28,483.98,Supplier Quote
2026-06-01,PRD0032,SUP003,435.28,493.13,ERP Standard Cost
2024-01-01,PRD0033,SUP004,5821.32,5854.56,Annual Price List
2024-02-01,PRD0033,SUP004,5821.32,5941.87,ERP Standard Cost
2024-03-01,PRD0033,SUP004,5821.32,6006.32,Annual Price List
2024-04-01,PRD0033,SUP004,5821.32,6035.13,Supplier Quote
2024-05-01,PRD0033,SUP004,5821.32,6002.8,Supplier Quote
2024-06-01,PRD0033,SUP004,5821.32,6039.6,Supplier Quote
2024-07-01,PRD0033,SUP004,5821.32,6187.43,ERP Standard Cost
2024-08-01,PRD0033,SUP004,5821.32,6127.28,Manual Review
2024-09-01,PRD0033,SUP004,5821.32,6124.93,Annual Price List
2024-10-01,PRD0033,SUP004,5821.32,6219.92,Supplier Quote
2024-11-01,PRD0033,SUP004,5821.32,6130.77,Supplier Quote
2024-12-01,PRD0033,SUP004,5821.32,6042.2,Annual Price List
2025-01-01,PRD0033,SUP004,5821.32,5961.19,Supplier Quote
2025-02-01,PRD0033,SUP004,5821.32,6097.98,Manual Review
2025-03-01,PRD0033,SUP004,5821.32,6130.08,Manual Review
2025-04-01,PRD0033,SUP004,5821.32,6141.99,Manual Review
2025-05-01,PRD0033,SUP004,5821.32,6070.11,Annual Price List
2025-06-01,PRD0033,SUP004,5821.32,6046.43,ERP Standard Cost
2025-07-01,PRD0033,SUP004,5821.32,5974.85,Annual Price List
2025-08-01,PRD0033,SUP004,5821.32,6118.08,Annual Price List
2025-09-01,PRD0033,SUP004,5821.32,6157.58,Manual Review
2025-10-01,PRD0033,SUP004,5821.32,6209.65,Supplier Quote
2025-11-01,PRD0033,SUP004,5821.32,6193.55,Manual Review
2025-12-01,PRD0033,SUP004,5821.32,6281.49,Annual Price List
2026-01-01,PRD0033,SUP004,5821.32,6201.82,Supplier Quote
2026-02-01,PRD0033,SUP004,5821.32,6338.16,Supplier Quote
2026-03-01,PRD0033,SUP004,5821.32,6358.03,Supplier Quote
2026-04-01,PRD0033,SUP004,5821.32,6341.32,Annual Price List
2026-05-01,PRD0033,SUP004,5821.32,6276.5,Annual Price List
2026-06-01,PRD0033,SUP004,5821.32,6358.47,Annual Price List
2024-01-01,PRD0034,SUP008,5727.74,5860.17,ERP Standard Cost
2024-02-01,PRD0034,SUP008,5727.74,5811.4,Annual Price List
2024-03-01,PRD0034,SUP008,5727.74,5898.52,ERP Standard Cost
2024-04-01,PRD0034,SUP008,5727.74,5982.97,Supplier Quote
2024-05-01,PRD0034,SUP008,5727.74,6077.85,Supplier Quote
2024-06-01,PRD0034,SUP008,5727.74,6068.13,Manual Review
2024-07-01,PRD0034,SUP008,5727.74,6043.12,Supplier Quote
2024-08-01,PRD0034,SUP008,5727.74,6016.04,Supplier Quote
2024-09-01,PRD0034,SUP008,5727.74,6045.19,ERP Standard Cost
2024-10-01,PRD0034,SUP008,5727.74,5967.92,Annual Price List
2024-11-01,PRD0034,SUP008,5727.74,5966.17,ERP Standard Cost
2024-12-01,PRD0034,SUP008,5727.74,6061.23,Supplier Quote
2025-01-01,PRD0034,SUP008,5727.74,6025.69,Supplier Quote
2025-02-01,PRD0034,SUP008,5727.74,5945.92,Supplier Quote
2025-03-01,PRD0034,SUP008,5727.74,5914.89,Manual Review
2025-04-01,PRD0034,SUP008,5727.74,5912.28,Annual Price List
2025-05-01,PRD0034,SUP008,5727.74,5865.92,Supplier Quote
2025-06-01,PRD0034,SUP008,5727.74,5907.66,Manual Review
2025-07-01,PRD0034,SUP008,5727.74,5872.1,Annual Price List
2025-08-01,PRD0034,SUP008,5727.74,5881.79,ERP Standard Cost
2025-09-01,PRD0034,SUP008,5727.74,5857.38,Supplier Quote
2025-10-01,PRD0034,SUP008,5727.74,5903.43,Supplier Quote
2025-11-01,PRD0034,SUP008,5727.74,5933.43,Supplier Quote
2025-12-01,PRD0034,SUP008,5727.74,5886.99,Supplier Quote
2026-01-01,PRD0034,SUP008,5727.74,6023.35,Supplier Quote
2026-02-01,PRD0034,SUP008,5727.74,6144.3,ERP Standard Cost
2026-03-01,PRD0034,SUP008,5727.74,6242.24,ERP Standard Cost
2026-04-01,PRD0034,SUP008,5727.74,6230.33,Manual Review
2026-05-01,PRD0034,SUP008,5727.74,6138.86,Annual Price List
2026-06-01,PRD0034,SUP008,5727.74,6118.38,ERP Standard Cost
2024-01-01,PRD0035,SUP010,4699.04,4674.15,ERP Standard Cost
2024-02-01,PRD0035,SUP010,4699.04,4714.66,Manual Review
2024-03-01,PRD0035,SUP010,4699.04,4832.11,Annual Price List
2024-04-01,PRD0035,SUP010,4699.04,4901.21,Annual Price List
2024-05-01,PRD0035,SUP010,4699.04,4857.21,Manual Review
2024-06-01,PRD0035,SUP010,4699.04,4788.99,ERP Standard Cost
2024-07-01,PRD0035,SUP010,4699.04,4838.98,Supplier Quote
2024-08-01,PRD0035,SUP010,4699.04,4950.47,Supplier Quote
2024-09-01,PRD0035,SUP010,4699.04,5026.49,Manual Review
2024-10-01,PRD0035,SUP010,4699.04,5121.8,ERP Standard Cost
2024-11-01,PRD0035,SUP010,4699.04,5066.27,Annual Price List
2024-12-01,PRD0035,SUP010,4699.04,5075.35,Supplier Quote
2025-01-01,PRD0035,SUP010,4699.04,5196.66,Annual Price List
2025-02-01,PRD0035,SUP010,4699.04,5266.64,Supplier Quote
2025-03-01,PRD0035,SUP010,4699.04,5196.89,Annual Price List
2025-04-01,PRD0035,SUP010,4699.04,5305.46,Manual Review
2025-05-01,PRD0035,SUP010,4699.04,5374.61,ERP Standard Cost
2025-06-01,PRD0035,SUP010,4699.04,5392.55,Supplier Quote
2025-07-01,PRD0035,SUP010,4699.04,5436.94,Annual Price List
2025-08-01,PRD0035,SUP010,4699.04,5493.96,Manual Review
2025-09-01,PRD0035,SUP010,4699.04,5428.0,Supplier Quote
2025-10-01,PRD0035,SUP010,4699.04,5441.02,Annual Price List
2025-11-01,PRD0035,SUP010,4699.04,5410.94,ERP Standard Cost
2025-12-01,PRD0035,SUP010,4699.04,5513.94,Manual Review
2026-01-01,PRD0035,SUP010,4699.04,5585.78,ERP Standard Cost
2026-02-01,PRD0035,SUP010,4699.04,5573.06,ERP Standard Cost
2026-03-01,PRD0035,SUP010,4699.04,5541.54,Annual Price List
2026-04-01,PRD0035,SUP010,4699.04,5488.59,Supplier Quote
2026-05-01,PRD0035,SUP010,4699.04,5440.38,Annual Price List
2026-06-01,PRD0035,SUP010,4699.04,5456.61,ERP Standard Cost
2024-01-01,PRD0036,SUP007,2622.37,2595.7,ERP Standard Cost
2024-02-01,PRD0036,SUP007,2622.37,2656.92,Annual Price List
2024-03-01,PRD0036,SUP007,2622.37,2665.09,Manual Review
2024-04-01,PRD0036,SUP007,2622.37,2653.37,Supplier Quote
2024-05-01,PRD0036,SUP007,2622.37,2623.16,ERP Standard Cost
2024-06-01,PRD0036,SUP007,2622.37,2670.53,Supplier Quote
2024-07-01,PRD0036,SUP007,2622.37,2653.44,ERP Standard Cost
2024-08-01,PRD0036,SUP007,2622.37,2629.38,Annual Price List
2024-09-01,PRD0036,SUP007,2622.37,2691.79,Manual Review
2024-10-01,PRD0036,SUP007,2622.37,2706.7,ERP Standard Cost
2024-11-01,PRD0036,SUP007,2622.37,2694.27,Annual Price List
2024-12-01,PRD0036,SUP007,2622.37,2657.2,Manual Review
2025-01-01,PRD0036,SUP007,2622.37,2708.18,Annual Price List
2025-02-01,PRD0036,SUP007,2622.37,2677.82,Supplier Quote
2025-03-01,PRD0036,SUP007,2622.37,2723.76,Annual Price List
2025-04-01,PRD0036,SUP007,2622.37,2696.13,Supplier Quote
2025-05-01,PRD0036,SUP007,2622.37,2745.24,Annual Price List
2025-06-01,PRD0036,SUP007,2622.37,2718.42,Manual Review
2025-07-01,PRD0036,SUP007,2622.37,2718.12,Supplier Quote
2025-08-01,PRD0036,SUP007,2622.37,2740.66,ERP Standard Cost
2025-09-01,PRD0036,SUP007,2622.37,2800.12,Supplier Quote
2025-10-01,PRD0036,SUP007,2622.37,2760.56,Supplier Quote
2025-11-01,PRD0036,SUP007,2622.37,2740.99,Manual Review
2025-12-01,PRD0036,SUP007,2622.37,2788.61,Supplier Quote
2026-01-01,PRD0036,SUP007,2622.37,2847.73,ERP Standard Cost
2026-02-01,PRD0036,SUP007,2622.37,2818.97,Manual Review
2026-03-01,PRD0036,SUP007,2622.37,2782.4,Manual Review
2026-04-01,PRD0036,SUP007,2622.37,2832.11,Manual Review
2026-05-01,PRD0036,SUP007,2622.37,2845.84,Manual Review
2026-06-01,PRD0036,SUP007,2622.37,2880.92,Annual Price List
2024-01-01,PRD0037,SUP006,286.25,284.41,Annual Price List
2024-02-01,PRD0037,SUP006,286.25,283.28,Manual Review
2024-03-01,PRD0037,SUP006,286.25,289.04,Supplier Quote
2024-04-01,PRD0037,SUP006,286.25,291.8,Annual Price List
2024-05-01,PRD0037,SUP006,286.25,294.98,Manual Review
2024-06-01,PRD0037,SUP006,286.25,295.42,Manual Review
2024-07-01,PRD0037,SUP006,286.25,291.71,ERP Standard Cost
2024-08-01,PRD0037,SUP006,286.25,291.8,Manual Review
2024-09-01,PRD0037,SUP006,286.25,289.75,Annual Price List
2024-10-01,PRD0037,SUP006,286.25,292.71,Supplier Quote
2024-11-01,PRD0037,SUP006,286.25,299.91,ERP Standard Cost
2024-12-01,PRD0037,SUP006,286.25,301.16,Manual Review
2025-01-01,PRD0037,SUP006,286.25,300.79,ERP Standard Cost
2025-02-01,PRD0037,SUP006,286.25,300.95,Annual Price List
2025-03-01,PRD0037,SUP006,286.25,296.75,Annual Price List
2025-04-01,PRD0037,SUP006,286.25,292.65,ERP Standard Cost
2025-05-01,PRD0037,SUP006,286.25,288.94,Manual Review
2025-06-01,PRD0037,SUP006,286.25,290.73,Annual Price List
2025-07-01,PRD0037,SUP006,286.25,297.7,Supplier Quote
2025-08-01,PRD0037,SUP006,286.25,296.18,Annual Price List
2025-09-01,PRD0037,SUP006,286.25,294.9,Supplier Quote
2025-10-01,PRD0037,SUP006,286.25,299.49,Annual Price List
2025-11-01,PRD0037,SUP006,286.25,301.89,Manual Review
2025-12-01,PRD0037,SUP006,286.25,301.65,Annual Price List
2026-01-01,PRD0037,SUP006,286.25,299.25,ERP Standard Cost
2026-02-01,PRD0037,SUP006,286.25,304.41,ERP Standard Cost
2026-03-01,PRD0037,SUP006,286.25,310.97,Supplier Quote
2026-04-01,PRD0037,SUP006,286.25,315.06,ERP Standard Cost
2026-05-01,PRD0037,SUP006,286.25,322.27,Annual Price List
2026-06-01,PRD0037,SUP006,286.25,324.7,Annual Price List
2024-01-01,PRD0038,SUP008,33709.19,33934.54,Annual Price List
2024-02-01,PRD0038,SUP008,33709.19,34091.23,Supplier Quote
2024-03-01,PRD0038,SUP008,33709.19,33656.45,Annual Price List
2024-04-01,PRD0038,SUP008,33709.19,33178.43,Manual Review
2024-05-01,PRD0038,SUP008,33709.19,32681.66,Annual Price List
2024-06-01,PRD0038,SUP008,33709.19,33245.68,ERP Standard Cost
2024-07-01,PRD0038,SUP008,33709.19,33700.4,ERP Standard Cost
2024-08-01,PRD0038,SUP008,33709.19,33275.17,Annual Price List
2024-09-01,PRD0038,SUP008,33709.19,33556.83,Annual Price List
2024-10-01,PRD0038,SUP008,33709.19,34092.88,ERP Standard Cost
2024-11-01,PRD0038,SUP008,33709.19,34891.42,ERP Standard Cost
2024-12-01,PRD0038,SUP008,33709.19,35351.34,Manual Review
2025-01-01,PRD0038,SUP008,33709.19,35649.73,ERP Standard Cost
2025-02-01,PRD0038,SUP008,33709.19,35545.3,Annual Price List
2025-03-01,PRD0038,SUP008,33709.19,36399.61,Manual Review
2025-04-01,PRD0038,SUP008,33709.19,37006.53,Manual Review
2025-05-01,PRD0038,SUP008,33709.19,37412.38,Annual Price List
2025-06-01,PRD0038,SUP008,33709.19,37909.49,ERP Standard Cost
2025-07-01,PRD0038,SUP008,33709.19,37679.36,Annual Price List
2025-08-01,PRD0038,SUP008,33709.19,37684.46,ERP Standard Cost
2025-09-01,PRD0038,SUP008,33709.19,37311.16,Supplier Quote
2025-10-01,PRD0038,SUP008,33709.19,38167.51,Manual Review
2025-11-01,PRD0038,SUP008,33709.19,38893.85,Supplier Quote
2025-12-01,PRD0038,SUP008,33709.19,38593.71,ERP Standard Cost
2026-01-01,PRD0038,SUP008,33709.19,39436.66,Annual Price List
2026-02-01,PRD0038,SUP008,33709.19,39854.13,Supplier Quote
2026-03-01,PRD0038,SUP008,33709.19,40749.55,Annual Price List
2026-04-01,PRD0038,SUP008,33709.19,40678.11,Supplier Quote
2026-05-01,PRD0038,SUP008,33709.19,40455.19,ERP Standard Cost
2026-06-01,PRD0038,SUP008,33709.19,40120.03,Supplier Quote
2024-01-01,PRD0039,SUP006,7872.36,7894.92,ERP Standard Cost
2024-02-01,PRD0039,SUP006,7872.36,7842.71,Supplier Quote
2024-03-01,PRD0039,SUP006,7872.36,7835.02,Supplier Quote
2024-04-01,PRD0039,SUP006,7872.36,7943.27,Supplier Quote
2024-05-01,PRD0039,SUP006,7872.36,7946.75,Manual Review
2024-06-01,PRD0039,SUP006,7872.36,8135.59,Manual Review
2024-07-01,PRD0039,SUP006,7872.36,8174.02,Manual Review
2024-08-01,PRD0039,SUP006,7872.36,8166.25,Manual Review
2024-09-01,PRD0039,SUP006,7872.36,8076.89,Manual Review
2024-10-01,PRD0039,SUP006,7872.36,8210.55,Annual Price List
2024-11-01,PRD0039,SUP006,7872.36,8140.81,Supplier Quote
2024-12-01,PRD0039,SUP006,7872.36,8278.95,Supplier Quote
2025-01-01,PRD0039,SUP006,7872.36,8252.42,ERP Standard Cost
2025-02-01,PRD0039,SUP006,7872.36,8214.83,Supplier Quote
2025-03-01,PRD0039,SUP006,7872.36,8115.99,Annual Price List
2025-04-01,PRD0039,SUP006,7872.36,8282.51,Annual Price List
2025-05-01,PRD0039,SUP006,7872.36,8400.78,Supplier Quote
2025-06-01,PRD0039,SUP006,7872.36,8388.33,Manual Review
2025-07-01,PRD0039,SUP006,7872.36,8498.89,Manual Review
2025-08-01,PRD0039,SUP006,7872.36,8691.8,Annual Price List
2025-09-01,PRD0039,SUP006,7872.36,8772.57,Manual Review
2025-10-01,PRD0039,SUP006,7872.36,8696.11,Supplier Quote
2025-11-01,PRD0039,SUP006,7872.36,8680.83,Annual Price List
2025-12-01,PRD0039,SUP006,7872.36,8692.74,ERP Standard Cost
2026-01-01,PRD0039,SUP006,7872.36,8792.04,ERP Standard Cost
2026-02-01,PRD0039,SUP006,7872.36,8743.7,Supplier Quote
2026-03-01,PRD0039,SUP006,7872.36,8749.96,Manual Review
2026-04-01,PRD0039,SUP006,7872.36,8672.47,ERP Standard Cost
2026-05-01,PRD0039,SUP006,7872.36,8543.71,Supplier Quote
2026-06-01,PRD0039,SUP006,7872.36,8516.21,Manual Review
2024-01-01,PRD0040,SUP004,9769.36,9660.72,Annual Price List
2024-02-01,PRD0040,SUP004,9769.36,9581.82,ERP Standard Cost
2024-03-01,PRD0040,SUP004,9769.36,9812.58,Manual Review
2024-04-01,PRD0040,SUP004,9769.36,9996.57,ERP Standard Cost
2024-05-01,PRD0040,SUP004,9769.36,10160.46,Manual Review
2024-06-01,PRD0040,SUP004,9769.36,10206.83,ERP Standard Cost
2024-07-01,PRD0040,SUP004,9769.36,10090.94,Manual Review
2024-08-01,PRD0040,SUP004,9769.36,10014.2,Manual Review
2024-09-01,PRD0040,SUP004,9769.36,10011.96,Manual Review
2024-10-01,PRD0040,SUP004,9769.36,9879.65,Manual Review
2024-11-01,PRD0040,SUP004,9769.36,9915.24,Annual Price List
2024-12-01,PRD0040,SUP004,9769.36,10098.5,Supplier Quote
2025-01-01,PRD0040,SUP004,9769.36,10008.07,Supplier Quote
2025-02-01,PRD0040,SUP004,9769.36,9892.26,ERP Standard Cost
2025-03-01,PRD0040,SUP004,9769.36,10063.67,Manual Review
2025-04-01,PRD0040,SUP004,9769.36,10303.47,Annual Price List
2025-05-01,PRD0040,SUP004,9769.36,10377.08,Manual Review
2025-06-01,PRD0040,SUP004,9769.36,10561.13,Manual Review
2025-07-01,PRD0040,SUP004,9769.36,10810.63,Manual Review
2025-08-01,PRD0040,SUP004,9769.36,10896.13,Annual Price List
2025-09-01,PRD0040,SUP004,9769.36,10940.26,Supplier Quote
2025-10-01,PRD0040,SUP004,9769.36,10948.93,Supplier Quote
2025-11-01,PRD0040,SUP004,9769.36,11004.6,Annual Price List
2025-12-01,PRD0040,SUP004,9769.36,10892.47,Manual Review
2026-01-01,PRD0040,SUP004,9769.36,10804.41,Annual Price List
2026-02-01,PRD0040,SUP004,9769.36,11062.49,Annual Price List
2026-03-01,PRD0040,SUP004,9769.36,10952.39,Manual Review
2026-04-01,PRD0040,SUP004,9769.36,10822.44,Manual Review
2026-05-01,PRD0040,SUP004,9769.36,10747.51,Annual Price List
2026-06-01,PRD0040,SUP004,9769.36,10944.88,ERP Standard Cost
2024-01-01,PRD0041,SUP006,15395.01,15724.96,Supplier Quote
2024-02-01,PRD0041,SUP006,15395.01,15543.82,Manual Review
2024-03-01,PRD0041,SUP006,15395.01,15653.91,ERP Standard Cost
2024-04-01,PRD0041,SUP006,15395.01,15744.51,Supplier Quote
2024-05-01,PRD0041,SUP006,15395.01,16003.69,Manual Review
2024-06-01,PRD0041,SUP006,15395.01,15835.67,Annual Price List
2024-07-01,PRD0041,SUP006,15395.01,15692.0,Supplier Quote
2024-08-01,PRD0041,SUP006,15395.01,16037.18,Supplier Quote
2024-09-01,PRD0041,SUP006,15395.01,16300.67,ERP Standard Cost
2024-10-01,PRD0041,SUP006,15395.01,16628.57,ERP Standard Cost
2024-11-01,PRD0041,SUP006,15395.01,16633.92,Manual Review
2024-12-01,PRD0041,SUP006,15395.01,16765.01,Manual Review
2025-01-01,PRD0041,SUP006,15395.01,16538.66,ERP Standard Cost
2025-02-01,PRD0041,SUP006,15395.01,16557.17,Manual Review
2025-03-01,PRD0041,SUP006,15395.01,16334.5,ERP Standard Cost
2025-04-01,PRD0041,SUP006,15395.01,16540.65,Supplier Quote
2025-05-01,PRD0041,SUP006,15395.01,16785.94,ERP Standard Cost
2025-06-01,PRD0041,SUP006,15395.01,17136.45,Supplier Quote
2025-07-01,PRD0041,SUP006,15395.01,17111.0,ERP Standard Cost
2025-08-01,PRD0041,SUP006,15395.01,17067.16,Manual Review
2025-09-01,PRD0041,SUP006,15395.01,17397.06,Supplier Quote
2025-10-01,PRD0041,SUP006,15395.01,17812.85,Annual Price List
2025-11-01,PRD0041,SUP006,15395.01,17641.41,Manual Review
2025-12-01,PRD0041,SUP006,15395.01,17922.98,ERP Standard Cost
2026-01-01,PRD0041,SUP006,15395.01,17847.29,Manual Review
2026-02-01,PRD0041,SUP006,15395.01,18011.47,Supplier Quote
2026-03-01,PRD0041,SUP006,15395.01,17876.7,Annual Price List
2026-04-01,PRD0041,SUP006,15395.01,18261.72,Manual Review
2026-05-01,PRD0041,SUP006,15395.01,18529.03,ERP Standard Cost
2026-06-01,PRD0041,SUP006,15395.01,18859.6,Annual Price List
2024-01-01,PRD0042,SUP002,2858.82,2851.52,Manual Review
2024-02-01,PRD0042,SUP002,2858.82,2824.22,Supplier Quote
2024-03-01,PRD0042,SUP002,2858.82,2801.48,Annual Price List
2024-04-01,PRD0042,SUP002,2858.82,2853.25,Annual Price List
2024-05-01,PRD0042,SUP002,2858.82,2814.22,Supplier Quote
2024-06-01,PRD0042,SUP002,2858.82,2875.35,Annual Price List
2024-07-01,PRD0042,SUP002,2858.82,2863.73,Manual Review
2024-08-01,PRD0042,SUP002,2858.82,2878.64,Supplier Quote
2024-09-01,PRD0042,SUP002,2858.82,2913.89,Annual Price List
2024-10-01,PRD0042,SUP002,2858.82,2913.6,Manual Review
2024-11-01,PRD0042,SUP002,2858.82,2890.59,Manual Review
2024-12-01,PRD0042,SUP002,2858.82,2915.09,ERP Standard Cost
2025-01-01,PRD0042,SUP002,2858.82,2911.5,ERP Standard Cost
2025-02-01,PRD0042,SUP002,2858.82,2955.05,Supplier Quote
2025-03-01,PRD0042,SUP002,2858.82,2944.42,Manual Review
2025-04-01,PRD0042,SUP002,2858.82,2906.11,Annual Price List
2025-05-01,PRD0042,SUP002,2858.82,2962.15,Annual Price List
2025-06-01,PRD0042,SUP002,2858.82,2998.01,ERP Standard Cost
2025-07-01,PRD0042,SUP002,2858.82,3031.18,Supplier Quote
2025-08-01,PRD0042,SUP002,2858.82,3090.55,Supplier Quote
2025-09-01,PRD0042,SUP002,2858.82,3102.8,Annual Price List
2025-10-01,PRD0042,SUP002,2858.82,3136.6,Supplier Quote
2025-11-01,PRD0042,SUP002,2858.82,3117.63,ERP Standard Cost
2025-12-01,PRD0042,SUP002,2858.82,3159.75,ERP Standard Cost
2026-01-01,PRD0042,SUP002,2858.82,3165.92,Manual Review
2026-02-01,PRD0042,SUP002,2858.82,3226.27,Manual Review
2026-03-01,PRD0042,SUP002,2858.82,3210.4,Manual Review
2026-04-01,PRD0042,SUP002,2858.82,3201.04,Manual Review
2026-05-01,PRD0042,SUP002,2858.82,3227.86,Supplier Quote
2026-06-01,PRD0042,SUP002,2858.82,3245.49,ERP Standard Cost
2024-01-01,PRD0043,SUP009,14338.2,14494.4,ERP Standard Cost
2024-02-01,PRD0043,SUP009,14338.2,14450.03,Supplier Quote
2024-03-01,PRD0043,SUP009,14338.2,14511.72,ERP Standard Cost
2024-04-01,PRD0043,SUP009,14338.2,14867.76,ERP Standard Cost
2024-05-01,PRD0043,SUP009,14338.2,15157.08,ERP Standard Cost
2024-06-01,PRD0043,SUP009,14338.2,15327.52,ERP Standard Cost
2024-07-01,PRD0043,SUP009,14338.2,15213.09,Annual Price List
2024-08-01,PRD0043,SUP009,14338.2,15532.38,Manual Review
2024-09-01,PRD0043,SUP009,14338.2,15709.77,Annual Price List
2024-10-01,PRD0043,SUP009,14338.2,15927.38,Manual Review
2024-11-01,PRD0043,SUP009,14338.2,16323.95,ERP Standard Cost
2024-12-01,PRD0043,SUP009,14338.2,16671.26,Manual Review
2025-01-01,PRD0043,SUP009,14338.2,16680.12,Supplier Quote
2025-02-01,PRD0043,SUP009,14338.2,16818.91,Annual Price List
2025-03-01,PRD0043,SUP009,14338.2,16797.49,Annual Price List
2025-04-01,PRD0043,SUP009,14338.2,17006.67,Manual Review
2025-05-01,PRD0043,SUP009,14338.2,17368.25,ERP Standard Cost
2025-06-01,PRD0043,SUP009,14338.2,17460.17,Annual Price List
2025-07-01,PRD0043,SUP009,14338.2,17785.38,Annual Price List
2025-08-01,PRD0043,SUP009,14338.2,17727.6,Manual Review
2025-09-01,PRD0043,SUP009,14338.2,17552.41,ERP Standard Cost
2025-10-01,PRD0043,SUP009,14338.2,17798.28,Annual Price List
2025-11-01,PRD0043,SUP009,14338.2,18205.45,ERP Standard Cost
2025-12-01,PRD0043,SUP009,14338.2,18408.94,Annual Price List
2026-01-01,PRD0043,SUP009,14338.2,18394.42,ERP Standard Cost
2026-02-01,PRD0043,SUP009,14338.2,18427.87,ERP Standard Cost
2026-03-01,PRD0043,SUP009,14338.2,18425.43,ERP Standard Cost
2026-04-01,PRD0043,SUP009,14338.2,18490.85,Supplier Quote
2026-05-01,PRD0043,SUP009,14338.2,18561.51,Supplier Quote
2026-06-01,PRD0043,SUP009,14338.2,18633.69,Annual Price List
2024-01-01,PRD0044,SUP009,27740.69,27457.53,Manual Review
2024-02-01,PRD0044,SUP009,27740.69,27627.59,Manual Review
2024-03-01,PRD0044,SUP009,27740.69,27272.92,Annual Price List
2024-04-01,PRD0044,SUP009,27740.69,27013.68,Annual Price List
2024-05-01,PRD0044,SUP009,27740.69,26978.75,Manual Review
2024-06-01,PRD0044,SUP009,27740.69,26728.63,Annual Price List
2024-07-01,PRD0044,SUP009,27740.69,27160.5,Manual Review
2024-08-01,PRD0044,SUP009,27740.69,27114.46,Annual Price List
2024-09-01,PRD0044,SUP009,27740.69,27047.67,Supplier Quote
2024-10-01,PRD0044,SUP009,27740.69,26647.05,ERP Standard Cost
2024-11-01,PRD0044,SUP009,27740.69,26470.53,Annual Price List
2024-12-01,PRD0044,SUP009,27740.69,26683.64,Annual Price List
2025-01-01,PRD0044,SUP009,27740.69,26805.94,Supplier Quote
2025-02-01,PRD0044,SUP009,27740.69,26542.6,Manual Review
2025-03-01,PRD0044,SUP009,27740.69,26817.04,Manual Review
2025-04-01,PRD0044,SUP009,27740.69,26874.99,Manual Review
2025-05-01,PRD0044,SUP009,27740.69,26883.93,Supplier Quote
2025-06-01,PRD0044,SUP009,27740.69,27054.68,ERP Standard Cost
2025-07-01,PRD0044,SUP009,27740.69,27677.01,ERP Standard Cost
2025-08-01,PRD0044,SUP009,27740.69,28099.75,Annual Price List
2025-09-01,PRD0044,SUP009,27740.69,27698.39,Supplier Quote
2025-10-01,PRD0044,SUP009,27740.69,27977.24,Annual Price List
2025-11-01,PRD0044,SUP009,27740.69,27810.8,ERP Standard Cost
2025-12-01,PRD0044,SUP009,27740.69,27740.81,Supplier Quote
2026-01-01,PRD0044,SUP009,27740.69,27750.3,ERP Standard Cost
2026-02-01,PRD0044,SUP009,27740.69,27519.44,Supplier Quote
2026-03-01,PRD0044,SUP009,27740.69,27434.91,ERP Standard Cost
2026-04-01,PRD0044,SUP009,27740.69,27523.71,ERP Standard Cost
2026-05-01,PRD0044,SUP009,27740.69,27588.3,Annual Price List
2026-06-01,PRD0044,SUP009,27740.69,27552.69,Manual Review
2024-01-01,PRD0045,SUP006,4834.0,4906.53,Annual Price List
2024-02-01,PRD0045,SUP006,4834.0,5019.01,Manual Review
2024-03-01,PRD0045,SUP006,4834.0,4947.56,Annual Price List
2024-04-01,PRD0045,SUP006,4834.0,5017.26,Annual Price List
2024-05-01,PRD0045,SUP006,4834.0,4984.38,Supplier Quote
2024-06-01,PRD0045,SUP006,4834.0,5027.19,Annual Price List
2024-07-01,PRD0045,SUP006,4834.0,4976.54,Supplier Quote
2024-08-01,PRD0045,SUP006,4834.0,4976.58,ERP Standard Cost
2024-09-01,PRD0045,SUP006,4834.0,5055.46,Supplier Quote
2024-10-01,PRD0045,SUP006,4834.0,5099.73,Supplier Quote
2024-11-01,PRD0045,SUP006,4834.0,5158.27,Supplier Quote
2024-12-01,PRD0045,SUP006,4834.0,5090.85,Supplier Quote
2025-01-01,PRD0045,SUP006,4834.0,5099.36,Manual Review
2025-02-01,PRD0045,SUP006,4834.0,5048.08,ERP Standard Cost
2025-03-01,PRD0045,SUP006,4834.0,5068.15,Annual Price List
2025-04-01,PRD0045,SUP006,4834.0,5033.78,Supplier Quote
2025-05-01,PRD0045,SUP006,4834.0,5018.91,Supplier Quote
2025-06-01,PRD0045,SUP006,4834.0,5076.62,ERP Standard Cost
2025-07-01,PRD0045,SUP006,4834.0,5126.94,Annual Price List
2025-08-01,PRD0045,SUP006,4834.0,5135.93,Supplier Quote
2025-09-01,PRD0045,SUP006,4834.0,5163.99,Supplier Quote
2025-10-01,PRD0045,SUP006,4834.0,5144.92,Supplier Quote
2025-11-01,PRD0045,SUP006,4834.0,5170.18,Annual Price List
2025-12-01,PRD0045,SUP006,4834.0,5253.52,Annual Price List
2026-01-01,PRD0045,SUP006,4834.0,5249.93,Manual Review
2026-02-01,PRD0045,SUP006,4834.0,5233.2,Supplier Quote
2026-03-01,PRD0045,SUP006,4834.0,5269.44,Annual Price List
2026-04-01,PRD0045,SUP006,4834.0,5335.46,Manual Review
2026-05-01,PRD0045,SUP006,4834.0,5325.99,Supplier Quote
2026-06-01,PRD0045,SUP006,4834.0,5248.81,Supplier Quote
2024-01-01,PRD0046,SUP002,362.89,369.57,Manual Review
2024-02-01,PRD0046,SUP002,362.89,366.23,Supplier Quote
2024-03-01,PRD0046,SUP002,362.89,372.16,Supplier Quote
2024-04-01,PRD0046,SUP002,362.89,377.35,Supplier Quote
2024-05-01,PRD0046,SUP002,362.89,385.34,Annual Price List
2024-06-01,PRD0046,SUP002,362.89,386.6,ERP Standard Cost
2024-07-01,PRD0046,SUP002,362.89,384.89,Supplier Quote
2024-08-01,PRD0046,SUP002,362.89,380.65,Annual Price List
2024-09-01,PRD0046,SUP002,362.89,388.25,ERP Standard Cost
2024-10-01,PRD0046,SUP002,362.89,388.02,ERP Standard Cost
2024-11-01,PRD0046,SUP002,362.89,388.81,Supplier Quote
2024-12-01,PRD0046,SUP002,362.89,384.46,Supplier Quote
2025-01-01,PRD0046,SUP002,362.89,378.84,Annual Price List
2025-02-01,PRD0046,SUP002,362.89,383.21,Annual Price List
2025-03-01,PRD0046,SUP002,362.89,382.5,Manual Review
2025-04-01,PRD0046,SUP002,362.89,391.38,ERP Standard Cost
2025-05-01,PRD0046,SUP002,362.89,399.26,Supplier Quote
2025-06-01,PRD0046,SUP002,362.89,399.22,ERP Standard Cost
2025-07-01,PRD0046,SUP002,362.89,396.15,Manual Review
2025-08-01,PRD0046,SUP002,362.89,396.55,Manual Review
2025-09-01,PRD0046,SUP002,362.89,394.91,Manual Review
2025-10-01,PRD0046,SUP002,362.89,399.89,Manual Review
2025-11-01,PRD0046,SUP002,362.89,406.69,Annual Price List
2025-12-01,PRD0046,SUP002,362.89,402.42,Supplier Quote
2026-01-01,PRD0046,SUP002,362.89,412.19,Annual Price List
2026-02-01,PRD0046,SUP002,362.89,407.72,Manual Review
2026-03-01,PRD0046,SUP002,362.89,414.68,Manual Review
2026-04-01,PRD0046,SUP002,362.89,411.47,Manual Review
2026-05-01,PRD0046,SUP002,362.89,418.12,Supplier Quote
2026-06-01,PRD0046,SUP002,362.89,426.28,Annual Price List
2024-01-01,PRD0047,SUP008,5165.01,5277.69,Supplier Quote
2024-02-01,PRD0047,SUP008,5165.01,5385.9,Manual Review
2024-03-01,PRD0047,SUP008,5165.01,5315.02,ERP Standard Cost
2024-04-01,PRD0047,SUP008,5165.01,5374.54,Supplier Quote
2024-05-01,PRD0047,SUP008,5165.01,5445.39,Annual Price List
2024-06-01,PRD0047,SUP008,5165.01,5576.71,ERP Standard Cost
2024-07-01,PRD0047,SUP008,5165.01,5608.86,Supplier Quote
2024-08-01,PRD0047,SUP008,5165.01,5621.83,Annual Price List
2024-09-01,PRD0047,SUP008,5165.01,5645.88,Manual Review
2024-10-01,PRD0047,SUP008,5165.01,5594.76,Supplier Quote
2024-11-01,PRD0047,SUP008,5165.01,5513.45,Annual Price List
2024-12-01,PRD0047,SUP008,5165.01,5542.24,Manual Review
2025-01-01,PRD0047,SUP008,5165.01,5647.96,Annual Price List
2025-02-01,PRD0047,SUP008,5165.01,5580.15,Manual Review
2025-03-01,PRD0047,SUP008,5165.01,5568.02,ERP Standard Cost
2025-04-01,PRD0047,SUP008,5165.01,5700.57,Supplier Quote
2025-05-01,PRD0047,SUP008,5165.01,5730.65,Manual Review
2025-06-01,PRD0047,SUP008,5165.01,5737.13,Annual Price List
2025-07-01,PRD0047,SUP008,5165.01,5669.17,Manual Review
2025-08-01,PRD0047,SUP008,5165.01,5765.83,Manual Review
2025-09-01,PRD0047,SUP008,5165.01,5699.64,Manual Review
2025-10-01,PRD0047,SUP008,5165.01,5716.07,Supplier Quote
2025-11-01,PRD0047,SUP008,5165.01,5854.56,Supplier Quote
2025-12-01,PRD0047,SUP008,5165.01,5790.77,Manual Review
2026-01-01,PRD0047,SUP008,5165.01,5712.21,Supplier Quote
2026-02-01,PRD0047,SUP008,5165.01,5815.24,ERP Standard Cost
2026-03-01,PRD0047,SUP008,5165.01,5935.06,Annual Price List
2026-04-01,PRD0047,SUP008,5165.01,6001.44,Manual Review
2026-05-01,PRD0047,SUP008,5165.01,6139.56,ERP Standard Cost
2026-06-01,PRD0047,SUP008,5165.01,6250.14,Annual Price List
2024-01-01,PRD0048,SUP008,4677.06,4669.01,Manual Review
2024-02-01,PRD0048,SUP008,4677.06,4732.82,ERP Standard Cost
2024-03-01,PRD0048,SUP008,4677.06,4797.36,Supplier Quote
2024-04-01,PRD0048,SUP008,4677.06,4744.1,Annual Price List
2024-05-01,PRD0048,SUP008,4677.06,4673.35,ERP Standard Cost
2024-06-01,PRD0048,SUP008,4677.06,4758.38,ERP Standard Cost
2024-07-01,PRD0048,SUP008,4677.06,4791.25,ERP Standard Cost
2024-08-01,PRD0048,SUP008,4677.06,4853.94,Supplier Quote
2024-09-01,PRD0048,SUP008,4677.06,4955.27,Manual Review
2024-10-01,PRD0048,SUP008,4677.06,4908.78,Manual Review
2024-11-01,PRD0048,SUP008,4677.06,4856.15,Annual Price List
2024-12-01,PRD0048,SUP008,4677.06,4819.73,Manual Review
2025-01-01,PRD0048,SUP008,4677.06,4789.0,Annual Price List
2025-02-01,PRD0048,SUP008,4677.06,4854.47,Supplier Quote
2025-03-01,PRD0048,SUP008,4677.06,4928.68,Supplier Quote
2025-04-01,PRD0048,SUP008,4677.06,5037.43,Supplier Quote
2025-05-01,PRD0048,SUP008,4677.06,5117.46,Manual Review
2025-06-01,PRD0048,SUP008,4677.06,5134.32,Annual Price List
2025-07-01,PRD0048,SUP008,4677.06,5255.25,Supplier Quote
2025-08-01,PRD0048,SUP008,4677.06,5287.91,Supplier Quote
2025-09-01,PRD0048,SUP008,4677.06,5325.61,Manual Review
2025-10-01,PRD0048,SUP008,4677.06,5424.42,Manual Review
2025-11-01,PRD0048,SUP008,4677.06,5543.62,Annual Price List
2025-12-01,PRD0048,SUP008,4677.06,5613.87,Annual Price List
2026-01-01,PRD0048,SUP008,4677.06,5693.7,Annual Price List
2026-02-01,PRD0048,SUP008,4677.06,5631.88,ERP Standard Cost
2026-03-01,PRD0048,SUP008,4677.06,5660.96,Manual Review
2026-04-01,PRD0048,SUP008,4677.06,5670.85,Annual Price List
2026-05-01,PRD0048,SUP008,4677.06,5647.85,ERP Standard Cost
2026-06-01,PRD0048,SUP008,4677.06,5782.38,Manual Review
2024-01-01,PRD0049,SUP003,457.73,453.39,ERP Standard Cost
2024-02-01,PRD0049,SUP003,457.73,461.88,ERP Standard Cost
2024-03-01,PRD0049,SUP003,457.73,468.11,Annual Price List
2024-04-01,PRD0049,SUP003,457.73,464.85,ERP Standard Cost
2024-05-01,PRD0049,SUP003,457.73,470.64,Annual Price List
2024-06-01,PRD0049,SUP003,457.73,482.06,Annual Price List
2024-07-01,PRD0049,SUP003,457.73,484.54,ERP Standard Cost
2024-08-01,PRD0049,SUP003,457.73,491.04,ERP Standard Cost
2024-09-01,PRD0049,SUP003,457.73,494.72,Manual Review
2024-10-01,PRD0049,SUP003,457.73,500.64,ERP Standard Cost
2024-11-01,PRD0049,SUP003,457.73,510.7,Manual Review
2024-12-01,PRD0049,SUP003,457.73,519.55,Supplier Quote
2025-01-01,PRD0049,SUP003,457.73,512.29,Annual Price List
2025-02-01,PRD0049,SUP003,457.73,505.69,Supplier Quote
2025-03-01,PRD0049,SUP003,457.73,502.15,Annual Price List
2025-04-01,PRD0049,SUP003,457.73,514.37,ERP Standard Cost
2025-05-01,PRD0049,SUP003,457.73,509.67,Supplier Quote
2025-06-01,PRD0049,SUP003,457.73,516.1,ERP Standard Cost
2025-07-01,PRD0049,SUP003,457.73,512.57,Supplier Quote
2025-08-01,PRD0049,SUP003,457.73,512.24,Manual Review
2025-09-01,PRD0049,SUP003,457.73,506.65,Annual Price List
2025-10-01,PRD0049,SUP003,457.73,514.1,Manual Review
2025-11-01,PRD0049,SUP003,457.73,511.27,ERP Standard Cost
2025-12-01,PRD0049,SUP003,457.73,517.78,Supplier Quote
2026-01-01,PRD0049,SUP003,457.73,529.2,Manual Review
2026-02-01,PRD0049,SUP003,457.73,530.08,ERP Standard Cost
2026-03-01,PRD0049,SUP003,457.73,542.61,Supplier Quote
2026-04-01,PRD0049,SUP003,457.73,534.75,ERP Standard Cost
2026-05-01,PRD0049,SUP003,457.73,531.07,Manual Review
2026-06-01,PRD0049,SUP003,457.73,540.74,ERP Standard Cost
2024-01-01,PRD0050,SUP010,176.12,177.33,Annual Price List
2024-02-01,PRD0050,SUP010,176.12,180.17,Annual Price List
2024-03-01,PRD0050,SUP010,176.12,179.59,Annual Price List
2024-04-01,PRD0050,SUP010,176.12,183.96,Supplier Quote
2024-05-01,PRD0050,SUP010,176.12,182.58,Annual Price List
2024-06-01,PRD0050,SUP010,176.12,185.21,Supplier Quote
2024-07-01,PRD0050,SUP010,176.12,185.23,Manual Review
2024-08-01,PRD0050,SUP010,176.12,184.51,ERP Standard Cost
2024-09-01,PRD0050,SUP010,176.12,182.71,ERP Standard Cost
2024-10-01,PRD0050,SUP010,176.12,180.01,Manual Review
2024-11-01,PRD0050,SUP010,176.12,182.42,Annual Price List
2024-12-01,PRD0050,SUP010,176.12,179.97,ERP Standard Cost
2025-01-01,PRD0050,SUP010,176.12,181.57,ERP Standard Cost
2025-02-01,PRD0050,SUP010,176.12,182.41,ERP Standard Cost
2025-03-01,PRD0050,SUP010,176.12,180.2,ERP Standard Cost
2025-04-01,PRD0050,SUP010,176.12,181.29,Annual Price List
2025-05-01,PRD0050,SUP010,176.12,182.34,Annual Price List
2025-06-01,PRD0050,SUP010,176.12,182.64,Manual Review
2025-07-01,PRD0050,SUP010,176.12,180.58,Annual Price List
2025-08-01,PRD0050,SUP010,176.12,184.25,ERP Standard Cost
2025-09-01,PRD0050,SUP010,176.12,183.92,ERP Standard Cost
2025-10-01,PRD0050,SUP010,176.12,182.77,Manual Review
2025-11-01,PRD0050,SUP010,176.12,187.32,Supplier Quote
2025-12-01,PRD0050,SUP010,176.12,185.37,ERP Standard Cost
2026-01-01,PRD0050,SUP010,176.12,185.89,Annual Price List
2026-02-01,PRD0050,SUP010,176.12,190.23,ERP Standard Cost
2026-03-01,PRD0050,SUP010,176.12,190.28,Supplier Quote
2026-04-01,PRD0050,SUP010,176.12,190.36,ERP Standard Cost
2026-05-01,PRD0050,SUP010,176.12,187.7,ERP Standard Cost
2026-06-01,PRD0050,SUP010,176.12,188.74,Manual Review
2024-01-01,PRD0051,SUP008,21155.94,20875.71,Annual Price List
2024-02-01,PRD0051,SUP008,21155.94,20830.04,Supplier Quote
2024-03-01,PRD0051,SUP008,21155.94,21307.65,Annual Price List
2024-04-01,PRD0051,SUP008,21155.94,21816.16,Supplier Quote
2024-05-01,PRD0051,SUP008,21155.94,22036.0,Annual Price List
2024-06-01,PRD0051,SUP008,21155.94,22296.32,Annual Price List
2024-07-01,PRD0051,SUP008,21155.94,22733.29,Manual Review
2024-08-01,PRD0051,SUP008,21155.94,23152.19,Annual Price List
2024-09-01,PRD0051,SUP008,21155.94,23302.91,Manual Review
2024-10-01,PRD0051,SUP008,21155.94,23556.04,Supplier Quote
2024-11-01,PRD0051,SUP008,21155.94,23906.45,Annual Price List
2024-12-01,PRD0051,SUP008,21155.94,23570.57,ERP Standard Cost
2025-01-01,PRD0051,SUP008,21155.94,23252.73,Supplier Quote
2025-02-01,PRD0051,SUP008,21155.94,22954.41,ERP Standard Cost
2025-03-01,PRD0051,SUP008,21155.94,23122.51,Annual Price List
2025-04-01,PRD0051,SUP008,21155.94,23618.25,Manual Review
2025-05-01,PRD0051,SUP008,21155.94,23630.56,Manual Review
2025-06-01,PRD0051,SUP008,21155.94,23685.41,Supplier Quote
2025-07-01,PRD0051,SUP008,21155.94,23699.15,Supplier Quote
2025-08-01,PRD0051,SUP008,21155.94,23850.66,Supplier Quote
2025-09-01,PRD0051,SUP008,21155.94,24214.11,Supplier Quote
2025-10-01,PRD0051,SUP008,21155.94,24529.75,Supplier Quote
2025-11-01,PRD0051,SUP008,21155.94,24512.77,Supplier Quote
2025-12-01,PRD0051,SUP008,21155.94,24429.27,ERP Standard Cost
2026-01-01,PRD0051,SUP008,21155.94,24655.55,ERP Standard Cost
2026-02-01,PRD0051,SUP008,21155.94,25040.45,Manual Review
2026-03-01,PRD0051,SUP008,21155.94,25046.87,Supplier Quote
2026-04-01,PRD0051,SUP008,21155.94,25146.04,Annual Price List
2026-05-01,PRD0051,SUP008,21155.94,24906.03,Manual Review
2026-06-01,PRD0051,SUP008,21155.94,25326.22,ERP Standard Cost
2024-01-01,PRD0052,SUP003,8516.87,8490.66,ERP Standard Cost
2024-02-01,PRD0052,SUP003,8516.87,8688.45,Supplier Quote
2024-03-01,PRD0052,SUP003,8516.87,8750.5,Annual Price List
2024-04-01,PRD0052,SUP003,8516.87,8662.37,Supplier Quote
2024-05-01,PRD0052,SUP003,8516.87,8730.88,Manual Review
2024-06-01,PRD0052,SUP003,8516.87,8787.51,Supplier Quote
2024-07-01,PRD0052,SUP003,8516.87,8762.8,ERP Standard Cost
2024-08-01,PRD0052,SUP003,8516.87,8705.57,Annual Price List
2024-09-01,PRD0052,SUP003,8516.87,8631.04,Annual Price List
2024-10-01,PRD0052,SUP003,8516.87,8714.55,ERP Standard Cost
2024-11-01,PRD0052,SUP003,8516.87,8651.57,Annual Price List
2024-12-01,PRD0052,SUP003,8516.87,8753.99,Supplier Quote
2025-01-01,PRD0052,SUP003,8516.87,8920.8,Manual Review
2025-02-01,PRD0052,SUP003,8516.87,9017.03,Supplier Quote
2025-03-01,PRD0052,SUP003,8516.87,8986.61,Supplier Quote
2025-04-01,PRD0052,SUP003,8516.87,8941.92,Annual Price List
2025-05-01,PRD0052,SUP003,8516.87,9067.32,Manual Review
2025-06-01,PRD0052,SUP003,8516.87,9276.43,ERP Standard Cost
2025-07-01,PRD0052,SUP003,8516.87,9184.86,Annual Price List
2025-08-01,PRD0052,SUP003,8516.87,9083.84,Supplier Quote
2025-09-01,PRD0052,SUP003,8516.87,9274.65,ERP Standard Cost
2025-10-01,PRD0052,SUP003,8516.87,9315.77,ERP Standard Cost
2025-11-01,PRD0052,SUP003,8516.87,9405.7,ERP Standard Cost
2025-12-01,PRD0052,SUP003,8516.87,9525.52,Annual Price List
2026-01-01,PRD0052,SUP003,8516.87,9598.12,ERP Standard Cost
2026-02-01,PRD0052,SUP003,8516.87,9764.25,Manual Review
2026-03-01,PRD0052,SUP003,8516.87,9683.65,ERP Standard Cost
2026-04-01,PRD0052,SUP003,8516.87,9633.75,Annual Price List
2026-05-01,PRD0052,SUP003,8516.87,9763.69,Manual Review
2026-06-01,PRD0052,SUP003,8516.87,9725.29,ERP Standard Cost
2024-01-01,PRD0053,SUP003,753.4,762.58,ERP Standard Cost
2024-02-01,PRD0053,SUP003,753.4,777.92,Manual Review
2024-03-01,PRD0053,SUP003,753.4,780.11,ERP Standard Cost
2024-04-01,PRD0053,SUP003,753.4,783.6,Supplier Quote
2024-05-01,PRD0053,SUP003,753.4,777.36,Supplier Quote
2024-06-01,PRD0053,SUP003,753.4,791.87,Annual Price List
2024-07-01,PRD0053,SUP003,753.4,808.23,Annual Price List
2024-08-01,PRD0053,SUP003,753.4,804.61,Supplier Quote
2024-09-01,PRD0053,SUP003,753.4,815.95,Supplier Quote
2024-10-01,PRD0053,SUP003,753.4,831.44,Supplier Quote
2024-11-01,PRD0053,SUP003,753.4,846.0,Manual Review
2024-12-01,PRD0053,SUP003,753.4,859.34,Annual Price List
2025-01-01,PRD0053,SUP003,753.4,877.6,ERP Standard Cost
2025-02-01,PRD0053,SUP003,753.4,883.52,Manual Review
2025-03-01,PRD0053,SUP003,753.4,893.37,Annual Price List
2025-04-01,PRD0053,SUP003,753.4,893.04,Annual Price List
2025-05-01,PRD0053,SUP003,753.4,911.49,ERP Standard Cost
2025-06-01,PRD0053,SUP003,753.4,902.7,Supplier Quote
2025-07-01,PRD0053,SUP003,753.4,903.49,Supplier Quote
2025-08-01,PRD0053,SUP003,753.4,913.88,Annual Price List
2025-09-01,PRD0053,SUP003,753.4,927.86,Annual Price List
2025-10-01,PRD0053,SUP003,753.4,930.5,Annual Price List
2025-11-01,PRD0053,SUP003,753.4,937.62,Annual Price List
2025-12-01,PRD0053,SUP003,753.4,951.16,Manual Review
2026-01-01,PRD0053,SUP003,753.4,972.62,Supplier Quote
2026-02-01,PRD0053,SUP003,753.4,966.55,Manual Review
2026-03-01,PRD0053,SUP003,753.4,961.01,ERP Standard Cost
2026-04-01,PRD0053,SUP003,753.4,960.79,Supplier Quote
2026-05-01,PRD0053,SUP003,753.4,972.08,ERP Standard Cost
2026-06-01,PRD0053,SUP003,753.4,972.59,Manual Review
2024-01-01,PRD0054,SUP001,2076.1,2048.27,ERP Standard Cost
2024-02-01,PRD0054,SUP001,2076.1,2026.01,ERP Standard Cost
2024-03-01,PRD0054,SUP001,2076.1,2063.27,ERP Standard Cost
2024-04-01,PRD0054,SUP001,2076.1,2080.08,Annual Price List
2024-05-01,PRD0054,SUP001,2076.1,2080.22,Manual Review
2024-06-01,PRD0054,SUP001,2076.1,2079.41,Supplier Quote
2024-07-01,PRD0054,SUP001,2076.1,2091.19,Manual Review
2024-08-01,PRD0054,SUP001,2076.1,2141.19,Annual Price List
2024-09-01,PRD0054,SUP001,2076.1,2153.3,ERP Standard Cost
2024-10-01,PRD0054,SUP001,2076.1,2191.39,ERP Standard Cost
2024-11-01,PRD0054,SUP001,2076.1,2201.19,Manual Review
2024-12-01,PRD0054,SUP001,2076.1,2246.29,Supplier Quote
2025-01-01,PRD0054,SUP001,2076.1,2257.68,Annual Price List
2025-02-01,PRD0054,SUP001,2076.1,2263.54,Annual Price List
2025-03-01,PRD0054,SUP001,2076.1,2236.57,ERP Standard Cost
2025-04-01,PRD0054,SUP001,2076.1,2221.95,Annual Price List
2025-05-01,PRD0054,SUP001,2076.1,2202.6,Supplier Quote
2025-06-01,PRD0054,SUP001,2076.1,2227.81,Manual Review
2025-07-01,PRD0054,SUP001,2076.1,2266.68,Supplier Quote
2025-08-01,PRD0054,SUP001,2076.1,2276.33,Manual Review
2025-09-01,PRD0054,SUP001,2076.1,2285.81,Annual Price List
2025-10-01,PRD0054,SUP001,2076.1,2310.7,Manual Review
2025-11-01,PRD0054,SUP001,2076.1,2278.11,Supplier Quote
2025-12-01,PRD0054,SUP001,2076.1,2255.6,Annual Price List
2026-01-01,PRD0054,SUP001,2076.1,2233.92,Supplier Quote
2026-02-01,PRD0054,SUP001,2076.1,2280.01,Annual Price List
2026-03-01,PRD0054,SUP001,2076.1,2250.91,ERP Standard Cost
2026-04-01,PRD0054,SUP001,2076.1,2300.2,Manual Review
2026-05-01,PRD0054,SUP001,2076.1,2320.84,Supplier Quote
2026-06-01,PRD0054,SUP001,2076.1,2367.58,ERP Standard Cost
2024-01-01,PRD0055,SUP002,370.08,367.74,Manual Review
2024-02-01,PRD0055,SUP002,370.08,374.98,Annual Price List
2024-03-01,PRD0055,SUP002,370.08,372.64,Manual Review
2024-04-01,PRD0055,SUP002,370.08,376.01,Annual Price List
2024-05-01,PRD0055,SUP002,370.08,379.74,ERP Standard Cost
2024-06-01,PRD0055,SUP002,370.08,376.59,ERP Standard Cost
2024-07-01,PRD0055,SUP002,370.08,384.84,Supplier Quote
2024-08-01,PRD0055,SUP002,370.08,382.6,Manual Review
2024-09-01,PRD0055,SUP002,370.08,378.89,Supplier Quote
2024-10-01,PRD0055,SUP002,370.08,376.27,Manual Review
2024-11-01,PRD0055,SUP002,370.08,383.07,Supplier Quote
2024-12-01,PRD0055,SUP002,370.08,380.04,Supplier Quote
2025-01-01,PRD0055,SUP002,370.08,387.68,Supplier Quote
2025-02-01,PRD0055,SUP002,370.08,383.31,Annual Price List
2025-03-01,PRD0055,SUP002,370.08,391.39,Supplier Quote
2025-04-01,PRD0055,SUP002,370.08,399.56,Manual Review
2025-05-01,PRD0055,SUP002,370.08,401.91,ERP Standard Cost
2025-06-01,PRD0055,SUP002,370.08,409.95,Manual Review
2025-07-01,PRD0055,SUP002,370.08,407.56,Manual Review
2025-08-01,PRD0055,SUP002,370.08,414.32,Manual Review
2025-09-01,PRD0055,SUP002,370.08,413.92,Supplier Quote
2025-10-01,PRD0055,SUP002,370.08,414.75,ERP Standard Cost
2025-11-01,PRD0055,SUP002,370.08,416.45,Annual Price List
2025-12-01,PRD0055,SUP002,370.08,425.36,Supplier Quote
2026-01-01,PRD0055,SUP002,370.08,423.8,Manual Review
2026-02-01,PRD0055,SUP002,370.08,421.81,Supplier Quote
2026-03-01,PRD0055,SUP002,370.08,427.45,Supplier Quote
2026-04-01,PRD0055,SUP002,370.08,430.92,Supplier Quote
2026-05-01,PRD0055,SUP002,370.08,433.42,Manual Review
2026-06-01,PRD0055,SUP002,370.08,438.26,ERP Standard Cost
2024-01-01,PRD0056,SUP007,27082.16,27068.37,Annual Price List
2024-02-01,PRD0056,SUP007,27082.16,27123.67,ERP Standard Cost
2024-03-01,PRD0056,SUP007,27082.16,27000.31,Manual Review
2024-04-01,PRD0056,SUP007,27082.16,27205.16,ERP Standard Cost
2024-05-01,PRD0056,SUP007,27082.16,27876.36,Manual Review
2024-06-01,PRD0056,SUP007,27082.16,28300.05,Manual Review
2024-07-01,PRD0056,SUP007,27082.16,28500.53,Manual Review
2024-08-01,PRD0056,SUP007,27082.16,28276.77,Manual Review
2024-09-01,PRD0056,SUP007,27082.16,28139.66,ERP Standard Cost
2024-10-01,PRD0056,SUP007,27082.16,28367.76,Manual Review
2024-11-01,PRD0056,SUP007,27082.16,28777.14,Supplier Quote
2024-12-01,PRD0056,SUP007,27082.16,29206.29,Manual Review
2025-01-01,PRD0056,SUP007,27082.16,29683.06,Annual Price List
2025-02-01,PRD0056,SUP007,27082.16,29356.88,Manual Review
2025-03-01,PRD0056,SUP007,27082.16,29839.6,Supplier Quote
2025-04-01,PRD0056,SUP007,27082.16,29583.86,Supplier Quote
2025-05-01,PRD0056,SUP007,27082.16,30091.96,Annual Price List
2025-06-01,PRD0056,SUP007,27082.16,30208.31,Manual Review
2025-07-01,PRD0056,SUP007,27082.16,29861.69,ERP Standard Cost
2025-08-01,PRD0056,SUP007,27082.16,29678.66,Supplier Quote
2025-09-01,PRD0056,SUP007,27082.16,29956.49,Manual Review
2025-10-01,PRD0056,SUP007,27082.16,30622.35,Manual Review
2025-11-01,PRD0056,SUP007,27082.16,30915.05,ERP Standard Cost
2025-12-01,PRD0056,SUP007,27082.16,31331.3,Supplier Quote
2026-01-01,PRD0056,SUP007,27082.16,32046.55,Annual Price List
2026-02-01,PRD0056,SUP007,27082.16,32386.62,Manual Review
2026-03-01,PRD0056,SUP007,27082.16,31914.69,ERP Standard Cost
2026-04-01,PRD0056,SUP007,27082.16,31684.58,Annual Price List
2026-05-01,PRD0056,SUP007,27082.16,31989.0,Supplier Quote
2026-06-01,PRD0056,SUP007,27082.16,31969.47,Supplier Quote
2024-01-01,PRD0057,SUP003,7253.15,7169.55,ERP Standard Cost
2024-02-01,PRD0057,SUP003,7253.15,7285.6,ERP Standard Cost
2024-03-01,PRD0057,SUP003,7253.15,7371.47,Manual Review
2024-04-01,PRD0057,SUP003,7253.15,7433.71,Supplier Quote
2024-05-01,PRD0057,SUP003,7253.15,7541.33,Supplier Quote
2024-06-01,PRD0057,SUP003,7253.15,7705.48,ERP Standard Cost
2024-07-01,PRD0057,SUP003,7253.15,7813.71,ERP Standard Cost
2024-08-01,PRD0057,SUP003,7253.15,7805.11,ERP Standard Cost
2024-09-01,PRD0057,SUP003,7253.15,7758.68,Annual Price List
2024-10-01,PRD0057,SUP003,7253.15,7783.43,Manual Review
2024-11-01,PRD0057,SUP003,7253.15,7845.67,ERP Standard Cost
2024-12-01,PRD0057,SUP003,7253.15,7782.92,Supplier Quote
2025-01-01,PRD0057,SUP003,7253.15,7840.09,ERP Standard Cost
2025-02-01,PRD0057,SUP003,7253.15,7829.1,Supplier Quote
2025-03-01,PRD0057,SUP003,7253.15,7963.11,ERP Standard Cost
2025-04-01,PRD0057,SUP003,7253.15,8122.73,ERP Standard Cost
2025-05-01,PRD0057,SUP003,7253.15,8226.44,Manual Review
2025-06-01,PRD0057,SUP003,7253.15,8288.36,Annual Price List
2025-07-01,PRD0057,SUP003,7253.15,8415.16,Manual Review
2025-08-01,PRD0057,SUP003,7253.15,8518.36,Supplier Quote
2025-09-01,PRD0057,SUP003,7253.15,8554.81,ERP Standard Cost
2025-10-01,PRD0057,SUP003,7253.15,8449.61,Annual Price List
2025-11-01,PRD0057,SUP003,7253.15,8551.65,Annual Price List
2025-12-01,PRD0057,SUP003,7253.15,8697.08,Manual Review
2026-01-01,PRD0057,SUP003,7253.15,8899.01,Supplier Quote
2026-02-01,PRD0057,SUP003,7253.15,9014.99,ERP Standard Cost
2026-03-01,PRD0057,SUP003,7253.15,8969.28,Supplier Quote
2026-04-01,PRD0057,SUP003,7253.15,8977.87,ERP Standard Cost
2026-05-01,PRD0057,SUP003,7253.15,8870.5,Annual Price List
2026-06-01,PRD0057,SUP003,7253.15,8906.54,ERP Standard Cost
2024-01-01,PRD0058,SUP004,2695.65,2751.65,ERP Standard Cost
2024-02-01,PRD0058,SUP004,2695.65,2730.49,Annual Price List
2024-03-01,PRD0058,SUP004,2695.65,2744.03,Annual Price List
2024-04-01,PRD0058,SUP004,2695.65,2728.65,Annual Price List
2024-05-01,PRD0058,SUP004,2695.65,2782.98,Annual Price List
2024-06-01,PRD0058,SUP004,2695.65,2766.75,Annual Price List
2024-07-01,PRD0058,SUP004,2695.65,2817.8,ERP Standard Cost
2024-08-01,PRD0058,SUP004,2695.65,2793.12,Supplier Quote
2024-09-01,PRD0058,SUP004,2695.65,2764.62,Supplier Quote
2024-10-01,PRD0058,SUP004,2695.65,2797.88,Manual Review
2024-11-01,PRD0058,SUP004,2695.65,2824.61,Supplier Quote
2024-12-01,PRD0058,SUP004,2695.65,2878.05,ERP Standard Cost
2025-01-01,PRD0058,SUP004,2695.65,2906.33,Manual Review
2025-02-01,PRD0058,SUP004,2695.65,2967.15,ERP Standard Cost
2025-03-01,PRD0058,SUP004,2695.65,2980.89,ERP Standard Cost
2025-04-01,PRD0058,SUP004,2695.65,2983.62,Annual Price List
2025-05-01,PRD0058,SUP004,2695.65,2945.33,Manual Review
2025-06-01,PRD0058,SUP004,2695.65,2957.5,Supplier Quote
2025-07-01,PRD0058,SUP004,2695.65,2972.58,Manual Review
2025-08-01,PRD0058,SUP004,2695.65,3030.3,Annual Price List
2025-09-01,PRD0058,SUP004,2695.65,3040.26,Supplier Quote
2025-10-01,PRD0058,SUP004,2695.65,3079.57,Manual Review
2025-11-01,PRD0058,SUP004,2695.65,3072.26,Supplier Quote
2025-12-01,PRD0058,SUP004,2695.65,3027.63,Annual Price List
2026-01-01,PRD0058,SUP004,2695.65,3028.16,Supplier Quote
2026-02-01,PRD0058,SUP004,2695.65,3022.16,ERP Standard Cost
2026-03-01,PRD0058,SUP004,2695.65,2999.45,ERP Standard Cost
2026-04-01,PRD0058,SUP004,2695.65,2982.91,Manual Review
2026-05-01,PRD0058,SUP004,2695.65,3052.54,ERP Standard Cost
2026-06-01,PRD0058,SUP004,2695.65,3051.43,Manual Review
2024-01-01,PRD0059,SUP007,20502.29,20367.41,ERP Standard Cost
2024-02-01,PRD0059,SUP007,20502.29,20359.33,Manual Review
2024-03-01,PRD0059,SUP007,20502.29,20281.66,Annual Price List
2024-04-01,PRD0059,SUP007,20502.29,20441.0,Annual Price List
2024-05-01,PRD0059,SUP007,20502.29,20800.1,ERP Standard Cost
2024-06-01,PRD0059,SUP007,20502.29,21157.1,Manual Review
2024-07-01,PRD0059,SUP007,20502.29,21564.43,Annual Price List
2024-08-01,PRD0059,SUP007,20502.29,21366.76,Annual Price List
2024-09-01,PRD0059,SUP007,20502.29,21450.51,Supplier Quote
2024-10-01,PRD0059,SUP007,20502.29,21280.28,Manual Review
2024-11-01,PRD0059,SUP007,20502.29,21075.54,ERP Standard Cost
2024-12-01,PRD0059,SUP007,20502.29,21421.46,ERP Standard Cost
2025-01-01,PRD0059,SUP007,20502.29,21315.19,Supplier Quote
2025-02-01,PRD0059,SUP007,20502.29,21335.14,Annual Price List
2025-03-01,PRD0059,SUP007,20502.29,21066.35,ERP Standard Cost
2025-04-01,PRD0059,SUP007,20502.29,21151.91,Supplier Quote
2025-05-01,PRD0059,SUP007,20502.29,21215.25,ERP Standard Cost
2025-06-01,PRD0059,SUP007,20502.29,21117.46,ERP Standard Cost
2025-07-01,PRD0059,SUP007,20502.29,21274.03,ERP Standard Cost
2025-08-01,PRD0059,SUP007,20502.29,21247.77,Manual Review
2025-09-01,PRD0059,SUP007,20502.29,21032.09,Annual Price List
2025-10-01,PRD0059,SUP007,20502.29,21201.91,Annual Price List
2025-11-01,PRD0059,SUP007,20502.29,21714.46,ERP Standard Cost
2025-12-01,PRD0059,SUP007,20502.29,21697.18,Manual Review
2026-01-01,PRD0059,SUP007,20502.29,22044.12,Manual Review
2026-02-01,PRD0059,SUP007,20502.29,22497.9,Manual Review
2026-03-01,PRD0059,SUP007,20502.29,22712.68,Manual Review
2026-04-01,PRD0059,SUP007,20502.29,22945.9,Annual Price List
2026-05-01,PRD0059,SUP007,20502.29,23398.63,ERP Standard Cost
2026-06-01,PRD0059,SUP007,20502.29,23442.45,Manual Review
2024-01-01,PRD0060,SUP002,15285.19,15104.28,ERP Standard Cost
2024-02-01,PRD0060,SUP002,15285.19,15015.6,ERP Standard Cost
2024-03-01,PRD0060,SUP002,15285.19,15182.58,ERP Standard Cost
2024-04-01,PRD0060,SUP002,15285.19,15322.5,Manual Review
2024-05-01,PRD0060,SUP002,15285.19,15258.91,Manual Review
2024-06-01,PRD0060,SUP002,15285.19,15506.69,ERP Standard Cost
2024-07-01,PRD0060,SUP002,15285.19,15737.99,Manual Review
2024-08-01,PRD0060,SUP002,15285.19,15762.53,Annual Price List
2024-09-01,PRD0060,SUP002,15285.19,16064.68,Annual Price List
2024-10-01,PRD0060,SUP002,15285.19,16291.36,ERP Standard Cost
2024-11-01,PRD0060,SUP002,15285.19,16659.83,Supplier Quote
2024-12-01,PRD0060,SUP002,15285.19,16550.26,Manual Review
2025-01-01,PRD0060,SUP002,15285.19,16370.2,Supplier Quote
2025-02-01,PRD0060,SUP002,15285.19,16738.07,Manual Review
2025-03-01,PRD0060,SUP002,15285.19,16854.18,Supplier Quote
2025-04-01,PRD0060,SUP002,15285.19,17121.11,Supplier Quote
2025-05-01,PRD0060,SUP002,15285.19,16935.47,Annual Price List
2025-06-01,PRD0060,SUP002,15285.19,16738.55,Manual Review
2025-07-01,PRD0060,SUP002,15285.19,16694.61,Annual Price List
2025-08-01,PRD0060,SUP002,15285.19,16936.74,Manual Review
2025-09-01,PRD0060,SUP002,15285.19,17107.11,Annual Price List
2025-10-01,PRD0060,SUP002,15285.19,17210.95,Annual Price List
2025-11-01,PRD0060,SUP002,15285.19,16972.45,ERP Standard Cost
2025-12-01,PRD0060,SUP002,15285.19,17301.97,ERP Standard Cost
2026-01-01,PRD0060,SUP002,15285.19,17640.56,Manual Review
2026-02-01,PRD0060,SUP002,15285.19,18063.92,ERP Standard Cost
2026-03-01,PRD0060,SUP002,15285.19,18189.32,Annual Price List
2026-04-01,PRD0060,SUP002,15285.19,18621.89,Annual Price List
2026-05-01,PRD0060,SUP002,15285.19,18782.66,Manual Review
2026-06-01,PRD0060,SUP002,15285.19,18975.03,Manual Review
2024-01-01,PRD0062,SUP004,11180.7,11053.33,Supplier Quote
2024-02-01,PRD0062,SUP004,11180.7,11105.76,ERP Standard Cost
2024-03-01,PRD0062,SUP004,11180.7,11125.85,Manual Review
2024-04-01,PRD0062,SUP004,11180.7,11403.09,Manual Review
2024-05-01,PRD0062,SUP004,11180.7,11549.94,Supplier Quote
2024-06-01,PRD0062,SUP004,11180.7,11529.26,Annual Price List
2024-07-01,PRD0062,SUP004,11180.7,11382.17,Manual Review
2024-08-01,PRD0062,SUP004,11180.7,11243.93,Manual Review
2024-09-01,PRD0062,SUP004,11180.7,11156.95,ERP Standard Cost
2024-10-01,PRD0062,SUP004,11180.7,11354.32,Supplier Quote
2024-11-01,PRD0062,SUP004,11180.7,11239.4,Annual Price List
2024-12-01,PRD0062,SUP004,11180.7,11243.8,Manual Review
2025-01-01,PRD0062,SUP004,11180.7,11186.31,Supplier Quote
2025-02-01,PRD0062,SUP004,11180.7,11107.63,Supplier Quote
2025-03-01,PRD0062,SUP004,11180.7,11172.56,Annual Price List
2025-04-01,PRD0062,SUP004,11180.7,11216.28,ERP Standard Cost
2025-05-01,PRD0062,SUP004,11180.7,11468.07,Annual Price List
2025-06-01,PRD0062,SUP004,11180.7,11584.66,Supplier Quote
2025-07-01,PRD0062,SUP004,11180.7,11755.99,Supplier Quote
2025-08-01,PRD0062,SUP004,11180.7,11698.77,ERP Standard Cost
2025-09-01,PRD0062,SUP004,11180.7,11616.28,Supplier Quote
2025-10-01,PRD0062,SUP004,11180.7,11843.33,Annual Price List
2025-11-01,PRD0062,SUP004,11180.7,12126.76,Annual Price List
2025-12-01,PRD0062,SUP004,11180.7,12251.86,ERP Standard Cost
2026-01-01,PRD0062,SUP004,11180.7,12075.47,ERP Standard Cost
2026-02-01,PRD0062,SUP004,11180.7,12176.75,Manual Review
2026-03-01,PRD0062,SUP004,11180.7,12378.47,Supplier Quote
2026-04-01,PRD0062,SUP004,11180.7,12672.5,Manual Review
2026-05-01,PRD0062,SUP004,11180.7,12831.37,Annual Price List
2026-06-01,PRD0062,SUP004,11180.7,12829.52,Supplier Quote
2024-01-01,PRD0063,SUP004,5288.43,5242.46,Supplier Quote
2024-02-01,PRD0063,SUP004,5288.43,5307.67,ERP Standard Cost
2024-03-01,PRD0063,SUP004,5288.43,5425.68,Supplier Quote
2024-04-01,PRD0063,SUP004,5288.43,5357.27,Annual Price List
2024-05-01,PRD0063,SUP004,5288.43,5427.19,Supplier Quote
2024-06-01,PRD0063,SUP004,5288.43,5373.1,Annual Price List
2024-07-01,PRD0063,SUP004,5288.43,5360.58,ERP Standard Cost
2024-08-01,PRD0063,SUP004,5288.43,5452.9,Manual Review
2024-09-01,PRD0063,SUP004,5288.43,5531.02,Supplier Quote
2024-10-01,PRD0063,SUP004,5288.43,5600.55,ERP Standard Cost
2024-11-01,PRD0063,SUP004,5288.43,5678.82,ERP Standard Cost
2024-12-01,PRD0063,SUP004,5288.43,5797.77,Manual Review
2025-01-01,PRD0063,SUP004,5288.43,5874.68,ERP Standard Cost
2025-02-01,PRD0063,SUP004,5288.43,5914.09,Manual Review
2025-03-01,PRD0063,SUP004,5288.43,5870.28,Annual Price List
2025-04-01,PRD0063,SUP004,5288.43,5909.87,ERP Standard Cost
2025-05-01,PRD0063,SUP004,5288.43,5994.36,ERP Standard Cost
2025-06-01,PRD0063,SUP004,5288.43,6112.49,Annual Price List
2025-07-01,PRD0063,SUP004,5288.43,6037.64,Annual Price List
2025-08-01,PRD0063,SUP004,5288.43,6055.6,ERP Standard Cost
2025-09-01,PRD0063,SUP004,5288.43,6095.96,Manual Review
2025-10-01,PRD0063,SUP004,5288.43,6004.7,Manual Review
2025-11-01,PRD0063,SUP004,5288.43,6090.84,Supplier Quote
2025-12-01,PRD0063,SUP004,5288.43,6150.47,ERP Standard Cost
2026-01-01,PRD0063,SUP004,5288.43,6249.12,Annual Price List
2026-02-01,PRD0063,SUP004,5288.43,6235.55,Supplier Quote
2026-03-01,PRD0063,SUP004,5288.43,6306.21,Manual Review
2026-04-01,PRD0063,SUP004,5288.43,6259.51,Manual Review
2026-05-01,PRD0063,SUP004,5288.43,6357.34,Annual Price List
2026-06-01,PRD0063,SUP004,5288.43,6417.87,ERP Standard Cost
2024-01-01,PRD0064,SUP007,21001.13,21224.5,Supplier Quote
2024-02-01,PRD0064,SUP007,21001.13,20987.85,Supplier Quote
2024-03-01,PRD0064,SUP007,21001.13,20709.79,Annual Price List
2024-04-01,PRD0064,SUP007,21001.13,20547.12,Supplier Quote
2024-05-01,PRD0064,SUP007,21001.13,20405.0,Manual Review
2024-06-01,PRD0064,SUP007,21001.13,20255.32,Supplier Quote
2024-07-01,PRD0064,SUP007,21001.13,20414.14,Manual Review
2024-08-01,PRD0064,SUP007,21001.13,20645.16,ERP Standard Cost
2024-09-01,PRD0064,SUP007,21001.13,20376.02,Annual Price List
2024-10-01,PRD0064,SUP007,21001.13,20564.25,Supplier Quote
2024-11-01,PRD0064,SUP007,21001.13,20266.55,Annual Price List
2024-12-01,PRD0064,SUP007,21001.13,20494.15,Supplier Quote
2025-01-01,PRD0064,SUP007,21001.13,20570.43,Supplier Quote
2025-02-01,PRD0064,SUP007,21001.13,20558.85,Manual Review
2025-03-01,PRD0064,SUP007,21001.13,20926.47,Supplier Quote
2025-04-01,PRD0064,SUP007,21001.13,21302.01,ERP Standard Cost
2025-05-01,PRD0064,SUP007,21001.13,21433.25,Supplier Quote
2025-06-01,PRD0064,SUP007,21001.13,21827.15,Supplier Quote
2025-07-01,PRD0064,SUP007,21001.13,22324.47,Supplier Quote
2025-08-01,PRD0064,SUP007,21001.13,22079.99,Annual Price List
2025-09-01,PRD0064,SUP007,21001.13,22218.35,Annual Price List
2025-10-01,PRD0064,SUP007,21001.13,22056.71,Annual Price List
2025-11-01,PRD0064,SUP007,21001.13,22228.78,Annual Price List
2025-12-01,PRD0064,SUP007,21001.13,22391.87,Manual Review
2026-01-01,PRD0064,SUP007,21001.13,22724.26,ERP Standard Cost
2026-02-01,PRD0064,SUP007,21001.13,22996.49,Manual Review
2026-03-01,PRD0064,SUP007,21001.13,23463.62,Annual Price List
2026-04-01,PRD0064,SUP007,21001.13,23855.42,Manual Review
2026-05-01,PRD0064,SUP007,21001.13,23979.18,Annual Price List
2026-06-01,PRD0064,SUP007,21001.13,24131.59,Manual Review
2024-01-01,PRD0065,SUP006,995.12,1016.12,ERP Standard Cost
2024-02-01,PRD0065,SUP006,995.12,1035.21,Manual Review
2024-03-01,PRD0065,SUP006,995.12,1051.33,Manual Review
2024-04-01,PRD0065,SUP006,995.12,1070.3,ERP Standard Cost
2024-05-01,PRD0065,SUP006,995.12,1080.29,Annual Price List
2024-06-01,PRD0065,SUP006,995.12,1080.3,ERP Standard Cost
2024-07-01,PRD0065,SUP006,995.12,1079.65,Manual Review
2024-08-01,PRD0065,SUP006,995.12,1082.78,Manual Review
2024-09-01,PRD0065,SUP006,995.12,1066.55,Supplier Quote
2024-10-01,PRD0065,SUP006,995.12,1092.48,Supplier Quote
2024-11-01,PRD0065,SUP006,995.12,1098.72,ERP Standard Cost
2024-12-01,PRD0065,SUP006,995.12,1082.52,Annual Price List
2025-01-01,PRD0065,SUP006,995.12,1075.59,ERP Standard Cost
2025-02-01,PRD0065,SUP006,995.12,1060.39,ERP Standard Cost
2025-03-01,PRD0065,SUP006,995.12,1083.47,Annual Price List
2025-04-01,PRD0065,SUP006,995.12,1071.3,Manual Review
2025-05-01,PRD0065,SUP006,995.12,1070.47,Annual Price List
2025-06-01,PRD0065,SUP006,995.12,1065.76,Annual Price List
2025-07-01,PRD0065,SUP006,995.12,1059.71,ERP Standard Cost
2025-08-01,PRD0065,SUP006,995.12,1047.71,Manual Review
2025-09-01,PRD0065,SUP006,995.12,1055.84,Annual Price List
2025-10-01,PRD0065,SUP006,995.12,1071.01,ERP Standard Cost
2025-11-01,PRD0065,SUP006,995.12,1088.92,Annual Price List
2025-12-01,PRD0065,SUP006,995.12,1093.85,Supplier Quote
2026-01-01,PRD0065,SUP006,995.12,1103.49,ERP Standard Cost
2026-02-01,PRD0065,SUP006,995.12,1088.58,Manual Review
2026-03-01,PRD0065,SUP006,995.12,1075.67,Supplier Quote
2026-04-01,PRD0065,SUP006,995.12,1099.2,ERP Standard Cost
2026-05-01,PRD0065,SUP006,995.12,1098.01,Manual Review
2026-06-01,PRD0065,SUP006,995.12,1099.84,Supplier Quote
2024-01-01,PRD0066,SUP004,267.61,271.6,Supplier Quote
2024-02-01,PRD0066,SUP004,267.61,274.41,Manual Review
2024-03-01,PRD0066,SUP004,267.61,270.89,Supplier Quote
2024-04-01,PRD0066,SUP004,267.61,270.29,Annual Price List
2024-05-01,PRD0066,SUP004,267.61,269.77,Annual Price List
2024-06-01,PRD0066,SUP004,267.61,267.37,Manual Review
2024-07-01,PRD0066,SUP004,267.61,273.75,Supplier Quote
2024-08-01,PRD0066,SUP004,267.61,272.07,ERP Standard Cost
2024-09-01,PRD0066,SUP004,267.61,276.55,Annual Price List
2024-10-01,PRD0066,SUP004,267.61,273.86,Supplier Quote
2024-11-01,PRD0066,SUP004,267.61,274.97,Supplier Quote
2024-12-01,PRD0066,SUP004,267.61,276.87,ERP Standard Cost
2025-01-01,PRD0066,SUP004,267.61,273.66,Manual Review
2025-02-01,PRD0066,SUP004,267.61,278.03,Annual Price List
2025-03-01,PRD0066,SUP004,267.61,282.33,Manual Review
2025-04-01,PRD0066,SUP004,267.61,284.41,Manual Review
2025-05-01,PRD0066,SUP004,267.61,284.64,Annual Price List
2025-06-01,PRD0066,SUP004,267.61,286.76,Annual Price List
2025-07-01,PRD0066,SUP004,267.61,285.24,ERP Standard Cost
2025-08-01,PRD0066,SUP004,267.61,289.83,ERP Standard Cost
2025-09-01,PRD0066,SUP004,267.61,293.42,Supplier Quote
2025-10-01,PRD0066,SUP004,267.61,290.34,Manual Review
2025-11-01,PRD0066,SUP004,267.61,290.9,ERP Standard Cost
2025-12-01,PRD0066,SUP004,267.61,288.75,ERP Standard Cost
2026-01-01,PRD0066,SUP004,267.61,291.28,Supplier Quote
2026-02-01,PRD0066,SUP004,267.61,295.88,Annual Price List
2026-03-01,PRD0066,SUP004,267.61,303.13,Manual Review
2026-04-01,PRD0066,SUP004,267.61,306.14,Manual Review
2026-05-01,PRD0066,SUP004,267.61,302.1,Annual Price List
2026-06-01,PRD0066,SUP004,267.61,299.98,ERP Standard Cost
2024-01-01,PRD0067,SUP003,410.04,416.32,Supplier Quote
2024-02-01,PRD0067,SUP003,410.04,411.94,Supplier Quote
2024-03-01,PRD0067,SUP003,410.04,409.77,Annual Price List
2024-04-01,PRD0067,SUP003,410.04,417.86,ERP Standard Cost
2024-05-01,PRD0067,SUP003,410.04,411.82,Supplier Quote
2024-06-01,PRD0067,SUP003,410.04,410.67,Manual Review
2024-07-01,PRD0067,SUP003,410.04,404.89,Annual Price List
2024-08-01,PRD0067,SUP003,410.04,410.8,Annual Price List
2024-09-01,PRD0067,SUP003,410.04,407.99,ERP Standard Cost
2024-10-01,PRD0067,SUP003,410.04,410.82,Annual Price List
2024-11-01,PRD0067,SUP003,410.04,416.08,Supplier Quote
2024-12-01,PRD0067,SUP003,410.04,416.11,Supplier Quote
2025-01-01,PRD0067,SUP003,410.04,414.12,Supplier Quote
2025-02-01,PRD0067,SUP003,410.04,412.61,ERP Standard Cost
2025-03-01,PRD0067,SUP003,410.04,407.3,Supplier Quote
2025-04-01,PRD0067,SUP003,410.04,402.27,ERP Standard Cost
2025-05-01,PRD0067,SUP003,410.04,406.91,ERP Standard Cost
2025-06-01,PRD0067,SUP003,410.04,414.87,Supplier Quote
2025-07-01,PRD0067,SUP003,410.04,413.5,Manual Review
2025-08-01,PRD0067,SUP003,410.04,411.12,Manual Review
2025-09-01,PRD0067,SUP003,410.04,413.32,Supplier Quote
2025-10-01,PRD0067,SUP003,410.04,422.06,Manual Review
2025-11-01,PRD0067,SUP003,410.04,430.37,Supplier Quote
2025-12-01,PRD0067,SUP003,410.04,427.12,Manual Review
2026-01-01,PRD0067,SUP003,410.04,430.29,Supplier Quote
2026-02-01,PRD0067,SUP003,410.04,424.52,ERP Standard Cost
2026-03-01,PRD0067,SUP003,410.04,423.82,Manual Review
2026-04-01,PRD0067,SUP003,410.04,430.08,Supplier Quote
2026-05-01,PRD0067,SUP003,410.04,429.59,ERP Standard Cost
2026-06-01,PRD0067,SUP003,410.04,429.26,ERP Standard Cost
2024-01-01,PRD0068,SUP004,7713.34,7904.94,ERP Standard Cost
2024-02-01,PRD0068,SUP004,7713.34,8043.08,ERP Standard Cost
2024-03-01,PRD0068,SUP004,7713.34,8205.13,Supplier Quote
2024-04-01,PRD0068,SUP004,7713.34,8391.92,ERP Standard Cost
2024-05-01,PRD0068,SUP004,7713.34,8341.76,ERP Standard Cost
2024-06-01,PRD0068,SUP004,7713.34,8516.0,Annual Price List
2024-07-01,PRD0068,SUP004,7713.34,8418.17,Manual Review
2024-08-01,PRD0068,SUP004,7713.34,8467.23,Annual Price List
2024-09-01,PRD0068,SUP004,7713.34,8481.57,Annual Price List
2024-10-01,PRD0068,SUP004,7713.34,8499.03,ERP Standard Cost
2024-11-01,PRD0068,SUP004,7713.34,8680.82,ERP Standard Cost
2024-12-01,PRD0068,SUP004,7713.34,8706.57,Annual Price List
2025-01-01,PRD0068,SUP004,7713.34,8647.98,Annual Price List
2025-02-01,PRD0068,SUP004,7713.34,8719.25,Annual Price List
2025-03-01,PRD0068,SUP004,7713.34,8889.31,ERP Standard Cost
2025-04-01,PRD0068,SUP004,7713.34,9000.79,Annual Price List
2025-05-01,PRD0068,SUP004,7713.34,9020.62,Annual Price List
2025-06-01,PRD0068,SUP004,7713.34,9122.09,Annual Price List
2025-07-01,PRD0068,SUP004,7713.34,9101.11,Supplier Quote
2025-08-01,PRD0068,SUP004,7713.34,9031.63,Annual Price List
2025-09-01,PRD0068,SUP004,7713.34,9158.82,ERP Standard Cost
2025-10-01,PRD0068,SUP004,7713.34,9343.88,Manual Review
2025-11-01,PRD0068,SUP004,7713.34,9562.97,ERP Standard Cost
2025-12-01,PRD0068,SUP004,7713.34,9588.98,ERP Standard Cost
2026-01-01,PRD0068,SUP004,7713.34,9503.43,Annual Price List
2026-02-01,PRD0068,SUP004,7713.34,9401.47,Annual Price List
2026-03-01,PRD0068,SUP004,7713.34,9270.3,ERP Standard Cost
2026-04-01,PRD0068,SUP004,7713.34,9355.81,Annual Price List
2026-05-01,PRD0068,SUP004,7713.34,9438.65,Annual Price List
2026-06-01,PRD0068,SUP004,7713.34,9556.59,ERP Standard Cost
2024-01-01,PRD0069,SUP002,4892.12,4953.4,Manual Review
2024-02-01,PRD0069,SUP002,4892.12,4905.66,Manual Review
2024-03-01,PRD0069,SUP002,4892.12,4971.8,ERP Standard Cost
2024-04-01,PRD0069,SUP002,4892.12,4933.81,Manual Review
2024-05-01,PRD0069,SUP002,4892.12,4956.79,Annual Price List
2024-06-01,PRD0069,SUP002,4892.12,4914.91,Annual Price List
2024-07-01,PRD0069,SUP002,4892.12,4847.52,Supplier Quote
2024-08-01,PRD0069,SUP002,4892.12,4954.25,Manual Review
2024-09-01,PRD0069,SUP002,4892.12,4924.04,Annual Price List
2024-10-01,PRD0069,SUP002,4892.12,4999.43,Supplier Quote
2024-11-01,PRD0069,SUP002,4892.12,4959.85,Manual Review
2024-12-01,PRD0069,SUP002,4892.12,5057.49,Manual Review
2025-01-01,PRD0069,SUP002,4892.12,5120.78,Manual Review
2025-02-01,PRD0069,SUP002,4892.12,5225.78,Manual Review
2025-03-01,PRD0069,SUP002,4892.12,5232.02,Supplier Quote
2025-04-01,PRD0069,SUP002,4892.12,5280.77,Manual Review
2025-05-01,PRD0069,SUP002,4892.12,5353.68,Manual Review
2025-06-01,PRD0069,SUP002,4892.12,5404.33,Supplier Quote
2025-07-01,PRD0069,SUP002,4892.12,5435.82,Manual Review
2025-08-01,PRD0069,SUP002,4892.12,5453.62,Supplier Quote
2025-09-01,PRD0069,SUP002,4892.12,5563.3,Annual Price List
2025-10-01,PRD0069,SUP002,4892.12,5595.28,Manual Review
2025-11-01,PRD0069,SUP002,4892.12,5731.54,Supplier Quote
2025-12-01,PRD0069,SUP002,4892.12,5773.43,Supplier Quote
2026-01-01,PRD0069,SUP002,4892.12,5730.67,Manual Review
2026-02-01,PRD0069,SUP002,4892.12,5735.95,ERP Standard Cost
2026-03-01,PRD0069,SUP002,4892.12,5827.43,ERP Standard Cost
2026-04-01,PRD0069,SUP002,4892.12,5847.55,Manual Review
2026-05-01,PRD0069,SUP002,4892.12,5828.7,Supplier Quote
2026-06-01,PRD0069,SUP002,4892.12,5902.14,Annual Price List
2024-01-01,PRD0070,SUP008,28468.51,28986.52,Manual Review
2024-02-01,PRD0070,SUP008,28468.51,28656.58,Supplier Quote
2024-03-01,PRD0070,SUP008,28468.51,28432.8,Annual Price List
2024-04-01,PRD0070,SUP008,28468.51,28453.34,ERP Standard Cost
2024-05-01,PRD0070,SUP008,28468.51,28539.71,Annual Price List
2024-06-01,PRD0070,SUP008,28468.51,28629.53,Annual Price List
2024-07-01,PRD0070,SUP008,28468.51,29210.77,Supplier Quote
2024-08-01,PRD0070,SUP008,28468.51,29064.81,Annual Price List
2024-09-01,PRD0070,SUP008,28468.51,29464.02,Supplier Quote
2024-10-01,PRD0070,SUP008,28468.51,29129.53,Manual Review
2024-11-01,PRD0070,SUP008,28468.51,29431.4,Supplier Quote
2024-12-01,PRD0070,SUP008,28468.51,29606.59,Manual Review
2025-01-01,PRD0070,SUP008,28468.51,30023.3,Annual Price List
2025-02-01,PRD0070,SUP008,28468.51,30027.72,Manual Review
2025-03-01,PRD0070,SUP008,28468.51,29630.04,Annual Price List
2025-04-01,PRD0070,SUP008,28468.51,30266.79,Annual Price List
2025-05-01,PRD0070,SUP008,28468.51,30009.07,Annual Price List
2025-06-01,PRD0070,SUP008,28468.51,29773.64,Supplier Quote
2025-07-01,PRD0070,SUP008,28468.51,29826.74,ERP Standard Cost
2025-08-01,PRD0070,SUP008,28468.51,30250.47,Manual Review
2025-09-01,PRD0070,SUP008,28468.51,30146.14,Annual Price List
2025-10-01,PRD0070,SUP008,28468.51,29835.7,Annual Price List
2025-11-01,PRD0070,SUP008,28468.51,30534.37,Supplier Quote
2025-12-01,PRD0070,SUP008,28468.51,30836.74,ERP Standard Cost
2026-01-01,PRD0070,SUP008,28468.51,30389.24,Manual Review
2026-02-01,PRD0070,SUP008,28468.51,30973.22,Supplier Quote
2026-03-01,PRD0070,SUP008,28468.51,31261.87,Manual Review
2026-04-01,PRD0070,SUP008,28468.51,31090.4,Manual Review
2026-05-01,PRD0070,SUP008,28468.51,31188.32,Manual Review
2026-06-01,PRD0070,SUP008,28468.51,30819.56,Supplier Quote
2024-01-01,PRD0071,SUP004,933.7,952.64,ERP Standard Cost
2024-02-01,PRD0071,SUP004,933.7,961.97,Annual Price List
2024-03-01,PRD0071,SUP004,933.7,949.42,Annual Price List
2024-04-01,PRD0071,SUP004,933.7,937.27,ERP Standard Cost
2024-05-01,PRD0071,SUP004,933.7,924.59,Supplier Quote
2024-06-01,PRD0071,SUP004,933.7,935.39,ERP Standard Cost
2024-07-01,PRD0071,SUP004,933.7,933.75,Supplier Quote
2024-08-01,PRD0071,SUP004,933.7,921.57,Manual Review
2024-09-01,PRD0071,SUP004,933.7,944.38,Annual Price List
2024-10-01,PRD0071,SUP004,933.7,955.6,Annual Price List
2024-11-01,PRD0071,SUP004,933.7,978.2,ERP Standard Cost
2024-12-01,PRD0071,SUP004,933.7,999.98,Supplier Quote
2025-01-01,PRD0071,SUP004,933.7,1015.72,ERP Standard Cost
2025-02-01,PRD0071,SUP004,933.7,1015.46,Manual Review
2025-03-01,PRD0071,SUP004,933.7,1033.54,Manual Review
2025-04-01,PRD0071,SUP004,933.7,1052.9,Supplier Quote
2025-05-01,PRD0071,SUP004,933.7,1049.44,Annual Price List
2025-06-01,PRD0071,SUP004,933.7,1038.82,ERP Standard Cost
2025-07-01,PRD0071,SUP004,933.7,1036.92,Manual Review
2025-08-01,PRD0071,SUP004,933.7,1043.13,Annual Price List
2025-09-01,PRD0071,SUP004,933.7,1053.02,Supplier Quote
2025-10-01,PRD0071,SUP004,933.7,1061.29,Supplier Quote
2025-11-01,PRD0071,SUP004,933.7,1065.9,ERP Standard Cost
2025-12-01,PRD0071,SUP004,933.7,1068.12,ERP Standard Cost
2026-01-01,PRD0071,SUP004,933.7,1063.19,ERP Standard Cost
2026-02-01,PRD0071,SUP004,933.7,1086.67,Manual Review
2026-03-01,PRD0071,SUP004,933.7,1092.96,Manual Review
2026-04-01,PRD0071,SUP004,933.7,1098.1,Annual Price List
2026-05-01,PRD0071,SUP004,933.7,1120.44,Annual Price List
2026-06-01,PRD0071,SUP004,933.7,1135.39,Annual Price List
2024-01-01,PRD0073,SUP009,26264.04,26755.08,Manual Review
2024-02-01,PRD0073,SUP009,26264.04,26554.29,Supplier Quote
2024-03-01,PRD0073,SUP009,26264.04,27074.32,ERP Standard Cost
2024-04-01,PRD0073,SUP009,26264.04,27431.99,ERP Standard Cost
2024-05-01,PRD0073,SUP009,26264.04,27799.4,ERP Standard Cost
2024-06-01,PRD0073,SUP009,26264.04,27842.62,Manual Review
2024-07-01,PRD0073,SUP009,26264.04,28401.76,ERP Standard Cost
2024-08-01,PRD0073,SUP009,26264.04,28489.13,ERP Standard Cost
2024-09-01,PRD0073,SUP009,26264.04,28308.1,ERP Standard Cost
2024-10-01,PRD0073,SUP009,26264.04,28081.65,ERP Standard Cost
2024-11-01,PRD0073,SUP009,26264.04,28542.12,Annual Price List
2024-12-01,PRD0073,SUP009,26264.04,29156.75,Manual Review
2025-01-01,PRD0073,SUP009,26264.04,29309.53,Manual Review
2025-02-01,PRD0073,SUP009,26264.04,29930.84,Annual Price List
2025-03-01,PRD0073,SUP009,26264.04,29709.6,Manual Review
2025-04-01,PRD0073,SUP009,26264.04,30134.38,ERP Standard Cost
2025-05-01,PRD0073,SUP009,26264.04,30617.17,Annual Price List
2025-06-01,PRD0073,SUP009,26264.04,31100.29,Supplier Quote
2025-07-01,PRD0073,SUP009,26264.04,31656.53,Annual Price List
2025-08-01,PRD0073,SUP009,26264.04,31441.51,Supplier Quote
2025-09-01,PRD0073,SUP009,26264.04,31547.61,Supplier Quote
2025-10-01,PRD0073,SUP009,26264.04,31079.59,Supplier Quote
2025-11-01,PRD0073,SUP009,26264.04,31467.52,Supplier Quote
2025-12-01,PRD0073,SUP009,26264.04,31415.02,Supplier Quote
2026-01-01,PRD0073,SUP009,26264.04,31073.36,ERP Standard Cost
2026-02-01,PRD0073,SUP009,26264.04,30635.2,ERP Standard Cost
2026-03-01,PRD0073,SUP009,26264.04,30958.52,Annual Price List
2026-04-01,PRD0073,SUP009,26264.04,30891.51,Annual Price List
2026-05-01,PRD0073,SUP009,26264.04,30782.23,ERP Standard Cost
2026-06-01,PRD0073,SUP009,26264.04,31272.02,Supplier Quote
2024-01-01,PRD0074,SUP005,24732.64,24509.37,ERP Standard Cost
2024-02-01,PRD0074,SUP005,24732.64,24253.95,Supplier Quote
2024-03-01,PRD0074,SUP005,24732.64,24090.55,ERP Standard Cost
2024-04-01,PRD0074,SUP005,24732.64,24258.57,ERP Standard Cost
2024-05-01,PRD0074,SUP005,24732.64,24032.05,ERP Standard Cost
2024-06-01,PRD0074,SUP005,24732.64,24223.43,Annual Price List
2024-07-01,PRD0074,SUP005,24732.64,23929.11,ERP Standard Cost
2024-08-01,PRD0074,SUP005,24732.64,24087.59,Supplier Quote
2024-09-01,PRD0074,SUP005,24732.64,23851.6,Manual Review
2024-10-01,PRD0074,SUP005,24732.64,24355.63,Supplier Quote
2024-11-01,PRD0074,SUP005,24732.64,24093.49,Supplier Quote
2024-12-01,PRD0074,SUP005,24732.64,23815.09,Manual Review
2025-01-01,PRD0074,SUP005,24732.64,23628.36,Manual Review
2025-02-01,PRD0074,SUP005,24732.64,23856.44,ERP Standard Cost
2025-03-01,PRD0074,SUP005,24732.64,23815.72,Annual Price List
2025-04-01,PRD0074,SUP005,24732.64,24137.61,Supplier Quote
2025-05-01,PRD0074,SUP005,24732.64,24715.64,Manual Review
2025-06-01,PRD0074,SUP005,24732.64,24906.24,Supplier Quote
2025-07-01,PRD0074,SUP005,24732.64,25342.45,Manual Review
2025-08-01,PRD0074,SUP005,24732.64,25060.9,ERP Standard Cost
2025-09-01,PRD0074,SUP005,24732.64,25371.14,Manual Review
2025-10-01,PRD0074,SUP005,24732.64,25468.1,Annual Price List
2025-11-01,PRD0074,SUP005,24732.64,25232.49,ERP Standard Cost
2025-12-01,PRD0074,SUP005,24732.64,25775.36,Manual Review
2026-01-01,PRD0074,SUP005,24732.64,25577.77,ERP Standard Cost
2026-02-01,PRD0074,SUP005,24732.64,26001.11,ERP Standard Cost
2026-03-01,PRD0074,SUP005,24732.64,26082.52,Supplier Quote
2026-04-01,PRD0074,SUP005,24732.64,25759.48,Supplier Quote
2026-05-01,PRD0074,SUP005,24732.64,25735.21,Manual Review
2026-06-01,PRD0074,SUP005,24732.64,26219.82,ERP Standard Cost
2024-01-01,PRD0075,SUP006,1121.32,1131.61,Annual Price List
2024-02-01,PRD0075,SUP006,1121.32,1137.63,Manual Review
2024-03-01,PRD0075,SUP006,1121.32,1157.77,Supplier Quote
2024-04-01,PRD0075,SUP006,1121.32,1155.49,Supplier Quote
2024-05-01,PRD0075,SUP006,1121.32,1174.79,Manual Review
2024-06-01,PRD0075,SUP006,1121.32,1176.0,Manual Review
2024-07-01,PRD0075,SUP006,1121.32,1169.58,Annual Price List
2024-08-01,PRD0075,SUP006,1121.32,1177.67,Manual Review
2024-09-01,PRD0075,SUP006,1121.32,1178.09,ERP Standard Cost
2024-10-01,PRD0075,SUP006,1121.32,1170.23,Manual Review
2024-11-01,PRD0075,SUP006,1121.32,1189.39,Manual Review
2024-12-01,PRD0075,SUP006,1121.32,1198.53,ERP Standard Cost
2025-01-01,PRD0075,SUP006,1121.32,1206.66,Annual Price List
2025-02-01,PRD0075,SUP006,1121.32,1196.92,Supplier Quote
2025-03-01,PRD0075,SUP006,1121.32,1214.36,Manual Review
2025-04-01,PRD0075,SUP006,1121.32,1201.7,Manual Review
2025-05-01,PRD0075,SUP006,1121.32,1199.31,Supplier Quote
2025-06-01,PRD0075,SUP006,1121.32,1220.76,Annual Price List
2025-07-01,PRD0075,SUP006,1121.32,1217.49,Manual Review
2025-08-01,PRD0075,SUP006,1121.32,1202.61,Supplier Quote
2025-09-01,PRD0075,SUP006,1121.32,1217.55,Manual Review
2025-10-01,PRD0075,SUP006,1121.32,1215.23,Supplier Quote
2025-11-01,PRD0075,SUP006,1121.32,1201.41,Annual Price List
2025-12-01,PRD0075,SUP006,1121.32,1226.02,Supplier Quote
2026-01-01,PRD0075,SUP006,1121.32,1244.76,Annual Price List
2026-02-01,PRD0075,SUP006,1121.32,1248.64,ERP Standard Cost
2026-03-01,PRD0075,SUP006,1121.32,1249.39,Manual Review
2026-04-01,PRD0075,SUP006,1121.32,1240.43,ERP Standard Cost
2026-05-01,PRD0075,SUP006,1121.32,1236.7,ERP Standard Cost
2026-06-01,PRD0075,SUP006,1121.32,1263.58,Manual Review
2024-01-01,PRD0076,SUP006,16341.73,16743.93,Supplier Quote
2024-02-01,PRD0076,SUP006,16341.73,16902.32,Manual Review
2024-03-01,PRD0076,SUP006,16341.73,17221.86,ERP Standard Cost
2024-04-01,PRD0076,SUP006,16341.73,17006.53,Supplier Quote
2024-05-01,PRD0076,SUP006,16341.73,16752.0,ERP Standard Cost
2024-06-01,PRD0076,SUP006,16341.73,16574.23,ERP Standard Cost
2024-07-01,PRD0076,SUP006,16341.73,16899.54,Annual Price List
2024-08-01,PRD0076,SUP006,16341.73,16937.87,Manual Review
2024-09-01,PRD0076,SUP006,16341.73,17107.4,Manual Review
2024-10-01,PRD0076,SUP006,16341.73,17128.63,Manual Review
2024-11-01,PRD0076,SUP006,16341.73,17245.19,Annual Price List
2024-12-01,PRD0076,SUP006,16341.73,17314.08,Annual Price List
2025-01-01,PRD0076,SUP006,16341.73,17439.04,ERP Standard Cost
2025-02-01,PRD0076,SUP006,16341.73,17763.38,Annual Price List
2025-03-01,PRD0076,SUP006,16341.73,17701.89,Annual Price List
2025-04-01,PRD0076,SUP006,16341.73,17531.44,Supplier Quote
2025-05-01,PRD0076,SUP006,16341.73,17723.16,Annual Price List
2025-06-01,PRD0076,SUP006,16341.73,17968.69,Manual Review
2025-07-01,PRD0076,SUP006,16341.73,18172.04,Annual Price List
2025-08-01,PRD0076,SUP006,16341.73,17961.0,Manual Review
2025-09-01,PRD0076,SUP006,16341.73,18309.56,Manual Review
2025-10-01,PRD0076,SUP006,16341.73,18491.37,Manual Review
2025-11-01,PRD0076,SUP006,16341.73,18590.79,Manual Review
2025-12-01,PRD0076,SUP006,16341.73,18598.01,Annual Price List
2026-01-01,PRD0076,SUP006,16341.73,18457.26,Supplier Quote
2026-02-01,PRD0076,SUP006,16341.73,18607.08,Annual Price List
2026-03-01,PRD0076,SUP006,16341.73,18858.0,ERP Standard Cost
2026-04-01,PRD0076,SUP006,16341.73,18885.04,ERP Standard Cost
2026-05-01,PRD0076,SUP006,16341.73,18627.04,Supplier Quote
2026-06-01,PRD0076,SUP006,16341.73,18770.95,ERP Standard Cost
2024-01-01,PRD0077,SUP002,248.64,250.68,Supplier Quote
2024-02-01,PRD0077,SUP002,248.64,248.35,ERP Standard Cost
2024-03-01,PRD0077,SUP002,248.64,249.24,Supplier Quote
2024-04-01,PRD0077,SUP002,248.64,250.72,Supplier Quote
2024-05-01,PRD0077,SUP002,248.64,249.42,Supplier Quote
2024-06-01,PRD0077,SUP002,248.64,252.5,ERP Standard Cost
2024-07-01,PRD0077,SUP002,248.64,254.9,ERP Standard Cost
2024-08-01,PRD0077,SUP002,248.64,256.54,Supplier Quote
2024-09-01,PRD0077,SUP002,248.64,257.5,Manual Review
2024-10-01,PRD0077,SUP002,248.64,259.55,ERP Standard Cost
2024-11-01,PRD0077,SUP002,248.64,260.03,ERP Standard Cost
2024-12-01,PRD0077,SUP002,248.64,259.13,Supplier Quote
2025-01-01,PRD0077,SUP002,248.64,262.45,ERP Standard Cost
2025-02-01,PRD0077,SUP002,248.64,266.15,ERP Standard Cost
2025-03-01,PRD0077,SUP002,248.64,262.81,Manual Review
2025-04-01,PRD0077,SUP002,248.64,264.94,Supplier Quote
2025-05-01,PRD0077,SUP002,248.64,267.93,ERP Standard Cost
2025-06-01,PRD0077,SUP002,248.64,272.58,Supplier Quote
2025-07-01,PRD0077,SUP002,248.64,271.61,Supplier Quote
2025-08-01,PRD0077,SUP002,248.64,268.92,Supplier Quote
2025-09-01,PRD0077,SUP002,248.64,274.04,ERP Standard Cost
2025-10-01,PRD0077,SUP002,248.64,272.7,ERP Standard Cost
2025-11-01,PRD0077,SUP002,248.64,271.61,ERP Standard Cost
2025-12-01,PRD0077,SUP002,248.64,267.69,Supplier Quote
2026-01-01,PRD0077,SUP002,248.64,270.14,Annual Price List
2026-02-01,PRD0077,SUP002,248.64,273.21,ERP Standard Cost
2026-03-01,PRD0077,SUP002,248.64,277.94,ERP Standard Cost
2026-04-01,PRD0077,SUP002,248.64,282.47,Annual Price List
2026-05-01,PRD0077,SUP002,248.64,283.71,Supplier Quote
2026-06-01,PRD0077,SUP002,248.64,283.35,Supplier Quote
2024-01-01,PRD0078,SUP003,9054.13,9134.0,Annual Price List
2024-02-01,PRD0078,SUP003,9054.13,9303.02,Manual Review
2024-03-01,PRD0078,SUP003,9054.13,9450.15,Annual Price List
2024-04-01,PRD0078,SUP003,9054.13,9558.13,Annual Price List
2024-05-01,PRD0078,SUP003,9054.13,9495.38,ERP Standard Cost
2024-06-01,PRD0078,SUP003,9054.13,9373.58,ERP Standard Cost
2024-07-01,PRD0078,SUP003,9054.13,9516.24,Supplier Quote
2024-08-01,PRD0078,SUP003,9054.13,9393.49,Manual Review
2024-09-01,PRD0078,SUP003,9054.13,9402.41,ERP Standard Cost
2024-10-01,PRD0078,SUP003,9054.13,9440.5,Annual Price List
2024-11-01,PRD0078,SUP003,9054.13,9442.31,Manual Review
2024-12-01,PRD0078,SUP003,9054.13,9479.92,Annual Price List
2025-01-01,PRD0078,SUP003,9054.13,9538.87,Manual Review
2025-02-01,PRD0078,SUP003,9054.13,9400.31,Manual Review
2025-03-01,PRD0078,SUP003,9054.13,9402.94,ERP Standard Cost
2025-04-01,PRD0078,SUP003,9054.13,9623.64,Supplier Quote
2025-05-01,PRD0078,SUP003,9054.13,9516.76,ERP Standard Cost
2025-06-01,PRD0078,SUP003,9054.13,9738.0,Manual Review
2025-07-01,PRD0078,SUP003,9054.13,9829.73,ERP Standard Cost
2025-08-01,PRD0078,SUP003,9054.13,9813.99,ERP Standard Cost
2025-09-01,PRD0078,SUP003,9054.13,9981.73,ERP Standard Cost
2025-10-01,PRD0078,SUP003,9054.13,10093.27,Manual Review
2025-11-01,PRD0078,SUP003,9054.13,10128.03,Annual Price List
2025-12-01,PRD0078,SUP003,9054.13,10273.6,Annual Price List
2026-01-01,PRD0078,SUP003,9054.13,10333.16,Annual Price List
2026-02-01,PRD0078,SUP003,9054.13,10307.65,Supplier Quote
2026-03-01,PRD0078,SUP003,9054.13,10430.44,Supplier Quote
2026-04-01,PRD0078,SUP003,9054.13,10278.97,Supplier Quote
2026-05-01,PRD0078,SUP003,9054.13,10340.75,Manual Review
2026-06-01,PRD0078,SUP003,9054.13,10331.04,ERP Standard Cost
2024-01-01,PRD0079,SUP005,5603.29,5562.52,Supplier Quote
2024-02-01,PRD0079,SUP005,5603.29,5616.89,Supplier Quote
2024-03-01,PRD0079,SUP005,5603.29,5743.5,Annual Price List
2024-04-01,PRD0079,SUP005,5603.29,5875.71,Supplier Quote
2024-05-01,PRD0079,SUP005,5603.29,5954.0,Supplier Quote
2024-06-01,PRD0079,SUP005,5603.29,5885.26,Annual Price List
2024-07-01,PRD0079,SUP005,5603.29,5885.48,Annual Price List
2024-08-01,PRD0079,SUP005,5603.29,6008.14,Annual Price List
2024-09-01,PRD0079,SUP005,5603.29,5978.9,Manual Review
2024-10-01,PRD0079,SUP005,5603.29,6047.17,Supplier Quote
2024-11-01,PRD0079,SUP005,5603.29,6110.98,ERP Standard Cost
2024-12-01,PRD0079,SUP005,5603.29,6207.38,ERP Standard Cost
2025-01-01,PRD0079,SUP005,5603.29,6178.16,Supplier Quote
2025-02-01,PRD0079,SUP005,5603.29,6154.01,Supplier Quote
2025-03-01,PRD0079,SUP005,5603.29,6155.93,ERP Standard Cost
2025-04-01,PRD0079,SUP005,5603.29,6308.84,ERP Standard Cost
2025-05-01,PRD0079,SUP005,5603.29,6455.35,ERP Standard Cost
2025-06-01,PRD0079,SUP005,5603.29,6404.47,Supplier Quote
2025-07-01,PRD0079,SUP005,5603.29,6434.37,Annual Price List
2025-08-01,PRD0079,SUP005,5603.29,6494.93,Annual Price List
2025-09-01,PRD0079,SUP005,5603.29,6565.2,Supplier Quote
2025-10-01,PRD0079,SUP005,5603.29,6504.5,Manual Review
2025-11-01,PRD0079,SUP005,5603.29,6463.76,Supplier Quote
2025-12-01,PRD0079,SUP005,5603.29,6602.76,ERP Standard Cost
2026-01-01,PRD0079,SUP005,5603.29,6530.99,Supplier Quote
2026-02-01,PRD0079,SUP005,5603.29,6451.42,ERP Standard Cost
2026-03-01,PRD0079,SUP005,5603.29,6555.22,Supplier Quote
2026-04-01,PRD0079,SUP005,5603.29,6691.97,Annual Price List
2026-05-01,PRD0079,SUP005,5603.29,6766.35,Supplier Quote
2026-06-01,PRD0079,SUP005,5603.29,6917.34,Manual Review
2024-01-01,PRD0080,SUP005,4913.1,4869.2,ERP Standard Cost
2024-02-01,PRD0080,SUP005,4913.1,4972.35,Supplier Quote
2024-03-01,PRD0080,SUP005,4913.1,5000.27,Manual Review
2024-04-01,PRD0080,SUP005,4913.1,5020.9,Manual Review
2024-05-01,PRD0080,SUP005,4913.1,5115.1,Supplier Quote
2024-06-01,PRD0080,SUP005,4913.1,5148.89,Supplier Quote
2024-07-01,PRD0080,SUP005,4913.1,5150.83,Manual Review
2024-08-01,PRD0080,SUP005,4913.1,5098.54,ERP Standard Cost
2024-09-01,PRD0080,SUP005,4913.1,5090.06,ERP Standard Cost
2024-10-01,PRD0080,SUP005,4913.1,5095.28,Supplier Quote
2024-11-01,PRD0080,SUP005,4913.1,5093.31,ERP Standard Cost
2024-12-01,PRD0080,SUP005,4913.1,5033.3,Manual Review
2025-01-01,PRD0080,SUP005,4913.1,5110.91,ERP Standard Cost
2025-02-01,PRD0080,SUP005,4913.1,5166.68,Annual Price List
2025-03-01,PRD0080,SUP005,4913.1,5203.77,Manual Review
2025-04-01,PRD0080,SUP005,4913.1,5263.25,ERP Standard Cost
2025-05-01,PRD0080,SUP005,4913.1,5330.8,Supplier Quote
2025-06-01,PRD0080,SUP005,4913.1,5385.31,ERP Standard Cost
2025-07-01,PRD0080,SUP005,4913.1,5409.33,Manual Review
2025-08-01,PRD0080,SUP005,4913.1,5487.29,Annual Price List
2025-09-01,PRD0080,SUP005,4913.1,5412.82,Supplier Quote
2025-10-01,PRD0080,SUP005,4913.1,5487.46,Annual Price List
2025-11-01,PRD0080,SUP005,4913.1,5512.53,Supplier Quote
2025-12-01,PRD0080,SUP005,4913.1,5604.64,ERP Standard Cost
2026-01-01,PRD0080,SUP005,4913.1,5632.59,Manual Review
2026-02-01,PRD0080,SUP005,4913.1,5765.88,Supplier Quote
2026-03-01,PRD0080,SUP005,4913.1,5687.93,Supplier Quote
2026-04-01,PRD0080,SUP005,4913.1,5679.45,Supplier Quote
2026-05-01,PRD0080,SUP005,4913.1,5686.38,Annual Price List
2026-06-01,PRD0080,SUP005,4913.1,5784.67,Manual Review
2024-01-01,PRD0081,SUP009,976.54,967.71,Annual Price List
2024-02-01,PRD0081,SUP009,976.54,988.99,Supplier Quote
2024-03-01,PRD0081,SUP009,976.54,1003.25,Manual Review
2024-04-01,PRD0081,SUP009,976.54,1014.44,Manual Review
2024-05-01,PRD0081,SUP009,976.54,1036.04,Supplier Quote
2024-06-01,PRD0081,SUP009,976.54,1030.55,Annual Price List
2024-07-01,PRD0081,SUP009,976.54,1015.69,Supplier Quote
2024-08-01,PRD0081,SUP009,976.54,1037.21,Supplier Quote
2024-09-01,PRD0081,SUP009,976.54,1040.57,Annual Price List
2024-10-01,PRD0081,SUP009,976.54,1059.74,Supplier Quote
2024-11-01,PRD0081,SUP009,976.54,1078.51,Supplier Quote
2024-12-01,PRD0081,SUP009,976.54,1067.25,Annual Price List
2025-01-01,PRD0081,SUP009,976.54,1053.94,Annual Price List
2025-02-01,PRD0081,SUP009,976.54,1056.1,Manual Review
2025-03-01,PRD0081,SUP009,976.54,1053.95,Annual Price List
2025-04-01,PRD0081,SUP009,976.54,1051.7,Annual Price List
2025-05-01,PRD0081,SUP009,976.54,1068.08,Annual Price List
2025-06-01,PRD0081,SUP009,976.54,1066.39,Supplier Quote
2025-07-01,PRD0081,SUP009,976.54,1062.08,Manual Review
2025-08-01,PRD0081,SUP009,976.54,1053.28,ERP Standard Cost
2025-09-01,PRD0081,SUP009,976.54,1060.8,Manual Review
2025-10-01,PRD0081,SUP009,976.54,1055.23,Supplier Quote
2025-11-01,PRD0081,SUP009,976.54,1045.03,Manual Review
2025-12-01,PRD0081,SUP009,976.54,1061.86,Supplier Quote
2026-01-01,PRD0081,SUP009,976.54,1083.29,Supplier Quote
2026-02-01,PRD0081,SUP009,976.54,1067.32,Annual Price List
2026-03-01,PRD0081,SUP009,976.54,1090.85,ERP Standard Cost
2026-04-01,PRD0081,SUP009,976.54,1092.65,Manual Review
2026-05-01,PRD0081,SUP009,976.54,1106.52,Annual Price List
2026-06-01,PRD0081,SUP009,976.54,1096.25,ERP Standard Cost
2024-01-01,PRD0082,SUP009,1221.82,1225.51,Annual Price List
2024-02-01,PRD0082,SUP009,1221.82,1253.11,Supplier Quote
2024-03-01,PRD0082,SUP009,1221.82,1264.2,Manual Review
2024-04-01,PRD0082,SUP009,1221.82,1276.19,Supplier Quote
2024-05-01,PRD0082,SUP009,1221.82,1289.06,ERP Standard Cost
2024-06-01,PRD0082,SUP009,1221.82,1287.66,Supplier Quote
2024-07-01,PRD0082,SUP009,1221.82,1297.07,Annual Price List
2024-08-01,PRD0082,SUP009,1221.82,1283.71,Supplier Quote
2024-09-01,PRD0082,SUP009,1221.82,1296.24,Annual Price List
2024-10-01,PRD0082,SUP009,1221.82,1300.86,Annual Price List
2024-11-01,PRD0082,SUP009,1221.82,1295.73,Annual Price List
2024-12-01,PRD0082,SUP009,1221.82,1282.14,Annual Price List
2025-01-01,PRD0082,SUP009,1221.82,1298.05,Manual Review
2025-02-01,PRD0082,SUP009,1221.82,1304.41,Annual Price List
2025-03-01,PRD0082,SUP009,1221.82,1319.81,Supplier Quote
2025-04-01,PRD0082,SUP009,1221.82,1302.86,ERP Standard Cost
2025-05-01,PRD0082,SUP009,1221.82,1298.18,Manual Review
2025-06-01,PRD0082,SUP009,1221.82,1291.76,Manual Review
2025-07-01,PRD0082,SUP009,1221.82,1274.62,Supplier Quote
2025-08-01,PRD0082,SUP009,1221.82,1302.66,Annual Price List
2025-09-01,PRD0082,SUP009,1221.82,1291.35,Supplier Quote
2025-10-01,PRD0082,SUP009,1221.82,1297.04,Supplier Quote
2025-11-01,PRD0082,SUP009,1221.82,1281.26,Annual Price List
2025-12-01,PRD0082,SUP009,1221.82,1299.01,ERP Standard Cost
2026-01-01,PRD0082,SUP009,1221.82,1301.3,ERP Standard Cost
2026-02-01,PRD0082,SUP009,1221.82,1293.76,Supplier Quote
2026-03-01,PRD0082,SUP009,1221.82,1291.23,Supplier Quote
2026-04-01,PRD0082,SUP009,1221.82,1284.1,Manual Review
2026-05-01,PRD0082,SUP009,1221.82,1309.52,Manual Review
2026-06-01,PRD0082,SUP009,1221.82,1336.57,Supplier Quote
2024-01-01,PRD0083,SUP008,2397.2,2417.35,Supplier Quote
2024-02-01,PRD0083,SUP008,2397.2,2467.19,Annual Price List
2024-03-01,PRD0083,SUP008,2397.2,2451.51,Manual Review
2024-04-01,PRD0083,SUP008,2397.2,2432.2,ERP Standard Cost
2024-05-01,PRD0083,SUP008,2397.2,2408.99,Annual Price List
2024-06-01,PRD0083,SUP008,2397.2,2433.76,ERP Standard Cost
2024-07-01,PRD0083,SUP008,2397.2,2416.94,Annual Price List
2024-08-01,PRD0083,SUP008,2397.2,2383.78,Supplier Quote
2024-09-01,PRD0083,SUP008,2397.2,2374.78,Supplier Quote
2024-10-01,PRD0083,SUP008,2397.2,2420.06,Manual Review
2024-11-01,PRD0083,SUP008,2397.2,2424.25,ERP Standard Cost
2024-12-01,PRD0083,SUP008,2397.2,2409.2,ERP Standard Cost
2025-01-01,PRD0083,SUP008,2397.2,2431.23,Annual Price List
2025-02-01,PRD0083,SUP008,2397.2,2450.99,Annual Price List
2025-03-01,PRD0083,SUP008,2397.2,2422.7,Manual Review
2025-04-01,PRD0083,SUP008,2397.2,2469.91,Annual Price List
2025-05-01,PRD0083,SUP008,2397.2,2491.31,Manual Review
2025-06-01,PRD0083,SUP008,2397.2,2481.76,Manual Review
2025-07-01,PRD0083,SUP008,2397.2,2517.62,Annual Price List
2025-08-01,PRD0083,SUP008,2397.2,2504.81,Manual Review
2025-09-01,PRD0083,SUP008,2397.2,2525.3,Annual Price List
2025-10-01,PRD0083,SUP008,2397.2,2579.72,Supplier Quote
2025-11-01,PRD0083,SUP008,2397.2,2584.13,Supplier Quote
2025-12-01,PRD0083,SUP008,2397.2,2549.51,Manual Review
2026-01-01,PRD0083,SUP008,2397.2,2586.07,Supplier Quote
2026-02-01,PRD0083,SUP008,2397.2,2591.31,Manual Review
2026-03-01,PRD0083,SUP008,2397.2,2602.12,Supplier Quote
2026-04-01,PRD0083,SUP008,2397.2,2610.18,Annual Price List
2026-05-01,PRD0083,SUP008,2397.2,2579.7,Supplier Quote
2026-06-01,PRD0083,SUP008,2397.2,2612.53,Manual Review
2024-01-01,PRD0084,SUP004,22536.92,22318.5,ERP Standard Cost
2024-02-01,PRD0084,SUP004,22536.92,22197.15,Supplier Quote
2024-03-01,PRD0084,SUP004,22536.92,21878.33,ERP Standard Cost
2024-04-01,PRD0084,SUP004,22536.92,21691.76,Manual Review
2024-05-01,PRD0084,SUP004,22536.92,22110.77,Supplier Quote
2024-06-01,PRD0084,SUP004,22536.92,22642.69,Manual Review
2024-07-01,PRD0084,SUP004,22536.92,23002.11,Manual Review
2024-08-01,PRD0084,SUP004,22536.92,22827.24,ERP Standard Cost
2024-09-01,PRD0084,SUP004,22536.92,23057.17,Supplier Quote
2024-10-01,PRD0084,SUP004,22536.92,23504.83,Supplier Quote
2024-11-01,PRD0084,SUP004,22536.92,23514.12,ERP Standard Cost
2024-12-01,PRD0084,SUP004,22536.92,23660.77,ERP Standard Cost
2025-01-01,PRD0084,SUP004,22536.92,23708.94,ERP Standard Cost
2025-02-01,PRD0084,SUP004,22536.92,24015.32,Annual Price List
2025-03-01,PRD0084,SUP004,22536.92,24411.75,Supplier Quote
2025-04-01,PRD0084,SUP004,22536.92,24651.43,ERP Standard Cost
2025-05-01,PRD0084,SUP004,22536.92,25007.16,Supplier Quote
2025-06-01,PRD0084,SUP004,22536.92,25146.94,ERP Standard Cost
2025-07-01,PRD0084,SUP004,22536.92,25662.93,Supplier Quote
2025-08-01,PRD0084,SUP004,22536.92,25671.1,Manual Review
2025-09-01,PRD0084,SUP004,22536.92,25921.79,ERP Standard Cost
2025-10-01,PRD0084,SUP004,22536.92,25912.9,Supplier Quote
2025-11-01,PRD0084,SUP004,22536.92,26105.45,Annual Price List
2025-12-01,PRD0084,SUP004,22536.92,25858.39,ERP Standard Cost
2026-01-01,PRD0084,SUP004,22536.92,25717.34,Supplier Quote
2026-02-01,PRD0084,SUP004,22536.92,25999.24,Annual Price List
2026-03-01,PRD0084,SUP004,22536.92,26392.53,Annual Price List
2026-04-01,PRD0084,SUP004,22536.92,26334.96,ERP Standard Cost
2026-05-01,PRD0084,SUP004,22536.92,26470.39,Manual Review
2026-06-01,PRD0084,SUP004,22536.92,26366.78,Supplier Quote
2024-01-01,PRD0085,SUP006,5241.53,5235.29,Manual Review
2024-02-01,PRD0085,SUP006,5241.53,5261.77,Supplier Quote
2024-03-01,PRD0085,SUP006,5241.53,5281.8,ERP Standard Cost
2024-04-01,PRD0085,SUP006,5241.53,5298.06,ERP Standard Cost
2024-05-01,PRD0085,SUP006,5241.53,5388.11,Supplier Quote
2024-06-01,PRD0085,SUP006,5241.53,5347.88,Manual Review
2024-07-01,PRD0085,SUP006,5241.53,5286.34,Manual Review
2024-08-01,PRD0085,SUP006,5241.53,5396.92,ERP Standard Cost
2024-09-01,PRD0085,SUP006,5241.53,5522.83,Supplier Quote
2024-10-01,PRD0085,SUP006,5241.53,5464.15,ERP Standard Cost
2024-11-01,PRD0085,SUP006,5241.53,5406.67,Annual Price List
2024-12-01,PRD0085,SUP006,5241.53,5432.91,Annual Price List
2025-01-01,PRD0085,SUP006,5241.53,5464.57,Supplier Quote
2025-02-01,PRD0085,SUP006,5241.53,5446.68,Annual Price List
2025-03-01,PRD0085,SUP006,5241.53,5468.23,Manual Review
2025-04-01,PRD0085,SUP006,5241.53,5483.29,Supplier Quote
2025-05-01,PRD0085,SUP006,5241.53,5464.98,Supplier Quote
2025-06-01,PRD0085,SUP006,5241.53,5387.82,Annual Price List
2025-07-01,PRD0085,SUP006,5241.53,5486.95,ERP Standard Cost
2025-08-01,PRD0085,SUP006,5241.53,5495.0,ERP Standard Cost
2025-09-01,PRD0085,SUP006,5241.53,5556.71,ERP Standard Cost
2025-10-01,PRD0085,SUP006,5241.53,5581.42,Manual Review
2025-11-01,PRD0085,SUP006,5241.53,5599.95,Annual Price List
2025-12-01,PRD0085,SUP006,5241.53,5717.16,ERP Standard Cost
2026-01-01,PRD0085,SUP006,5241.53,5670.68,ERP Standard Cost
2026-02-01,PRD0085,SUP006,5241.53,5637.06,ERP Standard Cost
2026-03-01,PRD0085,SUP006,5241.53,5771.39,Supplier Quote
2026-04-01,PRD0085,SUP006,5241.53,5719.06,ERP Standard Cost
2026-05-01,PRD0085,SUP006,5241.53,5737.57,Annual Price List
2026-06-01,PRD0085,SUP006,5241.53,5793.49,Annual Price List
2024-01-01,PRD0086,SUP009,3882.19,3868.25,Annual Price List
2024-02-01,PRD0086,SUP009,3882.19,3940.1,Annual Price List
2024-03-01,PRD0086,SUP009,3882.19,3906.41,Supplier Quote
2024-04-01,PRD0086,SUP009,3882.19,3854.25,ERP Standard Cost
2024-05-01,PRD0086,SUP009,3882.19,3885.01,Manual Review
2024-06-01,PRD0086,SUP009,3882.19,3867.2,Annual Price List
2024-07-01,PRD0086,SUP009,3882.19,3840.93,Supplier Quote
2024-08-01,PRD0086,SUP009,3882.19,3885.57,ERP Standard Cost
2024-09-01,PRD0086,SUP009,3882.19,3850.28,Manual Review
2024-10-01,PRD0086,SUP009,3882.19,3875.67,Annual Price List
2024-11-01,PRD0086,SUP009,3882.19,3900.26,Supplier Quote
2024-12-01,PRD0086,SUP009,3882.19,3985.35,Manual Review
2025-01-01,PRD0086,SUP009,3882.19,4074.0,Annual Price List
2025-02-01,PRD0086,SUP009,3882.19,4167.34,ERP Standard Cost
2025-03-01,PRD0086,SUP009,3882.19,4130.84,ERP Standard Cost
2025-04-01,PRD0086,SUP009,3882.19,4175.83,ERP Standard Cost
2025-05-01,PRD0086,SUP009,3882.19,4192.35,ERP Standard Cost
2025-06-01,PRD0086,SUP009,3882.19,4292.06,Annual Price List
2025-07-01,PRD0086,SUP009,3882.19,4364.95,Manual Review
2025-08-01,PRD0086,SUP009,3882.19,4358.61,Supplier Quote
2025-09-01,PRD0086,SUP009,3882.19,4420.79,Supplier Quote
2025-10-01,PRD0086,SUP009,3882.19,4379.13,Supplier Quote
2025-11-01,PRD0086,SUP009,3882.19,4367.41,Manual Review
2025-12-01,PRD0086,SUP009,3882.19,4409.78,Annual Price List
2026-01-01,PRD0086,SUP009,3882.19,4422.3,Supplier Quote
2026-02-01,PRD0086,SUP009,3882.19,4413.7,Annual Price List
2026-03-01,PRD0086,SUP009,3882.19,4450.49,Annual Price List
2026-04-01,PRD0086,SUP009,3882.19,4522.82,ERP Standard Cost
2026-05-01,PRD0086,SUP009,3882.19,4490.39,Supplier Quote
2026-06-01,PRD0086,SUP009,3882.19,4519.74,Manual Review
2024-01-01,PRD0087,SUP002,1235.97,1265.67,Manual Review
2024-02-01,PRD0087,SUP002,1235.97,1256.53,ERP Standard Cost
2024-03-01,PRD0087,SUP002,1235.97,1268.0,Supplier Quote
2024-04-01,PRD0087,SUP002,1235.97,1295.06,ERP Standard Cost
2024-05-01,PRD0087,SUP002,1235.97,1296.23,Manual Review
2024-06-01,PRD0087,SUP002,1235.97,1295.95,ERP Standard Cost
2024-07-01,PRD0087,SUP002,1235.97,1277.14,ERP Standard Cost
2024-08-01,PRD0087,SUP002,1235.97,1275.93,Manual Review
2024-09-01,PRD0087,SUP002,1235.97,1301.42,Supplier Quote
2024-10-01,PRD0087,SUP002,1235.97,1293.12,Manual Review
2024-11-01,PRD0087,SUP002,1235.97,1312.08,Manual Review
2024-12-01,PRD0087,SUP002,1235.97,1334.58,ERP Standard Cost
2025-01-01,PRD0087,SUP002,1235.97,1323.31,Manual Review
2025-02-01,PRD0087,SUP002,1235.97,1342.02,Manual Review
2025-03-01,PRD0087,SUP002,1235.97,1329.39,Supplier Quote
2025-04-01,PRD0087,SUP002,1235.97,1317.08,ERP Standard Cost
2025-05-01,PRD0087,SUP002,1235.97,1322.33,ERP Standard Cost
2025-06-01,PRD0087,SUP002,1235.97,1305.99,Manual Review
2025-07-01,PRD0087,SUP002,1235.97,1291.02,Manual Review
2025-08-01,PRD0087,SUP002,1235.97,1304.65,ERP Standard Cost
2025-09-01,PRD0087,SUP002,1235.97,1306.71,Manual Review
2025-10-01,PRD0087,SUP002,1235.97,1324.23,Annual Price List
2025-11-01,PRD0087,SUP002,1235.97,1314.92,Manual Review
2025-12-01,PRD0087,SUP002,1235.97,1310.42,Manual Review
2026-01-01,PRD0087,SUP002,1235.97,1292.98,ERP Standard Cost
2026-02-01,PRD0087,SUP002,1235.97,1316.75,ERP Standard Cost
2026-03-01,PRD0087,SUP002,1235.97,1323.02,Manual Review
2026-04-01,PRD0087,SUP002,1235.97,1315.06,Supplier Quote
2026-05-01,PRD0087,SUP002,1235.97,1303.44,ERP Standard Cost
2026-06-01,PRD0087,SUP002,1235.97,1333.73,Manual Review
2024-01-01,PRD0088,SUP002,802.59,811.54,ERP Standard Cost
2024-02-01,PRD0088,SUP002,802.59,812.91,Manual Review
2024-03-01,PRD0088,SUP002,802.59,830.2,Annual Price List
2024-04-01,PRD0088,SUP002,802.59,818.69,ERP Standard Cost
2024-05-01,PRD0088,SUP002,802.59,822.56,Supplier Quote
2024-06-01,PRD0088,SUP002,802.59,829.93,ERP Standard Cost
2024-07-01,PRD0088,SUP002,802.59,836.77,Manual Review
2024-08-01,PRD0088,SUP002,802.59,853.28,Manual Review
2024-09-01,PRD0088,SUP002,802.59,873.73,Supplier Quote
2024-10-01,PRD0088,SUP002,802.59,873.67,Supplier Quote
2024-11-01,PRD0088,SUP002,802.59,890.1,Annual Price List
2024-12-01,PRD0088,SUP002,802.59,897.46,Annual Price List
2025-01-01,PRD0088,SUP002,802.59,895.48,Annual Price List
2025-02-01,PRD0088,SUP002,802.59,894.84,Supplier Quote
2025-03-01,PRD0088,SUP002,802.59,891.18,Manual Review
2025-04-01,PRD0088,SUP002,802.59,900.49,ERP Standard Cost
2025-05-01,PRD0088,SUP002,802.59,888.74,ERP Standard Cost
2025-06-01,PRD0088,SUP002,802.59,894.24,Supplier Quote
2025-07-01,PRD0088,SUP002,802.59,899.21,Annual Price List
2025-08-01,PRD0088,SUP002,802.59,913.22,Annual Price List
2025-09-01,PRD0088,SUP002,802.59,919.39,ERP Standard Cost
2025-10-01,PRD0088,SUP002,802.59,936.0,ERP Standard Cost
2025-11-01,PRD0088,SUP002,802.59,932.12,ERP Standard Cost
2025-12-01,PRD0088,SUP002,802.59,921.72,ERP Standard Cost
2026-01-01,PRD0088,SUP002,802.59,938.24,Supplier Quote
2026-02-01,PRD0088,SUP002,802.59,929.31,ERP Standard Cost
2026-03-01,PRD0088,SUP002,802.59,929.24,Manual Review
2026-04-01,PRD0088,SUP002,802.59,930.61,Annual Price List
2026-05-01,PRD0088,SUP002,802.59,920.47,Annual Price List
2026-06-01,PRD0088,SUP002,802.59,925.19,Annual Price List
2024-01-01,PRD0089,SUP009,6348.16,6408.7,Supplier Quote
2024-02-01,PRD0089,SUP009,6348.16,6419.56,Supplier Quote
2024-03-01,PRD0089,SUP009,6348.16,6353.2,Annual Price List
2024-04-01,PRD0089,SUP009,6348.16,6492.56,Manual Review
2024-05-01,PRD0089,SUP009,6348.16,6485.61,ERP Standard Cost
2024-06-01,PRD0089,SUP009,6348.16,6424.39,Manual Review
2024-07-01,PRD0089,SUP009,6348.16,6556.66,ERP Standard Cost
2024-08-01,PRD0089,SUP009,6348.16,6503.47,ERP Standard Cost
2024-09-01,PRD0089,SUP009,6348.16,6413.4,Supplier Quote
2024-10-01,PRD0089,SUP009,6348.16,6374.24,Annual Price List
2024-11-01,PRD0089,SUP009,6348.16,6454.06,ERP Standard Cost
2024-12-01,PRD0089,SUP009,6348.16,6389.61,Annual Price List
2025-01-01,PRD0089,SUP009,6348.16,6544.52,Manual Review
2025-02-01,PRD0089,SUP009,6348.16,6627.2,Supplier Quote
2025-03-01,PRD0089,SUP009,6348.16,6548.39,Manual Review
2025-04-01,PRD0089,SUP009,6348.16,6648.54,Supplier Quote
2025-05-01,PRD0089,SUP009,6348.16,6601.03,Supplier Quote
2025-06-01,PRD0089,SUP009,6348.16,6711.42,Supplier Quote
2025-07-01,PRD0089,SUP009,6348.16,6736.67,ERP Standard Cost
2025-08-01,PRD0089,SUP009,6348.16,6647.29,ERP Standard Cost
2025-09-01,PRD0089,SUP009,6348.16,6725.08,Supplier Quote
2025-10-01,PRD0089,SUP009,6348.16,6834.67,Annual Price List
2025-11-01,PRD0089,SUP009,6348.16,6892.79,Annual Price List
2025-12-01,PRD0089,SUP009,6348.16,6840.34,ERP Standard Cost
2026-01-01,PRD0089,SUP009,6348.16,6745.74,Annual Price List
2026-02-01,PRD0089,SUP009,6348.16,6872.8,ERP Standard Cost
2026-03-01,PRD0089,SUP009,6348.16,7030.54,ERP Standard Cost
2026-04-01,PRD0089,SUP009,6348.16,7024.13,Annual Price List
2026-05-01,PRD0089,SUP009,6348.16,7060.63,Supplier Quote
2026-06-01,PRD0089,SUP009,6348.16,6982.71,Supplier Quote
2024-01-01,PRD0090,SUP009,1719.1,1708.24,Annual Price List
2024-02-01,PRD0090,SUP009,1719.1,1748.5,Annual Price List
2024-03-01,PRD0090,SUP009,1719.1,1785.33,Supplier Quote
2024-04-01,PRD0090,SUP009,1719.1,1828.08,Supplier Quote
2024-05-01,PRD0090,SUP009,1719.1,1868.24,Manual Review
2024-06-01,PRD0090,SUP009,1719.1,1867.6,Annual Price List
2024-07-01,PRD0090,SUP009,1719.1,1872.43,Supplier Quote
2024-08-01,PRD0090,SUP009,1719.1,1857.89,ERP Standard Cost
2024-09-01,PRD0090,SUP009,1719.1,1902.95,Manual Review
2024-10-01,PRD0090,SUP009,1719.1,1890.72,Annual Price List
2024-11-01,PRD0090,SUP009,1719.1,1893.18,ERP Standard Cost
2024-12-01,PRD0090,SUP009,1719.1,1874.14,Supplier Quote
2025-01-01,PRD0090,SUP009,1719.1,1884.99,Manual Review
2025-02-01,PRD0090,SUP009,1719.1,1914.19,ERP Standard Cost
2025-03-01,PRD0090,SUP009,1719.1,1928.14,Supplier Quote
2025-04-01,PRD0090,SUP009,1719.1,1905.56,Manual Review
2025-05-01,PRD0090,SUP009,1719.1,1885.8,ERP Standard Cost
2025-06-01,PRD0090,SUP009,1719.1,1891.98,ERP Standard Cost
2025-07-01,PRD0090,SUP009,1719.1,1915.59,Manual Review
2025-08-01,PRD0090,SUP009,1719.1,1904.17,Manual Review
2025-09-01,PRD0090,SUP009,1719.1,1897.74,Manual Review
2025-10-01,PRD0090,SUP009,1719.1,1883.6,Supplier Quote
2025-11-01,PRD0090,SUP009,1719.1,1922.76,Manual Review
2025-12-01,PRD0090,SUP009,1719.1,1966.15,ERP Standard Cost
2026-01-01,PRD0090,SUP009,1719.1,1950.76,Manual Review
2026-02-01,PRD0090,SUP009,1719.1,1973.94,Manual Review
2026-03-01,PRD0090,SUP009,1719.1,1978.92,Supplier Quote
2026-04-01,PRD0090,SUP009,1719.1,1958.67,Manual Review
2026-05-01,PRD0090,SUP009,1719.1,1960.68,Supplier Quote
2026-06-01,PRD0090,SUP009,1719.1,1989.42,Annual Price List
2024-01-01,PRD0091,SUP002,556.13,555.88,Annual Price List
2024-02-01,PRD0091,SUP002,556.13,555.07,Manual Review
2024-03-01,PRD0091,SUP002,556.13,549.47,Manual Review
2024-04-01,PRD0091,SUP002,556.13,557.17,ERP Standard Cost
2024-05-01,PRD0091,SUP002,556.13,565.85,ERP Standard Cost
2024-06-01,PRD0091,SUP002,556.13,574.48,Manual Review
2024-07-01,PRD0091,SUP002,556.13,574.05,Manual Review
2024-08-01,PRD0091,SUP002,556.13,588.12,ERP Standard Cost
2024-09-01,PRD0091,SUP002,556.13,582.76,Manual Review
2024-10-01,PRD0091,SUP002,556.13,576.54,ERP Standard Cost
2024-11-01,PRD0091,SUP002,556.13,579.17,Annual Price List
2024-12-01,PRD0091,SUP002,556.13,585.04,Annual Price List
2025-01-01,PRD0091,SUP002,556.13,576.96,Supplier Quote
2025-02-01,PRD0091,SUP002,556.13,587.47,Manual Review
2025-03-01,PRD0091,SUP002,556.13,594.59,Annual Price List
2025-04-01,PRD0091,SUP002,556.13,594.78,ERP Standard Cost
2025-05-01,PRD0091,SUP002,556.13,589.49,Supplier Quote
2025-06-01,PRD0091,SUP002,556.13,598.57,Manual Review
2025-07-01,PRD0091,SUP002,556.13,608.57,Annual Price List
2025-08-01,PRD0091,SUP002,556.13,606.59,Manual Review
2025-09-01,PRD0091,SUP002,556.13,609.39,ERP Standard Cost
2025-10-01,PRD0091,SUP002,556.13,613.47,Supplier Quote
2025-11-01,PRD0091,SUP002,556.13,627.64,Supplier Quote
2025-12-01,PRD0091,SUP002,556.13,643.1,Supplier Quote
2026-01-01,PRD0091,SUP002,556.13,643.32,ERP Standard Cost
2026-02-01,PRD0091,SUP002,556.13,655.62,Manual Review
2026-03-01,PRD0091,SUP002,556.13,657.84,Supplier Quote
2026-04-01,PRD0091,SUP002,556.13,652.62,ERP Standard Cost
2026-05-01,PRD0091,SUP002,556.13,665.93,Annual Price List
2026-06-01,PRD0091,SUP002,556.13,669.03,Annual Price List
2024-01-01,PRD0092,SUP005,11227.82,11380.84,Manual Review
2024-02-01,PRD0092,SUP005,11227.82,11557.93,Manual Review
2024-03-01,PRD0092,SUP005,11227.82,11689.73,Manual Review
2024-04-01,PRD0092,SUP005,11227.82,11736.92,Annual Price List
2024-05-01,PRD0092,SUP005,11227.82,11798.74,Manual Review
2024-06-01,PRD0092,SUP005,11227.82,11746.07,Manual Review
2024-07-01,PRD0092,SUP005,11227.82,11859.74,ERP Standard Cost
2024-08-01,PRD0092,SUP005,11227.82,12045.45,ERP Standard Cost
2024-09-01,PRD0092,SUP005,11227.82,12019.18,Supplier Quote
2024-10-01,PRD0092,SUP005,11227.82,12122.77,Annual Price List
2024-11-01,PRD0092,SUP005,11227.82,12346.77,ERP Standard Cost
2024-12-01,PRD0092,SUP005,11227.82,12561.38,Supplier Quote
2025-01-01,PRD0092,SUP005,11227.82,12757.43,ERP Standard Cost
2025-02-01,PRD0092,SUP005,11227.82,12760.28,Manual Review
2025-03-01,PRD0092,SUP005,11227.82,12745.04,ERP Standard Cost
2025-04-01,PRD0092,SUP005,11227.82,12763.87,Supplier Quote
2025-05-01,PRD0092,SUP005,11227.82,12910.01,Annual Price List
2025-06-01,PRD0092,SUP005,11227.82,12837.52,ERP Standard Cost
2025-07-01,PRD0092,SUP005,11227.82,12949.22,Supplier Quote
2025-08-01,PRD0092,SUP005,11227.82,13205.06,Supplier Quote
2025-09-01,PRD0092,SUP005,11227.82,13185.31,Supplier Quote
2025-10-01,PRD0092,SUP005,11227.82,13271.49,Supplier Quote
2025-11-01,PRD0092,SUP005,11227.82,13317.1,Manual Review
2025-12-01,PRD0092,SUP005,11227.82,13419.93,Manual Review
2026-01-01,PRD0092,SUP005,11227.82,13361.75,Manual Review
2026-02-01,PRD0092,SUP005,11227.82,13475.59,ERP Standard Cost
2026-03-01,PRD0092,SUP005,11227.82,13477.07,Manual Review
2026-04-01,PRD0092,SUP005,11227.82,13448.72,Supplier Quote
2026-05-01,PRD0092,SUP005,11227.82,13681.83,Supplier Quote
2026-06-01,PRD0092,SUP005,11227.82,13854.69,Annual Price List
2024-01-01,PRD0093,SUP006,25750.66,25876.05,ERP Standard Cost
2024-02-01,PRD0093,SUP006,25750.66,25660.37,ERP Standard Cost
2024-03-01,PRD0093,SUP006,25750.66,25648.4,Manual Review
2024-04-01,PRD0093,SUP006,25750.66,25470.66,Supplier Quote
2024-05-01,PRD0093,SUP006,25750.66,25944.81,Annual Price List
2024-06-01,PRD0093,SUP006,25750.66,25853.85,Supplier Quote
2024-07-01,PRD0093,SUP006,25750.66,25773.52,Manual Review
2024-08-01,PRD0093,SUP006,25750.66,26216.41,Supplier Quote
2024-09-01,PRD0093,SUP006,25750.66,26575.79,Supplier Quote
2024-10-01,PRD0093,SUP006,25750.66,26806.33,ERP Standard Cost
2024-11-01,PRD0093,SUP006,25750.66,26476.36,Manual Review
2024-12-01,PRD0093,SUP006,25750.66,26531.55,ERP Standard Cost
2025-01-01,PRD0093,SUP006,25750.66,26977.97,ERP Standard Cost
2025-02-01,PRD0093,SUP006,25750.66,27117.86,ERP Standard Cost
2025-03-01,PRD0093,SUP006,25750.66,27180.68,ERP Standard Cost
2025-04-01,PRD0093,SUP006,25750.66,26990.5,Manual Review
2025-05-01,PRD0093,SUP006,25750.66,26856.91,Manual Review
2025-06-01,PRD0093,SUP006,25750.66,27175.5,Annual Price List
2025-07-01,PRD0093,SUP006,25750.66,27725.42,Annual Price List
2025-08-01,PRD0093,SUP006,25750.66,27949.27,Annual Price List
2025-09-01,PRD0093,SUP006,25750.66,28268.79,Manual Review
2025-10-01,PRD0093,SUP006,25750.66,28147.73,Manual Review
2025-11-01,PRD0093,SUP006,25750.66,28777.83,Supplier Quote
2025-12-01,PRD0093,SUP006,25750.66,28947.35,ERP Standard Cost
2026-01-01,PRD0093,SUP006,25750.66,29048.65,Annual Price List
2026-02-01,PRD0093,SUP006,25750.66,28787.76,ERP Standard Cost
2026-03-01,PRD0093,SUP006,25750.66,29327.96,Manual Review
2026-04-01,PRD0093,SUP006,25750.66,29261.86,Supplier Quote
2026-05-01,PRD0093,SUP006,25750.66,29564.93,Manual Review
2026-06-01,PRD0093,SUP006,25750.66,29437.13,ERP Standard Cost
2024-01-01,PRD0094,SUP003,16922.89,16842.64,Annual Price List
2024-02-01,PRD0094,SUP003,16922.89,16863.43,Supplier Quote
2024-03-01,PRD0094,SUP003,16922.89,16711.64,Supplier Quote
2024-04-01,PRD0094,SUP003,16922.89,16625.13,ERP Standard Cost
2024-05-01,PRD0094,SUP003,16922.89,16684.42,Manual Review
2024-06-01,PRD0094,SUP003,16922.89,16715.8,Supplier Quote
2024-07-01,PRD0094,SUP003,16922.89,16600.12,ERP Standard Cost
2024-08-01,PRD0094,SUP003,16922.89,16441.71,ERP Standard Cost
2024-09-01,PRD0094,SUP003,16922.89,16714.42,ERP Standard Cost
2024-10-01,PRD0094,SUP003,16922.89,16904.08,Annual Price List
2024-11-01,PRD0094,SUP003,16922.89,17086.17,Supplier Quote
2024-12-01,PRD0094,SUP003,16922.89,17488.57,Manual Review
2025-01-01,PRD0094,SUP003,16922.89,17773.45,Supplier Quote
2025-02-01,PRD0094,SUP003,16922.89,18117.96,Supplier Quote
2025-03-01,PRD0094,SUP003,16922.89,18073.68,ERP Standard Cost
2025-04-01,PRD0094,SUP003,16922.89,18429.5,Manual Review
2025-05-01,PRD0094,SUP003,16922.89,18814.14,Supplier Quote
2025-06-01,PRD0094,SUP003,16922.89,18830.61,Annual Price List
2025-07-01,PRD0094,SUP003,16922.89,18725.95,Supplier Quote
2025-08-01,PRD0094,SUP003,16922.89,18836.02,ERP Standard Cost
2025-09-01,PRD0094,SUP003,16922.89,18927.53,Supplier Quote
2025-10-01,PRD0094,SUP003,16922.89,18823.86,Supplier Quote
2025-11-01,PRD0094,SUP003,16922.89,19123.68,ERP Standard Cost
2025-12-01,PRD0094,SUP003,16922.89,19088.72,Manual Review
2026-01-01,PRD0094,SUP003,16922.89,19417.68,Annual Price List
2026-02-01,PRD0094,SUP003,16922.89,19853.03,Annual Price List
2026-03-01,PRD0094,SUP003,16922.89,19669.81,Annual Price List
2026-04-01,PRD0094,SUP003,16922.89,19543.22,ERP Standard Cost
2026-05-01,PRD0094,SUP003,16922.89,19593.62,ERP Standard Cost
2026-06-01,PRD0094,SUP003,16922.89,19976.01,Supplier Quote
2024-01-01,PRD0095,SUP008,6659.5,6701.71,Supplier Quote
2024-02-01,PRD0095,SUP008,6659.5,6686.03,Manual Review
2024-03-01,PRD0095,SUP008,6659.5,6712.73,Annual Price List
2024-04-01,PRD0095,SUP008,6659.5,6870.7,Annual Price List
2024-05-01,PRD0095,SUP008,6659.5,6867.4,ERP Standard Cost
2024-06-01,PRD0095,SUP008,6659.5,6990.02,Supplier Quote
2024-07-01,PRD0095,SUP008,6659.5,7065.62,Supplier Quote
2024-08-01,PRD0095,SUP008,6659.5,7197.46,Supplier Quote
2024-09-01,PRD0095,SUP008,6659.5,7288.34,Annual Price List
2024-10-01,PRD0095,SUP008,6659.5,7252.77,Manual Review
2024-11-01,PRD0095,SUP008,6659.5,7233.7,ERP Standard Cost
2024-12-01,PRD0095,SUP008,6659.5,7386.52,Supplier Quote
2025-01-01,PRD0095,SUP008,6659.5,7433.77,Annual Price List
2025-02-01,PRD0095,SUP008,6659.5,7577.29,Manual Review
2025-03-01,PRD0095,SUP008,6659.5,7466.01,Manual Review
2025-04-01,PRD0095,SUP008,6659.5,7631.01,ERP Standard Cost
2025-05-01,PRD0095,SUP008,6659.5,7608.39,Annual Price List
2025-06-01,PRD0095,SUP008,6659.5,7584.78,Annual Price List
2025-07-01,PRD0095,SUP008,6659.5,7748.88,ERP Standard Cost
2025-08-01,PRD0095,SUP008,6659.5,7905.24,Manual Review
2025-09-01,PRD0095,SUP008,6659.5,8036.25,ERP Standard Cost
2025-10-01,PRD0095,SUP008,6659.5,8194.23,Manual Review
2025-11-01,PRD0095,SUP008,6659.5,8225.73,Manual Review
2025-12-01,PRD0095,SUP008,6659.5,8407.18,ERP Standard Cost
2026-01-01,PRD0095,SUP008,6659.5,8522.32,Supplier Quote
2026-02-01,PRD0095,SUP008,6659.5,8675.52,ERP Standard Cost
2026-03-01,PRD0095,SUP008,6659.5,8721.1,ERP Standard Cost
2026-04-01,PRD0095,SUP008,6659.5,8737.1,ERP Standard Cost
2026-05-01,PRD0095,SUP008,6659.5,8764.45,Supplier Quote
2026-06-01,PRD0095,SUP008,6659.5,8900.12,Annual Price List
2024-01-01,PRD0096,SUP008,1164.96,1184.35,Annual Price List
2024-02-01,PRD0096,SUP008,1164.96,1166.73,Annual Price List
2024-03-01,PRD0096,SUP008,1164.96,1178.55,ERP Standard Cost
2024-04-01,PRD0096,SUP008,1164.96,1188.01,Supplier Quote
2024-05-01,PRD0096,SUP008,1164.96,1177.69,Annual Price List
2024-06-01,PRD0096,SUP008,1164.96,1199.93,Manual Review
2024-07-01,PRD0096,SUP008,1164.96,1219.97,ERP Standard Cost
2024-08-01,PRD0096,SUP008,1164.96,1223.7,Annual Price List
2024-09-01,PRD0096,SUP008,1164.96,1218.11,ERP Standard Cost
2024-10-01,PRD0096,SUP008,1164.96,1238.79,Annual Price List
2024-11-01,PRD0096,SUP008,1164.96,1224.39,ERP Standard Cost
2024-12-01,PRD0096,SUP008,1164.96,1214.94,Manual Review
2025-01-01,PRD0096,SUP008,1164.96,1242.63,Annual Price List
2025-02-01,PRD0096,SUP008,1164.96,1225.02,Supplier Quote
2025-03-01,PRD0096,SUP008,1164.96,1251.87,Annual Price List
2025-04-01,PRD0096,SUP008,1164.96,1278.51,Manual Review
2025-05-01,PRD0096,SUP008,1164.96,1269.47,Annual Price List
2025-06-01,PRD0096,SUP008,1164.96,1252.95,Manual Review
2025-07-01,PRD0096,SUP008,1164.96,1264.25,Annual Price List
2025-08-01,PRD0096,SUP008,1164.96,1249.79,ERP Standard Cost
2025-09-01,PRD0096,SUP008,1164.96,1239.55,Supplier Quote
2025-10-01,PRD0096,SUP008,1164.96,1221.65,Manual Review
2025-11-01,PRD0096,SUP008,1164.96,1241.12,Manual Review
2025-12-01,PRD0096,SUP008,1164.96,1263.57,Manual Review
2026-01-01,PRD0096,SUP008,1164.96,1250.61,Annual Price List
2026-02-01,PRD0096,SUP008,1164.96,1241.38,ERP Standard Cost
2026-03-01,PRD0096,SUP008,1164.96,1237.06,Manual Review
2026-04-01,PRD0096,SUP008,1164.96,1237.41,Manual Review
2026-05-01,PRD0096,SUP008,1164.96,1261.24,Annual Price List
2026-06-01,PRD0096,SUP008,1164.96,1292.52,ERP Standard Cost
2024-01-01,PRD0097,SUP004,672.5,673.67,Manual Review
2024-02-01,PRD0097,SUP004,672.5,684.91,Supplier Quote
2024-03-01,PRD0097,SUP004,672.5,682.59,ERP Standard Cost
2024-04-01,PRD0097,SUP004,672.5,678.78,Manual Review
2024-05-01,PRD0097,SUP004,672.5,693.24,ERP Standard Cost
2024-06-01,PRD0097,SUP004,672.5,699.0,Manual Review
2024-07-01,PRD0097,SUP004,672.5,690.91,Manual Review
2024-08-01,PRD0097,SUP004,672.5,684.23,ERP Standard Cost
2024-09-01,PRD0097,SUP004,672.5,700.64,Manual Review
2024-10-01,PRD0097,SUP004,672.5,709.38,Manual Review
2024-11-01,PRD0097,SUP004,672.5,718.84,ERP Standard Cost
2024-12-01,PRD0097,SUP004,672.5,710.16,Supplier Quote
2025-01-01,PRD0097,SUP004,672.5,700.98,Annual Price List
2025-02-01,PRD0097,SUP004,672.5,703.67,ERP Standard Cost
2025-03-01,PRD0097,SUP004,672.5,721.17,Supplier Quote
2025-04-01,PRD0097,SUP004,672.5,710.51,Manual Review
2025-05-01,PRD0097,SUP004,672.5,708.45,Manual Review
2025-06-01,PRD0097,SUP004,672.5,716.85,Annual Price List
2025-07-01,PRD0097,SUP004,672.5,733.85,Supplier Quote
2025-08-01,PRD0097,SUP004,672.5,739.88,ERP Standard Cost
2025-09-01,PRD0097,SUP004,672.5,733.81,Manual Review
2025-10-01,PRD0097,SUP004,672.5,750.11,Manual Review
2025-11-01,PRD0097,SUP004,672.5,742.82,ERP Standard Cost
2025-12-01,PRD0097,SUP004,672.5,752.78,Manual Review
2026-01-01,PRD0097,SUP004,672.5,745.76,Supplier Quote
2026-02-01,PRD0097,SUP004,672.5,743.92,Annual Price List
2026-03-01,PRD0097,SUP004,672.5,747.61,ERP Standard Cost
2026-04-01,PRD0097,SUP004,672.5,758.76,Manual Review
2026-05-01,PRD0097,SUP004,672.5,755.97,ERP Standard Cost
2026-06-01,PRD0097,SUP004,672.5,763.16,ERP Standard Cost
2024-01-01,PRD0098,SUP009,1112.17,1109.41,Annual Price List
2024-02-01,PRD0098,SUP009,1112.17,1106.77,Manual Review
2024-03-01,PRD0098,SUP009,1112.17,1123.98,Annual Price List
2024-04-01,PRD0098,SUP009,1112.17,1132.1,Manual Review
2024-05-01,PRD0098,SUP009,1112.17,1117.53,Annual Price List
2024-06-01,PRD0098,SUP009,1112.17,1103.21,Annual Price List
2024-07-01,PRD0098,SUP009,1112.17,1088.24,ERP Standard Cost
2024-08-01,PRD0098,SUP009,1112.17,1079.04,Manual Review
2024-09-01,PRD0098,SUP009,1112.17,1081.69,Manual Review
2024-10-01,PRD0098,SUP009,1112.17,1067.23,ERP Standard Cost
2024-11-01,PRD0098,SUP009,1112.17,1093.43,Manual Review
2024-12-01,PRD0098,SUP009,1112.17,1097.05,Supplier Quote
2025-01-01,PRD0098,SUP009,1112.17,1117.71,Annual Price List
2025-02-01,PRD0098,SUP009,1112.17,1106.48,Supplier Quote
2025-03-01,PRD0098,SUP009,1112.17,1098.9,ERP Standard Cost
2025-04-01,PRD0098,SUP009,1112.17,1090.35,Annual Price List
2025-05-01,PRD0098,SUP009,1112.17,1106.71,ERP Standard Cost
2025-06-01,PRD0098,SUP009,1112.17,1115.04,Annual Price List
2025-07-01,PRD0098,SUP009,1112.17,1124.34,Supplier Quote
2025-08-01,PRD0098,SUP009,1112.17,1131.13,Annual Price List
2025-09-01,PRD0098,SUP009,1112.17,1133.01,Supplier Quote
2025-10-01,PRD0098,SUP009,1112.17,1127.17,Manual Review
2025-11-01,PRD0098,SUP009,1112.17,1140.78,ERP Standard Cost
2025-12-01,PRD0098,SUP009,1112.17,1124.85,Supplier Quote
2026-01-01,PRD0098,SUP009,1112.17,1125.72,Supplier Quote
2026-02-01,PRD0098,SUP009,1112.17,1146.52,Annual Price List
2026-03-01,PRD0098,SUP009,1112.17,1130.64,Manual Review
2026-04-01,PRD0098,SUP009,1112.17,1151.25,Manual Review
2026-05-01,PRD0098,SUP009,1112.17,1154.89,ERP Standard Cost
2026-06-01,PRD0098,SUP009,1112.17,1165.02,Supplier Quote
2024-01-01,PRD0099,SUP006,2102.48,2152.5,Manual Review
2024-02-01,PRD0099,SUP006,2102.48,2148.19,Annual Price List
2024-03-01,PRD0099,SUP006,2102.48,2134.13,Supplier Quote
2024-04-01,PRD0099,SUP006,2102.48,2170.54,ERP Standard Cost
2024-05-01,PRD0099,SUP006,2102.48,2166.04,Supplier Quote
2024-06-01,PRD0099,SUP006,2102.48,2197.99,Manual Review
2024-07-01,PRD0099,SUP006,2102.48,2173.16,ERP Standard Cost
2024-08-01,PRD0099,SUP006,2102.48,2156.04,Manual Review
2024-09-01,PRD0099,SUP006,2102.48,2131.39,Annual Price List
2024-10-01,PRD0099,SUP006,2102.48,2113.31,Manual Review
2024-11-01,PRD0099,SUP006,2102.48,2105.7,Annual Price List
2024-12-01,PRD0099,SUP006,2102.48,2084.27,Manual Review
2025-01-01,PRD0099,SUP006,2102.48,2119.79,ERP Standard Cost
2025-02-01,PRD0099,SUP006,2102.48,2164.62,Annual Price List
2025-03-01,PRD0099,SUP006,2102.48,2163.24,Supplier Quote
2025-04-01,PRD0099,SUP006,2102.48,2202.79,Annual Price List
2025-05-01,PRD0099,SUP006,2102.48,2212.89,Manual Review
2025-06-01,PRD0099,SUP006,2102.48,2221.87,Manual Review
2025-07-01,PRD0099,SUP006,2102.48,2196.56,Manual Review
2025-08-01,PRD0099,SUP006,2102.48,2234.87,Annual Price List
2025-09-01,PRD0099,SUP006,2102.48,2240.15,Manual Review
2025-10-01,PRD0099,SUP006,2102.48,2214.88,ERP Standard Cost
2025-11-01,PRD0099,SUP006,2102.48,2267.88,Annual Price List
2025-12-01,PRD0099,SUP006,2102.48,2292.61,Annual Price List
2026-01-01,PRD0099,SUP006,2102.48,2343.57,Supplier Quote
2026-02-01,PRD0099,SUP006,2102.48,2335.67,Manual Review
2026-03-01,PRD0099,SUP006,2102.48,2308.03,Manual Review
2026-04-01,PRD0099,SUP006,2102.48,2301.14,Annual Price List
2026-05-01,PRD0099,SUP006,2102.48,2329.61,ERP Standard Cost
2026-06-01,PRD0099,SUP006,2102.48,2373.09,Manual Review
2024-01-01,PRD0100,SUP005,1586.01,1598.29,Supplier Quote
2024-02-01,PRD0100,SUP005,1586.01,1632.96,Supplier Quote
2024-03-01,PRD0100,SUP005,1586.01,1641.82,Manual Review
2024-04-01,PRD0100,SUP005,1586.01,1623.4,ERP Standard Cost
2024-05-01,PRD0100,SUP005,1586.01,1622.13,Supplier Quote
2024-06-01,PRD0100,SUP005,1586.01,1647.67,Supplier Quote
2024-07-01,PRD0100,SUP005,1586.01,1630.46,Manual Review
2024-08-01,PRD0100,SUP005,1586.01,1617.72,Annual Price List
2024-09-01,PRD0100,SUP005,1586.01,1647.99,Supplier Quote
2024-10-01,PRD0100,SUP005,1586.01,1628.76,ERP Standard Cost
2024-11-01,PRD0100,SUP005,1586.01,1624.79,Manual Review
2024-12-01,PRD0100,SUP005,1586.01,1649.64,Manual Review
2025-01-01,PRD0100,SUP005,1586.01,1666.05,ERP Standard Cost
2025-02-01,PRD0100,SUP005,1586.01,1663.81,Annual Price List
2025-03-01,PRD0100,SUP005,1586.01,1652.9,Supplier Quote
2025-04-01,PRD0100,SUP005,1586.01,1677.5,ERP Standard Cost
2025-05-01,PRD0100,SUP005,1586.01,1710.82,Supplier Quote
2025-06-01,PRD0100,SUP005,1586.01,1714.85,Supplier Quote
2025-07-01,PRD0100,SUP005,1586.01,1689.52,Supplier Quote
2025-08-01,PRD0100,SUP005,1586.01,1665.08,Manual Review
2025-09-01,PRD0100,SUP005,1586.01,1670.75,Manual Review
2025-10-01,PRD0100,SUP005,1586.01,1703.75,Manual Review
2025-11-01,PRD0100,SUP005,1586.01,1698.83,ERP Standard Cost
2025-12-01,PRD0100,SUP005,1586.01,1720.28,Manual Review
2026-01-01,PRD0100,SUP005,1586.01,1749.85,Supplier Quote
2026-02-01,PRD0100,SUP005,1586.01,1732.35,Supplier Quote
2026-03-01,PRD0100,SUP005,1586.01,1719.59,Supplier Quote
2026-04-01,PRD0100,SUP005,1586.01,1741.67,Annual Price List
2026-05-01,PRD0100,SUP005,1586.01,1775.39,Annual Price List
2026-06-01,PRD0100,SUP005,1586.01,1782.93,Annual Price List
2024-01-01,PRD0101,SUP004,4920.65,4932.61,Annual Price List
2024-02-01,PRD0101,SUP004,4920.65,4875.61,Manual Review
2024-03-01,PRD0101,SUP004,4920.65,4831.37,Manual Review
2024-04-01,PRD0101,SUP004,4920.65,4763.12,Annual Price List
2024-05-01,PRD0101,SUP004,4920.65,4863.61,Manual Review
2024-06-01,PRD0101,SUP004,4920.65,4978.17,Manual Review
2024-07-01,PRD0101,SUP004,4920.65,4907.4,Manual Review
2024-08-01,PRD0101,SUP004,4920.65,4948.67,Annual Price List
2024-09-01,PRD0101,SUP004,4920.65,4932.8,Manual Review
2024-10-01,PRD0101,SUP004,4920.65,4868.85,Supplier Quote
2024-11-01,PRD0101,SUP004,4920.65,4815.82,Manual Review
2024-12-01,PRD0101,SUP004,4920.65,4932.26,Manual Review
2025-01-01,PRD0101,SUP004,4920.65,5003.69,ERP Standard Cost
2025-02-01,PRD0101,SUP004,4920.65,4936.05,Manual Review
2025-03-01,PRD0101,SUP004,4920.65,4957.98,Manual Review
2025-04-01,PRD0101,SUP004,4920.65,4929.61,Supplier Quote
2025-05-01,PRD0101,SUP004,4920.65,4959.84,Manual Review
2025-06-01,PRD0101,SUP004,4920.65,4999.79,Supplier Quote
2025-07-01,PRD0101,SUP004,4920.65,4978.36,Manual Review
2025-08-01,PRD0101,SUP004,4920.65,5080.75,Supplier Quote
2025-09-01,PRD0101,SUP004,4920.65,5105.09,ERP Standard Cost
2025-10-01,PRD0101,SUP004,4920.65,5120.06,Manual Review
2025-11-01,PRD0101,SUP004,4920.65,5047.53,ERP Standard Cost
2025-12-01,PRD0101,SUP004,4920.65,5118.43,Manual Review
2026-01-01,PRD0101,SUP004,4920.65,5112.06,Annual Price List
2026-02-01,PRD0101,SUP004,4920.65,5139.18,ERP Standard Cost
2026-03-01,PRD0101,SUP004,4920.65,5251.57,Manual Review
2026-04-01,PRD0101,SUP004,4920.65,5200.35,ERP Standard Cost
2026-05-01,PRD0101,SUP004,4920.65,5272.73,Manual Review
2026-06-01,PRD0101,SUP004,4920.65,5396.08,ERP Standard Cost
2024-01-01,PRD0102,SUP008,930.59,946.4,Annual Price List
2024-02-01,PRD0102,SUP008,930.59,955.75,ERP Standard Cost
2024-03-01,PRD0102,SUP008,930.59,967.81,Supplier Quote
2024-04-01,PRD0102,SUP008,930.59,979.12,Annual Price List
2024-05-01,PRD0102,SUP008,930.59,971.22,Annual Price List
2024-06-01,PRD0102,SUP008,930.59,980.19,Supplier Quote
2024-07-01,PRD0102,SUP008,930.59,996.59,Manual Review
2024-08-01,PRD0102,SUP008,930.59,993.75,Annual Price List
2024-09-01,PRD0102,SUP008,930.59,1000.98,Supplier Quote
2024-10-01,PRD0102,SUP008,930.59,1000.33,ERP Standard Cost
2024-11-01,PRD0102,SUP008,930.59,999.61,Annual Price List
2024-12-01,PRD0102,SUP008,930.59,991.6,Supplier Quote
2025-01-01,PRD0102,SUP008,930.59,1008.73,ERP Standard Cost
2025-02-01,PRD0102,SUP008,930.59,1010.97,Annual Price List
2025-03-01,PRD0102,SUP008,930.59,1000.69,Annual Price List
2025-04-01,PRD0102,SUP008,930.59,1005.15,ERP Standard Cost
2025-05-01,PRD0102,SUP008,930.59,1021.63,Supplier Quote
2025-06-01,PRD0102,SUP008,930.59,1037.77,ERP Standard Cost
2025-07-01,PRD0102,SUP008,930.59,1059.41,Supplier Quote
2025-08-01,PRD0102,SUP008,930.59,1073.46,Manual Review
2025-09-01,PRD0102,SUP008,930.59,1091.66,Supplier Quote
2025-10-01,PRD0102,SUP008,930.59,1117.85,Supplier Quote
2025-11-01,PRD0102,SUP008,930.59,1137.9,Supplier Quote
2025-12-01,PRD0102,SUP008,930.59,1143.93,Annual Price List
2026-01-01,PRD0102,SUP008,930.59,1155.59,Annual Price List
2026-02-01,PRD0102,SUP008,930.59,1180.37,Annual Price List
2026-03-01,PRD0102,SUP008,930.59,1197.05,Manual Review
2026-04-01,PRD0102,SUP008,930.59,1215.58,Manual Review
2026-05-01,PRD0102,SUP008,930.59,1232.96,Supplier Quote
2026-06-01,PRD0102,SUP008,930.59,1222.08,ERP Standard Cost
2024-01-01,PRD0103,SUP006,5813.81,5917.1,Supplier Quote
2024-02-01,PRD0103,SUP006,5813.81,6029.19,Manual Review
2024-03-01,PRD0103,SUP006,5813.81,6172.6,Supplier Quote
2024-04-01,PRD0103,SUP006,5813.81,6140.58,Manual Review
2024-05-01,PRD0103,SUP006,5813.81,6132.31,Annual Price List
2024-06-01,PRD0103,SUP006,5813.81,6061.23,ERP Standard Cost
2024-07-01,PRD0103,SUP006,5813.81,6143.71,Manual Review
2024-08-01,PRD0103,SUP006,5813.81,6140.18,Annual Price List
2024-09-01,PRD0103,SUP006,5813.81,6085.32,Manual Review
2024-10-01,PRD0103,SUP006,5813.81,6185.66,Annual Price List
2024-11-01,PRD0103,SUP006,5813.81,6291.25,Manual Review
2024-12-01,PRD0103,SUP006,5813.81,6427.9,Manual Review
2025-01-01,PRD0103,SUP006,5813.81,6576.22,ERP Standard Cost
2025-02-01,PRD0103,SUP006,5813.81,6725.82,Manual Review
2025-03-01,PRD0103,SUP006,5813.81,6664.1,Supplier Quote
2025-04-01,PRD0103,SUP006,5813.81,6755.43,Supplier Quote
2025-05-01,PRD0103,SUP006,5813.81,6677.01,ERP Standard Cost
2025-06-01,PRD0103,SUP006,5813.81,6684.13,Annual Price List
2025-07-01,PRD0103,SUP006,5813.81,6699.92,Manual Review
2025-08-01,PRD0103,SUP006,5813.81,6802.89,Annual Price List
2025-09-01,PRD0103,SUP006,5813.81,6946.43,Supplier Quote
2025-10-01,PRD0103,SUP006,5813.81,7113.9,ERP Standard Cost
2025-11-01,PRD0103,SUP006,5813.81,7126.51,ERP Standard Cost
2025-12-01,PRD0103,SUP006,5813.81,7225.3,ERP Standard Cost
2026-01-01,PRD0103,SUP006,5813.81,7379.7,Supplier Quote
2026-02-01,PRD0103,SUP006,5813.81,7513.12,Annual Price List
2026-03-01,PRD0103,SUP006,5813.81,7610.88,Manual Review
2026-04-01,PRD0103,SUP006,5813.81,7692.74,Manual Review
2026-05-01,PRD0103,SUP006,5813.81,7791.97,Manual Review
2026-06-01,PRD0103,SUP006,5813.81,7916.76,ERP Standard Cost
2024-01-01,PRD0104,SUP002,4902.77,4836.48,ERP Standard Cost
2024-02-01,PRD0104,SUP002,4902.77,4839.38,Annual Price List
2024-03-01,PRD0104,SUP002,4902.77,4867.54,ERP Standard Cost
2024-04-01,PRD0104,SUP002,4902.77,4836.14,ERP Standard Cost
2024-05-01,PRD0104,SUP002,4902.77,4864.45,Annual Price List
2024-06-01,PRD0104,SUP002,4902.77,4796.04,ERP Standard Cost
2024-07-01,PRD0104,SUP002,4902.77,4770.4,ERP Standard Cost
2024-08-01,PRD0104,SUP002,4902.77,4837.47,Supplier Quote
2024-09-01,PRD0104,SUP002,4902.77,4906.55,ERP Standard Cost
2024-10-01,PRD0104,SUP002,4902.77,4883.93,ERP Standard Cost
2024-11-01,PRD0104,SUP002,4902.77,4834.86,Supplier Quote
2024-12-01,PRD0104,SUP002,4902.77,4849.12,Supplier Quote
2025-01-01,PRD0104,SUP002,4902.77,4864.28,Annual Price List
2025-02-01,PRD0104,SUP002,4902.77,4948.02,Annual Price List
2025-03-01,PRD0104,SUP002,4902.77,4943.14,ERP Standard Cost
2025-04-01,PRD0104,SUP002,4902.77,5000.86,Annual Price List
2025-05-01,PRD0104,SUP002,4902.77,5068.74,Annual Price List
2025-06-01,PRD0104,SUP002,4902.77,5014.04,Annual Price List
2025-07-01,PRD0104,SUP002,4902.77,5103.86,ERP Standard Cost
2025-08-01,PRD0104,SUP002,4902.77,5120.05,Annual Price List
2025-09-01,PRD0104,SUP002,4902.77,5189.0,Manual Review
2025-10-01,PRD0104,SUP002,4902.77,5128.17,Supplier Quote
2025-11-01,PRD0104,SUP002,4902.77,5138.4,Annual Price List
2025-12-01,PRD0104,SUP002,4902.77,5159.22,Manual Review
2026-01-01,PRD0104,SUP002,4902.77,5097.94,Manual Review
2026-02-01,PRD0104,SUP002,4902.77,5141.42,Manual Review
2026-03-01,PRD0104,SUP002,4902.77,5243.64,Manual Review
2026-04-01,PRD0104,SUP002,4902.77,5298.48,Manual Review
2026-05-01,PRD0104,SUP002,4902.77,5365.03,Manual Review
2026-06-01,PRD0104,SUP002,4902.77,5441.58,Manual Review
2024-01-01,PRD0105,SUP003,393.01,389.38,Annual Price List
2024-02-01,PRD0105,SUP003,393.01,391.09,Manual Review
2024-03-01,PRD0105,SUP003,393.01,387.25,Supplier Quote
2024-04-01,PRD0105,SUP003,393.01,392.2,Manual Review
2024-05-01,PRD0105,SUP003,393.01,393.74,Annual Price List
2024-06-01,PRD0105,SUP003,393.01,402.71,ERP Standard Cost
2024-07-01,PRD0105,SUP003,393.01,411.51,Supplier Quote
2024-08-01,PRD0105,SUP003,393.01,415.24,Manual Review
2024-09-01,PRD0105,SUP003,393.01,410.85,ERP Standard Cost
2024-10-01,PRD0105,SUP003,393.01,414.08,Supplier Quote
2024-11-01,PRD0105,SUP003,393.01,416.53,Supplier Quote
2024-12-01,PRD0105,SUP003,393.01,416.47,ERP Standard Cost
2025-01-01,PRD0105,SUP003,393.01,415.27,Manual Review
2025-02-01,PRD0105,SUP003,393.01,409.51,Annual Price List
2025-03-01,PRD0105,SUP003,393.01,405.69,Manual Review
2025-04-01,PRD0105,SUP003,393.01,400.4,ERP Standard Cost
2025-05-01,PRD0105,SUP003,393.01,408.63,Annual Price List
2025-06-01,PRD0105,SUP003,393.01,405.49,Manual Review
2025-07-01,PRD0105,SUP003,393.01,399.45,ERP Standard Cost
2025-08-01,PRD0105,SUP003,393.01,394.53,Supplier Quote
2025-09-01,PRD0105,SUP003,393.01,395.21,ERP Standard Cost
2025-10-01,PRD0105,SUP003,393.01,398.22,ERP Standard Cost
2025-11-01,PRD0105,SUP003,393.01,404.69,Manual Review
2025-12-01,PRD0105,SUP003,393.01,412.13,Annual Price List
2026-01-01,PRD0105,SUP003,393.01,418.51,Manual Review
2026-02-01,PRD0105,SUP003,393.01,424.98,Manual Review
2026-03-01,PRD0105,SUP003,393.01,421.14,ERP Standard Cost
2026-04-01,PRD0105,SUP003,393.01,416.33,Manual Review
2026-05-01,PRD0105,SUP003,393.01,416.53,Manual Review
2026-06-01,PRD0105,SUP003,393.01,415.93,Supplier Quote
2024-01-01,PRD0106,SUP008,8611.81,8736.13,Supplier Quote
2024-02-01,PRD0106,SUP008,8611.81,8907.7,Supplier Quote
2024-03-01,PRD0106,SUP008,8611.81,8977.89,ERP Standard Cost
2024-04-01,PRD0106,SUP008,8611.81,9044.7,Supplier Quote
2024-05-01,PRD0106,SUP008,8611.81,9141.99,Supplier Quote
2024-06-01,PRD0106,SUP008,8611.81,9075.22,Supplier Quote
2024-07-01,PRD0106,SUP008,8611.81,9286.6,Annual Price List
2024-08-01,PRD0106,SUP008,8611.81,9426.11,Supplier Quote
2024-09-01,PRD0106,SUP008,8611.81,9330.07,Annual Price List
2024-10-01,PRD0106,SUP008,8611.81,9549.28,ERP Standard Cost
2024-11-01,PRD0106,SUP008,8611.81,9706.56,Annual Price List
2024-12-01,PRD0106,SUP008,8611.81,9883.1,Manual Review
2025-01-01,PRD0106,SUP008,8611.81,9768.32,ERP Standard Cost
2025-02-01,PRD0106,SUP008,8611.81,9778.79,Supplier Quote
2025-03-01,PRD0106,SUP008,8611.81,9824.34,Supplier Quote
2025-04-01,PRD0106,SUP008,8611.81,9810.57,Annual Price List
2025-05-01,PRD0106,SUP008,8611.81,9826.25,ERP Standard Cost
2025-06-01,PRD0106,SUP008,8611.81,9829.0,Supplier Quote
2025-07-01,PRD0106,SUP008,8611.81,9726.64,Supplier Quote
2025-08-01,PRD0106,SUP008,8611.81,9791.53,ERP Standard Cost
2025-09-01,PRD0106,SUP008,8611.81,9701.07,ERP Standard Cost
2025-10-01,PRD0106,SUP008,8611.81,9853.69,Annual Price List
2025-11-01,PRD0106,SUP008,8611.81,9826.8,Manual Review
2025-12-01,PRD0106,SUP008,8611.81,9946.14,Supplier Quote
2026-01-01,PRD0106,SUP008,8611.81,10041.42,ERP Standard Cost
2026-02-01,PRD0106,SUP008,8611.81,9963.68,Supplier Quote
2026-03-01,PRD0106,SUP008,8611.81,9933.0,Supplier Quote
2026-04-01,PRD0106,SUP008,8611.81,9911.17,Manual Review
2026-05-01,PRD0106,SUP008,8611.81,10116.53,ERP Standard Cost
2026-06-01,PRD0106,SUP008,8611.81,10116.74,Supplier Quote
2024-01-01,PRD0107,SUP001,27452.66,27263.3,Annual Price List
2024-02-01,PRD0107,SUP001,27452.66,27391.96,Manual Review
2024-03-01,PRD0107,SUP001,27452.66,28021.27,ERP Standard Cost
2024-04-01,PRD0107,SUP001,27452.66,27668.91,Manual Review
2024-05-01,PRD0107,SUP001,27452.66,27866.05,Supplier Quote
2024-06-01,PRD0107,SUP001,27452.66,27987.74,Manual Review
2024-07-01,PRD0107,SUP001,27452.66,28277.18,Supplier Quote
2024-08-01,PRD0107,SUP001,27452.66,28157.46,Supplier Quote
2024-09-01,PRD0107,SUP001,27452.66,28012.53,Annual Price List
2024-10-01,PRD0107,SUP001,27452.66,27933.66,Manual Review
2024-11-01,PRD0107,SUP001,27452.66,28012.97,Annual Price List
2024-12-01,PRD0107,SUP001,27452.66,28470.01,Annual Price List
2025-01-01,PRD0107,SUP001,27452.66,28468.08,Annual Price List
2025-02-01,PRD0107,SUP001,27452.66,28931.56,Manual Review
2025-03-01,PRD0107,SUP001,27452.66,29610.13,Manual Review
2025-04-01,PRD0107,SUP001,27452.66,29215.47,Manual Review
2025-05-01,PRD0107,SUP001,27452.66,29900.42,ERP Standard Cost
2025-06-01,PRD0107,SUP001,27452.66,30232.98,Annual Price List
2025-07-01,PRD0107,SUP001,27452.66,29780.14,Manual Review
2025-08-01,PRD0107,SUP001,27452.66,29659.0,ERP Standard Cost
2025-09-01,PRD0107,SUP001,27452.66,30210.05,Manual Review
2025-10-01,PRD0107,SUP001,27452.66,30964.39,Annual Price List
2025-11-01,PRD0107,SUP001,27452.66,31224.68,ERP Standard Cost
2025-12-01,PRD0107,SUP001,27452.66,30813.12,Supplier Quote
2026-01-01,PRD0107,SUP001,27452.66,30721.47,Manual Review
2026-02-01,PRD0107,SUP001,27452.66,31118.92,Annual Price List
2026-03-01,PRD0107,SUP001,27452.66,31554.68,ERP Standard Cost
2026-04-01,PRD0107,SUP001,27452.66,32189.91,Annual Price List
2026-05-01,PRD0107,SUP001,27452.66,32493.07,ERP Standard Cost
2026-06-01,PRD0107,SUP001,27452.66,33154.54,ERP Standard Cost
2024-01-01,PRD0108,SUP005,15440.34,15813.77,Manual Review
2024-02-01,PRD0108,SUP005,15440.34,15749.26,ERP Standard Cost
2024-03-01,PRD0108,SUP005,15440.34,15728.24,Manual Review
2024-04-01,PRD0108,SUP005,15440.34,16095.65,ERP Standard Cost
2024-05-01,PRD0108,SUP005,15440.34,15864.43,Annual Price List
2024-06-01,PRD0108,SUP005,15440.34,16036.68,Supplier Quote
2024-07-01,PRD0108,SUP005,15440.34,16186.65,Supplier Quote
2024-08-01,PRD0108,SUP005,15440.34,16527.51,Annual Price List
2024-09-01,PRD0108,SUP005,15440.34,16552.74,Manual Review
2024-10-01,PRD0108,SUP005,15440.34,16809.28,Supplier Quote
2024-11-01,PRD0108,SUP005,15440.34,17086.5,Supplier Quote
2024-12-01,PRD0108,SUP005,15440.34,17198.35,Manual Review
2025-01-01,PRD0108,SUP005,15440.34,17402.84,ERP Standard Cost
2025-02-01,PRD0108,SUP005,15440.34,17818.44,Manual Review
2025-03-01,PRD0108,SUP005,15440.34,18140.93,ERP Standard Cost
2025-04-01,PRD0108,SUP005,15440.34,18149.46,Supplier Quote
2025-05-01,PRD0108,SUP005,15440.34,17967.79,ERP Standard Cost
2025-06-01,PRD0108,SUP005,15440.34,18371.17,Manual Review
2025-07-01,PRD0108,SUP005,15440.34,18102.48,Supplier Quote
2025-08-01,PRD0108,SUP005,15440.34,18380.12,ERP Standard Cost
2025-09-01,PRD0108,SUP005,15440.34,18245.22,ERP Standard Cost
2025-10-01,PRD0108,SUP005,15440.34,18561.53,Annual Price List
2025-11-01,PRD0108,SUP005,15440.34,18457.03,Manual Review
2025-12-01,PRD0108,SUP005,15440.34,18894.31,Supplier Quote
2026-01-01,PRD0108,SUP005,15440.34,18823.08,Annual Price List
2026-02-01,PRD0108,SUP005,15440.34,18546.11,Manual Review
2026-03-01,PRD0108,SUP005,15440.34,18350.22,ERP Standard Cost
2026-04-01,PRD0108,SUP005,15440.34,18492.7,Manual Review
2026-05-01,PRD0108,SUP005,15440.34,18341.41,Annual Price List
2026-06-01,PRD0108,SUP005,15440.34,18550.38,Annual Price List
2024-01-01,PRD0109,SUP002,17855.2,18007.44,Supplier Quote
2024-02-01,PRD0109,SUP002,17855.2,17829.12,Annual Price List
2024-03-01,PRD0109,SUP002,17855.2,18189.98,ERP Standard Cost
2024-04-01,PRD0109,SUP002,17855.2,18056.73,Supplier Quote
2024-05-01,PRD0109,SUP002,17855.2,18502.33,ERP Standard Cost
2024-06-01,PRD0109,SUP002,17855.2,18728.56,Manual Review
2024-07-01,PRD0109,SUP002,17855.2,18449.1,Manual Review
2024-08-01,PRD0109,SUP002,17855.2,18645.37,Supplier Quote
2024-09-01,PRD0109,SUP002,17855.2,19002.51,ERP Standard Cost
2024-10-01,PRD0109,SUP002,17855.2,19046.25,Manual Review
2024-11-01,PRD0109,SUP002,17855.2,18969.34,Manual Review
2024-12-01,PRD0109,SUP002,17855.2,19060.82,Supplier Quote
2025-01-01,PRD0109,SUP002,17855.2,19448.75,Annual Price List
2025-02-01,PRD0109,SUP002,17855.2,19193.56,Manual Review
2025-03-01,PRD0109,SUP002,17855.2,19314.41,ERP Standard Cost
2025-04-01,PRD0109,SUP002,17855.2,19028.68,Annual Price List
2025-05-01,PRD0109,SUP002,17855.2,18998.01,Supplier Quote
2025-06-01,PRD0109,SUP002,17855.2,19465.56,Annual Price List
2025-07-01,PRD0109,SUP002,17855.2,19935.14,Manual Review
2025-08-01,PRD0109,SUP002,17855.2,20399.85,Annual Price List
2025-09-01,PRD0109,SUP002,17855.2,20254.5,ERP Standard Cost
2025-10-01,PRD0109,SUP002,17855.2,20202.5,Supplier Quote
2025-11-01,PRD0109,SUP002,17855.2,19921.98,Manual Review
2025-12-01,PRD0109,SUP002,17855.2,20267.08,ERP Standard Cost
2026-01-01,PRD0109,SUP002,17855.2,20644.46,Annual Price List
2026-02-01,PRD0109,SUP002,17855.2,20423.84,Annual Price List
2026-03-01,PRD0109,SUP002,17855.2,20900.78,Supplier Quote
2026-04-01,PRD0109,SUP002,17855.2,21274.18,Annual Price List
2026-05-01,PRD0109,SUP002,17855.2,21758.0,Manual Review
2026-06-01,PRD0109,SUP002,17855.2,22096.64,Manual Review
2024-01-01,PRD0110,SUP010,4621.03,4574.79,Supplier Quote
2024-02-01,PRD0110,SUP010,4621.03,4673.92,Manual Review
2024-03-01,PRD0110,SUP010,4621.03,4662.38,Supplier Quote
2024-04-01,PRD0110,SUP010,4621.03,4738.4,Supplier Quote
2024-05-01,PRD0110,SUP010,4621.03,4841.53,Manual Review
2024-06-01,PRD0110,SUP010,4621.03,4779.52,Manual Review
2024-07-01,PRD0110,SUP010,4621.03,4720.4,Supplier Quote
2024-08-01,PRD0110,SUP010,4621.03,4755.19,ERP Standard Cost
2024-09-01,PRD0110,SUP010,4621.03,4845.53,Manual Review
2024-10-01,PRD0110,SUP010,4621.03,4791.42,Manual Review
2024-11-01,PRD0110,SUP010,4621.03,4764.23,Supplier Quote
2024-12-01,PRD0110,SUP010,4621.03,4779.17,Manual Review
2025-01-01,PRD0110,SUP010,4621.03,4859.49,Supplier Quote
2025-02-01,PRD0110,SUP010,4621.03,4852.61,Supplier Quote
2025-03-01,PRD0110,SUP010,4621.03,4867.96,ERP Standard Cost
2025-04-01,PRD0110,SUP010,4621.03,4909.4,Supplier Quote
2025-05-01,PRD0110,SUP010,4621.03,4855.93,Supplier Quote
2025-06-01,PRD0110,SUP010,4621.03,4898.25,Annual Price List
2025-07-01,PRD0110,SUP010,4621.03,5001.97,Annual Price List
2025-08-01,PRD0110,SUP010,4621.03,5054.46,ERP Standard Cost
2025-09-01,PRD0110,SUP010,4621.03,5050.5,Manual Review
2025-10-01,PRD0110,SUP010,4621.03,5121.13,Manual Review
2025-11-01,PRD0110,SUP010,4621.03,5082.4,Annual Price List
2025-12-01,PRD0110,SUP010,4621.03,5168.19,Supplier Quote
2026-01-01,PRD0110,SUP010,4621.03,5117.06,Manual Review
2026-02-01,PRD0110,SUP010,4621.03,5145.34,ERP Standard Cost
2026-03-01,PRD0110,SUP010,4621.03,5132.2,Annual Price List
2026-04-01,PRD0110,SUP010,4621.03,5085.48,ERP Standard Cost
2026-05-01,PRD0110,SUP010,4621.03,5131.93,ERP Standard Cost
2026-06-01,PRD0110,SUP010,4621.03,5130.66,Supplier Quote
2024-01-01,PRD0111,SUP009,8079.93,8148.27,Annual Price List
2024-02-01,PRD0111,SUP009,8079.93,8044.72,Supplier Quote
2024-03-01,PRD0111,SUP009,8079.93,8059.87,Annual Price List
2024-04-01,PRD0111,SUP009,8079.93,8253.79,Annual Price List
2024-05-01,PRD0111,SUP009,8079.93,8389.24,ERP Standard Cost
2024-06-01,PRD0111,SUP009,8079.93,8326.94,Manual Review
2024-07-01,PRD0111,SUP009,8079.93,8433.46,Manual Review
2024-08-01,PRD0111,SUP009,8079.93,8509.28,ERP Standard Cost
2024-09-01,PRD0111,SUP009,8079.93,8671.64,ERP Standard Cost
2024-10-01,PRD0111,SUP009,8079.93,8755.27,Manual Review
2024-11-01,PRD0111,SUP009,8079.93,8739.02,Supplier Quote
2024-12-01,PRD0111,SUP009,8079.93,8766.75,Supplier Quote
2025-01-01,PRD0111,SUP009,8079.93,8809.15,Supplier Quote
2025-02-01,PRD0111,SUP009,8079.93,8902.1,Annual Price List
2025-03-01,PRD0111,SUP009,8079.93,8934.69,Annual Price List
2025-04-01,PRD0111,SUP009,8079.93,8886.09,ERP Standard Cost
2025-05-01,PRD0111,SUP009,8079.93,9039.74,Manual Review
2025-06-01,PRD0111,SUP009,8079.93,8978.38,Annual Price List
2025-07-01,PRD0111,SUP009,8079.93,9140.38,Supplier Quote
2025-08-01,PRD0111,SUP009,8079.93,9135.93,Supplier Quote
2025-09-01,PRD0111,SUP009,8079.93,9129.68,Supplier Quote
2025-10-01,PRD0111,SUP009,8079.93,9044.73,Manual Review
2025-11-01,PRD0111,SUP009,8079.93,8979.4,ERP Standard Cost
2025-12-01,PRD0111,SUP009,8079.93,8860.48,Supplier Quote
2026-01-01,PRD0111,SUP009,8079.93,8798.14,ERP Standard Cost
2026-02-01,PRD0111,SUP009,8079.93,8727.46,ERP Standard Cost
2026-03-01,PRD0111,SUP009,8079.93,8847.49,ERP Standard Cost
2026-04-01,PRD0111,SUP009,8079.93,9014.72,Annual Price List
2026-05-01,PRD0111,SUP009,8079.93,8943.88,Supplier Quote
2026-06-01,PRD0111,SUP009,8079.93,8872.71,ERP Standard Cost
2024-01-01,PRD0112,SUP002,16821.29,16583.1,Annual Price List
2024-02-01,PRD0112,SUP002,16821.29,16585.7,Supplier Quote
2024-03-01,PRD0112,SUP002,16821.29,16561.41,Annual Price List
2024-04-01,PRD0112,SUP002,16821.29,16515.08,Annual Price List
2024-05-01,PRD0112,SUP002,16821.29,16511.54,ERP Standard Cost
2024-06-01,PRD0112,SUP002,16821.29,16700.37,Manual Review
2024-07-01,PRD0112,SUP002,16821.29,17036.64,Supplier Quote
2024-08-01,PRD0112,SUP002,16821.29,16861.84,Annual Price List
2024-09-01,PRD0112,SUP002,16821.29,17145.05,Annual Price List
2024-10-01,PRD0112,SUP002,16821.29,17253.1,ERP Standard Cost
2024-11-01,PRD0112,SUP002,16821.29,17213.73,Manual Review
2024-12-01,PRD0112,SUP002,16821.29,17628.23,Annual Price List
2025-01-01,PRD0112,SUP002,16821.29,18013.24,Annual Price List
2025-02-01,PRD0112,SUP002,16821.29,18358.69,ERP Standard Cost
2025-03-01,PRD0112,SUP002,16821.29,18663.14,ERP Standard Cost
2025-04-01,PRD0112,SUP002,16821.29,18567.71,ERP Standard Cost
2025-05-01,PRD0112,SUP002,16821.29,18937.47,Manual Review
2025-06-01,PRD0112,SUP002,16821.29,18811.9,Supplier Quote
2025-07-01,PRD0112,SUP002,16821.29,19120.17,Supplier Quote
2025-08-01,PRD0112,SUP002,16821.29,18961.42,Manual Review
2025-09-01,PRD0112,SUP002,16821.29,19246.83,ERP Standard Cost
2025-10-01,PRD0112,SUP002,16821.29,19341.98,Manual Review
2025-11-01,PRD0112,SUP002,16821.29,19190.34,ERP Standard Cost
2025-12-01,PRD0112,SUP002,16821.29,19305.84,Manual Review
2026-01-01,PRD0112,SUP002,16821.29,19568.91,Manual Review
2026-02-01,PRD0112,SUP002,16821.29,19646.21,Manual Review
2026-03-01,PRD0112,SUP002,16821.29,19852.97,Supplier Quote
2026-04-01,PRD0112,SUP002,16821.29,19719.72,Annual Price List
2026-05-01,PRD0112,SUP002,16821.29,19780.52,Annual Price List
2026-06-01,PRD0112,SUP002,16821.29,19797.05,ERP Standard Cost
2024-01-01,PRD0113,SUP007,1106.9,1129.64,Annual Price List
2024-02-01,PRD0113,SUP007,1106.9,1154.97,ERP Standard Cost
2024-03-01,PRD0113,SUP007,1106.9,1149.41,Supplier Quote
2024-04-01,PRD0113,SUP007,1106.9,1138.34,Supplier Quote
2024-05-01,PRD0113,SUP007,1106.9,1134.7,ERP Standard Cost
2024-06-01,PRD0113,SUP007,1106.9,1128.13,Supplier Quote
2024-07-01,PRD0113,SUP007,1106.9,1132.2,ERP Standard Cost
2024-08-01,PRD0113,SUP007,1106.9,1134.51,Manual Review
2024-09-01,PRD0113,SUP007,1106.9,1137.12,ERP Standard Cost
2024-10-01,PRD0113,SUP007,1106.9,1156.66,ERP Standard Cost
2024-11-01,PRD0113,SUP007,1106.9,1151.94,Supplier Quote
2024-12-01,PRD0113,SUP007,1106.9,1142.94,Annual Price List
2025-01-01,PRD0113,SUP007,1106.9,1137.94,Supplier Quote
2025-02-01,PRD0113,SUP007,1106.9,1137.21,Supplier Quote
2025-03-01,PRD0113,SUP007,1106.9,1133.55,Supplier Quote
2025-04-01,PRD0113,SUP007,1106.9,1152.18,Annual Price List
2025-05-01,PRD0113,SUP007,1106.9,1139.43,Supplier Quote
2025-06-01,PRD0113,SUP007,1106.9,1138.76,Annual Price List
2025-07-01,PRD0113,SUP007,1106.9,1136.88,ERP Standard Cost
2025-08-01,PRD0113,SUP007,1106.9,1131.2,ERP Standard Cost
2025-09-01,PRD0113,SUP007,1106.9,1122.86,Annual Price List
2025-10-01,PRD0113,SUP007,1106.9,1150.86,ERP Standard Cost
2025-11-01,PRD0113,SUP007,1106.9,1133.99,ERP Standard Cost
2025-12-01,PRD0113,SUP007,1106.9,1129.76,ERP Standard Cost
2026-01-01,PRD0113,SUP007,1106.9,1148.2,Manual Review
2026-02-01,PRD0113,SUP007,1106.9,1174.42,Supplier Quote
2026-03-01,PRD0113,SUP007,1106.9,1178.98,Annual Price List
2026-04-01,PRD0113,SUP007,1106.9,1202.11,Annual Price List
2026-05-01,PRD0113,SUP007,1106.9,1194.99,Annual Price List
2026-06-01,PRD0113,SUP007,1106.9,1199.74,Manual Review
2024-01-01,PRD0114,SUP008,2222.21,2219.16,Supplier Quote
2024-02-01,PRD0114,SUP008,2222.21,2213.66,Annual Price List
2024-03-01,PRD0114,SUP008,2222.21,2218.42,Manual Review
2024-04-01,PRD0114,SUP008,2222.21,2203.75,Manual Review
2024-05-01,PRD0114,SUP008,2222.21,2245.88,Supplier Quote
2024-06-01,PRD0114,SUP008,2222.21,2245.85,Annual Price List
2024-07-01,PRD0114,SUP008,2222.21,2239.61,Supplier Quote
2024-08-01,PRD0114,SUP008,2222.21,2250.79,ERP Standard Cost
2024-09-01,PRD0114,SUP008,2222.21,2247.63,Manual Review
2024-10-01,PRD0114,SUP008,2222.21,2252.19,Manual Review
2024-11-01,PRD0114,SUP008,2222.21,2287.12,ERP Standard Cost
2024-12-01,PRD0114,SUP008,2222.21,2282.65,Supplier Quote
2025-01-01,PRD0114,SUP008,2222.21,2300.23,Supplier Quote
2025-02-01,PRD0114,SUP008,2222.21,2350.58,Annual Price List
2025-03-01,PRD0114,SUP008,2222.21,2407.2,ERP Standard Cost
2025-04-01,PRD0114,SUP008,2222.21,2425.8,Manual Review
2025-05-01,PRD0114,SUP008,2222.21,2484.52,Annual Price List
2025-06-01,PRD0114,SUP008,2222.21,2541.54,Supplier Quote
2025-07-01,PRD0114,SUP008,2222.21,2557.75,Annual Price List
2025-08-01,PRD0114,SUP008,2222.21,2567.96,ERP Standard Cost
2025-09-01,PRD0114,SUP008,2222.21,2587.94,Manual Review
2025-10-01,PRD0114,SUP008,2222.21,2615.27,ERP Standard Cost
2025-11-01,PRD0114,SUP008,2222.21,2585.79,Supplier Quote
2025-12-01,PRD0114,SUP008,2222.21,2616.81,Annual Price List
2026-01-01,PRD0114,SUP008,2222.21,2580.91,Manual Review
2026-02-01,PRD0114,SUP008,2222.21,2544.97,Annual Price List
2026-03-01,PRD0114,SUP008,2222.21,2513.87,Manual Review
2026-04-01,PRD0114,SUP008,2222.21,2504.7,Annual Price List
2026-05-01,PRD0114,SUP008,2222.21,2496.3,Supplier Quote
2026-06-01,PRD0114,SUP008,2222.21,2504.25,ERP Standard Cost
2024-01-01,PRD0115,SUP009,6034.3,5946.45,ERP Standard Cost
2024-02-01,PRD0115,SUP009,6034.3,6061.74,Manual Review
2024-03-01,PRD0115,SUP009,6034.3,6065.65,Supplier Quote
2024-04-01,PRD0115,SUP009,6034.3,6006.0,Manual Review
2024-05-01,PRD0115,SUP009,6034.3,6030.8,Supplier Quote
2024-06-01,PRD0115,SUP009,6034.3,6034.18,Annual Price List
2024-07-01,PRD0115,SUP009,6034.3,5975.03,Annual Price List
2024-08-01,PRD0115,SUP009,6034.3,5959.43,Manual Review
2024-09-01,PRD0115,SUP009,6034.3,5907.89,ERP Standard Cost
2024-10-01,PRD0115,SUP009,6034.3,5958.11,Manual Review
2024-11-01,PRD0115,SUP009,6034.3,5934.38,Supplier Quote
2024-12-01,PRD0115,SUP009,6034.3,6080.62,Manual Review
2025-01-01,PRD0115,SUP009,6034.3,6004.97,Manual Review
2025-02-01,PRD0115,SUP009,6034.3,6060.18,Annual Price List
2025-03-01,PRD0115,SUP009,6034.3,6096.75,Manual Review
2025-04-01,PRD0115,SUP009,6034.3,6117.53,Supplier Quote
2025-05-01,PRD0115,SUP009,6034.3,6206.18,ERP Standard Cost
2025-06-01,PRD0115,SUP009,6034.3,6273.53,Manual Review
2025-07-01,PRD0115,SUP009,6034.3,6266.45,ERP Standard Cost
2025-08-01,PRD0115,SUP009,6034.3,6270.48,Annual Price List
2025-09-01,PRD0115,SUP009,6034.3,6280.53,Annual Price List
2025-10-01,PRD0115,SUP009,6034.3,6412.41,Manual Review
2025-11-01,PRD0115,SUP009,6034.3,6433.66,Annual Price List
2025-12-01,PRD0115,SUP009,6034.3,6516.91,Supplier Quote
2026-01-01,PRD0115,SUP009,6034.3,6521.75,Supplier Quote
2026-02-01,PRD0115,SUP009,6034.3,6486.45,Annual Price List
2026-03-01,PRD0115,SUP009,6034.3,6460.19,ERP Standard Cost
2026-04-01,PRD0115,SUP009,6034.3,6535.56,Supplier Quote
2026-05-01,PRD0115,SUP009,6034.3,6620.01,Annual Price List
2026-06-01,PRD0115,SUP009,6034.3,6761.34,Manual Review
2024-01-01,PRD0116,SUP009,12981.08,12849.31,ERP Standard Cost
2024-02-01,PRD0116,SUP009,12981.08,12695.91,Supplier Quote
2024-03-01,PRD0116,SUP009,12981.08,12761.62,ERP Standard Cost
2024-04-01,PRD0116,SUP009,12981.08,12779.54,Annual Price List
2024-05-01,PRD0116,SUP009,12981.08,12717.05,Supplier Quote
2024-06-01,PRD0116,SUP009,12981.08,12761.39,Supplier Quote
2024-07-01,PRD0116,SUP009,12981.08,12896.08,Manual Review
2024-08-01,PRD0116,SUP009,12981.08,12899.26,Manual Review
2024-09-01,PRD0116,SUP009,12981.08,13147.32,Manual Review
2024-10-01,PRD0116,SUP009,12981.08,12969.98,ERP Standard Cost
2024-11-01,PRD0116,SUP009,12981.08,12834.93,Annual Price List
2024-12-01,PRD0116,SUP009,12981.08,12810.34,Manual Review
2025-01-01,PRD0116,SUP009,12981.08,12866.58,Supplier Quote
2025-02-01,PRD0116,SUP009,12981.08,12716.07,Annual Price List
2025-03-01,PRD0116,SUP009,12981.08,12888.29,Manual Review
2025-04-01,PRD0116,SUP009,12981.08,12767.27,ERP Standard Cost
2025-05-01,PRD0116,SUP009,12981.08,13005.54,Annual Price List
2025-06-01,PRD0116,SUP009,12981.08,13246.66,Supplier Quote
2025-07-01,PRD0116,SUP009,12981.08,13141.87,Supplier Quote
2025-08-01,PRD0116,SUP009,12981.08,13225.8,Manual Review
2025-09-01,PRD0116,SUP009,12981.08,13116.53,Supplier Quote
2025-10-01,PRD0116,SUP009,12981.08,13275.17,Annual Price List
2025-11-01,PRD0116,SUP009,12981.08,13310.04,Annual Price List
2025-12-01,PRD0116,SUP009,12981.08,13225.75,Supplier Quote
2026-01-01,PRD0116,SUP009,12981.08,13499.62,Annual Price List
2026-02-01,PRD0116,SUP009,12981.08,13535.83,Supplier Quote
2026-03-01,PRD0116,SUP009,12981.08,13785.7,Supplier Quote
2026-04-01,PRD0116,SUP009,12981.08,13794.31,ERP Standard Cost
2026-05-01,PRD0116,SUP009,12981.08,13832.38,Supplier Quote
2026-06-01,PRD0116,SUP009,12981.08,13651.82,Manual Review
2024-01-01,PRD0117,SUP004,963.44,984.78,ERP Standard Cost
2024-02-01,PRD0117,SUP004,963.44,1005.81,Annual Price List
2024-03-01,PRD0117,SUP004,963.44,994.4,Manual Review
2024-04-01,PRD0117,SUP004,963.44,980.59,Supplier Quote
2024-05-01,PRD0117,SUP004,963.44,979.11,Annual Price List
2024-06-01,PRD0117,SUP004,963.44,991.05,Supplier Quote
2024-07-01,PRD0117,SUP004,963.44,984.93,Supplier Quote
2024-08-01,PRD0117,SUP004,963.44,1001.55,Annual Price List
2024-09-01,PRD0117,SUP004,963.44,1015.53,Supplier Quote
2024-10-01,PRD0117,SUP004,963.44,1017.19,Supplier Quote
2024-11-01,PRD0117,SUP004,963.44,1035.11,ERP Standard Cost
2024-12-01,PRD0117,SUP004,963.44,1042.86,Annual Price List
2025-01-01,PRD0117,SUP004,963.44,1053.27,Manual Review
2025-02-01,PRD0117,SUP004,963.44,1077.03,Supplier Quote
2025-03-01,PRD0117,SUP004,963.44,1070.89,Supplier Quote
2025-04-01,PRD0117,SUP004,963.44,1070.1,Annual Price List
2025-05-01,PRD0117,SUP004,963.44,1054.69,ERP Standard Cost
2025-06-01,PRD0117,SUP004,963.44,1039.38,Annual Price List
2025-07-01,PRD0117,SUP004,963.44,1042.86,Supplier Quote
2025-08-01,PRD0117,SUP004,963.44,1054.66,ERP Standard Cost
2025-09-01,PRD0117,SUP004,963.44,1066.26,ERP Standard Cost
2025-10-01,PRD0117,SUP004,963.44,1052.14,Annual Price List
2025-11-01,PRD0117,SUP004,963.44,1053.66,Manual Review
2025-12-01,PRD0117,SUP004,963.44,1079.29,Supplier Quote
2026-01-01,PRD0117,SUP004,963.44,1093.86,Annual Price List
2026-02-01,PRD0117,SUP004,963.44,1088.48,Supplier Quote
2026-03-01,PRD0117,SUP004,963.44,1098.27,Manual Review
2026-04-01,PRD0117,SUP004,963.44,1111.57,Annual Price List
2026-05-01,PRD0117,SUP004,963.44,1109.66,ERP Standard Cost
2026-06-01,PRD0117,SUP004,963.44,1136.43,Manual Review
2024-01-01,PRD0118,SUP002,7385.52,7373.73,Manual Review
2024-02-01,PRD0118,SUP002,7385.52,7375.91,Annual Price List
2024-03-01,PRD0118,SUP002,7385.52,7413.8,Supplier Quote
2024-04-01,PRD0118,SUP002,7385.52,7371.57,Supplier Quote
2024-05-01,PRD0118,SUP002,7385.52,7352.06,Manual Review
2024-06-01,PRD0118,SUP002,7385.52,7464.48,Supplier Quote
2024-07-01,PRD0118,SUP002,7385.52,7370.4,ERP Standard Cost
2024-08-01,PRD0118,SUP002,7385.52,7406.88,Annual Price List
2024-09-01,PRD0118,SUP002,7385.52,7340.71,Annual Price List
2024-10-01,PRD0118,SUP002,7385.52,7419.12,Annual Price List
2024-11-01,PRD0118,SUP002,7385.52,7581.87,Manual Review
2024-12-01,PRD0118,SUP002,7385.52,7692.34,ERP Standard Cost
2025-01-01,PRD0118,SUP002,7385.52,7618.27,ERP Standard Cost
2025-02-01,PRD0118,SUP002,7385.52,7700.12,Supplier Quote
2025-03-01,PRD0118,SUP002,7385.52,7745.05,Manual Review
2025-04-01,PRD0118,SUP002,7385.52,7829.64,ERP Standard Cost
2025-05-01,PRD0118,SUP002,7385.52,7947.25,Annual Price List
2025-06-01,PRD0118,SUP002,7385.52,8097.28,ERP Standard Cost
2025-07-01,PRD0118,SUP002,7385.52,8086.83,Annual Price List
2025-08-01,PRD0118,SUP002,7385.52,8139.98,Annual Price List
2025-09-01,PRD0118,SUP002,7385.52,8278.83,Annual Price List
2025-10-01,PRD0118,SUP002,7385.52,8356.01,Manual Review
2025-11-01,PRD0118,SUP002,7385.52,8404.96,Annual Price List
2025-12-01,PRD0118,SUP002,7385.52,8427.61,Supplier Quote
2026-01-01,PRD0118,SUP002,7385.52,8322.98,Manual Review
2026-02-01,PRD0118,SUP002,7385.52,8221.43,Annual Price List
2026-03-01,PRD0118,SUP002,7385.52,8115.25,Annual Price List
2026-04-01,PRD0118,SUP002,7385.52,8298.09,Annual Price List
2026-05-01,PRD0118,SUP002,7385.52,8204.08,Annual Price List
2026-06-01,PRD0118,SUP002,7385.52,8158.57,Supplier Quote
2024-01-01,PRD0119,SUP007,471.8,478.4,ERP Standard Cost
2024-02-01,PRD0119,SUP007,471.8,474.37,Annual Price List
2024-03-01,PRD0119,SUP007,471.8,471.9,Annual Price List
2024-04-01,PRD0119,SUP007,471.8,476.26,ERP Standard Cost
2024-05-01,PRD0119,SUP007,471.8,474.55,Manual Review
2024-06-01,PRD0119,SUP007,471.8,485.8,Annual Price List
2024-07-01,PRD0119,SUP007,471.8,483.8,Manual Review
2024-08-01,PRD0119,SUP007,471.8,478.09,ERP Standard Cost
2024-09-01,PRD0119,SUP007,471.8,478.53,Annual Price List
2024-10-01,PRD0119,SUP007,471.8,480.37,Manual Review
2024-11-01,PRD0119,SUP007,471.8,482.87,Manual Review
2024-12-01,PRD0119,SUP007,471.8,490.31,Manual Review
2025-01-01,PRD0119,SUP007,471.8,483.35,Manual Review
2025-02-01,PRD0119,SUP007,471.8,484.36,Supplier Quote
2025-03-01,PRD0119,SUP007,471.8,491.8,ERP Standard Cost
2025-04-01,PRD0119,SUP007,471.8,496.13,Annual Price List
2025-05-01,PRD0119,SUP007,471.8,499.66,Annual Price List
2025-06-01,PRD0119,SUP007,471.8,497.31,Manual Review
2025-07-01,PRD0119,SUP007,471.8,495.93,ERP Standard Cost
2025-08-01,PRD0119,SUP007,471.8,495.93,Manual Review
2025-09-01,PRD0119,SUP007,471.8,489.92,Annual Price List
2025-10-01,PRD0119,SUP007,471.8,496.58,Annual Price List
2025-11-01,PRD0119,SUP007,471.8,492.21,Annual Price List
2025-12-01,PRD0119,SUP007,471.8,484.9,ERP Standard Cost
2026-01-01,PRD0119,SUP007,471.8,487.16,Manual Review
2026-02-01,PRD0119,SUP007,471.8,498.18,ERP Standard Cost
2026-03-01,PRD0119,SUP007,471.8,498.36,ERP Standard Cost
2026-04-01,PRD0119,SUP007,471.8,503.66,Supplier Quote
2026-05-01,PRD0119,SUP007,471.8,504.34,Supplier Quote
2026-06-01,PRD0119,SUP007,471.8,516.8,Supplier Quote
2024-01-01,PRD0120,SUP007,8626.38,8818.62,Annual Price List
2024-02-01,PRD0120,SUP007,8626.38,8754.85,Manual Review
2024-03-01,PRD0120,SUP007,8626.38,8958.7,ERP Standard Cost
2024-04-01,PRD0120,SUP007,8626.38,9006.94,Manual Review
2024-05-01,PRD0120,SUP007,8626.38,9100.6,ERP Standard Cost
2024-06-01,PRD0120,SUP007,8626.38,9217.62,Manual Review
2024-07-01,PRD0120,SUP007,8626.38,9420.97,Annual Price List
2024-08-01,PRD0120,SUP007,8626.38,9370.98,Supplier Quote
2024-09-01,PRD0120,SUP007,8626.38,9575.82,ERP Standard Cost
2024-10-01,PRD0120,SUP007,8626.38,9673.86,Supplier Quote
2024-11-01,PRD0120,SUP007,8626.38,9798.64,Annual Price List
2024-12-01,PRD0120,SUP007,8626.38,9754.09,Manual Review
2025-01-01,PRD0120,SUP007,8626.38,9976.19,Annual Price List
2025-02-01,PRD0120,SUP007,8626.38,9928.02,Annual Price List
2025-03-01,PRD0120,SUP007,8626.38,9784.0,Supplier Quote
2025-04-01,PRD0120,SUP007,8626.38,9889.43,Manual Review
2025-05-01,PRD0120,SUP007,8626.38,9898.4,Supplier Quote
2025-06-01,PRD0120,SUP007,8626.38,9955.23,Annual Price List
2025-07-01,PRD0120,SUP007,8626.38,10154.74,Annual Price List
2025-08-01,PRD0120,SUP007,8626.38,10339.45,ERP Standard Cost
2025-09-01,PRD0120,SUP007,8626.38,10470.49,Manual Review
2025-10-01,PRD0120,SUP007,8626.38,10558.89,Manual Review
2025-11-01,PRD0120,SUP007,8626.38,10718.32,Supplier Quote
2025-12-01,PRD0120,SUP007,8626.38,10604.39,ERP Standard Cost
2026-01-01,PRD0120,SUP007,8626.38,10790.7,ERP Standard Cost
2026-02-01,PRD0120,SUP007,8626.38,10952.01,Manual Review
2026-03-01,PRD0120,SUP007,8626.38,11093.95,Supplier Quote
2026-04-01,PRD0120,SUP007,8626.38,11365.55,Manual Review
2026-05-01,PRD0120,SUP007,8626.38,11195.78,Supplier Quote
2026-06-01,PRD0120,SUP007,8626.38,11374.35,Manual Review
