sales_order_id,sales_order_line_id,order_date,customer_id,site_name,product_id,contract_id,order_qty,unit_price_usd,unit_cost_usd,revenue_usd,gross_margin_usd,gross_margin_pct,requested_date,promised_date,shipped_date,order_status,sales_channel
SO000001,SOL0000001,2025-09-15,CUST013,La Coipa,PRD0047,CTR0013,1,6532.78,5699.64,6532.78,833.14,0.1275,2025-10-31,2025-11-24,2025-12-13,Shipped,Contract
SO000002,SOL0000002,2024-10-24,CUST001,Chuquicamata,PRD0044,,1,33853.01,26647.05,33853.01,7205.96,0.2129,2024-12-03,2024-12-23,2025-01-05,Shipped,Contract
SO000002,SOL0000003,2026-03-29,CUST013,La Coipa,PRD0036,,8,3250.07,2782.4,26000.54,3741.34,0.1439,2026-05-30,2026-06-17,2026-06-23,Shipped,Spot
SO000003,SOL0000004,2026-06-14,CUST015,Los Colorados,PRD0051,,2,35505.32,25326.22,71010.64,20358.2,0.2867,2026-07-25,2026-08-20,2026-08-19,Shipped,Shutdown
SO000004,SOL0000005,2024-06-06,CUST008,Candelaria,PRD0091,,1,883.79,574.48,883.79,309.31,0.35,2024-06-30,2024-08-18,,Cancelled,Contract
SO000005,SOL0000006,2026-05-29,CUST001,Chuquicamata,PRD0064,,2,26089.62,23979.18,52179.23,4220.87,0.0809,2026-08-07,2026-08-23,2026-09-02,Shipped,Spot
SO000006,SOL0000007,2025-06-21,CUST009,Caserones,PRD0048,,8,7160.52,5134.32,57284.18,16209.62,0.283,2025-07-17,2025-08-04,,Open,Contract
SO000007,SOL0000008,2024-06-17,CUST015,Los Colorados,PRD0098,,1,1483.44,1103.21,1483.44,380.23,0.2563,2024-07-05,2024-07-11,2024-07-07,Shipped,Spot
SO000008,SOL0000009,2025-11-01,CUST014,Salar de Atacama,PRD0074,,2,36278.18,25232.49,72556.36,22091.38,0.3045,2025-12-18,2025-11-28,2025-11-25,Shipped,Spot
SO000008,SOL0000010,2025-12-11,CUST013,La Coipa,PRD0042,CTR0013,15,5161.64,3159.75,77424.65,30028.4,0.3878,2026-02-10,2026-01-21,2026-02-02,Shipped,Contract
SO000009,SOL0000011,2025-04-29,CUST012,Sierra Gorda,PRD0101,CTR0012,20,6619.29,4929.61,132385.88,33793.68,0.2553,2025-05-24,2025-07-04,,Cancelled,Contract
SO000009,SOL0000012,2024-01-27,CUST008,Candelaria,PRD0068,,15,11366.52,7904.94,170497.85,51923.75,0.3045,2024-03-16,2024-03-06,,Backorder,Contract
SO000010,SOL0000013,2025-10-10,CUST010,El Abra,PRD0031,,5,11450.19,9227.13,57250.95,11115.3,0.1942,2025-12-08,2025-12-02,,Backorder,Spot
SO000011,SOL0000014,2024-07-07,CUST007,Quebrada Blanca,PRD0101,,5,7627.09,4907.4,38135.44,13598.44,0.3566,2024-07-21,2024-08-30,2024-09-04,Shipped,Spot
SO000011,SOL0000015,2026-03-12,CUST001,Chuquicamata,PRD0041,,3,19647.38,17876.7,58942.13,5312.03,0.0901,2026-04-28,2026-05-29,2026-06-01,Shipped,Contract
SO000012,SOL0000016,2025-02-28,CUST008,Candelaria,PRD0008,CTR0008,10,5698.35,3791.63,56983.49,19067.19,0.3346,2025-04-07,2025-03-13,2025-03-18,Shipped,Emergency
SO000013,SOL0000017,2026-01-31,CUST001,Chuquicamata,PRD0110,CTR0001,15,6474.48,5117.06,97117.19,20361.29,0.2097,2026-03-11,2026-02-17,2026-02-27,Shipped,Shutdown
SO000014,SOL0000018,2025-01-26,CUST013,La Coipa,PRD0031,,3,11950.67,8814.95,35852.02,9407.17,0.2624,2025-02-21,2025-03-17,2025-03-30,Shipped,Spot
SO000014,SOL0000019,2026-06-29,CUST009,Caserones,PRD0074,CTR0009,2,32722.26,26219.82,65444.52,-18324.47,-0.28,2026-07-13,2026-07-09,2026-07-04,Shipped,Shutdown
SO000015,SOL0000020,2025-01-06,CUST007,Quebrada Blanca,PRD0040,,1,14707.71,10008.07,14707.71,4699.64,0.3195,2025-03-17,2025-04-11,2025-04-25,Shipped,Emergency
SO000016,SOL0000021,2025-12-03,CUST003,Escondida,PRD0096,,3,1569.06,1263.57,4707.17,916.46,0.1947,2026-01-06,2026-01-11,2026-01-27,Shipped,Contract
SO000017,SOL0000022,2025-07-12,CUST003,Escondida,PRD0048,,3,7197.01,5255.25,21591.02,5825.27,0.2698,2025-08-18,2025-10-11,2025-10-06,Shipped,Spot
SO000018,SOL0000023,2025-02-05,CUST003,Escondida,PRD0085,,10,9631.54,5446.68,96315.44,41848.64,0.4345,2025-03-29,2025-03-16,,Open,Shutdown
SO000019,SOL0000024,2024-07-12,CUST002,El Teniente,PRD0101,,3,7450.91,4907.4,22352.73,7630.53,0.3414,2024-08-17,2024-08-21,2024-08-28,Shipped,Shutdown
SO000020,SOL0000025,2025-01-20,CUST002,El Teniente,PRD0038,,2,57043.74,35649.73,114087.47,42788.01,0.375,2025-02-11,2025-03-29,2025-04-17,Shipped,Spot
SO000021,SOL0000026,2026-03-30,CUST003,Escondida,PRD0069,,8,7685.99,5827.43,61487.95,14868.51,0.2418,2026-04-21,2026-05-23,2026-05-23,Shipped,Emergency
SO000022,SOL0000027,2025-10-14,CUST001,Chuquicamata,PRD0087,,2,2375.51,1324.23,4751.02,2102.56,0.4425,2025-11-03,2026-01-12,2026-01-23,Shipped,Emergency
SO000023,SOL0000028,2024-02-05,CUST003,Escondida,PRD0082,,1,2096.85,1253.11,2096.85,843.74,0.4024,2024-03-14,2024-05-03,2024-05-10,Shipped,Contract
SO000023,SOL0000029,2025-07-14,CUST008,Candelaria,PRD0101,CTR0008,3,6686.93,4978.36,20060.78,5125.7,0.2555,2025-08-17,2025-09-05,2025-08-31,Shipped,Shutdown
SO000023,SOL0000030,2025-04-09,CUST008,Candelaria,PRD0033,,2,11147.45,6141.99,22294.91,10010.93,0.449,2025-05-03,2025-04-23,2025-04-20,Shipped,Contract
SO000023,SOL0000031,2026-03-04,CUST009,Caserones,PRD0065,,4,1701.63,1075.67,6806.52,2503.84,0.3679,2026-05-03,2026-06-12,,Open,Contract
SO000023,SOL0000032,2024-05-20,CUST001,Chuquicamata,PRD0040,,3,13988.71,10160.46,41966.12,11484.74,0.2737,2024-07-28,2024-06-27,2024-07-09,Shipped,Contract
SO000024,SOL0000033,2026-06-14,CUST012,Sierra Gorda,PRD0112,,2,23171.43,19797.05,46342.87,6748.77,0.1456,2026-06-29,2026-07-12,2026-07-20,Shipped,Shutdown
SO000025,SOL0000034,2024-01-05,CUST012,Sierra Gorda,PRD0111,CTR0012,3,10283.56,8148.27,30850.69,6405.88,0.2076,2024-02-19,2024-02-15,2024-02-13,Shipped,Emergency
SO000025,SOL0000035,2025-01-18,CUST010,El Abra,PRD0080,,8,6389.18,5110.91,51113.43,10226.15,0.2001,2025-02-22,2025-03-22,,Backorder,Spot
SO000026,SOL0000036,2026-04-06,CUST006,Centinela,PRD0018,,2,1191.58,1092.44,2383.16,198.28,0.0832,2026-05-27,2026-06-14,2026-06-27,Shipped,Emergency
SO000026,SOL0000037,2025-08-01,CUST008,Candelaria,PRD0020,,10,17280.44,11240.01,172804.4,60404.3,0.3496,2025-09-05,2025-08-26,2025-08-24,Shipped,Shutdown
SO000027,SOL0000038,2026-06-18,CUST010,El Abra,PRD0086,,5,5419.9,4519.74,27099.5,4500.8,0.1661,2026-07-03,2026-09-20,2026-09-25,Shipped,Emergency
SO000028,SOL0000039,2024-10-21,CUST002,El Teniente,PRD0051,,1,36016.08,23556.04,36016.08,12460.04,0.346,2024-11-16,2025-01-24,2025-01-31,Shipped,Contract
SO000028,SOL0000040,2025-10-11,CUST011,Los Bronces,PRD0029,,3,12486.8,7288.37,37460.4,15595.29,0.4163,2025-12-20,2025-11-29,,Cancelled,Shutdown
SO000029,SOL0000041,2025-05-20,CUST003,Escondida,PRD0014,,2,46852.2,34003.76,93704.4,25696.88,0.2742,2025-06-05,2025-06-28,2025-06-29,Shipped,Emergency
SO000030,SOL0000042,2025-08-18,CUST012,Sierra Gorda,PRD0084,CTR0012,3,37365.98,25671.1,112097.95,35084.65,0.313,2025-08-27,2025-11-07,2025-11-22,Shipped,Emergency
SO000030,SOL0000043,2025-03-04,CUST009,Caserones,PRD0071,CTR0009,15,1175.72,1033.54,17635.8,2132.7,0.1209,2025-04-08,2025-05-31,2025-06-01,Shipped,Shutdown
SO000031,SOL0000044,2024-11-04,CUST010,El Abra,PRD0111,CTR0010,15,11403.72,8739.02,171055.73,39970.43,0.2337,2024-12-23,2025-01-15,2025-01-14,Shipped,Contract
SO000031,SOL0000045,2024-06-16,CUST006,Centinela,PRD0022,,1,1205.55,697.36,1205.55,508.19,0.4215,2024-07-05,2024-07-11,2024-07-14,Shipped,Shutdown
SO000032,SOL0000046,2024-09-05,CUST002,El Teniente,PRD0089,,15,10331.73,6413.4,154975.98,58774.98,0.3793,2024-10-11,2024-10-16,2024-10-27,Shipped,Shutdown
SO000032,SOL0000047,2024-10-22,CUST011,Los Bronces,PRD0095,,2,11156.69,7252.77,22313.39,7807.85,0.3499,2024-12-09,2025-01-28,2025-02-16,Shipped,Spot
SO000033,SOL0000048,2024-07-20,CUST010,El Abra,PRD0073,,1,35642.67,28401.76,35642.67,7240.91,0.2032,2024-08-08,2024-09-27,2024-10-17,Shipped,Emergency
SO000034,SOL0000049,2024-04-17,CUST015,Los Colorados,PRD0003,CTR0015,2,10812.2,7769.29,21624.41,6085.83,0.2814,2024-05-03,2024-06-18,2024-06-14,Shipped,Emergency
SO000034,SOL0000050,2025-12-16,CUST010,El Abra,PRD0069,CTR0010,20,7234.49,5773.43,144689.73,29221.13,0.202,2026-01-06,2026-01-09,2026-01-21,Shipped,Contract
SO000035,SOL0000051,2024-10-10,CUST001,Chuquicamata,PRD0059,,1,27421.02,21280.28,27421.02,6140.74,0.2239,2024-11-04,2024-10-28,2024-11-10,Shipped,Contract
SO000035,SOL0000052,2024-05-30,CUST007,Quebrada Blanca,PRD0051,,1,36813.63,22036.0,36813.63,14777.63,0.4014,2024-06-08,2024-06-17,2024-06-25,Shipped,Shutdown
SO000036,SOL0000053,2024-03-21,CUST011,Los Bronces,PRD0059,,2,29077.96,20281.66,58155.91,17592.59,0.3025,2024-05-09,2024-05-19,2024-05-16,Shipped,Contract
SO000037,SOL0000054,2024-08-15,CUST005,Los Pelambres,PRD0018,,4,1207.74,968.41,4830.96,957.32,0.1982,2024-09-14,2024-11-09,2024-11-07,Shipped,Emergency
SO000038,SOL0000055,2024-05-17,CUST010,El Abra,PRD0111,,10,11451.44,8389.24,114514.38,30621.98,0.2674,2024-06-13,2024-06-22,2024-07-06,Shipped,Contract
SO000038,SOL0000056,2025-12-29,CUST015,Los Colorados,PRD0081,,2,1310.29,1061.86,2620.58,496.86,0.1896,2026-02-28,2026-01-29,2026-02-07,Shipped,Contract
SO000039,SOL0000057,2026-02-02,CUST013,La Coipa,PRD0026,,15,11547.5,9878.02,173212.45,25042.15,0.1446,2026-03-21,2026-03-05,2026-03-14,Shipped,Spot
SO000039,SOL0000058,2025-12-19,CUST008,Candelaria,PRD0024,CTR0008,2,25987.44,16211.28,51974.87,19552.31,0.3762,2026-01-24,2026-02-17,2026-03-08,Shipped,Contract
SO000039,SOL0000059,2024-06-18,CUST012,Sierra Gorda,PRD0118,CTR0012,4,12298.31,7464.48,49193.22,19335.3,0.393,2024-07-31,2024-06-29,2024-07-02,Shipped,Shutdown
SO000040,SOL0000060,2025-03-08,CUST008,Candelaria,PRD0064,,3,26266.69,20926.47,78800.08,16020.67,0.2033,2025-05-17,2025-06-16,2025-06-18,Shipped,Spot
SO000041,SOL0000061,2024-07-27,CUST003,Escondida,PRD0081,,4,1306.96,1015.69,5227.84,1165.08,0.2229,2024-09-27,2024-09-12,2024-09-15,Shipped,Spot
SO000041,SOL0000062,2026-01-24,CUST002,El Teniente,PRD0063,,15,6550.55,6249.12,98258.19,4521.39,0.046,2026-02-23,2026-03-07,,Open,Contract
SO000042,SOL0000063,2025-11-20,CUST003,Escondida,PRD0100,,2,2918.37,1698.83,5836.74,2439.08,0.4179,2025-12-22,2026-01-18,2026-01-22,Shipped,Emergency
SO000043,SOL0000064,2024-01-24,CUST004,Spence,PRD0108,,1,22928.14,15813.77,22928.14,7114.37,0.3103,2024-03-11,2024-04-13,2024-05-01,Shipped,Emergency
SO000044,SOL0000065,2024-01-20,CUST005,Los Pelambres,PRD0079,,5,10708.0,5562.52,53539.99,25727.39,0.4805,2024-03-05,2024-03-09,2024-03-15,Shipped,Contract
SO000045,SOL0000066,2025-05-12,CUST002,El Teniente,PRD0108,,1,23441.52,17967.79,23441.52,5473.73,0.2335,2025-05-25,2025-05-23,,Cancelled,Spot
SO000046,SOL0000067,2025-08-14,CUST005,Los Pelambres,PRD0028,,10,8703.16,6356.57,87031.58,23465.88,0.2696,2025-09-27,2025-10-05,2025-10-01,Shipped,Shutdown
SO000047,SOL0000068,2026-04-14,CUST011,Los Bronces,PRD0029,,15,12311.87,7482.15,184678.01,72445.76,0.3923,2026-05-09,2026-07-02,2026-07-19,Shipped,Shutdown
SO000048,SOL0000069,2024-10-07,CUST011,Los Bronces,PRD0045,,1,7234.51,5099.73,7234.51,2134.78,0.2951,2024-10-15,2024-10-25,2024-10-30,Shipped,Shutdown
SO000049,SOL0000070,2025-08-13,CUST015,Los Colorados,PRD0081,,8,1294.42,1053.28,10355.35,1929.11,0.1863,2025-09-17,2025-10-17,2025-10-31,Shipped,Shutdown
SO000050,SOL0000071,2025-11-16,CUST003,Escondida,PRD0031,,1,11939.77,9094.73,11939.77,2845.04,0.2383,2026-01-14,2026-02-21,2026-03-13,Shipped,Spot
SO000051,SOL0000072,2025-07-31,CUST007,Quebrada Blanca,PRD0091,,15,895.44,608.57,13431.56,4303.01,0.3204,2025-09-05,2025-09-16,2025-09-21,Shipped,Shutdown
SO000052,SOL0000073,2026-05-23,CUST004,Spence,PRD0064,CTR0004,1,23376.84,23979.18,23376.84,-602.34,-0.0258,2026-06-24,2026-06-12,2026-07-01,Shipped,Shutdown
SO000052,SOL0000074,2025-04-13,CUST012,Sierra Gorda,PRD0106,CTR0012,3,13134.33,9810.57,39402.98,9971.27,0.2531,2025-05-30,2025-06-20,2025-06-18,Shipped,Contract
SO000052,SOL0000075,2025-01-12,CUST012,Sierra Gorda,PRD0060,CTR0012,3,17719.27,16370.2,53157.81,4047.21,0.0761,2025-02-10,2025-02-24,,Backorder,Spot
SO000053,SOL0000076,2025-12-14,CUST010,El Abra,PRD0081,,3,1286.63,1061.86,3859.88,674.3,0.1747,2025-12-25,2026-03-24,2026-04-13,Shipped,Contract
SO000054,SOL0000077,2024-06-21,CUST004,Spence,PRD0094,,1,23190.27,16715.8,23190.27,6474.47,0.2792,2024-08-16,2024-07-09,2024-07-27,Shipped,Spot
SO000055,SOL0000078,2026-06-23,CUST011,Los Bronces,PRD0024,,1,28798.94,16161.46,28798.94,12637.48,0.4388,2026-07-13,2026-08-19,2026-08-25,Shipped,Shutdown
SO000055,SOL0000079,2024-05-28,CUST003,Escondida,PRD0036,,2,3393.71,2623.16,6787.43,1541.11,0.2271,2024-07-25,2024-06-11,2024-06-17,Shipped,Emergency
SO000055,SOL0000080,2026-01-14,CUST010,El Abra,PRD0109,,1,33079.86,20644.46,33079.86,12435.4,0.3759,2026-01-31,2026-02-10,2026-02-11,Shipped,Emergency
SO000056,SOL0000081,2025-09-27,CUST011,Los Bronces,PRD0106,,1,15127.88,9701.07,15127.88,5426.81,0.3587,2025-10-14,2026-01-05,2026-01-24,Shipped,Emergency
SO000057,SOL0000082,2025-05-10,CUST012,Sierra Gorda,PRD0031,,8,11683.19,9181.06,93465.53,20017.05,0.2142,2025-07-17,2025-06-14,2025-07-01,Shipped,Spot
SO000058,SOL0000083,2026-04-26,CUST010,El Abra,PRD0035,,10,7776.36,5488.59,77763.62,22877.72,0.2942,2026-06-28,2026-05-16,2026-05-26,Shipped,Spot
SO000058,SOL0000084,2026-01-13,CUST010,El Abra,PRD0110,,1,6909.42,5117.06,6909.42,1792.36,0.2594,2026-02-04,2026-02-23,2026-02-19,Shipped,Contract
SO000059,SOL0000085,2024-06-09,CUST014,Salar de Atacama,PRD0058,,3,3346.96,2766.75,10040.88,1740.63,0.1734,2024-07-10,2024-07-03,2024-07-07,Shipped,Shutdown
SO000060,SOL0000086,2024-09-23,CUST004,Spence,PRD0014,,1,48866.96,33788.26,48866.96,15078.7,0.3086,2024-11-15,2024-12-22,2024-12-30,Shipped,Emergency
SO000061,SOL0000087,2024-03-03,CUST006,Centinela,PRD0038,,3,58734.88,33656.45,176204.63,75235.28,0.427,2024-04-22,2024-05-29,2024-05-26,Shipped,Emergency
SO000061,SOL0000088,2025-05-01,CUST002,El Teniente,PRD0070,,3,44466.37,30009.07,133399.11,43371.9,0.3251,2025-05-11,2025-07-20,2025-07-15,Shipped,Spot
SO000062,SOL0000089,2024-05-26,CUST004,Spence,PRD0063,,2,6726.74,5427.19,13453.47,2599.09,0.1932,2024-07-14,2024-08-19,2024-08-25,Shipped,Spot
SO000063,SOL0000090,2024-01-12,CUST003,Escondida,PRD0069,,5,7527.51,4953.4,37637.53,12870.53,0.342,2024-03-12,2024-04-21,2024-04-25,Shipped,Spot
SO000063,SOL0000091,2026-05-22,CUST003,Escondida,PRD0029,,4,12217.51,7410.78,48870.05,19226.93,0.3934,2026-06-29,2026-08-19,2026-08-28,Shipped,Contract
SO000064,SOL0000092,2026-05-28,CUST015,Los Colorados,PRD0018,,1,1222.14,1117.85,1222.14,104.29,0.0853,2026-06-06,2026-06-19,2026-06-16,Shipped,Spot
SO000065,SOL0000093,2024-08-17,CUST001,Chuquicamata,PRD0034,CTR0001,2,9649.39,6016.04,19298.79,7266.71,0.3765,2024-09-13,2024-09-27,2024-10-01,Shipped,Spot
SO000065,SOL0000094,2026-01-08,CUST008,Candelaria,PRD0044,,1,36984.7,27750.3,36984.7,9234.4,0.2497,2026-02-26,2026-03-10,2026-03-09,Shipped,Shutdown
SO000066,SOL0000095,2026-06-22,CUST005,Los Pelambres,PRD0023,,2,4782.06,3593.49,9564.12,2377.14,0.2485,2026-08-18,2026-07-30,,Open,Emergency
SO000067,SOL0000096,2025-01-26,CUST015,Los Colorados,PRD0033,,2,11191.21,5961.19,22382.41,10460.03,0.4673,2025-03-03,2025-04-25,2025-04-24,Shipped,Emergency
SO000068,SOL0000097,2026-04-16,CUST009,Caserones,PRD0038,CTR0009,3,53373.61,40678.11,160120.82,38086.49,0.2379,2026-04-29,2026-07-11,,Backorder,Contract
SO000069,SOL0000098,2024-07-13,CUST010,El Abra,PRD0086,,1,5061.44,3840.93,5061.44,1220.51,0.2411,2024-08-01,2024-09-06,2024-09-24,Shipped,Shutdown
SO000069,SOL0000099,2024-03-02,CUST014,Salar de Atacama,PRD0113,,10,1955.31,1149.41,19553.1,8059.0,0.4122,2024-04-30,2024-04-28,2024-05-03,Shipped,Emergency
SO000070,SOL0000100,2026-03-03,CUST002,El Teniente,PRD0062,,20,19357.29,12378.47,387145.8,139576.4,0.3605,2026-03-29,2026-03-20,2026-03-20,Shipped,Spot
SO000071,SOL0000101,2024-10-05,CUST004,Spence,PRD0029,,20,11967.09,6815.64,239341.85,103029.05,0.4305,2024-11-23,2024-10-16,2024-10-21,Shipped,Spot
SO000072,SOL0000102,2025-06-29,CUST011,Los Bronces,PRD0002,CTR0011,3,20168.14,16221.25,60504.42,11840.67,0.1957,2025-08-27,2025-07-24,,Backorder,Shutdown
SO000073,SOL0000103,2025-08-26,CUST013,La Coipa,PRD0080,,2,6472.09,5487.29,12944.17,1969.59,0.1522,2025-09-25,2025-10-09,2025-10-23,Shipped,Shutdown
SO000074,SOL0000104,2026-06-02,CUST010,El Abra,PRD0018,,10,1268.12,1141.87,12681.19,1262.49,0.0996,2026-08-03,2026-07-07,2026-07-21,Shipped,Shutdown
SO000075,SOL0000105,2024-07-08,CUST002,El Teniente,PRD0114,,5,2828.63,2239.61,14143.15,2945.1,0.2082,2024-08-08,2024-07-24,2024-07-28,Shipped,Shutdown
SO000076,SOL0000106,2026-03-20,CUST015,Los Colorados,PRD0029,CTR0015,3,11700.19,7313.4,35100.58,13160.38,0.3749,2026-05-05,2026-04-17,2026-04-17,Shipped,Contract
SO000077,SOL0000107,2024-07-15,CUST015,Los Colorados,PRD0028,CTR0015,4,8362.86,6107.9,33451.43,9019.83,0.2696,2024-08-11,2024-09-11,2024-09-29,Shipped,Contract
SO000078,SOL0000108,2024-07-05,CUST009,Caserones,PRD0068,,2,11336.64,8418.17,22673.28,5836.94,0.2574,2024-08-04,2024-07-29,2024-08-12,Shipped,Contract
SO000079,SOL0000109,2024-01-20,CUST007,Quebrada Blanca,PRD0035,,2,7940.08,4674.15,15880.16,6531.86,0.4113,2024-02-25,2024-02-08,2024-02-04,Shipped,Contract
SO000080,SOL0000110,2026-04-28,CUST005,Los Pelambres,PRD0015,CTR0005,1,37127.15,30991.72,37127.15,6135.43,0.1653,2026-05-31,2026-06-16,,Open,Shutdown
SO000081,SOL0000111,2025-11-20,CUST011,Los Bronces,PRD0100,CTR0011,8,2511.91,1698.83,20095.27,6504.63,0.3237,2026-01-29,2026-01-30,2026-02-13,Shipped,Spot
SO000082,SOL0000112,2024-01-23,CUST005,Los Pelambres,PRD0052,,8,11710.81,8490.66,93686.5,25761.22,0.275,2024-03-04,2024-02-21,2024-03-04,Shipped,Shutdown
SO000083,SOL0000113,2024-10-31,CUST012,Sierra Gorda,PRD0092,CTR0012,10,15293.01,12122.77,152930.07,31702.37,0.2073,2024-12-23,2025-02-07,2025-02-10,Shipped,Spot
SO000083,SOL0000114,2024-03-18,CUST012,Sierra Gorda,PRD0033,CTR0012,2,9454.28,6006.32,18908.55,6895.91,0.3647,2024-05-02,2024-04-12,2024-04-28,Shipped,Emergency
SO000084,SOL0000115,2024-05-04,CUST004,Spence,PRD0092,,8,17886.67,11798.74,143093.39,48703.47,0.3404,2024-05-12,2024-08-04,,Backorder,Contract
SO000085,SOL0000116,2024-06-15,CUST014,Salar de Atacama,PRD0110,,2,6640.75,4779.52,13281.5,3722.46,0.2803,2024-08-13,2024-07-12,2024-07-26,Shipped,Spot
SO000085,SOL0000117,2024-10-08,CUST003,Escondida,PRD0002,,2,22946.38,15282.75,45892.76,15327.26,0.334,2024-12-17,2024-11-24,2024-12-05,Shipped,Spot
SO000086,SOL0000118,2025-02-20,CUST002,El Teniente,PRD0024,,1,28239.9,16389.66,28239.9,11850.24,0.4196,2025-03-16,2025-05-06,2025-05-10,Shipped,Contract
SO000086,SOL0000119,2024-07-20,CUST002,El Teniente,PRD0036,CTR0002,2,3076.7,2653.44,6153.39,846.51,0.1376,2024-09-19,2024-08-01,2024-08-14,Shipped,Spot
SO000087,SOL0000120,2024-04-15,CUST010,El Abra,PRD0063,CTR0010,4,6347.07,5357.27,25388.29,3959.21,0.1559,2024-04-26,2024-06-13,2024-06-14,Shipped,Emergency
SO000088,SOL0000121,2024-03-05,CUST012,Sierra Gorda,PRD0029,CTR0012,15,10746.06,6684.1,161190.96,60929.46,0.378,2024-05-05,2024-05-05,2024-05-03,Shipped,Contract
SO000089,SOL0000122,2026-03-31,CUST004,Spence,PRD0002,,3,22556.03,17222.65,67668.1,16000.15,0.2365,2026-04-10,2026-07-03,2026-07-10,Shipped,Spot
SO000090,SOL0000123,2025-05-24,CUST001,Chuquicamata,PRD0108,,1,23202.56,17967.79,23202.56,5234.77,0.2256,2025-07-13,2025-08-21,2025-08-30,Shipped,Shutdown
SO000091,SOL0000124,2024-12-25,CUST004,Spence,PRD0109,,2,34200.04,19060.82,68400.09,30278.45,0.4427,2025-02-10,2025-03-28,,Open,Spot
SO000092,SOL0000125,2024-09-29,CUST011,Los Bronces,PRD0110,,20,6965.52,4845.53,139310.32,42399.72,0.3044,2024-10-31,2024-11-19,2024-11-26,Shipped,Emergency
SO000093,SOL0000126,2024-08-11,CUST004,Spence,PRD0094,,1,22729.64,16441.71,22729.64,6287.93,0.2766,2024-09-21,2024-10-23,2024-11-08,Shipped,Spot
SO000094,SOL0000127,2024-01-05,CUST009,Caserones,PRD0119,,5,832.88,478.4,4164.39,1772.39,0.4256,2024-02-20,2024-03-25,2024-04-09,Shipped,Shutdown
SO000095,SOL0000128,2025-07-14,CUST013,La Coipa,PRD0109,,1,33630.75,19935.14,33630.75,13695.61,0.4072,2025-09-04,2025-09-02,2025-09-12,Shipped,Contract
SO000096,SOL0000129,2025-06-24,CUST002,El Teniente,PRD0115,CTR0002,2,7993.44,6273.53,15986.89,3439.83,0.2152,2025-08-20,2025-08-01,2025-08-19,Shipped,Shutdown
SO000096,SOL0000130,2025-11-01,CUST012,Sierra Gorda,PRD0062,CTR0012,4,16277.16,12126.76,65108.63,16601.59,0.255,2025-12-30,2026-02-09,2026-02-14,Shipped,Emergency
SO000097,SOL0000131,2024-10-11,CUST014,Salar de Atacama,PRD0011,CTR0014,3,36392.08,25620.33,109176.24,32315.25,0.296,2024-11-26,2024-11-30,2024-12-04,Shipped,Contract
SO000097,SOL0000132,2025-07-22,CUST011,Los Bronces,PRD0029,,2,12416.68,7127.31,24833.36,10578.74,0.426,2025-08-06,2025-09-04,2025-09-01,Shipped,Contract
SO000098,SOL0000133,2024-05-04,CUST011,Los Bronces,PRD0095,,1,11260.11,6867.4,11260.11,4392.71,0.3901,2024-06-18,2024-06-22,2024-07-08,Shipped,Contract
SO000099,SOL0000134,2025-05-31,CUST006,Centinela,PRD0011,,1,41145.53,26431.2,41145.53,14714.33,0.3576,2025-07-27,2025-09-07,2025-09-12,Shipped,Emergency
SO000099,SOL0000135,2026-03-11,CUST008,Candelaria,PRD0026,,5,11627.65,9784.71,58138.24,9214.69,0.1585,2026-04-21,2026-05-05,2026-05-11,Shipped,Spot
SO000100,SOL0000136,2025-07-24,CUST007,Quebrada Blanca,PRD0029,,4,12531.57,7127.31,50126.29,21617.05,0.4313,2025-09-01,2025-09-17,2025-09-16,Shipped,Spot
SO000100,SOL0000137,2024-05-03,CUST001,Chuquicamata,PRD0020,,5,17095.26,9872.17,85476.31,36115.46,0.4225,2024-05-27,2024-07-06,2024-07-22,Shipped,Shutdown
SO000101,SOL0000138,2025-05-21,CUST015,Los Colorados,PRD0072,,1,11319.98,7784.07,11319.98,3535.91,0.3124,2025-06-03,2025-06-16,2025-06-25,Shipped,Shutdown
SO000101,SOL0000139,2024-12-15,CUST008,Candelaria,PRD0062,CTR0008,4,16811.57,11243.8,67246.3,22271.1,0.3312,2025-02-16,2025-03-14,2025-04-01,Shipped,Spot
SO000101,SOL0000140,2025-09-02,CUST011,Los Bronces,PRD0034,,5,10742.9,5857.38,53714.49,24427.59,0.4548,2025-11-04,2025-09-23,2025-09-23,Shipped,Emergency
SO000101,SOL0000141,2024-05-18,CUST003,Escondida,PRD0120,,2,13087.16,9100.6,26174.32,7973.12,0.3046,2024-07-14,2024-06-18,2024-07-01,Shipped,Contract
SO000102,SOL0000142,2025-08-21,CUST011,Los Bronces,PRD0035,,20,8026.58,5493.96,160531.58,50652.38,0.3155,2025-10-26,2025-10-13,2025-10-15,Shipped,Shutdown
SO000103,SOL0000143,2024-12-28,CUST008,Candelaria,PRD0017,CTR0008,2,6198.05,4236.64,12396.09,3922.81,0.3165,2025-02-14,2025-03-14,2025-03-13,Shipped,Contract
SO000104,SOL0000144,2026-05-24,CUST004,Spence,PRD0095,CTR0004,15,10439.15,8764.45,156587.3,25120.55,0.1604,2026-07-30,2026-08-27,2026-09-12,Shipped,Emergency
SO000105,SOL0000145,2024-02-23,CUST011,Los Bronces,PRD0074,,2,36982.49,24253.95,73964.98,25457.08,0.3442,2024-04-01,2024-05-21,2024-05-18,Shipped,Contract
SO000105,SOL0000146,2026-06-19,CUST004,Spence,PRD0074,CTR0004,3,32468.78,26219.82,97406.34,18746.88,0.1925,2026-08-06,2026-07-05,2026-07-12,Shipped,Shutdown
SO000106,SOL0000147,2026-06-04,CUST012,Sierra Gorda,PRD0003,,5,11571.19,9146.17,57855.94,12125.09,0.2096,2026-07-15,2026-08-11,2026-08-28,Shipped,Emergency
SO000107,SOL0000148,2025-02-30,CUST001,Chuquicamata,PRD0108,,1,22513.59,16527.51,22513.59,5986.08,0.2659,2024-10-15,2024-08-27,2024-09-06,Shipped,Contract
SO000108,SOL0000149,2025-06-04,CUST008,Candelaria,PRD0079,CTR0008,20,8972.72,6404.47,179454.43,51365.03,0.2862,2025-06-27,2025-07-13,2025-07-31,Shipped,Spot
SO000109,SOL0000150,2024-08-30,CUST012,Sierra Gorda,PRD0069,,8,7738.36,4954.25,61906.89,22272.89,0.3598,2024-10-21,2024-11-03,2024-11-17,Shipped,Shutdown
SO000110,SOL0000151,2026-03-15,CUST013,La Coipa,PRD0083,,15,4463.96,2602.12,66959.42,27927.62,0.4171,2026-03-29,2026-06-12,2026-06-22,Shipped,Contract
SO000111,SOL0000152,2026-03-31,CUST008,Candelaria,PRD0043,,3,26950.55,18425.43,80851.64,25575.35,0.3163,2026-06-08,2026-05-16,2026-05-27,Shipped,Shutdown
SO000111,SOL0000153,2024-12-10,CUST015,Los Colorados,PRD0022,,20,1235.78,730.38,24715.55,10107.95,0.409,2024-12-18,2024-12-22,2024-12-25,Shipped,Emergency
SO000112,SOL0000154,2026-01-24,CUST006,Centinela,PRD0099,CTR0006,2,2772.91,2343.57,5545.81,858.67,0.1548,2026-02-13,2026-02-03,2026-02-19,Shipped,Shutdown
SO000112,SOL0000155,2026-01-09,CUST015,Los Colorados,PRD0078,,20,11920.81,10333.16,238416.27,31753.07,0.1332,2026-02-16,2026-04-16,2026-04-22,Shipped,Spot
SO000112,SOL0000156,2026-04-08,CUST011,Los Bronces,PRD0113,CTR0011,8,1741.09,1202.11,13928.71,4311.83,0.3096,2026-05-20,2026-04-29,2026-05-09,Shipped,Emergency
SO000113,SOL0000157,2026-01-28,CUST003,Escondida,PRD0014,,1,46490.59,35662.83,46490.59,10827.76,0.2329,2026-02-11,2026-04-25,,Open,Contract
SO000113,SOL0000158,2026-06-05,CUST009,Caserones,PRD0006,CTR0009,10,10233.84,8238.74,102338.4,19951.0,0.195,2026-07-27,2026-07-09,2026-07-13,Shipped,Contract
SO000114,SOL0000159,2026-01-12,CUST003,Escondida,PRD0085,,1,9392.37,5670.68,9392.37,3721.69,0.3962,2026-02-08,2026-03-17,2026-04-04,Shipped,Shutdown
SO000115,SOL0000160,2026-02-09,CUST011,Los Bronces,PRD0085,,5,9425.9,5637.06,47129.49,18944.19,0.402,2026-03-20,2026-03-07,2026-03-14,Shipped,Spot
SO000116,SOL0000161,2025-07-02,CUST005,Los Pelambres,PRD0104,,8,6580.34,5103.86,52642.75,11811.87,0.2244,2025-07-12,2025-08-01,2025-07-31,Shipped,Emergency
SO000117,SOL0000162,2026-02-07,CUST013,La Coipa,PRD0047,,4,6878.57,5815.24,27514.26,4253.3,0.1546,2026-03-05,2026-03-08,2026-03-09,Shipped,Emergency
SO000118,SOL0000163,2024-08-27,CUST001,Chuquicamata,PRD0002,CTR0001,2,20941.69,14971.47,41883.38,11940.44,0.2851,2024-11-01,2024-09-20,2024-10-10,Shipped,Contract
SO000119,SOL0000164,2024-10-31,CUST012,Sierra Gorda,PRD0079,,8,10202.55,6047.17,81620.43,33243.07,0.4073,2024-11-08,2025-02-02,,Backorder,Contract
SO000120,SOL0000165,2024-02-08,CUST011,Los Bronces,PRD0074,,1,35208.42,24253.95,35208.42,10954.47,0.3111,2024-03-11,2024-05-11,2024-05-08,Shipped,Emergency
SO000121,SOL0000166,2024-10-24,CUST006,Centinela,PRD0092,,5,17341.33,12122.77,86706.67,26092.82,0.3009,2024-12-05,2025-01-10,2025-01-28,Shipped,Emergency
SO000122,SOL0000167,2025-12-25,CUST013,La Coipa,PRD0111,,8,11441.85,8860.48,91534.79,20650.95,0.2256,2026-01-01,2026-02-27,,Open,Contract
SO000123,SOL0000168,2025-02-03,CUST015,Los Colorados,PRD0082,CTR0015,2,1979.4,1304.41,3958.8,1349.98,0.341,2025-03-05,2025-02-26,2025-03-08,Shipped,Shutdown
SO000124,SOL0000169,2026-04-26,CUST008,Candelaria,PRD0044,,1,36919.83,27523.71,36919.83,9396.12,0.2545,2026-06-10,2026-05-16,2026-06-05,Shipped,Spot
SO000125,SOL0000170,2024-10-26,CUST002,El Teniente,PRD0060,,2,19681.76,16291.36,39363.52,6780.8,0.1723,2024-11-25,2025-01-18,2025-01-13,Shipped,Contract
SO000125,SOL0000171,2024-02-27,CUST002,El Teniente,PRD0029,,5,11941.62,6678.6,59708.12,68664.34,1.15,2024-03-10,2024-03-09,2024-03-07,Shipped,Contract
SO000126,SOL0000172,2025-08-04,CUST004,Spence,PRD0048,CTR0004,10,6384.64,5287.91,63846.4,10967.3,0.1718,2025-09-11,2025-09-22,2025-09-23,Shipped,Contract
SO000127,SOL0000173,2025-04-08,CUST001,Chuquicamata,PRD0108,,3,22598.1,18149.46,67794.3,13345.92,0.1969,2025-06-16,2025-04-24,2025-04-29,Shipped,Contract
SO000128,SOL0000174,2026-05-13,CUST009,Caserones,PRD0116,CTR0009,20,15573.59,13832.38,311471.86,34824.26,0.1118,2026-06-10,2026-08-16,2026-08-19,Shipped,Emergency
SO000129,SOL0000175,2026-02-23,CUST011,Los Bronces,PRD0097,CTR0011,3,831.08,743.92,2493.24,261.48,0.1049,2026-03-28,2026-05-22,2026-06-10,Shipped,Shutdown
SO000130,SOL0000176,2024-11-28,CUST003,Escondida,PRD0098,,8,1473.23,1093.43,11785.87,3038.43,0.2578,2025-01-02,2024-12-09,2024-12-24,Shipped,Spot
SO000130,SOL0000177,2024-07-28,CUST006,Centinela,PRD0097,,2,940.36,690.91,1880.72,498.9,0.2653,2024-08-29,2024-09-06,2024-09-07,Shipped,Contract
SO000130,SOL0000178,2024-08-11,CUST010,El Abra,PRD0083,,5,4537.52,2383.78,22687.59,10768.69,0.4747,2024-09-07,2024-09-07,2024-09-07,Shipped,Spot
SO000131,SOL0000179,2024-03-06,CUST002,El Teniente,PRD0098,,3,1431.89,1123.98,4295.68,923.74,0.215,2024-03-25,2024-04-21,2024-04-26,Shipped,Shutdown
SO000131,SOL0000180,2025-07-25,CUST008,Candelaria,PRD0095,CTR0008,2,9897.47,7748.88,19794.94,4297.18,0.2171,2025-09-13,2025-08-30,,Cancelled,Emergency
SO000132,SOL0000181,2025-12-24,CUST005,Los Pelambres,PRD0078,CTR0005,15,10026.54,10273.6,150398.07,-3705.93,-0.0246,2026-01-25,2026-02-14,2026-02-18,Shipped,Shutdown
SO000132,SOL0000182,2025-03-16,CUST015,Los Colorados,PRD0089,,20,10189.04,6548.39,203780.86,72813.06,0.3573,2025-04-05,2025-05-25,2025-05-21,Shipped,Shutdown
SO000133,SOL0000183,2025-01-10,CUST007,Quebrada Blanca,PRD0052,CTR0007,1,10174.21,8920.8,10174.21,1253.41,0.1232,2025-01-20,2025-01-26,2025-02-01,Shipped,Shutdown
SO000134,SOL0000184,2024-03-26,CUST013,La Coipa,PRD0035,,1,7876.39,4832.11,7876.39,3044.28,0.3865,2024-04-16,2024-05-07,2024-05-04,Shipped,Contract
SO000135,SOL0000185,2024-12-04,CUST004,Spence,PRD0014,,3,46006.24,33946.84,138018.71,186325.26,1.35,2025-01-09,2025-03-14,2025-03-27,Shipped,Shutdown
SO000136,SOL0000186,2024-06-01,CUST010,El Abra,PRD0017,CTR0010,15,6558.25,4094.58,98373.78,36955.08,0.3757,2024-06-13,2024-08-06,2024-08-12,Shipped,Emergency
SO000137,SOL0000187,2025-09-05,CUST011,Los Bronces,PRD0014,,1,47384.79,34640.71,47384.79,12744.08,0.2689,2025-10-01,2025-09-30,2025-10-09,Shipped,Shutdown
SO000138,SOL0000188,2026-05-13,CUST010,El Abra,PRD0065,,1,1696.62,1098.01,1696.62,598.61,0.3528,2026-06-18,2026-07-30,2026-08-02,Shipped,Shutdown
SO000139,SOL0000189,2025-03-16,CUST009,Caserones,PRD0020,,5,17409.82,10987.4,87049.12,32112.12,0.3689,2025-04-02,2025-05-15,2025-05-30,Shipped,Contract
SO000139,SOL0000190,2024-01-23,CUST007,Quebrada Blanca,PRD0064,,1,26609.76,21224.5,26609.76,5385.26,0.2024,2024-02-03,2024-04-21,2024-05-06,Shipped,Shutdown
SO000140,SOL0000191,2024-03-11,CUST007,Quebrada Blanca,PRD0023,,3,4761.57,3203.2,14284.7,4675.1,0.3273,2024-05-16,2024-05-15,2024-05-17,Shipped,Emergency
SO000141,SOL0000192,2024-01-22,CUST008,Candelaria,PRD0005,,10,5451.22,4078.79,54512.21,13724.31,0.2518,2024-02-22,2024-04-02,,Cancelled,Shutdown
SO000142,SOL0000193,2024-06-04,CUST007,Quebrada Blanca,PRD0029,,20,12561.9,6662.34,251237.97,117991.17,0.4696,2024-06-16,2024-09-04,2024-09-13,Shipped,Shutdown
SO000142,SOL0000194,2025-07-14,CUST010,El Abra,PRD0085,CTR0010,2,9367.54,5486.95,18735.08,7761.18,0.4143,2025-08-17,2025-10-19,2025-10-21,Shipped,Contract
SO000142,SOL0000195,2026-03-13,CUST009,Caserones,PRD0038,CTR0009,3,50925.71,40749.55,152777.14,30528.49,0.1998,2026-03-28,2026-06-06,2026-06-12,Shipped,Shutdown
SO000143,SOL0000196,2025-04-13,CUST002,El Teniente,PRD0011,,2,43607.61,26444.32,87215.23,34326.59,0.3936,2025-04-23,2025-05-17,2025-05-29,Shipped,Shutdown
SO000144,SOL0000197,2025-02-18,CUST011,Los Bronces,PRD0074,CTR0011,1,32962.14,23856.44,32962.14,9105.7,0.2762,2025-03-03,2025-03-15,2025-03-22,Shipped,Contract
SO000145,SOL0000198,2025-03-26,CUST003,Escondida,PRD0017,,20,7030.58,4457.54,140611.67,51460.87,0.366,2025-05-25,2025-04-14,2025-04-10,Shipped,Emergency
SO000146,SOL0000199,2024-03-25,CUST014,Salar de Atacama,PRD0001,,1,42313.21,25105.99,42313.21,17207.22,0.4067,2024-04-16,2024-04-11,2024-04-12,Shipped,Emergency
SO000147,SOL0000200,2026-02-26,CUST004,Spence,PRD0106,,2,14490.18,9963.68,28980.35,9052.99,0.3124,2026-05-04,2026-04-16,2026-04-15,Shipped,Contract
SO000148,SOL0000201,2025-05-28,CUST010,El Abra,PRD0010,,1,8454.8,6314.27,8454.8,2140.53,0.2532,2025-08-04,2025-08-18,2025-08-19,Shipped,Shutdown
SO000149,SOL0000202,2025-11-12,CUST008,Candelaria,PRD0092,,20,17625.85,13317.1,352517.05,86175.05,0.2445,2025-12-20,2026-01-17,2026-01-29,Shipped,Contract
SO000150,SOL0000203,2025-09-24,CUST004,Spence,PRD0069,CTR0004,20,6966.44,5563.3,139328.7,28062.7,0.2014,2025-11-03,2025-12-09,2025-12-29,Shipped,Spot
SO000151,SOL0000204,2024-08-10,CUST002,El Teniente,PRD0010,,1,8646.73,6096.43,8646.73,2550.3,0.2949,2024-09-07,2024-09-30,2024-10-04,Shipped,Spot
SO000152,SOL0000205,2024-04-05,CUST003,Escondida,PRD0026,,2,11547.66,9420.81,23095.32,4253.7,0.1842,2024-05-05,2024-06-22,2024-07-12,Shipped,Spot
SO000153,SOL0000206,2024-12-24,CUST005,Los Pelambres,PRD0062,,8,18175.38,11243.8,145403.07,55452.67,0.3814,2025-02-09,2025-02-08,,Open,Spot
SO000153,SOL0000207,2025-08-26,CUST006,Centinela,PRD0073,,2,33894.68,31441.51,67789.37,4906.35,0.0724,2025-10-07,2025-10-12,2025-10-30,Shipped,Spot
SO000153,SOL0000208,2025-06-10,CUST008,Candelaria,PRD0115,,20,8293.48,6273.53,165869.7,40399.1,0.2436,2025-06-20,2025-08-01,2025-07-27,Shipped,Emergency
SO000154,SOL0000209,2026-02-01,CUST001,Chuquicamata,PRD0120,CTR0001,1,11925.2,10952.01,11925.2,973.19,0.0816,2026-04-08,2026-03-03,2026-03-22,Shipped,Spot
SO000155,SOL0000210,2025-01-16,CUST004,Spence,PRD0017,CTR0004,1,6414.83,4257.38,6414.83,2157.45,0.3363,2025-03-11,2025-02-03,2025-02-04,Shipped,Emergency
SO000156,SOL0000211,2025-03-10,CUST006,Centinela,PRD0094,,2,22583.45,18073.68,45166.9,9019.54,0.1997,2025-04-22,2025-06-13,2025-06-27,Shipped,Emergency
SO000157,SOL0000212,2024-10-10,CUST008,Candelaria,PRD0065,,4,1635.55,1092.48,6542.18,2172.26,0.332,2024-12-18,2024-12-30,2024-12-28,Shipped,Shutdown
SO000158,SOL0000213,2024-11-29,CUST012,Sierra Gorda,PRD0022,CTR0012,2,1097.8,736.86,2195.59,721.87,0.3288,2024-12-07,2024-12-09,2024-12-13,Shipped,Contract
SO000159,SOL0000214,2024-04-08,CUST013,La Coipa,PRD0014,,1,46927.54,33238.08,46927.54,13689.46,0.2917,2024-05-04,2024-07-14,,Open,Shutdown
SO000159,SOL0000215,2024-04-23,CUST013,La Coipa,PRD0042,,8,5325.32,2853.25,42602.57,19776.57,0.4642,2024-06-25,2024-06-24,,Open,Spot
SO000160,SOL0000216,2025-05-28,CUST012,Sierra Gorda,PRD0061,,1,8525.39,7104.57,8525.39,1420.82,0.1667,2025-06-07,2025-08-28,2025-09-01,Shipped,Shutdown
SO000161,SOL0000217,2024-07-20,CUST003,Escondida,PRD0002,,1,23038.33,15023.62,23038.33,8014.71,0.3479,2024-09-05,2024-10-18,2024-10-16,Shipped,Spot
SO000161,SOL0000218,2024-01-06,CUST010,El Abra,PRD0005,,1,5696.28,4078.79,5696.28,1617.49,0.284,2024-02-02,2024-02-19,2024-02-22,Shipped,Contract
SO000162,SOL0000219,2025-12-03,CUST006,Centinela,PRD0097,,2,889.67,752.78,1779.35,273.79,0.1539,2025-12-31,2025-12-23,2025-12-29,Shipped,Contract
SO000162,SOL0000220,2025-07-07,CUST009,Caserones,PRD0001,,2,40791.12,27085.07,81582.23,27412.09,0.336,2025-09-01,2025-09-07,2025-09-21,Shipped,Contract
SO000163,SOL0000221,2024-04-06,CUST014,Salar de Atacama,PRD0087,,3,2418.94,1295.06,7256.81,3371.63,0.4646,2024-04-16,2024-06-25,2024-06-29,Shipped,Emergency
SO000163,SOL0000222,2026-06-27,CUST011,Los Bronces,PRD0092,,5,16902.49,13854.69,84512.47,15239.02,0.1803,2026-07-23,2026-07-18,2026-07-22,Shipped,Emergency
SO000164,SOL0000223,2025-05-07,CUST001,Chuquicamata,PRD0060,,2,19897.7,16935.47,39795.41,53723.8,1.35,2025-06-20,2025-08-02,,Backorder,Shutdown
SO000165,SOL0000224,2025-08-05,CUST004,Spence,PRD0024,,1,27690.58,16509.73,27690.58,-12460.76,-0.45,2025-10-01,2025-10-26,2025-11-12,Shipped,Shutdown
SO000166,SOL0000225,2025-04-20,CUST009,Caserones,PRD0002,,2,22132.83,16171.28,44265.65,11923.09,0.2694,2025-06-10,2025-05-06,2025-05-14,Shipped,Spot
SO000167,SOL0000226,2024-10-31,CUST006,Centinela,PRD0022,,20,1263.22,740.64,25264.43,10451.63,0.4137,2025-01-01,2025-01-05,2025-01-20,Shipped,Emergency
SO000167,SOL0000227,2024-11-07,CUST005,Los Pelambres,PRD0063,,5,6772.24,5678.82,33861.18,5467.08,0.1615,2024-12-28,2025-02-07,2025-02-23,Shipped,Contract
SO000168,SOL0000228,2026-04-27,CUST011,Los Bronces,PRD0069,CTR0011,2,7200.3,5847.55,14400.6,2705.5,0.1879,2026-06-11,2026-06-02,,Backorder,Contract
SO000169,SOL0000229,2025-11-02,CUST015,Los Colorados,PRD0061,,1,8776.22,6998.74,8776.22,1777.48,0.2025,2025-11-25,2026-01-10,2026-01-21,Shipped,Contract
SO000170,SOL0000230,2026-02-02,CUST007,Quebrada Blanca,PRD0111,,10,12011.59,8727.46,120115.93,32841.33,0.2734,2026-02-12,2026-03-27,2026-04-04,Shipped,Contract
SO000171,SOL0000231,2025-07-31,CUST010,El Abra,PRD0085,CTR0010,2,8858.71,5486.95,17717.43,6743.53,0.3806,2025-08-15,2025-10-22,2025-10-25,Shipped,Shutdown
SO000172,SOL0000232,2024-07-30,CUST007,Quebrada Blanca,PRD0112,,1,23442.65,17036.64,23442.65,6406.01,0.2733,2024-08-11,2024-08-29,2024-09-07,Shipped,Shutdown
SO000172,SOL0000233,2025-09-28,CUST012,Sierra Gorda,PRD0083,CTR0012,5,3960.2,2525.3,19801.02,7174.52,0.3623,2025-10-16,2025-11-05,2025-11-25,Shipped,Contract
SO000172,SOL0000234,2024-02-10,CUST011,Los Bronces,PRD0091,,8,889.64,555.07,7117.12,2676.56,0.3761,2024-02-21,2024-03-13,,Cancelled,Spot
SO000173,SOL0000235,2025-10-22,CUST006,Centinela,PRD0002,,1,22034.17,16967.97,22034.17,5066.2,0.2299,2025-10-31,2026-01-08,2026-01-20,Shipped,Spot
SO000174,SOL0000236,2026-06-05,CUST005,Los Pelambres,PRD0031,,2,11278.97,9233.73,22557.94,4090.48,0.1813,2026-07-30,2026-07-30,2026-07-26,Shipped,Shutdown
SO000175,SOL0000237,2025-06-19,CUST014,Salar de Atacama,PRD0044,,1,35801.7,27054.68,35801.7,8747.02,0.2443,2025-08-17,2025-07-28,2025-08-08,Shipped,Contract
SO000175,SOL0000238,2025-11-07,CUST012,Sierra Gorda,PRD0112,,1,23962.72,19190.34,23962.72,4772.38,0.1992,2026-01-09,2025-12-06,2025-12-08,Shipped,Spot
SO000176,SOL0000239,2025-01-16,CUST006,Centinela,PRD0096,CTR0006,8,1542.29,1242.63,12338.35,2397.31,0.1943,2025-03-24,2025-03-01,2025-03-04,Shipped,Contract
SO000177,SOL0000240,2026-02-07,CUST003,Escondida,PRD0036,,10,3326.46,2818.97,33264.63,5074.93,0.1526,2026-03-02,2026-04-14,2026-05-04,Shipped,Contract
SO000178,SOL0000241,2025-03-20,CUST008,Candelaria,PRD0091,CTR0008,2,790.27,594.59,1580.53,391.35,0.2476,2025-05-21,2025-05-29,2025-05-29,Shipped,Emergency
SO000178,SOL0000242,2025-12-16,CUST012,Sierra Gorda,PRD0111,CTR0012,8,10654.51,8860.48,85236.06,14352.22,0.1684,2026-02-12,2026-02-28,,Backorder,Spot
SO000179,SOL0000243,2025-06-07,CUST008,Candelaria,PRD0120,CTR0008,15,10944.24,9955.23,164163.58,14835.13,0.0904,2025-08-03,2025-08-12,2025-08-29,Shipped,Emergency
SO000179,SOL0000244,2025-01-01,CUST010,El Abra,PRD0035,CTR0010,1,7443.39,5196.66,7443.39,2246.73,0.3018,2025-03-09,2025-01-19,2025-01-19,Shipped,Shutdown
SO000180,SOL0000245,2026-05-08,CUST008,Candelaria,PRD0031,,10,12078.92,9279.98,120789.21,27989.41,0.2317,2026-06-01,2026-07-03,2026-07-23,Shipped,Emergency
SO000181,SOL0000246,2024-03-08,CUST006,Centinela,PRD0059,,2,28410.57,20281.66,56821.15,16257.83,0.2861,2024-04-13,2024-03-26,2024-03-22,Shipped,Emergency
SO000181,SOL0000247,2025-07-08,CUST002,El Teniente,PRD0095,,2,11069.19,7748.88,22138.38,6640.62,0.3,2025-08-30,2025-10-13,2025-10-18,Shipped,Shutdown
SO000182,SOL0000248,2024-09-26,CUST006,Centinela,PRD0099,,2,2905.09,2131.39,5810.17,1547.39,0.2663,2024-10-08,2024-11-29,2024-12-13,Shipped,Contract
SO000183,SOL0000249,2025-01-07,CUST003,Escondida,PRD0014,,3,47750.24,34178.32,143250.72,40715.76,0.2842,2025-02-25,2025-04-12,2025-04-28,Shipped,Shutdown
SO000183,SOL0000250,2026-03-06,CUST015,Los Colorados,PRD0078,,20,11864.19,10430.44,237283.87,28675.07,0.1208,2026-03-29,2026-04-23,2026-05-09,Shipped,Contract
SO000184,SOL0000251,2024-12-25,CUST012,Sierra Gorda,PRD0095,,5,11070.89,7386.52,55354.43,18421.83,0.3328,2025-02-01,2025-03-28,,Cancelled,Spot
SO000185,SOL0000252,2024-09-23,CUST008,Candelaria,PRD0118,CTR0008,20,12181.18,7340.71,243623.53,96809.33,0.3974,2024-10-05,2024-10-09,2024-10-06,Shipped,Emergency
SO000186,SOL0000253,2026-01-26,CUST001,Chuquicamata,PRD0099,,1,2781.28,2343.57,2781.28,437.71,0.1574,2026-04-06,2026-04-29,2026-05-10,Shipped,Emergency
SO000186,SOL0000254,2024-08-26,CUST007,Quebrada Blanca,PRD0056,,3,34297.46,28276.77,102892.39,18062.08,0.1755,2024-10-26,2024-10-15,2024-10-25,Shipped,Spot
SO000187,SOL0000255,2025-10-05,CUST001,Chuquicamata,PRD0060,,3,20516.22,17210.95,61548.67,9915.82,0.1611,2025-11-12,2025-12-23,2025-12-20,Shipped,Spot
SO000188,SOL0000256,2024-01-17,CUST008,Candelaria,PRD0078,,10,11953.66,9134.0,119536.57,28196.57,0.2359,2024-02-22,2024-04-20,2024-04-16,Shipped,Contract
SO000189,SOL0000257,2025-06-02,CUST002,El Teniente,PRD0027,,5,7399.63,6321.71,36998.17,5389.62,0.1457,2025-08-03,2025-09-08,2025-09-15,Shipped,Spot
SO000190,SOL0000258,2024-03-23,CUST012,Sierra Gorda,PRD0087,CTR0012,15,2063.41,1268.0,30951.12,11931.12,0.3855,2024-05-22,2024-05-06,2024-05-21,Shipped,Shutdown
SO000191,SOL0000259,2024-12-17,CUST013,La Coipa,PRD0069,,3,8012.37,5057.49,24037.1,8864.63,0.3688,2024-12-24,2025-02-09,2025-02-05,Shipped,Contract
SO000192,SOL0000260,2024-03-05,CUST001,Chuquicamata,PRD0116,,20,16460.61,12761.62,329212.16,73979.76,0.2247,2024-03-12,2024-06-11,2024-06-07,Shipped,Contract
SO000192,SOL0000261,2024-01-09,CUST010,El Abra,PRD0048,,10,7066.58,4669.01,70665.84,23975.74,0.3393,2024-01-16,2024-04-05,2024-04-01,Shipped,Emergency
SO000192,SOL0000262,2025-02-22,CUST003,Escondida,PRD0084,,2,41013.56,24015.32,82027.12,33996.48,0.4145,2025-04-09,2025-04-16,2025-05-01,Shipped,Emergency
SO000193,SOL0000263,2025-05-05,CUST012,Sierra Gorda,PRD0106,CTR0012,20,12900.96,9826.25,258019.25,61494.25,0.2383,2025-05-30,2025-08-05,2025-08-19,Shipped,Spot
SO000193,SOL0000264,2024-03-05,CUST003,Escondida,PRD0047,,15,6806.39,5315.02,102095.83,22370.53,0.2191,2024-04-22,2024-03-31,2024-04-08,Shipped,Emergency
SO000194,SOL0000265,2024-09-11,CUST014,Salar de Atacama,PRD0034,CTR0014,15,8980.74,6045.19,134711.14,44033.29,0.3269,2024-11-03,2024-11-13,,Cancelled,Spot
SO000195,SOL0000266,2024-02-10,CUST008,Candelaria,PRD0022,,4,1218.61,692.55,4874.43,2104.23,0.4317,2024-04-18,2024-03-30,2024-04-14,Shipped,Shutdown
SO000196,SOL0000267,2024-06-04,CUST007,Quebrada Blanca,PRD0026,,3,12053.87,9531.77,36161.6,7566.29,0.2092,2024-07-20,2024-09-08,2024-09-25,Shipped,Emergency
SO000197,SOL0000268,2025-03-12,CUST002,El Teniente,PRD0104,CTR0002,20,6233.38,4943.14,124667.63,25804.83,0.207,2025-04-16,2025-05-14,,Open,Shutdown
SO000198,SOL0000269,2025-07-20,CUST007,Quebrada Blanca,PRD0035,,20,8082.92,5436.94,161658.33,52919.53,0.3274,2025-09-16,2025-10-06,2025-10-03,Shipped,Emergency
SO000199,SOL0000270,2024-12-02,CUST006,Centinela,PRD0118,,1,14087.41,7692.34,14087.41,6395.07,0.454,2025-01-15,2025-01-23,2025-01-18,Shipped,Contract
SO000200,SOL0000271,2026-05-31,CUST001,Chuquicamata,PRD0024,CTR0001,1,27377.08,16280.67,27377.08,11096.41,0.4053,2026-08-04,2026-07-22,2026-07-19,Shipped,Contract
SO000201,SOL0000272,2025-10-02,CUST009,Caserones,PRD0064,CTR0009,1,24190.27,22056.71,24190.27,2133.56,0.0882,2025-11-04,2025-12-29,2026-01-07,Shipped,Contract
SO000201,SOL0000273,2024-04-09,CUST001,Chuquicamata,PRD0099,,1,2874.67,2170.54,2874.67,704.13,0.2449,2024-06-02,2024-07-01,2024-07-01,Shipped,Emergency
SO000202,SOL0000274,2026-02-08,CUST006,Centinela,PRD0024,,1,28500.34,16081.97,28500.34,12418.37,0.4357,2026-03-25,2026-03-09,2026-03-26,Shipped,Shutdown
SO000203,SOL0000275,2025-08-22,CUST014,Salar de Atacama,PRD0073,,2,35764.8,31441.51,71529.61,8646.59,0.1209,2025-08-29,2025-11-10,,Cancelled,Emergency
SO000204,SOL0000276,2025-11-01,CUST003,Escondida,PRD0103,,2,8582.01,7126.51,17164.02,2911.0,0.1696,2025-12-20,2025-12-20,2026-01-02,Shipped,Shutdown
SO000204,SOL0000277,2025-05-31,CUST001,Chuquicamata,PRD0058,CTR0001,15,3330.69,2945.33,49960.28,5780.33,0.1157,2025-08-07,2025-08-10,2025-08-15,Shipped,Contract
SO000205,SOL0000278,2025-05-27,CUST015,Los Colorados,PRD0040,CTR0015,2,13892.14,10377.08,27784.28,7030.12,0.253,2025-07-15,2025-07-07,2025-07-20,Shipped,Contract
SO000206,SOL0000279,2026-03-31,CUST003,Escondida,PRD0081,,2,1294.44,1090.85,2588.87,407.17,0.1573,2026-05-30,2026-05-16,2026-05-22,Shipped,Emergency
SO000207,SOL0000280,2025-10-24,CUST010,El Abra,PRD0073,,3,34252.61,31079.59,102757.82,9519.05,0.0926,2025-12-10,2025-12-10,2025-12-22,Shipped,Spot
SO000207,SOL0000281,2026-01-15,CUST011,Los Bronces,PRD0045,,1,7024.91,5249.93,7024.91,1774.98,0.2527,2026-03-20,2026-01-29,2026-02-15,Shipped,Emergency
SO000208,SOL0000282,2026-05-27,CUST008,Candelaria,PRD0056,CTR0008,1,31116.86,31989.0,31116.86,-872.14,-0.028,2026-06-22,2026-08-16,2026-08-22,Shipped,Shutdown
SO000209,SOL0000283,2024-02-15,CUST015,Los Colorados,PRD0079,,15,10499.06,5616.89,157485.84,73232.49,0.465,2024-03-01,2024-03-01,2024-02-28,Shipped,Spot
SO000209,SOL0000284,2025-08-19,CUST007,Quebrada Blanca,PRD0034,,15,10633.74,5881.79,159506.11,71279.26,0.4469,2025-09-23,2025-09-24,,Cancelled,Shutdown
SO000210,SOL0000285,2024-09-28,CUST004,Spence,PRD0063,,10,6781.84,5531.02,67818.38,12508.18,0.1844,2024-11-02,2024-11-26,2024-12-11,Shipped,Shutdown
SO000210,SOL0000286,2026-02-06,CUST006,Centinela,PRD0097,,3,938.16,743.92,2814.48,582.72,0.207,2026-02-22,2026-03-01,2026-03-04,Shipped,Emergency
SO000211,SOL0000287,2026-01-06,CUST009,Caserones,PRD0070,CTR0009,3,43557.75,30389.24,130673.26,39505.54,0.3023,2026-01-16,2026-03-03,2026-03-12,Shipped,Emergency
SO000212,SOL0000288,2024-12-07,CUST002,El Teniente,PRD0031,CTR0002,3,10975.07,8691.21,32925.22,6851.59,0.2081,2024-12-23,2025-02-22,2025-03-12,Shipped,Contract
SO000213,SOL0000289,2025-10-31,CUST001,Chuquicamata,PRD0006,,1,10923.29,7727.43,10923.29,3195.86,0.2926,2025-11-07,2025-11-16,2025-12-02,Shipped,Spot
SO000214,SOL0000290,2024-11-28,CUST008,Candelaria,PRD0017,CTR0008,8,6448.56,4215.77,51588.47,69644.43,1.35,2025-01-24,2025-01-05,2025-01-19,Shipped,Emergency
SO000215,SOL0000291,2025-05-19,CUST009,Caserones,PRD0118,CTR0009,10,13062.16,7947.25,130621.58,51149.08,0.3916,2025-06-25,2025-07-22,,Open,Contract
SO000216,SOL0000292,2025-06-01,CUST010,El Abra,PRD0036,CTR0010,20,3172.08,2718.42,63441.56,9073.16,0.143,2025-07-23,2025-08-19,2025-08-30,Shipped,Contract
SO000217,SOL0000293,2025-10-06,CUST007,Quebrada Blanca,PRD0023,CTR0007,8,4526.03,3415.75,36208.22,8882.22,0.2453,2025-11-03,2025-12-15,2025-12-27,Shipped,Contract
SO000217,SOL0000294,2025-05-21,CUST009,Caserones,PRD0118,CTR0009,2,12283.46,7947.25,24566.91,8672.41,0.353,2025-06-13,2025-08-26,2025-09-02,Shipped,Contract
SO000218,SOL0000295,2025-03-08,CUST007,Quebrada Blanca,PRD0097,,10,929.0,721.17,9289.96,2078.26,0.2237,2025-04-18,2025-04-19,2025-05-02,Shipped,Emergency
SO000219,SOL0000296,2025-04-07,CUST002,El Teniente,PRD0034,,2,10705.81,5912.28,21411.62,9587.06,0.4478,2025-04-30,2025-04-20,2025-04-20,Shipped,Emergency
SO000220,SOL0000297,2024-02-01,CUST009,Caserones,PRD0070,CTR0009,3,41611.43,28656.58,124834.28,38864.54,0.3113,2024-03-21,2024-04-16,2024-04-23,Shipped,Spot
SO000221,SOL0000298,2024-05-10,CUST013,La Coipa,PRD0073,,2,35755.27,27799.4,71510.54,15911.74,0.2225,2024-06-17,2024-06-26,2024-06-22,Shipped,Emergency
SO000221,SOL0000299,2024-02-26,CUST005,Los Pelambres,PRD0112,,2,22891.87,16585.7,45783.74,12612.34,0.2755,2024-03-30,2024-06-05,2024-06-22,Shipped,Emergency
SO000222,SOL0000300,2026-05-26,CUST004,Spence,PRD0082,,2,2062.1,1309.52,4124.2,1505.16,0.365,2026-06-24,2026-08-27,2026-09-15,Shipped,Spot
SO000223,SOL0000301,2025-12-04,CUST015,Los Colorados,PRD0107,,1,40892.01,30813.12,40892.01,10078.89,0.2465,2026-02-09,2026-01-30,2026-02-02,Shipped,Contract
SO000224,SOL0000302,2025-10-28,CUST009,Caserones,PRD0018,CTR0009,2,1171.16,1039.99,2342.31,262.33,0.112,2025-12-31,2025-11-11,2025-11-08,Shipped,Spot
SO000225,SOL0000303,2024-03-31,CUST011,Los Bronces,PRD0038,,1,55781.19,33656.45,55781.19,22124.74,0.3966,2024-05-04,2024-06-24,2024-07-11,Shipped,Shutdown
SO000226,SOL0000304,2025-11-24,CUST005,Los Pelambres,PRD0060,,1,20982.1,16972.45,20982.1,4009.65,0.1911,2025-12-21,2025-12-22,2026-01-06,Shipped,Contract
SO000227,SOL0000305,2025-04-06,CUST014,Salar de Atacama,PRD0104,,10,6541.88,5000.86,65418.78,15410.18,0.2356,2025-04-13,2025-06-12,,Backorder,Emergency
SO000228,SOL0000306,2024-05-10,CUST011,Los Bronces,PRD0001,,1,42903.45,25922.03,42903.45,16981.42,0.3958,2024-05-30,2024-06-18,,Backorder,Spot
SO000229,SOL0000307,2024-09-09,CUST015,Los Colorados,PRD0018,,2,1235.84,976.88,2471.68,517.92,0.2095,2024-10-26,2024-10-03,2024-10-21,Shipped,Shutdown
SO000230,SOL0000308,2024-01-03,CUST014,Salar de Atacama,PRD0039,,3,11478.83,7894.92,34436.48,10751.72,0.3122,2024-01-19,2024-01-25,2024-02-01,Shipped,Spot
SO000231,SOL0000309,2024-10-04,CUST008,Candelaria,PRD0091,,15,796.99,576.54,11954.87,3306.77,0.2766,2024-11-15,2024-12-03,2024-12-13,Shipped,Contract
SO000232,SOL0000310,2024-12-16,CUST006,Centinela,PRD0002,,3,22432.38,15569.86,67297.13,20587.55,0.3059,2024-12-31,2025-03-08,2025-03-11,Shipped,Spot
SO000233,SOL0000311,2024-05-24,CUST009,Caserones,PRD0097,,4,923.48,693.24,3693.92,920.96,0.2493,2024-07-16,2024-06-11,2024-06-15,Shipped,Emergency
SO000234,SOL0000312,2026-05-06,CUST014,Salar de Atacama,PRD0039,,1,11942.6,8543.71,11942.6,3398.89,0.2846,2026-07-06,2026-07-02,2026-07-02,Shipped,Emergency
SO000235,SOL0000313,2024-06-03,CUST003,Escondida,PRD0100,,10,2765.59,1647.67,27655.87,11179.17,0.4042,2024-07-09,2024-09-11,2024-09-06,Shipped,Spot
SO000236,SOL0000314,2026-01-28,CUST011,Los Bronces,PRD0113,CTR0011,3,1757.85,1148.2,5273.54,1828.94,0.3468,2026-02-07,2026-03-20,2026-03-28,Shipped,Shutdown
SO000237,SOL0000315,2024-07-31,CUST004,Spence,PRD0062,,2,18164.9,11382.17,36329.81,13565.47,0.3734,2024-10-04,2024-09-29,2024-09-26,Shipped,Contract
SO000238,SOL0000316,2025-04-02,CUST010,El Abra,PRD0065,,2,1702.93,1071.3,3405.86,1263.26,0.3709,2025-04-29,2025-06-17,,Backorder,Shutdown
SO000239,SOL0000317,2026-04-25,CUST012,Sierra Gorda,PRD0114,CTR0012,20,2479.63,2504.7,49592.52,-501.48,-0.0101,2026-06-17,2026-08-02,2026-07-30,Shipped,Emergency
SO000240,SOL0000318,2025-04-20,CUST015,Los Colorados,PRD0096,CTR0015,1,1554.7,1278.51,1554.7,276.19,0.1776,2025-05-17,2025-05-10,2025-05-17,Shipped,Spot
SO000241,SOL0000319,2025-12-25,CUST009,Caserones,PRD0119,,4,830.94,484.9,3323.76,1384.16,0.4164,2026-02-14,2026-01-17,2026-02-02,Shipped,Spot
SO000242,SOL0000320,2025-03-09,CUST007,Quebrada Blanca,PRD0083,,2,4275.73,2422.7,8551.46,3706.06,0.4334,2025-03-16,2025-04-21,2025-04-16,Shipped,Contract
SO000242,SOL0000321,2026-02-28,CUST008,Candelaria,PRD0023,,8,4995.37,3569.53,39963.0,11406.76,0.2854,2026-05-01,2026-03-11,2026-03-30,Shipped,Contract
SO000242,SOL0000322,2026-05-11,CUST007,Quebrada Blanca,PRD0080,,2,6487.73,5686.38,12975.47,1602.71,0.1235,2026-06-02,2026-05-29,2026-06-09,Shipped,Emergency
SO000243,SOL0000323,2025-04-12,CUST006,Centinela,PRD0109,CTR0006,1,33039.12,19028.68,33039.12,14010.44,0.4241,2025-05-17,2025-06-27,2025-06-26,Shipped,Emergency
SO000243,SOL0000324,2024-10-19,CUST013,La Coipa,PRD0069,,5,7730.53,4999.43,38652.63,13655.48,0.3533,2024-12-15,2024-12-03,2024-12-11,Shipped,Contract
SO000244,SOL0000325,2024-04-18,CUST010,El Abra,PRD0002,,2,20982.07,14749.27,41964.14,12465.6,0.2971,2024-06-20,2024-07-20,2024-07-29,Shipped,Contract
SO000245,SOL0000326,2024-07-11,CUST005,Los Pelambres,PRD0023,,1,4819.89,3123.81,4819.89,1696.08,0.3519,2024-09-12,2024-08-31,2024-09-13,Shipped,Spot
SO000245,SOL0000327,2026-01-21,CUST001,Chuquicamata,PRD0094,,3,22836.21,19417.68,68508.63,10255.59,0.1497,2026-03-13,2026-04-26,,Cancelled,Shutdown
SO000245,SOL0000328,2025-05-03,CUST008,Candelaria,PRD0078,,2,12284.39,9516.76,24568.79,5535.27,0.2253,2025-07-03,2025-06-30,,Open,Contract
SO000246,SOL0000329,2024-11-24,CUST003,Escondida,PRD0112,,1,24419.67,17213.73,24419.67,7205.94,0.2951,2025-01-16,2025-01-07,2025-01-26,Shipped,Shutdown
SO000246,SOL0000330,2026-02-04,CUST015,Los Colorados,PRD0100,,1,2861.95,1732.35,2861.95,1129.6,0.3947,2026-03-07,2026-04-18,2026-05-01,Shipped,Emergency
SO000247,SOL0000331,2024-04-19,CUST007,Quebrada Blanca,PRD0076,,1,23146.7,17006.53,23146.7,6140.17,0.2653,2024-06-05,2024-05-01,2024-05-13,Shipped,Contract
SO000248,SOL0000332,2024-06-22,CUST001,Chuquicamata,PRD0112,,1,23484.48,16700.37,23484.48,6784.11,0.2889,2024-08-03,2024-08-22,2024-09-08,Shipped,Shutdown
SO000249,SOL0000333,2025-10-06,CUST012,Sierra Gorda,PRD0008,CTR0012,4,5659.1,3983.44,22636.41,6702.65,0.2961,2025-12-15,2025-11-07,2025-11-17,Shipped,Emergency
SO000250,SOL0000334,2024-11-28,CUST004,Spence,PRD0057,,8,11778.36,7845.67,94226.86,31461.5,0.3339,2024-12-12,2024-12-23,2024-12-31,Shipped,Contract
SO000251,SOL0000335,2025-01-29,CUST009,Caserones,PRD0091,CTR0009,15,792.43,576.96,11886.51,3232.11,0.2719,2025-03-01,2025-04-22,2025-05-04,Shipped,Emergency
SO000252,SOL0000336,2025-12-29,CUST002,El Teniente,PRD0111,,5,12465.15,8860.48,62325.76,18023.36,0.2892,2026-02-15,2026-03-22,2026-03-26,Shipped,Emergency
SO000253,SOL0000337,2026-05-27,CUST001,Chuquicamata,PRD0056,,1,34399.26,31989.0,34399.26,2410.26,0.0701,2026-07-06,2026-08-26,2026-09-10,Shipped,Contract
SO000254,SOL0000338,2024-06-11,CUST014,Salar de Atacama,PRD0058,,3,3375.52,2766.75,10126.55,1826.3,0.1803,2024-07-30,2024-08-24,2024-08-30,Shipped,Shutdown
SO000255,SOL0000339,2025-11-26,CUST006,Centinela,PRD0099,CTR0006,2,2761.69,2267.88,5523.38,7456.56,1.35,2025-12-30,2026-02-02,2026-01-28,Shipped,Emergency
SO000255,SOL0000340,2026-04-05,CUST009,Caserones,PRD0092,,2,16275.4,13448.72,32550.79,5653.35,0.1737,2026-05-16,2026-05-06,2026-05-17,Shipped,Contract
SO000256,SOL0000341,2025-06-21,CUST005,Los Pelambres,PRD0115,CTR0005,1,7121.98,6273.53,7121.98,848.45,0.1191,2025-06-30,2025-08-20,2025-08-31,Shipped,Shutdown
SO000257,SOL0000342,2024-10-01,CUST003,Escondida,PRD0004,,10,7214.9,3883.77,72149.02,33311.32,0.4617,2024-11-04,2024-11-07,2024-11-03,Shipped,Contract
SO000258,SOL0000343,2025-04-25,CUST003,Escondida,PRD0044,,2,35291.86,26874.99,70583.73,16833.75,0.2385,2025-05-24,2025-06-14,2025-06-13,Shipped,Shutdown
SO000259,SOL0000344,2024-03-09,CUST003,Escondida,PRD0109,,2,33848.12,18189.98,67696.24,31316.28,0.4626,2024-03-25,2024-05-04,2024-05-06,Shipped,Contract
SO000260,SOL0000345,2024-09-03,CUST006,Centinela,PRD0081,,2,1295.48,1040.57,2590.95,509.81,0.1968,2024-10-28,2024-12-05,2024-12-07,Shipped,Shutdown
SO000260,SOL0000346,2025-06-23,CUST014,Salar de Atacama,PRD0109,,1,34144.33,19465.56,34144.33,14678.77,0.4299,2025-08-21,2025-09-09,2025-09-29,Shipped,Spot
SO000261,SOL0000347,2025-08-20,CUST007,Quebrada Blanca,PRD0018,,15,1217.54,1050.28,18263.03,2508.83,0.1374,2025-09-09,2025-10-29,2025-10-30,Shipped,Contract
SO000261,SOL0000348,2024-01-29,CUST004,Spence,PRD0113,,4,1894.96,1129.64,7579.83,3061.27,0.4039,2024-03-08,2024-02-18,2024-03-03,Shipped,Shutdown
SO000262,SOL0000349,2025-05-11,CUST011,Los Bronces,PRD0054,,10,3025.78,2202.6,30257.77,8231.77,0.2721,2025-07-15,2025-06-30,,Cancelled,Spot
SO000263,SOL0000350,2024-07-15,CUST011,Los Bronces,PRD0017,,10,7413.4,4174.7,74134.03,32387.03,0.4369,2024-08-22,2024-10-18,2024-11-05,Shipped,Spot
SO000264,SOL0000351,2024-11-30,CUST002,El Teniente,PRD0114,,8,2801.01,2287.12,22408.11,4111.15,0.1835,2024-12-26,2024-12-10,2024-12-11,Shipped,Shutdown
SO000265,SOL0000352,2026-01-07,CUST014,Salar de Atacama,PRD0044,,1,36183.06,27750.3,36183.06,8432.76,0.2331,2026-02-19,2026-03-18,2026-03-15,Shipped,Contract
SO000266,SOL0000353,2025-06-01,CUST010,El Abra,PRD0014,CTR0010,2,44319.98,33971.86,88639.96,20696.24,0.2335,2025-06-22,2025-08-02,2025-08-03,Shipped,Spot
SO000267,SOL0000354,2025-07-24,CUST003,Escondida,PRD0110,,20,7002.07,5001.97,140041.46,40002.06,0.2856,2025-09-16,2025-10-03,2025-09-29,Shipped,Contract
SO000268,SOL0000355,2026-06-22,CUST012,Sierra Gorda,PRD0108,,3,22487.53,18550.38,67462.6,11811.46,0.1751,2026-08-21,2026-08-15,2026-08-23,Shipped,Spot
SO000269,SOL0000356,2024-06-18,CUST001,Chuquicamata,PRD0094,,1,23763.05,16715.8,23763.05,7047.25,0.2966,2024-07-12,2024-09-18,2024-10-06,Shipped,Spot
SO000270,SOL0000357,2025-08-01,CUST012,Sierra Gorda,PRD0079,,5,10373.94,6494.93,51869.69,19395.04,0.3739,2025-08-10,2025-10-23,2025-11-01,Shipped,Emergency
SO000270,SOL0000358,2025-07-12,CUST003,Escondida,PRD0042,,15,5448.49,3031.18,81727.36,36259.66,0.4437,2025-07-28,2025-10-14,2025-10-30,Shipped,Shutdown
SO000271,SOL0000359,2024-12-13,CUST013,La Coipa,PRD0002,,1,22139.73,15569.86,22139.73,6569.87,0.2967,2024-12-21,2025-01-27,2025-02-12,Shipped,Spot
SO000271,SOL0000360,2024-05-13,CUST010,El Abra,PRD0033,,15,10976.9,6002.8,164653.54,74611.54,0.4531,2024-07-16,2024-06-27,,Cancelled,Spot
SO000272,SOL0000361,2025-07-14,CUST014,Salar de Atacama,PRD0014,CTR0014,1,41309.01,34449.93,41309.01,6859.08,0.166,2025-09-18,2025-08-11,2025-08-27,Shipped,Contract
SO000273,SOL0000362,2024-01-19,CUST010,El Abra,PRD0010,,3,8663.86,6017.91,25991.58,7937.85,0.3054,2024-02-23,2024-03-04,2024-03-03,Shipped,Shutdown
SO000273,SOL0000363,2024-06-26,CUST015,Los Colorados,PRD0008,CTR0015,10,5975.78,3735.76,59757.81,22400.21,0.3748,2024-08-19,2024-09-12,2024-09-26,Shipped,Contract
SO000274,SOL0000364,2026-03-25,CUST006,Centinela,PRD0015,,2,42667.51,30236.3,85335.01,24862.41,0.2914,2026-05-23,2026-04-20,2026-04-28,Shipped,Shutdown
SO000275,SOL0000365,2024-10-08,CUST007,Quebrada Blanca,PRD0047,,20,6754.84,5594.76,135096.83,23201.63,0.1717,2024-11-18,2024-10-26,2024-10-26,Shipped,Spot
SO000276,SOL0000366,2026-02-23,CUST009,Caserones,PRD0023,,20,5090.33,3569.53,101806.52,30415.92,0.2988,2026-03-09,2026-03-22,,Cancelled,Contract
SO000276,SOL0000367,2026-01-02,CUST007,Quebrada Blanca,PRD0078,,4,12304.5,10333.16,49218.01,7885.37,0.1602,2026-02-24,2026-01-20,2026-01-30,Shipped,Shutdown
SO000277,SOL0000368,2026-02-13,CUST013,La Coipa,PRD0014,,2,46368.69,35177.53,92737.39,22382.33,0.2414,2026-04-16,2026-04-14,2026-04-18,Shipped,Shutdown
SO000278,SOL0000369,2026-03-19,CUST011,Los Bronces,PRD0108,,3,23790.55,18350.22,71371.64,16320.98,0.2287,2026-03-26,2026-04-25,2026-04-20,Shipped,Emergency
SO000279,SOL0000370,2025-12-13,CUST013,La Coipa,PRD0002,,2,23036.97,16894.72,46073.93,12284.49,0.2666,2026-02-15,2026-02-12,2026-02-26,Shipped,Shutdown
SO000279,SOL0000371,2025-04-10,CUST001,Chuquicamata,PRD0084,,2,41186.54,24651.43,82373.08,33070.22,0.4015,2025-05-12,2025-07-18,2025-07-26,Shipped,Spot
SO000280,SOL0000372,2026-04-16,CUST003,Escondida,PRD0035,,15,7961.57,5488.59,119423.61,37094.76,0.3106,2026-05-08,2026-07-12,2026-07-30,Shipped,Emergency
SO000281,SOL0000373,2025-01-20,CUST015,Los Colorados,PRD0045,CTR0015,20,6893.22,5099.36,137864.32,35877.12,0.2602,2025-02-23,2025-03-02,2025-03-21,Shipped,Shutdown
SO000281,SOL0000374,2025-02-27,CUST004,Spence,PRD0041,,3,19637.95,16557.17,58913.84,9242.33,0.1569,2025-04-03,2025-05-04,2025-05-20,Shipped,Shutdown
SO000282,SOL0000375,2025-02-09,CUST001,Chuquicamata,PRD0029,,15,12163.74,6970.4,182456.03,77900.03,0.427,2025-04-17,2025-04-28,2025-05-13,Shipped,Contract
SO000283,SOL0000376,2025-11-22,CUST013,La Coipa,PRD0004,,5,7156.83,4474.66,35784.16,13410.86,0.3748,2025-12-24,2026-01-05,2026-01-01,Shipped,Emergency
SO000284,SOL0000377,2025-01-26,CUST006,Centinela,PRD0096,CTR0006,20,1496.47,1242.63,29929.49,5076.89,0.1696,2025-02-18,2025-04-03,2025-04-02,Shipped,Contract
SO000285,SOL0000378,2025-03-29,CUST011,Los Bronces,PRD0085,,3,9497.47,5468.23,28492.41,12087.72,0.4242,2025-06-03,2025-04-23,2025-05-09,Shipped,Contract
SO000285,SOL0000379,2024-12-17,CUST014,Salar de Atacama,PRD0110,,5,7000.38,4779.17,35001.9,11106.05,0.3173,2025-02-15,2025-02-21,2025-02-19,Shipped,Emergency
SO000286,SOL0000380,2024-10-10,CUST007,Quebrada Blanca,PRD0097,,15,937.8,709.38,14067.05,3426.35,0.2436,2024-12-04,2024-10-30,,Backorder,Contract
SO000287,SOL0000381,2025-10-03,CUST009,Caserones,PRD0071,CTR0009,1,1127.43,1061.29,1127.43,66.14,0.0587,2025-10-29,2025-11-29,2025-12-10,Shipped,Spot
SO000288,SOL0000382,2025-02-07,CUST014,Salar de Atacama,PRD0002,,2,23389.57,16054.46,46779.15,14670.23,0.3136,2025-03-16,2025-03-22,2025-04-10,Shipped,Contract
SO000289,SOL0000383,2024-06-27,CUST003,Escondida,PRD0005,,1,5487.68,4067.39,5487.68,1420.29,0.2588,2024-07-21,2024-07-16,2024-07-31,Shipped,Spot
SO000289,SOL0000384,2026-06-14,CUST009,Caserones,PRD0096,,2,1606.57,1292.52,3213.14,628.1,0.1955,2026-08-22,2026-07-16,,Open,Spot
SO000289,SOL0000385,2024-08-15,CUST004,Spence,PRD0120,,1,13024.38,9370.98,13024.38,3653.4,0.2805,2024-08-23,2024-09-13,2024-09-13,Shipped,Emergency
SO000289,SOL0000386,2024-10-01,CUST003,Escondida,PRD0002,,3,23273.54,15282.75,69820.62,23972.37,0.3433,2024-10-24,2024-11-14,2024-11-18,Shipped,Shutdown
SO000289,SOL0000387,2024-10-02,CUST007,Quebrada Blanca,PRD0106,,20,14910.87,9549.28,298217.41,107231.81,0.3596,2024-10-29,2024-11-13,2024-11-21,Shipped,Contract
SO000290,SOL0000388,2025-08-29,CUST003,Escondida,PRD0002,,3,22572.67,16915.33,67718.0,16972.01,0.2506,2025-09-07,2025-10-12,,Open,Spot
SO000290,SOL0000389,2024-06-22,CUST011,Los Bronces,PRD0073,,1,34540.34,27842.62,34540.34,6697.72,0.1939,2024-07-20,2024-09-27,2024-09-27,Shipped,Emergency
SO000290,SOL0000390,2024-07-12,CUST009,Caserones,PRD0106,,8,14677.71,9286.6,117421.67,43128.87,0.3673,2024-08-16,2024-09-16,2024-09-13,Shipped,Spot
SO000291,SOL0000391,2026-02-10,CUST005,Los Pelambres,PRD0119,,1,864.57,498.18,864.57,366.39,0.4238,2026-04-02,2026-04-14,2026-04-13,Shipped,Contract
SO000292,SOL0000392,2024-12-05,CUST015,Los Colorados,PRD0096,CTR0015,2,1496.27,1214.94,2992.54,562.66,0.188,2025-01-14,2025-02-19,2025-03-10,Shipped,Spot
SO000293,SOL0000393,2024-00-15,CUST010,El Abra,PRD0048,,20,7255.55,4732.82,145111.06,50454.66,0.3477,2024-04-05,2024-04-13,2024-04-16,Shipped,Emergency
SO000294,SOL0000394,2026-05-09,CUST004,Spence,PRD0027,,2,7298.79,7236.39,14597.58,124.8,0.0085,2026-05-25,2026-07-11,2026-07-17,Shipped,Spot
SO000294,SOL0000395,2026-02-24,CUST011,Los Bronces,PRD0110,,10,6641.87,5145.34,66418.75,14965.35,0.2253,2026-05-01,2026-04-02,2026-04-03,Shipped,Emergency
SO000295,SOL0000396,2024-05-28,CUST006,Centinela,PRD0001,,2,43760.53,25922.03,87521.06,35677.0,0.4076,2024-07-09,2024-06-25,2024-06-21,Shipped,Emergency
SO000295,SOL0000397,2025-05-18,CUST011,Los Bronces,PRD0035,,10,7974.66,5374.61,79746.6,26000.5,0.326,2025-05-26,2025-08-18,2025-08-25,Shipped,Contract
SO000295,SOL0000398,2025-12-10,CUST011,Los Bronces,PRD0092,,8,17752.55,13419.93,142020.4,34660.96,0.2441,2026-01-15,2026-03-14,2026-03-28,Shipped,Emergency
SO000296,SOL0000399,2024-01-25,CUST001,Chuquicamata,PRD0041,,1,20474.06,15724.96,20474.06,4749.1,0.232,2024-03-27,2024-04-02,2024-04-14,Shipped,Shutdown
SO000297,SOL0000400,2024-06-09,CUST002,El Teniente,PRD0081,,1,1316.74,1030.55,1316.74,286.19,0.2174,2024-08-17,2024-06-22,2024-07-02,Shipped,Spot
SO000298,SOL0000401,2025-11-27,CUST013,La Coipa,PRD0026,CTR0013,10,11571.87,9526.63,115718.7,20452.4,0.1767,2025-12-11,2025-12-13,2025-12-09,Shipped,Spot
SO000299,SOL0000402,2024-04-01,CUST014,Salar de Atacama,PRD0006,,1,10772.68,7253.72,10772.68,3518.96,0.3267,2024-04-14,2024-06-22,,Cancelled,Spot
SO000299,SOL0000403,2024-01-04,CUST015,Los Colorados,PRD0034,,10,10643.21,5860.17,106432.1,47830.4,0.4494,2024-03-12,2024-03-19,2024-03-17,Shipped,Emergency
SO000299,SOL0000404,2025-08-17,CUST009,Caserones,PRD0022,,5,1211.12,730.6,6055.58,2402.58,0.3968,2025-08-31,2025-09-06,2025-09-13,Shipped,Spot
SO000300,SOL0000405,2024-05-22,CUST014,Salar de Atacama,PRD0074,,2,35615.29,24032.05,71230.58,23166.48,0.3252,2024-06-26,2024-08-05,2024-08-18,Shipped,Shutdown
SO000301,SOL0000406,2024-11-20,CUST002,El Teniente,PRD0108,,1,23894.68,17086.5,23894.68,6808.18,0.2849,2024-12-19,2025-02-28,2025-02-24,Shipped,Emergency
SO000302,SOL0000407,2024-05-21,CUST004,Spence,PRD0094,,3,22569.1,16684.42,67707.29,17654.03,0.2607,2024-07-14,2024-08-06,,Backorder,Emergency
SO000303,SOL0000408,2025-02-18,CUST010,El Abra,PRD0026,,2,11690.53,9482.63,23381.07,4415.81,0.1889,2025-03-16,2025-04-06,,Backorder,Shutdown
SO000303,SOL0000409,2024-07-04,CUST008,Candelaria,PRD0106,,3,14909.44,9286.6,44728.32,16868.52,0.3771,2024-07-30,2024-08-06,,Cancelled,Contract
SO000303,SOL0000410,2024-10-25,CUST012,Sierra Gorda,PRD0043,CTR0012,1,24408.2,15927.38,24408.2,8480.82,0.3475,2024-12-26,2025-01-25,2025-02-03,Shipped,Contract
SO000304,SOL0000411,2025-10-26,CUST008,Candelaria,PRD0006,CTR0008,3,9641.77,7727.43,28925.32,5743.03,0.1985,2025-11-03,2025-11-25,2025-12-09,Shipped,Spot
SO000305,SOL0000412,2025-05-30,CUST001,Chuquicamata,PRD0002,CTR0001,2,22060.62,16333.26,44121.24,11454.72,0.2596,2025-07-02,2025-07-07,2025-07-17,Shipped,Emergency
SO000305,SOL0000413,2025-07-17,CUST002,El Teniente,PRD0022,,2,1260.17,729.8,2520.34,1060.74,0.4209,2025-08-25,2025-08-18,2025-09-02,Shipped,Contract
SO000306,SOL0000414,2024-10-13,CUST011,Los Bronces,PRD0074,CTR0011,1,32038.73,24355.63,32038.73,7683.1,0.2398,2024-12-18,2025-01-05,,Cancelled,Contract
SO000307,SOL0000415,2024-12-08,CUST011,Los Bronces,PRD0083,,2,4432.09,2409.2,8864.18,4045.78,0.4564,2025-02-14,2025-02-05,2025-02-20,Shipped,Contract
SO000308,SOL0000416,2025-03-09,CUST002,El Teniente,PRD0023,,10,4818.94,3195.61,48189.43,16233.33,0.3369,2025-03-30,2025-06-17,2025-06-24,Shipped,Spot
SO000309,SOL0000417,2024-10-25,CUST011,Los Bronces,PRD0108,,1,23065.25,16809.28,23065.25,6255.97,0.2712,2024-11-26,2025-02-01,2025-02-06,Shipped,Spot
SO000309,SOL0000418,2026-06-17,CUST006,Centinela,PRD0065,CTR0006,3,1590.47,1099.84,4771.4,5487.11,1.15,2026-06-27,2026-08-08,2026-08-11,Shipped,Shutdown
SO000309,SOL0000419,2024-03-29,CUST003,Escondida,PRD0110,,2,6823.06,4662.38,13646.13,4321.37,0.3167,2024-04-06,2024-05-28,2024-06-15,Shipped,Spot
SO000310,SOL0000420,2025-03-07,CUST014,Salar de Atacama,PRD0006,,1,10771.99,7856.08,10771.99,2915.91,0.2707,2026-13-01,2025-04-24,2025-05-02,Shipped,Contract
SO000311,SOL0000421,2025-09-07,CUST008,Candelaria,PRD0091,CTR0008,15,801.32,609.39,12019.85,2879.0,0.2395,2025-11-02,2025-12-13,2025-12-24,Shipped,Shutdown
SO000312,SOL0000422,2024-08-11,CUST005,Los Pelambres,PRD0045,,2,7153.77,4976.58,14307.54,4354.38,0.3043,2024-09-30,2024-09-09,2024-09-29,Shipped,Contract
SO000313,SOL0000423,2025-02-11,CUST011,Los Bronces,PRD0112,,2,23101.0,18358.69,46202.01,9484.63,0.2053,2025-03-31,2025-05-03,2025-05-05,Shipped,Contract
SO000314,SOL0000424,2025-09-10,CUST004,Spence,PRD0060,CTR0004,1,18759.42,17107.11,18759.42,1652.31,0.0881,2025-10-11,2025-09-29,2025-09-28,Shipped,Contract
SO000315,SOL0000425,2024-12-07,CUST009,Caserones,PRD0103,CTR0009,8,8005.44,6427.9,64043.54,12620.34,0.1971,2024-12-23,2025-02-12,2025-03-03,Shipped,Contract
SO000316,SOL0000426,2025-10-07,CUST003,Escondida,PRD0084,,1,42632.1,25912.9,42632.1,16719.2,0.3922,2025-12-10,2026-01-13,,Open,Emergency
SO000317,SOL0000427,2025-03-13,CUST003,Escondida,PRD0079,,3,10228.23,6155.93,30684.69,12216.9,0.3981,2025-05-13,2025-05-12,2025-05-10,Shipped,Emergency
SO000318,SOL0000428,2025-12-11,CUST015,Los Colorados,PRD0022,,1,1216.0,730.27,1216.0,485.73,0.3994,2026-01-01,2025-12-23,2026-01-08,Shipped,Emergency
SO000319,SOL0000429,2024-11-07,CUST006,Centinela,PRD0114,,10,2941.17,2287.12,29411.68,6540.48,0.2224,2025-01-04,2024-12-02,2024-12-21,Shipped,Emergency
SO000319,SOL0000430,2025-01-04,CUST009,Caserones,PRD0044,,1,35026.7,26805.94,35026.7,8220.76,0.2347,2025-01-13,2025-02-07,2025-02-23,Shipped,Contract
SO000320,SOL0000431,2024-04-05,CUST008,Candelaria,PRD0008,,4,6214.86,3661.22,24859.42,10214.54,0.4109,2024-06-10,2024-04-22,2024-05-01,Shipped,Contract
SO000320,SOL0000432,2024-03-31,CUST002,El Teniente,PRD0096,,3,1627.04,1178.55,4881.13,1345.48,0.2756,2024-06-04,2024-04-19,2024-04-20,Shipped,Shutdown
SO000321,SOL0000433,2024-01-10,CUST007,Quebrada Blanca,PRD0082,,2,2029.73,1225.51,4059.47,1608.45,0.3962,2024-03-17,2024-04-08,2024-04-05,Shipped,Emergency
SO000322,SOL0000434,2025-11-18,CUST012,Sierra Gorda,PRD0064,CTR0012,1,23494.05,22228.78,23494.05,1265.27,0.0539,2026-01-07,2026-01-08,2026-01-25,Shipped,Contract
SO000323,SOL0000435,2026-06-23,CUST013,La Coipa,PRD0031,,2,11652.84,9233.73,23305.68,4838.22,0.2076,2026-08-09,2026-09-26,2026-09-21,Shipped,Contract
SO000324,SOL0000436,2024-04-16,CUST011,Los Bronces,PRD0059,,3,27715.61,20441.0,83146.84,21823.84,0.2625,2024-05-21,2024-05-04,2024-05-06,Shipped,Contract
SO000325,SOL0000437,2024-09-11,CUST014,Salar de Atacama,PRD0001,,2,43448.71,26107.41,86897.42,34682.6,0.3991,2024-10-09,2024-09-26,2024-09-26,Shipped,Spot
SO000326,SOL0000438,2026-04-30,CUST014,Salar de Atacama,PRD0074,,1,34852.52,25759.48,34852.52,9093.04,0.2609,2026-06-13,2026-07-24,2026-08-10,Shipped,Shutdown
SO000327,SOL0000439,2024-09-18,CUST009,Caserones,PRD0038,CTR0009,1,53131.46,33556.83,53131.46,19574.63,0.3684,2024-10-14,2024-10-12,2024-11-01,Shipped,Contract
SO000328,SOL0000440,2025-01-26,CUST001,Chuquicamata,PRD0038,CTR0001,1,53975.6,35649.73,53975.6,18325.87,0.3395,2025-03-13,2025-02-21,,Backorder,Contract
SO000328,SOL0000441,2024-01-08,CUST001,Chuquicamata,PRD0054,,20,3117.87,2048.27,62357.49,21392.09,0.3431,2024-02-04,2024-04-06,2024-04-11,Shipped,Emergency
SO000328,SOL0000442,2024-11-14,CUST010,El Abra,PRD0104,,2,6582.58,4834.86,13165.15,3495.43,0.2655,2024-12-04,2024-12-08,2024-12-04,Shipped,Emergency
SO000329,SOL0000443,2024-01-14,CUST014,Salar de Atacama,PRD0110,,1,6699.18,4574.79,6699.18,2124.39,0.3171,2024-02-23,2024-04-19,2024-04-18,Shipped,Spot
SO000330,SOL0000444,2024-05-25,CUST012,Sierra Gorda,PRD0061,,5,8547.69,6518.56,42738.44,10145.64,0.2374,2024-06-23,2024-09-01,2024-08-30,Shipped,Shutdown
SO000330,SOL0000445,2026-01-16,CUST004,Spence,PRD0035,,1,8102.96,5585.78,8102.96,2517.18,0.3106,2026-03-05,2026-03-09,,Open,Spot
SO000331,SOL0000446,2025-01-20,CUST015,Los Colorados,PRD0104,,10,6644.42,4864.28,66444.17,17801.37,0.2679,2025-03-21,2025-04-13,2025-04-25,Shipped,Contract
SO000331,SOL0000447,2026-03-24,CUST007,Quebrada Blanca,PRD0079,,4,10723.71,6555.22,42894.82,16673.94,0.3887,2026-05-20,2026-06-29,2026-06-24,Shipped,Contract
SO000332,SOL0000448,2024-02-09,CUST010,El Abra,PRD0031,,10,11817.01,8141.71,118170.11,36753.01,0.311,2024-03-27,2024-05-11,2024-05-31,Shipped,Shutdown
SO000333,SOL0000449,2024-08-27,CUST002,El Teniente,PRD0045,,2,7020.52,4976.58,14041.04,4087.88,0.2911,2024-10-02,2024-09-30,,Backorder,Spot
SO000334,SOL0000450,2024-09-14,CUST012,Sierra Gorda,PRD0087,CTR0012,1,2044.01,1301.42,2044.01,742.59,0.3633,2024-11-22,2024-10-11,2024-10-06,Shipped,Emergency
SO000334,SOL0000451,2024-07-16,CUST014,Salar de Atacama,PRD0074,,2,36696.57,23929.11,73393.15,25534.93,0.3479,2024-08-29,2024-10-06,2024-10-25,Shipped,Shutdown
SO000335,SOL0000452,2026-01-18,CUST011,Los Bronces,PRD0015,,1,42269.09,30327.57,42269.09,11941.52,0.2825,2026-02-12,2026-03-09,,Backorder,Contract
SO000336,SOL0000453,2026-04-25,CUST007,Quebrada Blanca,PRD0036,,2,3408.66,2832.11,6817.32,1153.1,0.1691,2026-06-22,2026-07-12,2026-07-18,Shipped,Contract
SO000337,SOL0000454,2025-05-03,CUST008,Candelaria,PRD0026,,8,11799.7,9334.75,94397.61,19719.61,0.2089,2025-05-10,2025-06-27,2025-07-11,Shipped,Contract
SO000338,SOL0000455,2025-11-06,CUST005,Los Pelambres,PRD0101,,2,7306.99,5047.53,14613.98,4518.92,0.3092,2025-12-10,2025-12-20,2026-01-03,Shipped,Emergency
SO000338,SOL0000456,2025-04-06,CUST015,Los Colorados,PRD0054,CTR0015,15,3052.11,2221.95,45781.66,12452.41,0.272,2025-05-05,2025-04-22,2025-05-02,Shipped,Shutdown
SO000339,SOL0000457,2025-04-24,CUST003,Escondida,PRD0101,,10,7523.1,4929.61,75230.99,25934.89,0.3447,2025-05-01,2025-05-12,2025-05-11,Shipped,Shutdown
SO000340,SOL0000458,2024-12-27,CUST010,El Abra,PRD0007,CTR0010,15,4858.33,3399.67,72874.89,21879.84,0.3002,2025-02-25,2025-01-27,2025-01-31,Shipped,Emergency
SO000340,SOL0000459,2024-06-26,CUST006,Centinela,PRD0002,,1,22606.11,15001.63,22606.11,7604.48,0.3364,2024-08-15,2024-09-06,,Open,Spot
SO000341,SOL0000460,2026-01-05,CUST006,Centinela,PRD0054,,2,3207.6,2233.92,6415.19,1947.35,0.3036,2026-02-17,2026-03-20,2026-04-08,Shipped,Contract
SO000341,SOL0000461,2026-03-30,CUST007,Quebrada Blanca,PRD0015,,2,42172.17,30236.3,84344.34,23871.74,0.283,2026-04-22,2026-04-24,2026-04-29,Shipped,Emergency
SO000342,SOL0000462,2026-01-25,CUST014,Salar de Atacama,PRD0068,,2,11216.31,9503.43,22432.62,3425.76,0.1527,2026-02-04,2026-03-13,2026-04-02,Shipped,Shutdown
SO000343,SOL0000463,2025-08-01,CUST003,Escondida,PRD0086,,2,5191.39,4358.61,10382.79,1665.57,0.1604,2025-09-15,not_a_date,,Open,Shutdown
SO000344,SOL0000464,2025-04-26,CUST002,El Teniente,PRD0072,,15,11596.99,7619.15,173954.86,59667.61,0.343,2025-06-18,2025-07-24,2025-07-26,Shipped,Contract
SO000345,SOL0000465,2024-08-15,CUST013,La Coipa,PRD0004,,20,7160.94,3891.57,143218.79,65387.39,0.4566,2024-10-20,2024-10-02,2024-10-09,Shipped,Spot
SO000346,SOL0000466,2025-10-22,CUST013,La Coipa,PRD0083,,4,4453.45,2579.72,17813.78,7494.9,0.4207,2025-11-04,2026-01-01,,Open,Shutdown
SO000347,SOL0000467,2025-04-23,CUST001,Chuquicamata,PRD0059,,3,27638.52,21151.91,82915.56,19459.83,0.2347,2025-05-14,2025-05-06,2025-05-01,Shipped,Spot
SO000348,SOL0000468,2025-06-17,CUST002,El Teniente,PRD0071,,10,1291.34,1038.82,12913.35,2525.15,0.1955,2025-08-04,2025-09-08,2025-09-11,Shipped,Shutdown
SO000349,SOL0000469,2025-02-06,CUST014,Salar de Atacama,PRD0044,,1,36386.93,26542.6,36386.93,9844.33,0.2705,2025-02-19,2025-02-21,2025-03-04,Shipped,Contract
SO000350,SOL0000470,2025-10-05,CUST004,Spence,PRD0031,CTR0004,1,10416.8,9227.13,10416.8,1189.67,0.1142,2025-11-26,2025-10-30,2025-10-27,Shipped,Shutdown
SO000351,SOL0000471,2026-05-11,CUST005,Los Pelambres,PRD0103,,5,8118.1,7791.97,40590.51,1630.66,0.0402,2026-05-29,2026-07-18,2026-07-28,Shipped,Emergency
SO000352,SOL0000472,2026-03-14,CUST013,La Coipa,PRD0001,,2,44226.74,28956.69,88453.49,30540.11,0.3453,2026-05-10,2026-05-27,2026-06-08,Shipped,Contract
SO000353,SOL0000473,2025-05-23,CUST008,Candelaria,PRD0101,CTR0008,1,6782.51,4959.84,6782.51,1822.67,0.2687,2025-06-06,2025-06-13,2025-06-28,Shipped,Spot
SO000354,SOL0000474,2025-06-29,CUST012,Sierra Gorda,PRD0069,,15,7762.55,5404.33,116438.32,35373.37,0.3038,2025-09-02,2025-07-18,2025-07-15,Shipped,Spot
SO000355,SOL0000475,2024-04-30,CUST002,El Teniente,PRD0082,,1,2116.04,1276.19,2116.04,839.85,0.3969,2024-06-13,2024-06-28,2024-07-05,Shipped,Contract
SO000356,SOL0000476,2025-11-18,CUST005,Los Pelambres,PRD0093,,3,40367.05,28777.83,121101.15,34767.66,0.2871,2025-12-20,2026-02-01,2026-02-08,Shipped,Emergency
SO000357,SOL0000477,2025-11-13,CUST004,Spence,PRD0044,CTR0004,1,32438.31,27810.8,32438.31,4627.51,0.1427,2026-01-04,2025-12-28,2026-01-12,Shipped,Contract
SO000358,SOL0000478,2024-12-04,CUST005,Los Pelambres,PRD0045,,1,6898.88,5090.85,6898.88,1808.03,0.2621,2024-12-24,2025-01-19,2025-02-06,Shipped,Spot
SO000359,SOL0000479,2025-03-04,CUST012,Sierra Gorda,PRD0079,,4,10175.34,6155.93,40701.37,16077.65,0.395,2025-04-12,2025-03-17,2025-04-02,Shipped,Emergency
SO000359,SOL0000480,2025-07-07,CUST010,El Abra,PRD0007,CTR0010,5,5018.97,3417.19,25094.86,8008.91,0.3191,2025-08-10,2025-08-13,2025-08-13,Shipped,Contract
SO000359,SOL0000481,2025-11-17,CUST004,Spence,PRD0100,CTR0004,4,2551.42,1698.83,10205.7,3410.38,0.3342,2025-12-28,2026-01-26,2026-01-24,Shipped,Emergency
SO000360,SOL0000482,2025-11-11,CUST006,Centinela,PRD0043,CTR0006,1,25422.86,18205.45,25422.86,7217.41,0.2839,2025-12-06,2025-12-18,,Open,Contract
SO000361,SOL0000483,2024-05-24,CUST008,Candelaria,PRD0070,,3,45567.03,28539.71,136701.1,51081.97,0.3737,2024-06-16,2024-07-08,2024-07-04,Shipped,Emergency
SO000362,SOL0000484,2025-02-07,CUST006,Centinela,PRD0099,CTR0006,20,2634.65,2164.62,52693.01,9400.61,0.1784,2025-02-21,2025-04-18,2025-05-04,Shipped,Emergency
SO000363,SOL0000485,2024-10-11,CUST010,El Abra,PRD0097,CTR0010,1,871.24,709.38,871.24,161.86,0.1858,2024-11-02,2024-12-26,2025-01-06,Shipped,Spot
SO000364,SOL0000486,2026-02-24,CUST003,Escondida,PRD0113,,2,1945.58,1174.42,3891.17,1542.33,0.3964,2026-04-20,2026-05-02,2026-05-13,Shipped,Shutdown
SO000365,SOL0000487,2024-02-09,CUST012,Sierra Gorda,PRD0006,CTR0012,2,9670.65,7182.45,19341.3,4976.4,0.2573,2024-03-09,2024-05-03,2024-05-20,Shipped,Shutdown
SO000365,SOL0000488,2025-08-27,CUST005,Los Pelambres,PRD0039,,4,11992.72,8691.8,47970.86,13203.66,0.2752,2025-09-30,2025-10-10,2025-10-17,Shipped,Contract
SO000366,SOL0000489,2025-12-06,CUST015,Los Colorados,PRD0085,,8,9644.47,5717.16,77155.8,31418.52,0.4072,2026-01-13,2026-02-07,2026-02-26,Shipped,Contract
SO000367,SOL0000490,2024-07-10,CUST006,Centinela,PRD0011,,2,42168.74,24537.03,84337.48,35263.42,0.4181,2024-08-17,2024-08-25,2024-09-03,Shipped,Emergency
SO000367,SOL0000491,2024-11-02,CUST014,Salar de Atacama,PRD0100,,5,2937.04,1624.79,14685.18,6561.23,0.4468,2024-12-06,2024-12-20,2025-01-06,Shipped,Contract
SO000368,SOL0000492,2024-06-30,CUST002,El Teniente,PRD0092,,1,18109.43,11746.07,18109.43,6363.36,0.3514,2024-07-15,2024-08-17,2024-08-30,Shipped,Emergency
SO000369,SOL0000493,2026-02-24,CUST003,Escondida,PRD0007,,8,5275.03,3503.32,42200.22,14173.66,0.3359,2026-03-10,2026-03-14,2026-03-28,Shipped,Shutdown
SO000369,SOL0000494,2025-01-29,CUST006,Centinela,PRD0070,,1,45647.92,30023.3,45647.92,15624.62,0.3423,2025-02-15,2025-04-26,2025-05-04,Shipped,Contract
SO000370,SOL0000495,2025-10-31,CUST001,Chuquicamata,PRD0010,,15,8832.61,6495.53,132489.09,35056.14,0.2646,2026-01-04,2025-11-10,2025-11-11,Shipped,Contract
SO000371,SOL0000496,2025-04-15,CUST013,La Coipa,PRD0026,CTR0013,2,11313.3,9405.33,22626.59,3815.93,0.1686,2025-06-22,2025-06-29,2025-07-14,Shipped,Contract
SO000372,SOL0000497,2024-06-03,CUST008,Candelaria,PRD0035,,4,8152.79,4788.99,32611.15,13455.19,0.4126,2024-06-23,2024-07-28,,Open,Spot
SO000373,SOL0000498,2025-09-12,CUST013,La Coipa,PRD0014,CTR0013,3,43689.57,34640.71,131068.71,27146.58,0.2071,2025-09-22,2025-09-25,2025-10-15,Shipped,Shutdown
SO000374,SOL0000499,2024-01-17,CUST014,Salar de Atacama,PRD0027,,2,7108.4,5645.8,14216.79,2925.19,0.2058,2024-03-01,2024-03-12,2024-03-29,Shipped,Emergency
SO000374,SOL0000500,2025-06-26,CUST004,Spence,PRD0093,,1,38989.52,27175.5,38989.52,11814.02,0.303,2025-08-28,2025-09-30,2025-09-28,Shipped,Contract
SO000375,SOL0000501,2024-09-28,CUST006,Centinela,PRD0113,,10,1952.96,1137.12,19529.57,8158.37,0.4177,2024-10-19,2024-10-17,2024-10-12,Shipped,Contract
SO000376,SOL0000502,2025-12-02,CUST014,Salar de Atacama,PRD0110,,1,6958.26,5168.19,6958.26,1790.07,0.2573,2025-12-22,2025-12-27,2025-12-25,Shipped,Emergency
SO000377,SOL0000503,2024-09-29,CUST002,El Teniente,PRD0041,CTR0002,2,19654.63,16300.67,39309.25,6707.91,0.1706,2024-10-19,2024-10-20,2024-11-04,Shipped,Emergency
SO000377,SOL0000504,2026-02-25,CUST011,Los Bronces,PRD0035,,2,8133.26,5573.06,16266.51,5120.39,0.3148,2026-04-27,2026-05-20,2026-05-29,Shipped,Contract
SO000378,SOL0000505,2024-01-18,CUST004,Spence,PRD0112,,1,24038.86,16583.1,24038.86,7455.76,0.3102,2024-03-22,2024-02-07,2024-02-20,Shipped,Shutdown
SO000379,SOL0000506,2024-03-01,CUST004,Spence,PRD0023,,8,4925.47,3203.2,39403.77,13778.17,0.3497,2024-03-30,2024-05-01,2024-05-17,Shipped,Emergency
SO000380,SOL0000507,2026-06-30,CUST003,Escondida,PRD0097,,20,900.48,763.16,18009.58,2746.38,0.1525,2026-08-07,2026-09-08,2026-09-27,Shipped,Shutdown
SO000381,SOL0000508,2025-07-17,CUST007,Quebrada Blanca,PRD0035,,5,8062.98,5436.94,40314.89,13130.19,0.3257,2025-07-31,2025-10-25,2025-10-24,Shipped,Contract
SO000382,SOL0000509,2025-09-23,CUST008,Candelaria,PRD0110,CTR0008,4,6087.0,5050.5,24348.01,4146.01,0.1703,2025-10-27,2025-10-08,2025-10-13,Shipped,Contract
SO000382,SOL0000510,2025-03-30,CUST004,Spence,PRD0070,CTR0004,1,39467.18,29630.04,39467.18,9837.14,0.2492,2025-05-16,2025-05-20,2025-06-01,Shipped,Emergency
SO000383,SOL0000511,2026-04-07,CUST013,La Coipa,PRD0004,,1,7203.72,4489.04,7203.72,2714.68,0.3768,2026-06-16,2026-05-11,2026-05-20,Shipped,Spot
SO000384,SOL0000512,2026-05-24,CUST014,Salar de Atacama,PRD0113,,2,1877.49,1194.99,3754.99,1365.01,0.3635,2026-06-10,2026-06-10,,Open,Contract
SO000385,SOL0000513,2024-12-27,CUST015,Los Colorados,PRD0120,,15,12634.88,9754.09,189523.22,43211.87,0.228,2025-01-16,2025-02-06,2025-02-06,Shipped,Contract
SO000386,SOL0000514,2024-01-24,CUST004,Spence,PRD0100,,1,2836.55,1598.29,2836.55,1238.26,0.4365,2024-03-07,2024-04-07,2024-04-02,Shipped,Emergency
SO000386,SOL0000515,2025-04-18,CUST013,La Coipa,PRD0014,CTR0013,3,45897.48,34289.54,137692.44,34823.82,0.2529,2025-06-22,2025-05-20,2025-06-03,Shipped,Emergency
SO000387,SOL0000516,2026-03-09,CUST005,Los Pelambres,PRD0048,CTR0005,5,5921.03,5660.96,29605.15,1300.35,0.0439,2026-04-05,2026-05-21,2026-05-27,Shipped,Emergency
SO000388,SOL0000517,2024-05-30,CUST011,Los Bronces,PRD0051,,2,36806.72,22036.0,73613.44,29541.44,0.4013,2024-06-25,2024-06-27,2024-06-22,Shipped,Emergency
SO000389,SOL0000518,2024-06-21,CUST015,Los Colorados,PRD0099,,2,2819.53,2197.99,5639.05,1243.07,0.2204,2024-07-28,2024-09-12,2024-09-29,Shipped,Contract
SO000390,SOL0000519,2024-12-13,CUST012,Sierra Gorda,PRD0003,,2,11062.33,8393.19,22124.66,5338.28,0.2413,2025-02-01,2025-02-01,2025-02-01,Shipped,Emergency
SO000391,SOL0000520,2025-04-01,CUST009,Caserones,PRD0106,,20,14428.27,9810.57,288565.43,92354.03,0.32,2025-04-13,2025-05-31,2025-06-01,Shipped,Emergency
SO000392,SOL0000521,2026-03-14,CUST008,Candelaria,PRD0026,,15,11889.54,9784.71,178343.05,31572.4,0.177,2026-04-08,2026-03-29,2026-04-02,Shipped,Contract
SO000392,SOL0000522,2026-05-29,CUST015,Los Colorados,PRD0110,,2,7088.22,5131.93,14176.45,3912.59,0.276,2026-06-27,2026-08-25,2026-09-03,Shipped,Contract
SO000393,SOL0000523,2024-08-25,CUST005,Los Pelambres,PRD0026,,20,11804.89,9442.89,236097.85,47240.05,0.2001,2024-10-13,2024-11-25,2024-11-21,Shipped,Contract
SO000394,SOL0000524,2024-09-28,CUST009,Caserones,PRD0010,CTR0009,20,7643.37,6048.18,152867.37,31903.77,0.2087,2024-11-28,2024-10-12,2024-10-27,Shipped,Contract
SO000395,SOL0000525,2024-03-05,CUST012,Sierra Gorda,PRD0035,,2,8097.21,4832.11,16194.41,6530.19,0.4032,2024-03-29,2024-04-29,2024-05-19,Shipped,Emergency
SO000396,SOL0000526,2026-02-24,CUST008,Candelaria,PRD0027,CTR0008,2,6500.14,7100.96,13000.28,-1201.64,-0.0924,2026-04-11,2026-05-10,2026-05-14,Shipped,Spot
SO000397,SOL0000527,2025-08-07,CUST007,Quebrada Blanca,PRD0093,CTR0007,1,34866.86,27949.27,34866.86,6917.59,0.1984,2025-08-19,2025-10-28,2025-11-03,Shipped,Shutdown
SO000398,SOL0000528,2026-03-09,CUST009,Caserones,PRD0011,CTR0009,3,39793.92,28592.82,119381.75,33603.29,0.2815,2026-04-08,2026-04-01,2026-03-29,Shipped,Emergency
SO000399,SOL0000529,2025-08-04,CUST001,Chuquicamata,PRD0085,,2,9965.19,5495.0,19930.38,8940.38,0.4486,2025-08-18,2025-09-17,2025-09-12,Shipped,Emergency
SO000400,SOL0000530,2025-08-02,CUST010,El Abra,PRD0018,,5,1198.77,1050.28,5993.85,742.45,0.1239,2025-08-12,2025-11-06,2025-11-10,Shipped,Shutdown
SO000401,SOL0000531,2025-11-16,CUST007,Quebrada Blanca,PRD0024,,2,27996.9,16450.24,55993.8,23093.32,0.4124,2025-11-24,2026-01-09,2026-01-11,Shipped,Shutdown
SO000402,SOL0000532,2026-05-01,CUST002,El Teniente,PRD0099,,3,2913.76,2329.61,8741.28,1752.45,0.2005,2026-06-24,2026-07-08,2026-07-28,Shipped,Emergency
SO000403,SOL0000533,2024-06-21,CUST006,Centinela,PRD0056,,2,35964.58,28300.05,71929.17,15329.07,0.2131,2024-08-26,2024-07-17,2024-07-22,Shipped,Emergency
SO000403,SOL0000534,2025-01-08,CUST014,Salar de Atacama,PRD0010,,3,8279.05,6208.13,24837.14,6212.75,0.2501,2025-01-15,2025-03-25,not_a_date,Shipped,Emergency
SO000404,SOL0000535,2026-05-01,CUST013,La Coipa,PRD0083,,15,4313.22,2579.7,64698.26,26002.76,0.4019,2026-06-01,2026-06-17,2026-06-17,Shipped,Shutdown
SO000404,SOL0000536,2024-10-28,CUST012,Sierra Gorda,PRD0099,,2,2813.14,2113.31,5626.28,1399.66,0.2488,2024-12-21,2025-01-23,2025-02-01,Shipped,Spot
SO000405,SOL0000537,2025-06-15,CUST005,Los Pelambres,PRD0072,,4,11380.54,7868.34,45522.16,14048.8,0.3086,2025-06-28,2025-07-14,2025-08-03,Shipped,Contract
SO000406,SOL0000538,2025-04-17,CUST011,Los Bronces,PRD0028,,15,9108.41,6372.12,136626.19,41044.39,0.3004,2025-06-21,2025-07-04,2025-07-16,Shipped,Shutdown
SO000407,SOL0000539,2025-06-03,CUST010,El Abra,PRD0014,CTR0010,2,44641.24,33971.86,89282.48,21338.76,0.239,2025-07-14,2025-06-18,2025-06-14,Shipped,Emergency
SO000408,SOL0000540,2026-03-28,CUST004,Spence,PRD0052,,1,11057.59,9683.65,11057.59,1373.94,0.1243,2026-04-23,2026-05-06,2026-05-25,Shipped,Contract
SO000408,SOL0000541,2024-07-19,CUST011,Los Bronces,PRD0007,,1,5478.1,3238.85,5478.1,2239.25,0.4088,2024-08-26,2024-08-15,2024-08-17,Shipped,Spot
SO000409,SOL0000542,2025-02-23,CUST009,Caserones,PRD0074,CTR0009,3,32997.05,23856.44,98991.14,27421.82,0.277,2025-04-22,2025-05-05,2025-05-08,Shipped,Contract
SO000410,SOL0000543,2024-09-02,CUST011,Los Bronces,PRD0095,,1,11130.81,7288.34,11130.81,3842.47,0.3452,2024-09-19,2024-11-27,2024-11-28,Shipped,Shutdown
SO000410,SOL0000544,2025-03-05,CUST006,Centinela,PRD0106,,1,13939.64,9824.34,13939.64,4115.3,0.2952,2025-04-11,2025-05-06,2025-05-23,Shipped,Contract
SO000411,SOL0000545,2024-09-20,CUST005,Los Pelambres,PRD0076,,2,22275.53,17107.4,44551.06,10336.26,0.232,2024-10-05,2024-10-09,2024-10-18,Shipped,Contract
SO000412,SOL0000546,2024-02-15,CUST011,Los Bronces,PRD0062,,2,18954.03,11105.76,37908.07,15696.55,0.4141,2024-02-26,2024-03-25,2024-04-13,Shipped,Contract
SO000413,SOL0000547,2025-10-09,CUST002,El Teniente,PRD0093,CTR0002,1,36366.98,28147.73,36366.98,8219.25,0.226,2025-10-18,2026-01-13,2026-01-16,Shipped,Shutdown
SO000414,SOL0000548,2026-04-02,CUST013,La Coipa,PRD0044,,1,35260.53,27523.71,35260.53,7736.82,0.2194,2026-05-18,2026-04-16,,Backorder,Emergency
SO000415,SOL0000549,2026-05-29,CUST010,El Abra,PRD0073,,1,35123.43,30782.23,35123.43,4341.2,0.1236,2026-07-18,2026-08-28,2026-09-12,Shipped,Spot
SO000416,SOL0000550,2024-12-06,CUST001,Chuquicamata,PRD0062,CTR0001,1,17711.67,11243.8,17711.67,6467.87,0.3652,2024-12-26,2025-02-19,2025-02-19,Shipped,Shutdown
SO000417,SOL0000551,2026-02-21,CUST001,Chuquicamata,PRD0001,CTR0001,1,39544.47,29289.03,39544.47,10255.44,0.2593,2026-03-24,2026-05-20,2026-06-05,Shipped,Contract
SO000418,SOL0000552,2024-01-25,CUST015,Los Colorados,PRD0104,,5,6794.53,4836.48,33972.63,9790.23,0.2882,2024-04-02,2024-05-04,,Cancelled,Contract
SO000419,SOL0000553,2025-04-01,CUST014,Salar de Atacama,PRD0074,,1,35193.71,24137.61,35193.71,11056.1,0.3141,2025-05-07,2025-04-15,2025-04-28,Shipped,Spot
SO000420,SOL0000554,2025-10-18,CUST013,La Coipa,PRD0101,,10,7305.72,5120.06,73057.19,21856.59,0.2992,2025-11-21,2026-01-25,2026-01-23,Shipped,Spot
SO000420,SOL0000555,2025-09-17,CUST001,Chuquicamata,PRD0064,,2,27652.54,22218.35,55305.07,10868.37,0.1965,2025-10-02,2025-12-04,2025-12-07,Shipped,Contract
SO000420,SOL0000556,2025-09-02,CUST014,Salar de Atacama,PRD0001,,1,44126.91,27393.58,44126.91,16733.33,0.3792,2025-09-21,2025-12-11,2025-12-16,Shipped,Spot
SO000421,SOL0000557,2024-02-28,CUST002,El Teniente,PRD0071,,8,1219.11,961.97,9752.87,2057.11,0.2109,2024-04-25,2024-05-23,2024-05-18,Shipped,Spot
SO000422,SOL0000558,2025-09-28,CUST009,Caserones,PRD0015,,3,43094.33,29250.85,129282.99,41530.44,0.3212,2025-12-04,2025-12-08,2025-12-28,Shipped,Spot
SO000423,SOL0000559,2024-11-30,CUST011,Los Bronces,PRD0115,CTR0011,20,7691.35,5934.38,153826.96,35139.36,0.2284,2024-12-16,2024-12-17,2025-01-04,Shipped,Spot
SO000424,SOL0000560,2024-03-05,CUST005,Los Pelambres,PRD0081,,20,1302.82,1003.25,26056.33,5991.33,0.2299,2024-05-05,2024-04-13,2024-04-24,Shipped,Emergency
SO000425,SOL0000561,2024-11-20,CUST011,Los Bronces,PRD0071,CTR0011,8,1128.06,978.2,9024.46,1198.86,0.1328,2025-01-28,2025-02-07,2025-02-23,Shipped,Contract
SO000426,SOL0000562,2024-11-03,CUST012,Sierra Gorda,PRD0027,,1,7292.28,5937.59,7292.28,1354.69,0.1858,2024-12-28,2025-01-28,,Open,Emergency
SO000426,SOL0000563,2025-10-15,CUST001,Chuquicamata,PRD0073,CTR0001,2,32001.88,31079.59,64003.75,1844.57,0.0288,2025-12-13,2026-01-17,,Backorder,Shutdown
SO000427,SOL0000564,2025-09-22,CUST007,Quebrada Blanca,PRD0103,CTR0007,1,7275.59,6946.43,7275.59,329.16,0.0452,2025-11-27,2025-12-12,2026-01-01,Shipped,Contract
SO000428,SOL0000565,2024-09-24,CUST001,Chuquicamata,PRD0028,CTR0001,2,8384.11,6400.23,16768.23,3967.77,0.2366,2024-11-24,2024-11-07,2024-11-11,Shipped,Shutdown
SO000428,SOL0000566,2024-08-28,CUST009,Caserones,PRD0043,CTR0009,1,24364.74,15532.38,24364.74,8832.36,0.3625,2024-09-16,2024-09-16,2024-09-26,Shipped,Shutdown
SO000428,SOL0000567,2024-08-15,CUST009,Caserones,PRD0001,CTR0009,3,39626.08,26337.56,118878.24,39865.56,0.3353,2024-08-24,2024-10-28,2024-10-31,Shipped,Emergency
SO000429,SOL0000568,2026-05-08,CUST011,Los Bronces,PRD0114,,15,2811.06,2496.3,42165.89,4721.39,0.112,2026-06-13,2026-06-06,2026-06-07,Shipped,Contract
SO000429,SOL0000569,2026-03-24,CUST014,Salar de Atacama,PRD0010,,2,8580.33,6712.83,17160.65,3734.99,0.2176,2026-05-01,2026-06-25,2026-06-21,Shipped,Spot
SO000430,SOL0000570,2024-08-26,CUST002,El Teniente,PRD0035,,10,7759.24,4950.47,77592.43,28087.73,0.362,2024-10-04,2024-11-06,2024-11-15,Shipped,Contract
SO000430,SOL0000571,2025-09-02,CUST002,El Teniente,PRD0065,,20,1670.49,1055.84,33409.84,12293.04,0.3679,2025-10-19,2025-12-02,2025-12-19,Shipped,Shutdown
SO000430,SOL0000572,2024-03-28,CUST006,Centinela,PRD0070,,2,47343.63,28432.8,94687.25,37821.65,0.3994,2024-05-22,2024-04-13,2024-04-21,Shipped,Contract
SO000431,SOL0000573,2025-02-23,CUST007,Quebrada Blanca,PRD0054,,8,3013.0,2263.54,24103.97,5995.65,0.2487,2025-04-05,2025-03-31,2025-04-18,Shipped,Shutdown
SO000432,SOL0000574,2025-07-29,CUST014,Salar de Atacama,PRD0023,,3,4936.71,3368.98,14810.13,4703.19,0.3176,2025-09-11,2025-10-22,2025-10-20,Shipped,Emergency
SO000433,SOL0000575,2025-06-19,CUST010,El Abra,PRD0004,,1,6878.89,4087.27,6878.89,2791.62,0.4058,2025-07-25,2025-07-17,2025-07-30,Shipped,Shutdown
SO000434,SOL0000576,2024-02-23,CUST007,Quebrada Blanca,PRD0082,,2,2149.54,1253.11,4299.08,1792.86,0.417,2024-03-08,2024-03-13,2024-03-27,Shipped,Spot
SO000435,SOL0000577,2026-02-06,CUST002,El Teniente,PRD0006,,15,10604.73,7809.57,159070.97,41927.42,0.2636,2026-03-07,2026-04-20,2026-04-22,Shipped,Spot
SO000435,SOL0000578,2025-10-01,CUST006,Centinela,PRD0076,,1,23214.6,18491.37,23214.6,4723.23,0.2035,2025-11-17,2025-10-25,2025-11-11,Shipped,Contract
SO000436,SOL0000579,2025-01-28,CUST014,Salar de Atacama,PRD0039,,1,11633.24,8252.42,11633.24,3380.82,0.2906,2025-02-16,2025-03-06,2025-03-25,Shipped,Spot
SO000436,SOL0000580,2025-09-21,CUST003,Escondida,PRD0040,,5,14764.03,10940.26,73820.13,19118.83,0.259,2025-10-27,2025-11-05,2025-11-19,Shipped,Shutdown
SO000437,SOL0000581,2024-06-02,CUST006,Centinela,PRD0011,,1,43700.12,24626.53,43700.12,19073.59,0.4365,2024-06-27,2024-07-30,2024-08-08,Shipped,Contract
SO000438,SOL0000582,2025-06-01,CUST013,La Coipa,PRD0073,,1,34290.23,31100.29,34290.23,39433.76,1.15,2025-07-29,2025-08-23,2025-08-19,Shipped,Emergency
SO000439,SOL0000583,2025-04-21,CUST014,Salar de Atacama,PRD0110,,1,6864.02,4909.4,6864.02,1954.62,0.2848,2025-05-15,2025-07-16,2025-07-31,Shipped,Shutdown
SO000440,SOL0000584,2026-02-24,CUST015,Los Colorados,PRD0082,CTR0015,5,1974.33,1293.76,9871.65,3402.85,0.3447,2026-04-18,2026-04-07,2026-04-18,Shipped,Contract
SO000441,SOL0000585,2025-03-13,CUST011,Los Bronces,PRD0018,CTR0011,10,1106.8,1044.01,11068.03,627.93,0.0567,2025-03-23,2025-04-02,,Backorder,Emergency
SO000441,SOL0000586,2024-01-09,CUST003,Escondida,PRD0010,,5,8359.36,6017.91,41796.81,11707.26,0.2801,2024-03-13,2024-03-09,2024-03-11,Shipped,Shutdown
SO000442,SOL0000587,2024-07-05,CUST008,Candelaria,PRD0120,CTR0008,4,11284.38,9420.97,45137.51,7453.63,0.1651,2024-08-26,2024-09-01,2024-09-01,Shipped,Contract
SO000443,SOL0000588,2025-06-08,CUST003,Escondida,PRD0120,,10,12503.28,9955.23,125032.77,25480.47,0.2038,2025-07-26,2025-07-20,2025-07-23,Shipped,Spot
SO000443,SOL0000589,2026-03-31,CUST011,Los Bronces,PRD0095,,3,11127.44,8721.1,33382.32,7219.02,0.2163,2026-06-05,2026-05-09,2026-05-08,Shipped,Emergency
SO000444,SOL0000590,2024-04-19,CUST013,La Coipa,PRD0042,,2,5138.3,2853.25,10276.6,4570.1,0.4447,2024-05-29,2024-07-20,2024-08-01,Shipped,Contract
SO000445,SOL0000591,2024-04-01,CUST004,Spence,PRD0005,,1,5466.75,4134.67,5466.75,1332.08,0.2437,2024-04-13,2024-05-18,2024-05-22,Shipped,Shutdown
SO000446,SOL0000592,2025-04-21,CUST002,El Teniente,PRD0018,CTR0002,2,1148.38,1068.73,2296.76,159.3,0.0694,2025-06-08,2025-05-09,2025-05-20,Shipped,Emergency
SO000447,SOL0000593,2025-08-17,CUST014,Salar de Atacama,PRD0087,,1,2353.6,1304.65,2353.6,1048.95,0.4457,2025-10-01,2025-10-26,2025-10-25,Shipped,Shutdown
SO000447,SOL0000594,2024-06-04,CUST010,El Abra,PRD0073,,2,33635.45,27842.62,67270.91,11585.67,0.1722,2024-08-12,2024-08-21,2024-08-23,Shipped,Spot
SO000447,SOL0000595,2025-01-07,CUST007,Quebrada Blanca,PRD0065,,20,1659.96,1075.59,33199.11,11687.31,0.352,2025-03-12,2025-03-08,2025-03-14,Shipped,Emergency
SO000447,SOL0000596,2024-01-05,CUST003,Escondida,PRD0031,,2,12019.25,8036.77,24038.5,7964.96,0.3313,2024-03-08,2024-04-03,2024-04-19,Shipped,Shutdown
SO000448,SOL0000597,2024-01-29,CUST011,Los Bronces,PRD0005,,1,5719.68,4078.79,5719.68,1640.89,0.2869,2024-02-10,2024-04-18,2024-05-06,Shipped,Emergency
SO000449,SOL0000598,2024-07-05,CUST008,Candelaria,PRD0115,,15,8390.09,5975.03,125851.35,36225.9,0.2878,2024-08-12,2024-08-12,2024-08-10,Shipped,Contract
SO000450,SOL0000599,2025-03-19,CUST010,El Abra,PRD0083,,2,4373.16,2422.7,8746.32,3900.92,0.446,2025-03-30,2025-05-15,2025-05-20,Shipped,Shutdown
SO000451,SOL0000600,2026-01-29,CUST001,Chuquicamata,PRD0089,,1,10264.35,6745.74,10264.35,3518.61,0.3428,2026-03-27,2026-03-19,,Open,Contract
SO000451,SOL0000601,2025-09-17,CUST009,Caserones,PRD0048,,1,7187.99,5325.61,7187.99,1862.38,0.2591,2025-10-02,2025-11-08,2025-11-08,Shipped,Shutdown
SO000452,SOL0000602,2026-02-22,CUST001,Chuquicamata,PRD0100,,2,2943.2,1732.35,5886.39,2421.69,0.4114,2026-04-22,2026-03-25,2026-04-06,Shipped,Spot
SO000453,SOL0000603,2024-12-02,CUST003,Escondida,PRD0002,,1,22745.28,15569.86,22745.28,7175.42,0.3155,2025-01-18,2025-01-05,2025-01-06,Shipped,Emergency
SO000454,SOL0000604,2025-12-09,CUST009,Caserones,PRD0038,CTR0009,1,52812.44,38593.71,52812.44,14218.73,0.2692,2025-12-27,2026-02-24,2026-02-27,Shipped,Shutdown
SO000455,SOL0000605,2026-03-03,CUST003,Escondida,PRD0006,,3,10997.57,7938.78,32992.7,9176.36,0.2781,2026-04-02,2026-04-21,2026-05-09,Shipped,Shutdown
SO000456,SOL0000606,2025-04-24,CUST010,El Abra,PRD0022,CTR0010,8,1118.22,739.65,8945.73,3028.53,0.3385,2025-05-12,2025-06-04,,Cancelled,Spot
SO000457,SOL0000607,2024-04-20,CUST002,El Teniente,PRD0106,CTR0002,10,13582.28,9044.7,135822.77,45375.77,0.3341,2024-05-17,2024-07-24,2024-08-05,Shipped,Contract
SO000458,SOL0000608,2025-06-25,CUST004,Spence,PRD0061,CTR0004,20,7599.92,7072.74,151998.37,10543.57,0.0694,2025-07-24,2025-09-20,2025-09-19,Shipped,Contract
SO000459,SOL0000609,2026-06-17,CUST006,Centinela,PRD0022,,4,1255.26,748.53,5021.05,2026.93,0.4037,2026-08-17,2026-09-16,2026-09-25,Shipped,Spot
SO000460,SOL0000610,2025-01-19,CUST008,Candelaria,PRD0011,CTR0008,3,38953.31,25573.53,116859.92,40139.33,0.3435,2025-03-23,2025-03-29,2025-04-10,Shipped,Shutdown
SO000461,SOL0000611,2024-12-03,CUST011,Los Bronces,PRD0106,,15,15399.48,9883.1,230992.25,82745.75,0.3582,2025-01-09,2025-01-01,2024-12-27,Shipped,Emergency
SO000462,SOL0000612,2026-02-16,CUST013,La Coipa,PRD0002,,1,23348.68,17138.07,23348.68,6210.61,0.266,2026-03-06,2026-03-10,2026-03-15,Shipped,Contract
SO000463,SOL0000613,2025-06-07,CUST006,Centinela,PRD0118,CTR0006,2,12922.09,8097.28,25844.17,9649.61,0.3734,2025-07-05,2025-07-29,2025-08-07,Shipped,Contract
SO000464,SOL0000614,2025-10-27,CUST005,Los Pelambres,PRD0070,,2,46272.42,29835.7,92544.84,32873.44,0.3552,2025-11-21,2025-12-24,,Backorder,Shutdown
SO000465,SOL0000615,2026-05-21,CUST015,Los Colorados,PRD0045,,3,6904.17,5325.99,20712.5,4734.53,0.2286,2026-06-21,2026-06-22,2026-06-22,Shipped,Contract
SO000466,SOL0000616,2026-04-27,CUST003,Escondida,PRD0011,,1,41596.99,28633.83,41596.99,12963.16,0.3116,2026-07-06,2026-06-02,2026-06-22,Shipped,Contract
SO000467,SOL0000617,2024-10-22,CUST009,Caserones,PRD0001,CTR0009,1,38244.94,26186.25,38244.94,12058.69,0.3153,2024-12-13,2024-11-28,2024-12-01,Shipped,Shutdown
SO000468,SOL0000618,2026-04-20,CUST003,Escondida,PRD0034,,8,10730.11,6230.33,85840.88,35998.24,0.4194,2026-05-14,2026-07-03,2026-07-02,Shipped,Shutdown
SO000468,SOL0000619,2024-09-05,CUST013,La Coipa,PRD0017,,3,7200.61,4226.39,21601.82,8922.65,0.4131,2024-10-03,2024-12-11,2024-12-23,Shipped,Emergency
SO000469,SOL0000620,2025-05-15,CUST014,Salar de Atacama,PRD0044,,1,35758.32,26883.93,35758.32,8874.39,0.2482,2025-07-08,2025-08-06,2025-08-26,Shipped,Emergency
SO000470,SOL0000621,2026-03-19,CUST012,Sierra Gorda,PRD0092,CTR0012,4,15464.81,13477.07,61859.25,7950.97,0.1285,2026-05-11,2026-05-15,2026-05-25,Shipped,Shutdown
SO000471,SOL0000622,2025-10-08,CUST015,Los Colorados,PRD0110,,20,6976.04,5121.13,139520.8,37098.2,0.2659,2025-11-16,2025-10-31,,Open,Contract
SO000472,SOL0000623,2025-11-27,CUST013,La Coipa,PRD0052,CTR0013,1,10535.07,9405.7,10535.07,1129.37,0.1072,2025-12-22,2026-01-04,2026-01-18,Shipped,Contract
SO000473,SOL0000624,2026-02-22,CUST004,Spence,PRD0020,,10,17297.09,11098.39,172970.88,61986.98,0.3584,2026-04-03,2026-04-08,2026-04-15,Shipped,Emergency
SO000474,SOL0000625,2026-05-31,CUST014,Salar de Atacama,PRD0044,,2,35924.99,27588.3,71849.98,16673.38,0.2321,2026-07-30,2026-06-11,2026-06-06,Shipped,Shutdown
SO000475,SOL0000626,2024-10-13,CUST003,Escondida,PRD0068,,1,11645.27,8499.03,11645.27,3146.24,0.2702,2024-11-19,2024-10-30,2024-10-28,Shipped,Spot
SO000476,SOL0000627,2024-10-26,CUST004,Spence,PRD0094,,3,23785.73,16904.08,71357.2,20644.96,0.2893,2024-12-11,2025-01-23,2025-02-11,Shipped,Emergency
SO000477,SOL0000628,2025-03-22,CUST003,Escondida,PRD0069,,20,7670.85,5232.02,153416.91,48776.51,0.3179,2025-05-08,2025-04-29,2025-04-25,Shipped,Emergency
SO000478,SOL0000629,2024-12-25,CUST013,La Coipa,PRD0031,,15,11506.52,8691.21,172597.73,42229.58,0.2447,2025-02-12,2025-03-10,2025-03-13,Shipped,Contract
SO000479,SOL0000630,2024-06-26,CUST001,Chuquicamata,PRD0038,,2,55215.79,33245.68,110431.58,43940.22,0.3979,2024-08-19,2024-09-28,,Cancelled,Shutdown
SO000480,SOL0000631,2024-03-28,CUST009,Caserones,PRD0010,CTR0009,5,7990.51,5983.04,39952.56,10037.36,0.2512,2024-05-19,2024-04-07,2024-04-24,Shipped,Contract
SO000481,SOL0000632,2026-05-16,CUST001,Chuquicamata,PRD0116,,8,16781.1,13832.38,134248.84,23589.8,0.1757,2026-06-07,2026-07-12,2026-07-24,Shipped,Contract
SO000481,SOL0000633,2025-05-31,CUST012,Sierra Gorda,PRD0118,,5,12394.8,7947.25,61974.02,22237.77,0.3588,2025-06-12,2025-08-16,2025-09-02,Shipped,Contract
SO000482,SOL0000634,2026-01-15,CUST008,Candelaria,PRD0091,CTR0008,2,757.14,643.32,1514.28,227.64,0.1503,2026-01-23,2026-04-12,2026-04-14,Shipped,Emergency
SO000482,SOL0000635,2025-05-26,CUST014,Salar de Atacama,PRD0027,,15,7305.83,6324.23,109587.38,14723.93,0.1344,2025-07-09,2025-08-02,2025-08-02,Shipped,Contract
SO000483,SOL0000636,2024-11-19,CUST002,El Teniente,PRD0069,,2,7976.58,4959.85,15953.16,6033.46,0.3782,2025-01-03,2025-02-15,2025-03-05,Shipped,Shutdown
SO000483,SOL0000637,2024-11-19,CUST010,El Abra,PRD0110,,2,6625.93,4764.23,13251.86,3723.4,0.281,2024-12-22,2024-12-03,2024-11-29,Shipped,Emergency
SO000483,SOL0000638,2026-05-28,CUST007,Quebrada Blanca,PRD0045,,8,6928.9,5325.99,55431.24,12823.32,0.2313,2026-08-04,2026-09-03,2026-09-16,Shipped,Emergency
SO000484,SOL0000639,2025-01-06,CUST009,Caserones,PRD0074,CTR0009,3,32961.22,23628.36,98883.67,27998.59,0.2831,2025-01-16,2025-03-04,2025-03-24,Shipped,Emergency
SO000485,SOL0000640,2026-02-19,CUST010,El Abra,PRD0085,,8,9621.97,5637.06,76975.73,31879.25,0.4141,2026-03-23,2026-05-19,,Cancelled,Contract
SO000486,SOL0000641,2025-10-02,CUST013,La Coipa,PRD0086,CTR0013,20,4843.44,4379.13,96868.86,9286.26,0.0959,2025-11-10,2025-10-17,2025-10-28,Shipped,Emergency
SO000487,SOL0000642,2024-06-25,CUST006,Centinela,PRD0108,,1,22898.84,16036.68,22898.84,6862.16,0.2997,2024-07-08,2024-08-20,2024-08-21,Shipped,Contract
SO000488,SOL0000643,2025-07-11,CUST014,Salar de Atacama,PRD0010,,20,8730.7,6342.85,174614.01,47757.01,0.2735,2025-08-27,2025-08-22,2025-08-29,Shipped,Contract
SO000488,SOL0000644,2024-10-09,CUST005,Los Pelambres,PRD0028,,1,8595.02,6331.34,8595.02,2263.68,0.2634,2024-11-14,2024-12-22,2024-12-29,Shipped,Spot
SO000489,SOL0000645,2024-09-12,CUST005,Los Pelambres,PRD0081,,10,1325.89,1040.57,13258.87,2853.17,0.2152,2024-10-28,2024-11-30,2024-12-09,Shipped,Contract
SO000489,SOL0000646,2024-11-05,CUST012,Sierra Gorda,PRD0029,CTR0012,2,10479.93,6857.27,20959.85,7245.31,0.3457,2024-12-22,2024-11-18,2024-12-05,Shipped,Contract
SO000490,SOL0000647,2025-12-26,CUST012,Sierra Gorda,PRD0026,CTR0012,1,10683.07,9680.65,10683.07,1002.42,0.0938,2026-02-26,2026-01-21,2026-02-05,Shipped,Contract
SO000490,SOL0000648,2025-10-27,CUST002,El Teniente,PRD0018,CTR0002,1,1141.18,1039.99,1141.18,101.19,0.0887,2025-11-21,2025-12-22,2026-01-02,Shipped,Shutdown
SO000491,SOL0000649,2025-09-03,CUST005,Los Pelambres,PRD0079,,1,10191.51,6565.2,10191.51,3626.31,0.3558,2025-09-30,2025-10-23,2025-10-23,Shipped,Contract
SO000491,SOL0000650,2025-07-08,CUST010,El Abra,PRD0074,CTR0010,2,32812.66,25342.45,65625.33,14940.43,0.2277,2025-07-25,2025-09-18,2025-10-07,Shipped,Spot
SO000492,SOL0000651,2026-01-03,CUST003,Escondida,PRD0080,,1,6128.62,5632.59,6128.62,496.03,0.0809,2026-01-26,2026-03-10,2026-03-17,Shipped,Contract
SO000493,SOL0000652,2025-04-06,CUST003,Escondida,PRD0023,,10,5054.12,3233.79,50541.24,18203.34,0.3602,2025-05-10,2025-04-17,2025-04-12,Shipped,Contract
SO000494,SOL0000653,2025-08-20,CUST005,Los Pelambres,PRD0069,CTR0005,2,6665.29,5453.62,13330.59,2423.35,0.1818,2025-09-29,2025-09-03,2025-09-21,Shipped,Spot
SO000495,SOL0000654,2024-04-24,CUST015,Los Colorados,PRD0113,,20,1942.21,1138.34,38844.15,16077.35,0.4139,2024-05-28,2024-06-08,2024-06-18,Shipped,Shutdown
SO000496,SOL0000655,2025-07-31,CUST005,Los Pelambres,PRD0061,,8,8557.14,7143.56,68457.08,11308.6,0.1652,2025-10-04,2025-10-28,2025-11-14,Shipped,Contract
SO000496,SOL0000656,2026-03-06,CUST011,Los Bronces,PRD0112,,3,23978.92,19852.97,71936.76,12377.85,0.1721,2026-04-15,2026-05-04,2026-05-20,Shipped,Spot
SO000496,SOL0000657,2024-08-16,CUST007,Quebrada Blanca,PRD0118,,1,13697.23,7406.88,13697.23,6290.35,0.4592,2024-09-09,2024-11-10,,Cancelled,Shutdown
SO000497,SOL0000658,2026-04-26,CUST012,Sierra Gorda,PRD0033,CTR0012,3,9442.77,6341.32,28328.31,9304.35,0.3284,2026-06-10,2026-07-09,2026-07-06,Shipped,Shutdown
SO000498,SOL0000659,2025-03-12,CUST003,Escondida,PRD0045,,4,6963.11,5068.15,27852.42,7579.82,0.2721,2025-04-29,2025-04-28,2025-05-17,Shipped,Emergency
SO000499,SOL0000660,2024-02-01,CUST005,Los Pelambres,PRD0069,,3,7949.44,4905.66,23848.31,9131.33,0.3829,2024-03-31,2024-04-19,2024-04-20,Shipped,Contract
SO000500,SOL0000661,2024-04-27,CUST003,Escondida,PRD0065,,8,1608.71,1070.3,12869.7,4307.3,0.3347,2024-06-03,2024-07-12,2024-07-13,Shipped,Spot
SO000501,SOL0000662,2024-11-29,CUST015,Los Colorados,PRD0060,,2,19662.05,16659.83,39324.1,6004.44,0.1527,2025-02-06,2025-01-15,,Open,Spot
SO000502,SOL0000663,2024-01-07,CUST003,Escondida,PRD0071,,10,1269.17,952.64,12691.69,3165.29,0.2494,2024-02-03,2024-01-20,2024-01-30,Shipped,Contract
SO000503,SOL0000664,2024-06-02,CUST011,Los Bronces,PRD0065,,20,1638.6,1080.3,32771.91,11165.91,0.3407,2024-07-10,2024-07-30,2024-08-07,Shipped,Spot
SO000504,SOL0000665,2025-06-18,CUST015,Los Colorados,PRD0063,,2,6972.82,6112.49,13945.63,1720.65,0.1234,2025-08-05,2025-09-23,,Cancelled,Emergency
SO000505,SOL0000666,2024-07-31,CUST001,Chuquicamata,PRD0024,CTR0001,1,26364.62,16083.05,26364.62,10281.57,0.39,2024-08-28,2024-10-10,2024-10-17,Shipped,Emergency
SO000506,SOL0000667,2026-04-11,CUST010,El Abra,PRD0052,,4,11557.78,9633.75,46231.13,7696.13,0.1665,2026-04-27,2026-05-02,2026-05-12,Shipped,Contract
SO000506,SOL0000668,2024-04-25,CUST009,Caserones,PRD0006,CTR0009,4,10228.4,7253.72,40913.61,11898.73,0.2908,2024-05-29,2024-07-21,2024-07-23,Shipped,Contract
SO000507,SOL0000669,2026-01-03,CUST013,La Coipa,PRD0007,,5,5365.93,3497.88,26829.66,9340.26,0.3481,2026-01-12,2026-02-03,2026-02-07,Shipped,Spot
SO000508,SOL0000670,2026-02-15,CUST011,Los Bronces,PRD0101,CTR0011,1,6921.72,5139.18,6921.72,1782.54,0.2575,2026-03-18,2026-04-01,2026-03-27,Shipped,Shutdown
SO000509,SOL0000671,2024-12-25,CUST003,Escondida,PRD0002,,1,23225.08,15569.86,23225.08,7655.22,0.3296,2025-02-13,2025-03-19,2025-04-03,Shipped,Shutdown
SO000510,SOL0000672,2025-06-07,CUST014,Salar de Atacama,PRD0027,,2,7335.85,6321.71,14671.7,2028.28,0.1382,2025-07-02,2025-09-04,2025-09-10,Shipped,Spot
SO000511,SOL0000673,2026-04-25,CUST013,La Coipa,PRD0031,,1,11825.53,9385.73,11825.53,2439.8,0.2063,2026-05-17,2026-07-09,2026-07-28,Shipped,Shutdown
SO000511,SOL0000674,2024-06-27,CUST005,Los Pelambres,PRD0118,,2,13425.35,7464.48,26850.7,11921.74,0.444,2024-07-14,2024-09-04,2024-09-01,Shipped,Spot
SO000512,SOL0000675,2026-05-25,CUST004,Spence,PRD0023,,1,4879.94,3580.46,4879.94,1299.48,0.2663,2026-07-19,2026-08-25,2026-08-31,Shipped,Emergency
SO000513,SOL0000676,2025-08-31,CUST015,Los Colorados,PRD0100,,1,2908.77,1665.08,2908.77,1243.69,0.4276,2025-11-04,2025-11-19,2025-12-01,Shipped,Emergency
SO000514,SOL0000677,2025-02-06,CUST008,Candelaria,PRD0041,,1,20534.6,16557.17,20534.6,3977.43,0.1937,2025-04-09,2025-03-11,2025-03-09,Shipped,Shutdown
SO000515,SOL0000678,2024-06-25,CUST011,Los Bronces,PRD0113,,2,1904.62,1128.13,3809.25,1552.99,0.4077,2024-07-29,2024-07-11,2024-07-17,Shipped,Shutdown
SO000516,SOL0000679,2024-04-09,CUST005,Los Pelambres,PRD0028,,15,9121.28,6044.95,136819.23,46144.98,0.3373,2024-06-09,2024-04-21,2024-05-08,Shipped,Spot
SO000517,SOL0000680,2025-08-02,CUST015,Los Colorados,PRD0112,CTR0015,2,22191.94,18961.42,44383.89,6461.05,0.1456,2025-09-18,2025-09-09,,Backorder,Contract
SO000518,SOL0000681,2025-04-19,CUST008,Candelaria,PRD0085,,2,9442.76,5483.29,18885.52,7918.94,0.4193,2025-06-23,2025-07-23,2025-08-07,Shipped,Shutdown
SO000519,SOL0000682,2026-03-08,CUST009,Caserones,PRD0070,CTR0009,1,43046.73,31261.87,43046.73,11784.86,0.2738,2026-04-27,2026-03-19,2026-04-03,Shipped,Spot
SO000519,SOL0000683,2024-08-01,CUST003,Escondida,PRD0079,,3,10468.71,6008.14,31406.13,13381.71,0.4261,2024-09-06,2024-10-05,2024-10-10,Shipped,Spot
SO000520,SOL0000684,2024-04-25,CUST008,Candelaria,PRD0096,,2,1663.54,1188.01,3327.08,951.06,0.2859,2024-05-29,2024-07-19,2024-07-14,Shipped,Spot
SO000520,SOL0000685,2025-08-06,CUST006,Centinela,PRD0073,,1,33946.05,31441.51,33946.05,2504.54,0.0738,2025-09-11,2025-08-29,2025-09-15,Shipped,Contract
SO000521,SOL0000686,2025-12-14,CUST006,Centinela,PRD0018,,10,1251.57,1043.04,12515.74,2085.34,0.1666,2026-02-01,2025-12-29,2026-01-18,Shipped,Shutdown
SO000522,SOL0000687,2025-06-04,CUST003,Escondida,PRD0018,,1,1251.94,1074.68,1251.94,177.26,0.1416,2025-06-25,2025-08-24,2025-09-02,Shipped,Contract
SO000523,SOL0000688,2025-07-26,CUST010,El Abra,PRD0042,,1,5119.87,3031.18,5119.87,2088.69,0.408,2025-08-08,2025-09-02,2025-09-17,Shipped,Contract
SO000523,SOL0000689,2024-05-11,CUST004,Spence,PRD0005,,2,5556.77,4123.75,11113.54,2866.04,0.2579,2024-07-07,2024-05-24,2024-06-03,Shipped,Emergency
SO000524,SOL0000690,2026-06-01,CUST007,Quebrada Blanca,PRD0018,,2,1223.25,1141.87,2446.51,162.77,0.0665,2026-06-08,2026-08-07,2026-08-25,Shipped,Contract
SO000525,SOL0000691,2024-09-12,CUST010,El Abra,PRD0104,,3,6735.72,4906.55,20207.15,5487.5,0.2716,2024-11-12,2024-12-08,2024-12-03,Shipped,Contract
SO000525,SOL0000692,2024-03-22,CUST004,Spence,PRD0106,,2,14838.16,8977.89,29676.32,11720.54,0.3949,2024-04-05,2024-05-05,2024-05-12,Shipped,Contract
SO000525,SOL0000693,2024-03-24,CUST010,El Abra,PRD0091,,3,881.66,549.47,2644.97,996.56,0.3768,2024-04-27,2024-05-15,2024-06-01,Shipped,Spot
SO000525,SOL0000694,2026-06-11,CUST008,Candelaria,PRD0036,CTR0008,20,3022.31,2880.92,60446.1,2827.7,0.0468,2026-06-24,2026-07-30,2026-08-12,Shipped,Shutdown
SO000526,SOL0000695,2024-12-02,CUST001,Chuquicamata,PRD0074,,1,35435.73,23815.09,35435.73,11620.64,0.3279,2025-01-13,2025-01-09,2025-01-07,Shipped,Contract
SO000527,SOL0000696,2025-05-13,CUST007,Quebrada Blanca,PRD0006,,4,11018.39,7699.8,44073.54,13274.34,0.3012,2025-06-06,2025-08-18,2025-08-28,Shipped,Emergency
SO000527,SOL0000697,2024-07-21,CUST006,Centinela,PRD0073,,2,35088.99,28401.76,70177.97,13374.45,0.1906,2024-08-18,2024-08-31,2024-09-16,Shipped,Spot
SO000528,SOL0000698,2024-12-22,CUST008,Candelaria,PRD0065,,10,1618.75,1082.52,16187.48,5362.28,0.3313,2025-01-10,2025-01-17,2025-01-17,Shipped,Shutdown
SO000529,SOL0000699,2024-07-06,CUST005,Los Pelambres,PRD0062,,15,18225.33,11382.17,273379.9,102647.35,0.3755,2024-08-24,2024-10-03,2024-10-14,Shipped,Emergency
SO000530,SOL0000700,2025-11-01,CUST006,Centinela,PRD0099,CTR0006,4,2657.1,2267.88,10628.38,1556.86,0.1465,2026-01-03,2025-12-09,2025-12-21,Shipped,Spot
SO000531,SOL0000701,2025-03-12,CUST002,El Teniente,PRD0022,,2,1261.64,743.64,2523.27,1035.99,0.4106,2025-04-06,2025-04-29,2025-04-28,Shipped,Contract
SO000531,SOL0000702,2026-05-04,CUST006,Centinela,PRD0002,,1,22602.94,17342.92,22602.94,5260.02,0.2327,2026-05-27,2026-06-09,2026-06-28,Shipped,Contract
SO000532,SOL0000703,2024-03-27,CUST002,El Teniente,PRD0047,CTR0002,5,6542.29,5315.02,32711.45,6136.35,0.1876,2024-05-13,2024-05-02,,Open,Emergency
SO000533,SOL0000704,2024-12-04,CUST001,Chuquicamata,PRD0082,CTR0001,8,2004.95,1282.14,16039.59,5782.47,0.3605,2024-12-24,2025-01-18,2025-02-03,Shipped,Contract
SO000533,SOL0000705,2026-05-03,CUST008,Candelaria,PRD0070,CTR0008,1,41018.5,31188.32,41018.5,9830.18,0.2397,2026-05-26,2026-06-17,2026-06-20,Shipped,Contract
SO000534,SOL0000706,2024-05-24,CUST015,Los Colorados,PRD0107,,1,40032.03,27866.05,40032.03,12165.98,0.3039,2024-06-21,2024-06-06,2024-06-11,Shipped,Emergency
SO000534,SOL0000707,2025-06-04,CUST015,Los Colorados,PRD0115,,3,8303.4,6273.53,24910.19,6089.6,0.2445,2025-08-09,2025-08-30,2025-09-09,Shipped,Shutdown
SO000535,SOL0000708,2024-09-12,CUST007,Quebrada Blanca,PRD0045,,2,7224.28,5055.46,14448.57,4337.65,0.3002,2024-10-14,2024-10-12,2024-10-12,Shipped,Contract
SO000536,SOL0000709,2025-04-21,CUST011,Los Bronces,PRD0047,,1,6925.45,5700.57,6925.45,1224.88,0.1769,2025-06-06,2025-05-02,2025-05-08,Shipped,Contract
SO000537,SOL0000710,2026-03-02,CUST011,Los Bronces,PRD0023,,15,4916.4,3570.34,73746.07,20190.97,0.2738,2026-03-28,2026-05-29,2026-05-27,Shipped,Shutdown
SO000538,SOL0000711,2026-06-01,CUST015,Los Colorados,PRD0051,,3,35673.99,25326.22,107021.98,31043.32,0.2901,2026-07-17,2026-07-31,2026-08-09,Shipped,Spot
SO000538,SOL0000712,2025-11-06,CUST014,Salar de Atacama,PRD0073,,1,35808.39,31467.52,35808.39,4340.87,0.1212,2026-01-15,2025-12-29,2026-01-01,Shipped,Shutdown
SO000539,SOL0000713,2024-07-25,CUST011,Los Bronces,PRD0109,CTR0011,1,31420.81,18449.1,31420.81,12971.71,0.4128,2024-08-27,2024-08-11,2024-08-19,Shipped,Spot
SO000540,SOL0000714,2024-10-11,CUST008,Candelaria,PRD0089,CTR0008,1,9303.57,6374.24,9303.57,2929.33,0.3149,2024-12-09,2024-12-18,2024-12-16,Shipped,Spot
SO000540,SOL0000715,2024-07-03,CUST009,Caserones,PRD0070,CTR0009,2,42444.13,29210.77,84888.27,26466.73,0.3118,2024-09-01,2024-09-09,2024-09-13,Shipped,Shutdown
SO000541,SOL0000716,2025-10-22,CUST004,Spence,PRD0020,,8,18061.59,11025.87,144492.69,56285.73,0.3895,2025-12-05,2026-01-29,2026-02-06,Shipped,Emergency
SO000542,SOL0000717,2024-12-12,CUST012,Sierra Gorda,PRD0071,CTR0012,1,1134.4,999.98,1134.4,134.42,0.1185,2025-01-01,2025-02-02,2025-02-19,Shipped,Emergency
SO000543,SOL0000718,2025-01-17,CUST002,El Teniente,PRD0078,CTR0002,15,11234.4,9538.87,168516.05,25433.0,0.1509,2025-02-26,2025-02-15,2025-02-15,Shipped,Spot
SO000544,SOL0000719,2025-07-14,CUST012,Sierra Gorda,PRD0035,,1,7959.18,5436.94,7959.18,2522.24,0.3169,2025-09-13,2025-08-09,,Open,Emergency
SO000545,SOL0000720,2024-10-10,CUST014,Salar de Atacama,PRD0099,CTR0014,2,2444.81,2113.31,4889.63,663.01,0.1356,2024-11-14,2025-01-10,2025-01-22,Shipped,Shutdown
SO000546,SOL0000721,2025-12-11,CUST008,Candelaria,PRD0103,CTR0008,20,7639.7,7225.3,152793.96,8287.96,0.0542,2026-01-14,2026-01-11,2026-01-23,Shipped,Shutdown
SO000546,SOL0000722,2026-03-16,CUST010,El Abra,PRD0109,,2,33859.49,20900.78,67718.98,25917.42,0.3827,2026-05-09,2026-06-13,2026-06-27,Shipped,Spot
SO000547,SOL0000723,2024-06-04,CUST004,Spence,PRD0093,,1,40161.11,25853.85,40161.11,14307.26,0.3562,2024-06-12,2024-09-01,2024-08-29,Shipped,Shutdown
SO000548,SOL0000724,2025-12-17,CUST001,Chuquicamata,PRD0027,,8,7112.24,6894.87,56897.95,1738.99,0.0306,2026-01-29,2026-03-01,2026-03-14,Shipped,Emergency
SO000548,SOL0000725,2025-12-01,CUST004,Spence,PRD0070,CTR0004,1,40608.07,30836.74,40608.07,9771.33,0.2406,2025-12-09,2026-02-05,2026-02-17,Shipped,Spot
SO000549,SOL0000726,2025-03-31,CUST004,Spence,PRD0052,,1,11356.67,8986.61,11356.67,2370.06,0.2087,2025-05-18,2025-06-21,2025-06-29,Shipped,Emergency
SO000550,SOL0000727,2024-03-09,CUST013,La Coipa,PRD0036,,8,3435.41,2665.09,27483.26,6162.54,0.2242,2024-04-21,2024-05-26,2024-06-02,Shipped,Shutdown
SO000551,SOL0000728,2025-03-08,CUST005,Los Pelambres,PRD0059,,3,28568.78,21066.35,85706.34,22507.29,0.2626,2025-04-11,2025-03-18,2025-03-13,Shipped,Contract
SO000552,SOL0000729,2025-03-03,CUST007,Quebrada Blanca,PRD0015,,1,41097.8,27578.89,41097.8,13518.91,0.3289,2025-05-01,2025-03-26,2025-04-15,Shipped,Spot
SO000553,SOL0000730,2024-04-24,CUST008,Candelaria,PRD0035,,1,7798.08,4901.21,7798.08,2896.87,0.3715,2024-05-01,2024-06-23,2024-06-18,Shipped,Contract
SO000554,SOL0000731,2026-01-13,CUST002,El Teniente,PRD0076,,3,22481.88,18457.26,67445.63,12073.85,0.179,2026-02-18,2026-03-04,2026-03-15,Shipped,Contract
SO000555,SOL0000732,2026-06-04,CUST001,Chuquicamata,PRD0040,,1,14851.75,10944.88,14851.75,3906.87,0.2631,2026-07-14,2026-06-17,2026-06-14,Shipped,Emergency
SO000556,SOL0000733,2024-04-15,CUST009,Caserones,PRD0063,CTR0009,8,6441.19,5357.27,51529.51,8671.35,0.1683,2024-05-19,2024-05-24,2024-06-06,Shipped,Shutdown
SO000556,SOL0000734,2025-09-20,CUST005,Los Pelambres,PRD0101,,2,7419.0,5105.09,14838.0,4627.82,0.3119,2025-10-27,2025-10-23,2025-10-19,Shipped,Spot
SO000557,SOL0000735,2026-04-07,CUST013,La Coipa,PRD0080,,2,6137.63,5679.45,12275.27,916.37,0.0747,2026-06-16,2026-05-30,,Backorder,Shutdown
SO000558,SOL0000736,2025-07-11,CUST013,La Coipa,PRD0069,,4,7626.35,5435.82,30505.41,8762.13,0.2872,2025-08-10,2025-09-10,2025-09-19,Shipped,Contract
SO000559,SOL0000737,2026-04-11,CUST013,La Coipa,PRD0080,,8,6396.36,5679.45,51170.89,5735.29,0.1121,2026-05-05,2026-06-03,2026-06-01,Shipped,Shutdown
SO000559,SOL0000738,2025-09-10,CUST014,Salar de Atacama,PRD0104,,1,6540.26,5189.0,6540.26,1351.26,0.2066,2025-10-21,2025-12-06,2025-12-11,Shipped,Spot
SO000560,SOL0000739,2024-08-11,CUST007,Quebrada Blanca,PRD0060,,2,20585.35,15762.53,41170.7,9645.64,0.2343,2024-09-27,2024-11-07,,Open,Emergency
SO000561,SOL0000740,2025-04-20,CUST014,Salar de Atacama,PRD0039,,20,12180.59,8282.51,243611.73,77961.53,0.32,2025-05-31,2025-07-11,2025-07-14,Shipped,Emergency
SO000562,SOL0000741,2024-03-08,CUST013,La Coipa,PRD0109,,1,34814.1,18189.98,34814.1,16624.12,0.4775,2024-03-25,2024-03-18,2024-04-05,Shipped,Shutdown
SO000563,SOL0000742,2025-01-19,CUST003,Escondida,PRD0113,,20,1846.34,1137.94,36926.72,14167.92,0.3837,2025-03-06,2025-03-27,2025-04-06,Shipped,Spot
SO000564,SOL0000743,2025-01-20,CUST014,Salar de Atacama,PRD0104,,5,6544.97,4864.28,32724.85,8403.45,0.2568,2025-03-15,2025-04-27,2025-05-11,Shipped,Contract
SO000565,SOL0000744,2026-02-23,CUST004,Spence,PRD0085,CTR0004,1,8470.74,5637.06,8470.74,2833.68,0.3345,2026-04-05,2026-05-07,2026-05-24,Shipped,Contract
SO000566,SOL0000745,2026-02-08,CUST003,Escondida,PRD0071,,3,1271.8,1086.67,3815.39,555.38,0.1456,2026-04-19,2026-02-23,2026-02-21,Shipped,Emergency
SO000567,SOL0000746,2025-05-21,CUST013,La Coipa,PRD0047,CTR0013,8,6314.69,5730.65,50517.5,4672.3,0.0925,2025-06-04,2025-06-19,2025-06-29,Shipped,Emergency
SO000568,SOL0000747,2026-03-23,CUST007,Quebrada Blanca,PRD0006,,8,10531.18,7938.78,84249.45,20739.21,0.2462,2026-04-10,2026-06-15,,Cancelled,Emergency
SO000568,SOL0000748,2025-05-02,CUST005,Los Pelambres,PRD0104,,10,6412.99,5068.74,64129.91,13442.51,0.2096,2025-06-21,2025-06-27,2025-07-05,Shipped,Contract
SO000568,SOL0000749,2025-10-05,CUST009,Caserones,PRD0022,,3,1183.78,728.51,3551.34,1365.81,0.3846,2025-10-31,2025-12-25,2026-01-03,Shipped,Spot
SO000569,SOL0000750,2024-10-23,CUST013,La Coipa,PRD0002,,2,22729.3,15282.75,45458.61,14893.11,0.3276,2024-11-04,2025-01-09,2025-01-05,Shipped,Emergency
SO000570,SOL0000751,2024-03-24,CUST010,El Abra,PRD0098,,5,1480.56,1123.98,7402.81,1782.91,0.2408,2024-05-31,2024-07-01,2024-06-26,Shipped,Spot
SO000571,SOL0000752,2025-01-06,CUST015,Los Colorados,PRD0098,,10,1463.29,1117.71,14632.85,3455.75,0.2362,2025-02-14,2025-02-09,2025-02-08,Shipped,Contract
SO000572,SOL0000753,2024-02-09,CUST001,Chuquicamata,PRD0062,,20,18405.13,11105.76,368102.59,145987.39,0.3966,2024-03-30,2024-05-05,2024-04-30,Shipped,Shutdown
SO000573,SOL0000754,2026-04-19,CUST013,La Coipa,PRD0042,,3,5370.33,3201.04,16111.0,6507.88,0.4039,2026-05-19,2026-05-21,2026-05-29,Shipped,Contract
SO000574,SOL0000755,2025-12-17,CUST013,La Coipa,PRD0080,,3,6156.62,5604.64,18469.86,1655.94,0.0897,2026-01-31,2026-02-21,2026-03-09,Shipped,Shutdown
SO000575,SOL0000756,2024-08-12,CUST011,Los Bronces,PRD0028,,1,9075.5,6252.49,9075.5,2823.01,0.3111,2024-09-04,2024-11-03,2024-11-09,Shipped,Shutdown
SO000575,SOL0000757,2025-04-07,CUST013,La Coipa,PRD0086,CTR0013,1,5135.97,4175.83,5135.97,960.14,0.1869,2025-05-29,2025-05-21,2025-06-07,Shipped,Contract
SO000576,SOL0000758,2025-03-18,CUST003,Escondida,PRD0057,,15,12041.91,7963.11,180628.61,61181.96,0.3387,2025-03-26,2025-06-22,2025-06-19,Shipped,Spot
SO000577,SOL0000759,2025-05-10,CUST005,Los Pelambres,PRD0029,CTR0005,3,10461.43,7276.49,31384.29,9554.82,0.3044,2025-06-13,2025-05-24,2025-05-28,Shipped,Emergency
SO000578,SOL0000760,2024-10-19,CUST012,Sierra Gorda,PRD0003,,15,11336.34,8203.99,170045.06,46985.21,0.2763,2024-11-30,2024-11-22,2024-12-05,Shipped,Emergency
SO000578,SOL0000761,2025-03-22,CUST012,Sierra Gorda,PRD0079,,5,10613.5,6155.93,53067.48,22287.83,0.42,2025-05-31,2025-06-26,2025-06-30,Shipped,Shutdown
SO000578,SOL0000762,2025-08-07,CUST010,El Abra,PRD0052,CTR0010,1,10499.21,9083.84,10499.21,1415.37,0.1348,2025-08-19,2025-10-11,2025-10-21,Shipped,Contract
SO000579,SOL0000763,2024-01-20,CUST004,Spence,PRD0092,,1,17971.4,11380.84,17971.4,6590.56,0.3667,2024-03-28,2024-04-06,2024-04-16,Shipped,Spot
SO000580,SOL0000764,2024-02-01,CUST005,Los Pelambres,PRD0083,,15,4365.41,2467.19,65481.14,28473.29,0.4348,2024-03-26,2024-05-11,2024-05-08,Shipped,Shutdown
SO000580,SOL0000765,2025-07-21,CUST002,El Teniente,PRD0085,,2,9473.32,5486.95,18946.64,7972.74,0.4208,2025-08-28,2025-08-15,2025-08-17,Shipped,Shutdown
SO000581,SOL0000766,2024-05-08,CUST004,Spence,PRD0115,,10,8820.11,6030.8,88201.13,27893.13,0.3162,2024-05-19,2024-05-20,2024-05-18,Shipped,Emergency
SO000582,SOL0000767,2024-01-05,CUST005,Los Pelambres,PRD0101,,20,7615.51,4932.61,152310.11,53657.91,0.3523,2024-03-12,2024-02-16,2024-02-11,Shipped,Spot
SO000582,SOL0000768,2025-03-30,CUST007,Quebrada Blanca,PRD0006,,4,10696.89,7856.08,42787.56,11363.24,0.2656,2025-06-02,2025-05-04,2025-05-07,Shipped,Contract
SO000583,SOL0000769,2024-06-28,CUST001,Chuquicamata,PRD0044,,2,35981.96,26728.63,71963.92,18506.66,0.2572,2024-07-27,2024-07-08,2024-07-19,Shipped,Emergency
SO000584,SOL0000770,2024-03-22,CUST007,Quebrada Blanca,PRD0100,,1,2790.82,1641.82,2790.82,1149.0,0.4117,2024-04-17,2024-04-28,2024-05-10,Shipped,Emergency
SO000584,SOL0000771,2026-05-27,CUST008,Candelaria,PRD0023,,1,4779.57,3580.46,4779.57,1199.11,0.2509,2026-06-29,2026-08-25,,Open,Emergency
SO000585,SOL0000772,2025-05-08,CUST012,Sierra Gorda,PRD0061,,20,8397.81,7104.57,167956.23,25864.83,0.154,2025-07-15,2025-06-08,,Cancelled,Contract
SO000586,SOL0000773,2026-04-25,CUST012,Sierra Gorda,PRD0078,CTR0012,10,10227.82,10278.97,102278.18,-511.52,-0.005,2026-05-21,2026-05-11,2026-05-08,Shipped,Spot
SO000587,SOL0000774,2026-01-23,CUST010,El Abra,PRD0014,,1,48884.64,35662.83,48884.64,13221.81,0.2705,2026-03-01,2026-02-24,2026-03-16,Shipped,Emergency
SO000588,SOL0000775,2024-10-09,CUST012,Sierra Gorda,PRD0069,,20,7863.44,4999.43,157268.76,57280.16,0.3642,2024-12-09,2024-11-15,2024-11-23,Shipped,Shutdown
SO000589,SOL0000776,2024-10-09,CUST001,Chuquicamata,PRD0020,,1,17520.57,10665.54,17520.57,6855.03,0.3913,2024-12-08,2025-01-17,2025-01-22,Shipped,Emergency
SO000589,SOL0000777,2026-02-26,CUST003,Escondida,PRD0014,,1,48492.68,35177.53,48492.68,13315.15,0.2746,2026-03-18,2026-06-02,2026-06-06,Shipped,Shutdown
SO000590,SOL0000778,2025-11-06,CUST009,Caserones,PRD0085,CTR0009,1,8934.75,5599.95,8934.75,3334.8,0.3732,2025-11-19,2026-01-18,2026-01-27,Shipped,Shutdown
SO000590,SOL0000779,2025-07-29,CUST010,El Abra,PRD0031,,15,11400.24,9128.34,171003.58,34078.48,0.1993,2025-08-27,2025-08-31,2025-08-29,Shipped,Contract
SO000590,SOL0000780,2024-12-24,CUST014,Salar de Atacama,PRD0113,CTR0014,2,1649.27,1142.94,3298.55,1012.67,0.307,2025-02-08,2025-01-18,2025-02-04,Shipped,Contract
SO000591,SOL0000781,2026-06-21,CUST003,Escondida,PRD0033,,4,10805.18,6358.47,43220.7,17786.82,0.4115,2026-07-09,2026-08-26,2026-08-23,Shipped,Emergency
SO000591,SOL0000782,2024-04-21,CUST005,Los Pelambres,PRD0116,,8,17106.2,12779.54,136849.58,34613.26,0.2529,2024-05-26,2024-05-17,2024-05-24,Shipped,Contract
SO000592,SOL0000783,2024-04-29,CUST015,Los Colorados,PRD0120,,3,12736.05,9006.94,38208.14,11187.32,0.2928,2024-07-03,2024-05-13,2024-05-22,Shipped,Emergency
SO000593,SOL0000784,2025-04-30,CUST006,Centinela,PRD0114,,5,2886.3,2425.8,14431.48,2302.48,0.1595,2025-07-01,2025-08-04,2025-08-22,Shipped,Emergency
SO000593,SOL0000785,2025-11-21,CUST004,Spence,PRD0017,CTR0004,15,6631.32,4562.08,99469.73,31038.53,0.312,2025-12-24,2025-12-24,2025-12-26,Shipped,Emergency
SO000594,SOL0000786,2025-11-12,CUST013,La Coipa,PRD0074,CTR0013,1,33061.37,25232.49,33061.37,7828.88,0.2368,2025-11-22,2026-01-15,2026-01-21,Shipped,Shutdown
SO000595,SOL0000787,2025-01-28,CUST004,Spence,PRD0099,,4,2828.62,2119.79,11314.49,2835.33,0.2506,2025-02-11,2025-02-15,2025-03-02,Shipped,Shutdown
SO000596,SOL0000788,2025-07-01,CUST005,Los Pelambres,PRD0038,,1,58864.28,37679.36,58864.28,79466.78,1.35,2025-08-23,2025-07-12,,Backorder,Spot
SO000596,SOL0000789,2025-10-10,CUST007,Quebrada Blanca,PRD0076,CTR0007,1,20016.17,18491.37,20016.17,1524.8,0.0762,2025-11-05,2026-01-15,2026-01-28,Shipped,Shutdown
SO000596,SOL0000790,2024-07-27,CUST014,Salar de Atacama,PRD0058,,1,3485.7,2817.8,3485.7,667.9,0.1916,2024-08-15,2024-09-09,2024-09-25,Shipped,Emergency
SO000597,SOL0000791,2025-07-08,CUST014,Salar de Atacama,PRD0110,,2,6654.3,5001.97,13308.59,3304.65,0.2483,2025-09-07,2025-07-18,2025-07-25,Shipped,Contract
SO000598,SOL0000792,2024-07-28,CUST004,Spence,PRD0002,,3,22205.18,15023.62,66615.55,21544.69,0.3234,2024-09-23,2024-08-24,2024-09-04,Shipped,Shutdown
SO000599,SOL0000793,2024-10-29,CUST015,Los Colorados,PRD0061,,2,8731.99,6722.54,17463.99,4018.91,0.2301,2024-11-23,2025-02-04,2025-02-08,Shipped,Emergency
SO000600,SOL0000794,2025-06-08,CUST012,Sierra Gorda,PRD0015,CTR0012,2,36962.58,28677.54,73925.16,16570.08,0.2241,2025-08-01,2025-08-22,2025-09-05,Shipped,Shutdown
SO000600,SOL0000795,2026-02-15,CUST002,El Teniente,PRD0004,,10,7018.31,4571.73,70183.08,24465.78,0.3486,2026-04-18,2026-04-04,2026-04-04,Shipped,Emergency
SO000601,SOL0000796,2024-04-03,CUST015,Los Colorados,PRD0087,,15,2336.03,1295.06,35040.46,15614.56,0.4456,2024-05-21,2024-05-12,2024-05-15,Shipped,Emergency
SO000601,SOL0000797,2024-06-21,CUST006,Centinela,PRD0054,,10,3154.96,2079.41,31549.56,10755.46,0.3409,2024-07-19,2024-07-15,2024-07-13,Shipped,Contract
SO000602,SOL0000798,2024-02-29,CUST002,El Teniente,PRD0116,CTR0002,4,15733.81,12695.91,62935.23,12151.59,0.1931,2024-05-05,2024-05-21,2024-05-24,Shipped,Spot
SO000602,SOL0000799,2024-09-09,CUST012,Sierra Gorda,PRD0056,,1,34455.21,28139.66,34455.21,6315.55,0.1833,2024-10-06,2024-11-10,2024-11-10,Shipped,Spot
SO000603,SOL0000800,2025-09-22,CUST002,El Teniente,PRD0060,,2,20676.86,17107.11,41353.72,7139.5,0.1726,2025-11-13,2025-12-29,2025-12-24,Shipped,Spot
SO000604,SOL0000801,2024-05-05,CUST007,Quebrada Blanca,PRD0111,,8,11862.4,8389.24,94899.18,27785.26,0.2928,2024-06-29,2024-06-17,2024-07-06,Shipped,Shutdown
SO000605,SOL0000802,2025-11-11,CUST012,Sierra Gorda,PRD0064,CTR0012,1,23642.81,22228.78,23642.81,1414.03,0.0598,2025-12-21,2026-02-03,2026-01-29,Shipped,Contract
SO000605,SOL0000803,2026-06-28,CUST006,Centinela,PRD0097,,20,905.18,763.16,18103.57,2840.37,0.1569,2026-07-29,2026-09-07,2026-09-04,Shipped,Shutdown
SO000606,SOL0000804,2025-06-14,CUST012,Sierra Gorda,PRD0087,CTR0012,1,2081.18,1305.99,2081.18,775.19,0.3725,2025-07-10,2025-09-22,2025-10-09,Shipped,Shutdown
SO000606,SOL0000805,2024-08-10,CUST008,Candelaria,PRD0096,CTR0008,2,1397.53,1223.7,2795.06,347.66,0.1244,2024-10-16,2024-11-05,2024-11-06,Shipped,Contract
SO000607,SOL0000806,2024-06-12,CUST013,La Coipa,PRD0086,,8,5086.07,3867.2,40688.55,9750.95,0.2396,2024-08-03,2024-07-03,2024-07-04,Shipped,Spot
SO000608,SOL0000807,2024-04-04,CUST001,Chuquicamata,PRD0120,,8,13042.21,9006.94,104337.69,32282.17,0.3094,2024-05-05,2024-06-06,2024-06-13,Shipped,Spot
SO000609,SOL0000808,2024-06-13,CUST005,Los Pelambres,PRD0010,,10,8682.8,6070.38,86828.04,26124.24,0.3009,2024-06-26,2024-06-27,2024-07-11,Shipped,Contract
SO000610,SOL0000809,2024-11-03,CUST011,Los Bronces,PRD0011,CTR0011,2,39706.27,25368.18,79412.54,28676.18,0.3611,2025-01-07,2025-01-31,,Cancelled,Spot
SO000611,SOL0000810,2024-09-03,CUST010,El Abra,PRD0014,CTR0010,1,44091.68,33788.26,44091.68,10303.42,0.2337,2024-10-13,2024-11-21,2024-12-07,Shipped,Shutdown
SO000612,SOL0000811,2025-01-18,CUST002,El Teniente,PRD0026,,1,12119.74,9625.0,12119.74,2494.74,0.2058,2025-02-06,2025-03-07,2025-03-11,Shipped,Contract
SO000613,SOL0000812,2025-04-27,CUST002,El Teniente,PRD0052,CTR0002,8,10601.34,8941.92,84810.73,13275.37,0.1565,2025-06-03,2025-06-26,2025-07-10,Shipped,Emergency
SO000614,SOL0000813,2026-04-07,CUST009,Caserones,PRD0027,CTR0009,3,6660.75,7139.23,19982.26,-1435.43,-0.0718,2026-05-29,2026-06-04,2026-06-13,Shipped,Spot
SO000615,SOL0000814,2026-04-16,CUST004,Spence,PRD0078,CTR0004,4,10812.12,10278.97,43248.46,2132.58,0.0493,2026-06-09,2026-06-05,2026-06-10,Shipped,Spot
SO000615,SOL0000815,2025-08-17,CUST009,Caserones,PRD0110,CTR0009,2,6240.68,5054.46,12481.36,2372.44,0.1901,2025-10-16,2025-11-09,2025-11-11,Shipped,Contract
SO000616,SOL0000816,2024-04-15,CUST004,Spence,PRD0113,,2,1923.92,1138.34,3847.84,1571.16,0.4083,2024-06-04,2024-04-29,2024-04-26,Shipped,Spot
SO000617,SOL0000817,2024-02-07,CUST010,El Abra,PRD0073,,3,34559.22,26554.29,103677.66,24014.79,0.2316,2024-03-30,2024-02-28,2024-03-05,Shipped,Shutdown
SO000617,SOL0000818,2025-05-15,CUST014,Salar de Atacama,PRD0113,CTR0014,1,1627.81,1139.43,1627.81,488.38,0.3,2025-07-21,2025-07-28,2025-08-15,Shipped,Spot
SO000618,SOL0000819,2024-03-22,CUST015,Los Colorados,PRD0022,,1,1251.14,692.56,1251.14,558.58,0.4465,2024-04-20,2024-06-22,2024-07-06,Shipped,Emergency
SO000618,SOL0000820,2025-05-28,CUST011,Los Bronces,PRD0024,,1,28158.09,17125.96,28158.09,11032.13,0.3918,2025-07-20,2025-08-23,2025-09-03,Shipped,Shutdown
SO000619,SOL0000821,2025-07-15,CUST010,El Abra,PRD0086,,10,5335.45,4364.95,53354.53,9705.03,0.1819,2025-08-13,2025-10-19,2025-10-25,Shipped,Spot
SO000620,SOL0000822,2026-03-27,CUST006,Centinela,PRD0071,CTR0006,1,1234.34,1092.96,1234.34,141.38,0.1145,2026-04-15,2026-05-31,2026-05-27,Shipped,Shutdown
SO000621,SOL0000823,2024-08-30,CUST014,Salar de Atacama,PRD0014,CTR0014,2,41607.41,33625.24,83214.81,15964.33,0.1918,2024-10-20,2024-09-18,2024-10-05,Shipped,Spot
SO000622,SOL0000824,2026-04-23,CUST006,Centinela,PRD0044,CTR0006,3,34753.6,27523.71,104260.8,21689.67,0.208,2026-06-08,2026-07-08,2026-07-25,Shipped,Spot
SO000623,SOL0000825,2024-04-02,CUST014,Salar de Atacama,PRD0104,,1,6670.21,4836.14,6670.21,1834.07,0.275,2024-04-25,2024-04-14,2024-04-11,Shipped,Contract
SO000623,SOL0000826,2025-10-03,CUST012,Sierra Gorda,PRD0065,,5,1613.75,1071.01,8068.74,2713.69,0.3363,2025-10-22,2025-12-18,2026-01-02,Shipped,Shutdown
SO000624,SOL0000827,2025-05-24,CUST011,Los Bronces,PRD0064,CTR0011,2,23942.9,21433.25,47885.79,5019.29,0.1048,2025-06-26,2025-08-26,2025-09-08,Shipped,Spot
SO000624,SOL0000828,2025-05-26,CUST011,Los Bronces,PRD0054,,2,3187.97,2202.6,6375.94,1970.74,0.3091,2025-06-21,2025-08-14,2025-08-11,Shipped,Contract
SO000625,SOL0000829,2025-07-28,CUST013,La Coipa,PRD0074,CTR0013,3,34298.62,25342.45,102895.86,26868.51,0.2611,2025-09-07,2025-08-11,2025-08-12,Shipped,Shutdown
SO000625,SOL0000830,2025-11-09,CUST015,Los Colorados,PRD0039,CTR0015,5,11193.93,8680.83,55969.67,12565.52,0.2245,2025-12-01,2026-01-05,2026-01-23,Shipped,Spot
SO000625,SOL0000831,2025-03-19,CUST010,El Abra,PRD0031,,10,11396.46,9075.83,113964.64,23206.34,0.2036,2025-05-13,2025-06-13,2025-06-21,Shipped,Contract
SO000626,SOL0000832,2025-01-11,CUST006,Centinela,PRD0118,CTR0006,3,13305.48,7618.27,39916.44,17061.63,0.4274,2025-02-18,2025-02-17,2025-02-15,Shipped,Emergency
SO000627,SOL0000833,2025-10-26,CUST002,El Teniente,PRD0040,,1,14024.73,10948.93,14024.73,3075.8,0.2193,2025-11-07,2025-12-17,2025-12-30,Shipped,Contract
SO000627,SOL0000834,2024-09-16,CUST013,La Coipa,PRD0031,,2,11509.26,8511.99,23018.53,5994.55,0.2604,2024-10-10,2024-10-28,2024-10-31,Shipped,Contract
SO000628,SOL0000835,2025-01-31,CUST012,Sierra Gorda,PRD0027,,2,7534.95,6102.9,15069.9,2864.1,0.1901,2025-03-18,2025-03-31,2025-04-13,Shipped,Contract
SO000629,SOL0000836,2025-06-04,CUST014,Salar de Atacama,PRD0054,,4,3088.37,2227.81,12353.47,3442.23,0.2786,2025-08-03,2025-06-29,2025-07-12,Shipped,Contract
SO000630,SOL0000837,2024-06-25,CUST013,La Coipa,PRD0083,,3,4461.87,2433.76,13385.62,6084.34,0.4545,2024-07-02,2024-08-11,2024-08-08,Shipped,Spot
SO000631,SOL0000838,2024-11-09,CUST014,Salar de Atacama,PRD0085,,1,9794.9,5406.67,9794.9,4388.23,0.448,2025-01-18,2025-01-03,2025-01-14,Shipped,Shutdown
SO000631,SOL0000839,2024-03-08,CUST009,Caserones,PRD0068,,3,11133.87,8205.13,33401.61,8786.22,0.263,2024-04-29,2024-05-09,2024-05-18,Shipped,Emergency
SO000632,SOL0000840,2025-11-13,CUST008,Candelaria,PRD0081,CTR0008,10,1158.71,1045.03,11587.14,1136.84,0.0981,2025-12-15,2025-12-14,2026-01-01,Shipped,Shutdown
SO000633,SOL0000841,2024-07-28,CUST004,Spence,PRD0080,,2,6239.52,5150.83,12479.05,2177.39,0.1745,2024-09-28,2024-11-02,2024-11-11,Shipped,Spot
SO000634,SOL0000842,2024-10-22,CUST001,Chuquicamata,PRD0073,CTR0001,3,33474.57,28081.65,100423.71,16178.76,0.1611,2024-12-13,2025-01-18,2025-01-15,Shipped,Shutdown
SO000635,SOL0000843,2026-02-21,CUST009,Caserones,PRD0109,CTR0009,3,30665.29,20423.84,91995.86,30724.34,0.334,2026-04-12,2026-03-09,2026-03-13,Shipped,Spot
SO000635,SOL0000844,2024-03-30,CUST003,Escondida,PRD0119,,10,864.38,471.9,8643.81,3924.81,0.4541,2024-04-22,2024-05-07,2024-05-16,Shipped,Spot
SO000635,SOL0000845,2025-06-07,CUST003,Escondida,PRD0029,,2,12579.81,7201.65,25159.62,10756.32,0.4275,2025-07-16,2025-07-05,2025-07-01,Shipped,Shutdown
SO000635,SOL0000846,2026-01-17,CUST003,Escondida,PRD0048,,1,6868.06,5693.7,6868.06,1174.36,0.171,2026-03-08,2026-02-23,2026-02-18,Shipped,Shutdown
SO000636,SOL0000847,2026-04-04,CUST004,Spence,PRD0028,CTR0004,3,8080.62,6527.38,24241.85,4659.71,0.1922,2026-05-16,2026-05-18,,Backorder,Contract
SO000637,SOL0000848,2024-07-21,CUST002,El Teniente,PRD0108,,2,23340.95,16186.65,46681.91,14308.61,0.3065,2024-09-23,2024-08-07,2024-08-10,Shipped,Contract
SO000637,SOL0000849,2026-01-29,CUST008,Candelaria,PRD0033,,4,11047.74,6201.82,44190.98,19383.7,0.4386,2026-03-09,2026-03-19,2026-03-15,Shipped,Spot
SO000638,SOL0000850,2026-05-05,CUST004,Spence,PRD0027,,1,7254.14,7236.39,7254.14,17.75,0.0024,2026-06-02,2026-07-20,2026-07-20,Shipped,Spot
SO000638,SOL0000851,2024-02-19,CUST013,La Coipa,PRD0004,,10,6928.76,3754.4,69287.61,31743.61,0.4581,2024-03-10,2024-04-17,2024-05-02,Shipped,Emergency
SO000639,SOL0000852,2024-02-25,CUST007,Quebrada Blanca,PRD0106,,10,14418.77,8907.7,144187.65,55110.65,0.3822,2024-04-28,2024-03-22,2024-03-19,Shipped,Spot
SO000640,SOL0000853,2025-07-21,CUST013,La Coipa,PRD0035,CTR0013,8,7566.98,5436.94,60535.83,17040.31,0.2815,2025-08-04,2025-09-08,2025-09-28,Shipped,Spot
SO000641,SOL0000854,2025-09-26,CUST015,Los Colorados,PRD0034,,1,10526.48,5857.38,10526.48,4669.1,0.4436,2025-10-09,2026-01-02,2026-01-18,Shipped,Spot
SO000642,SOL0000855,2026-01-06,CUST010,El Abra,PRD0047,,4,6608.92,5712.21,26435.68,3586.84,0.1357,2026-02-10,2026-01-26,2026-02-13,Shipped,Shutdown
SO000643,SOL0000856,2025-04-11,CUST004,Spence,PRD0006,,2,10770.2,7757.26,21540.4,6025.88,0.2797,2025-05-31,2025-06-17,2025-07-02,Shipped,Shutdown
SO000643,SOL0000857,2024-08-07,CUST004,Spence,PRD0036,,5,3430.62,2629.38,17153.1,4006.2,0.2336,2024-08-17,2024-10-10,2024-10-23,Shipped,Contract
SO000644,SOL0000858,2025-10-16,CUST008,Candelaria,PRD0002,CTR0008,1,20472.04,16967.97,20472.04,3504.07,0.1712,2025-12-20,2025-12-07,2025-12-18,Shipped,Contract
SO000644,SOL0000859,2024-12-04,CUST004,Spence,PRD0027,,1,7297.89,5962.29,7297.89,1335.6,0.183,2025-01-02,2024-12-30,,Backorder,Emergency
SO000644,SOL0000860,2024-04-16,CUST003,Escondida,PRD0023,,15,4937.01,3174.27,74055.17,26441.12,0.357,2024-06-15,2024-06-04,2024-06-14,Shipped,Contract
SO000644,SOL0000861,2024-10-11,CUST004,Spence,PRD0014,,1,46202.5,33777.91,46202.5,12424.59,0.2689,2024-10-30,2025-01-18,2025-01-25,Shipped,Shutdown
SO000645,SOL0000862,2024-07-04,CUST007,Quebrada Blanca,PRD0062,,2,19431.28,11382.17,38862.56,16098.22,0.4142,2024-07-20,2024-08-09,2024-08-07,Shipped,Emergency
SO000646,SOL0000863,2026-03-28,CUST009,Caserones,PRD0062,,8,19225.73,12378.47,153805.82,54778.06,0.3562,2026-06-02,2026-04-16,2026-04-29,Shipped,Contract
SO000647,SOL0000864,2024-07-22,CUST004,Spence,PRD0116,,2,16292.72,12896.08,32585.44,6793.28,0.2085,2024-09-24,2024-10-20,2024-10-20,Shipped,Emergency
SO000648,SOL0000865,2024-03-29,CUST004,Spence,PRD0070,,2,45566.5,28432.8,91133.0,34267.4,0.376,2024-04-24,2024-06-17,2024-07-03,Shipped,Contract
SO000649,SOL0000866,2024-03-11,CUST010,El Abra,PRD0044,,1,36910.02,27272.92,36910.02,9637.1,0.2611,2024-03-29,2024-03-23,,Open,Shutdown
SO000650,SOL0000867,2024-12-01,CUST013,La Coipa,PRD0074,,1,37043.31,23815.09,37043.31,13228.22,0.3571,2025-01-06,2025-01-08,2025-01-22,Shipped,Shutdown
SO000651,SOL0000868,2025-10-17,CUST015,Los Colorados,PRD0096,CTR0015,2,1491.16,1221.65,2982.32,539.02,0.1807,2025-12-07,2026-01-01,2026-01-19,Shipped,Spot
SO000652,SOL0000869,2024-10-18,CUST008,Candelaria,PRD0112,,2,23676.79,17253.1,47353.57,12847.37,0.2713,2024-12-07,2025-01-05,,Cancelled,Spot
SO000653,SOL0000870,2025-05-02,CUST006,Centinela,PRD0064,CTR0006,1,25122.73,21433.25,25122.73,3689.48,0.1469,2025-07-07,2025-08-09,2025-08-10,Shipped,Emergency
SO000654,SOL0000871,2024-09-16,CUST013,La Coipa,PRD0011,,1,43976.7,25026.99,43976.7,59368.54,1.35,2024-10-06,2024-10-06,2024-10-14,Shipped,Shutdown
SO000654,SOL0000872,2024-04-08,CUST002,El Teniente,PRD0041,CTR0002,2,19161.57,15744.51,38323.15,6834.13,0.1783,2024-05-21,2024-06-21,2024-07-09,Shipped,Spot
SO000654,SOL0000873,2025-09-13,CUST008,Candelaria,PRD0081,CTR0008,20,1111.31,1060.8,22226.19,1010.19,0.0455,2025-10-26,2025-10-12,2025-10-09,Shipped,Spot
SO000655,SOL0000874,2025-08-26,CUST011,Los Bronces,PRD0106,,4,15079.32,9791.53,60317.29,21151.17,0.3507,2025-09-04,2025-09-12,2025-09-30,Shipped,Contract
SO000656,SOL0000875,2025-06-20,CUST004,Spence,PRD0002,,1,22083.72,16221.25,22083.72,5862.47,0.2655,2025-07-14,2025-08-01,2025-08-05,Shipped,Shutdown
SO000657,SOL0000876,2024-03-01,CUST004,Spence,PRD0033,,15,10803.81,6006.32,162057.19,71962.39,0.4441,2024-04-20,2024-05-25,2024-06-11,Shipped,Spot
SO000658,SOL0000877,2024-11-08,CUST012,Sierra Gorda,PRD0008,CTR0012,2,5370.26,3858.58,10740.53,3023.37,0.2815,2024-12-05,2024-11-27,2024-12-08,Shipped,Spot
SO000659,SOL0000878,2025-11-21,CUST014,Salar de Atacama,PRD0110,,1,6806.99,5082.4,6806.99,1724.59,0.2534,2025-12-31,2025-12-06,,Backorder,Contract
SO000660,SOL0000879,2025-08-07,CUST004,Spence,PRD0041,,1,20631.4,17067.16,20631.4,3564.24,0.1728,2025-08-14,2025-09-15,2025-09-19,Shipped,Spot
SO000661,SOL0000880,2024-03-09,CUST012,Sierra Gorda,PRD0039,CTR0012,2,10470.0,7835.02,20940.0,5269.96,0.2517,2024-04-11,2024-04-27,2024-05-09,Shipped,Emergency
SO000662,SOL0000881,2025-07-20,CUST002,El Teniente,PRD0108,,2,22677.16,18102.48,45354.32,9149.36,0.2017,2025-09-12,2025-09-17,2025-10-04,Shipped,Emergency
SO000663,SOL0000882,2025-02-23,CUST005,Los Pelambres,PRD0060,,2,20253.54,16738.07,40507.09,7030.95,0.1736,2025-03-02,2025-04-01,,Backorder,Emergency
SO000664,SOL0000883,2024-05-07,CUST004,Spence,PRD0114,,4,2848.87,2245.88,11395.48,2411.96,0.2117,2024-06-14,2024-06-24,2024-07-04,Shipped,Emergency
SO000665,SOL0000884,2024-09-08,CUST011,Los Bronces,PRD0027,,8,7178.79,5852.24,57430.35,10612.43,0.1848,2024-10-04,2024-12-01,2024-12-08,Shipped,Contract
SO000666,SOL0000885,2024-06-25,CUST004,Spence,PRD0008,,20,6197.61,3735.76,123952.2,49237.0,0.3972,2024-07-13,2024-07-24,2024-08-13,Shipped,Shutdown
SO000667,SOL0000886,2026-02-19,CUST005,Los Pelambres,PRD0042,,8,5318.02,3226.27,42544.13,16733.97,0.3933,2026-04-11,2026-03-04,,Cancelled,Emergency
SO000667,SOL0000887,2025-04-18,CUST013,La Coipa,PRD0011,,1,42987.01,26444.32,42987.01,16542.69,0.3848,2025-06-21,2025-06-06,2025-06-20,Shipped,Shutdown
SO000668,SOL0000888,2025-02-25,CUST008,Candelaria,PRD0107,CTR0008,1,37493.11,28931.56,37493.11,8561.55,0.2284,2025-03-18,2025-05-30,2025-05-29,Shipped,Contract
SO000669,SOL0000889,2026-04-07,CUST012,Sierra Gorda,PRD0091,CTR0012,3,796.84,652.62,2390.53,432.67,0.181,2026-06-12,2026-05-27,2026-06-12,Shipped,Shutdown
SO000670,SOL0000890,2025-05-17,CUST008,Candelaria,PRD0091,CTR0008,3,800.11,589.49,2400.32,631.85,0.2632,2025-06-09,2025-07-12,2025-07-29,Shipped,Contract
SO000671,SOL0000891,2025-05-30,CUST011,Los Bronces,PRD0091,,8,879.98,589.49,7039.86,2323.94,0.3301,2025-06-15,2025-06-17,2025-06-27,Shipped,Emergency
SO000672,SOL0000892,2025-04-09,CUST014,Salar de Atacama,PRD0034,CTR0014,2,9410.54,5912.28,18821.07,6996.51,0.3717,2025-06-04,2025-05-07,2025-05-27,Shipped,Shutdown
SO000673,SOL0000893,2025-03-17,CUST001,Chuquicamata,PRD0087,,15,2377.27,1329.39,35659.04,15718.19,0.4408,2025-05-10,2025-05-10,2025-05-30,Shipped,Emergency
SO000673,SOL0000894,2024-06-03,CUST013,La Coipa,PRD0074,,1,36915.6,24223.43,36915.6,12692.17,0.3438,2024-06-29,2024-07-20,2024-07-22,Shipped,Shutdown
SO000674,SOL0000895,2025-02-19,CUST013,La Coipa,PRD0074,CTR0013,1,33333.71,23856.44,33333.71,9477.27,0.2843,2025-04-06,2025-04-22,2025-04-26,Shipped,Emergency
SO000675,SOL0000896,2026-05-25,CUST006,Centinela,PRD0015,,3,42980.47,31178.53,128941.41,35405.82,0.2746,2026-07-11,2026-08-17,2026-08-18,Shipped,Spot
SO000675,SOL0000897,2025-03-26,CUST006,Centinela,PRD0002,,2,22952.61,16079.03,45905.22,13747.16,0.2995,2025-05-11,2025-05-23,,Cancelled,Emergency
SO000676,SOL0000898,2024-07-07,CUST008,Candelaria,PRD0038,,2,56234.37,33700.4,112468.74,45067.94,0.4007,2024-08-20,2024-08-14,2024-09-02,Shipped,Emergency
SO000677,SOL0000899,2024-08-19,CUST010,El Abra,PRD0071,CTR0010,3,1219.09,921.57,3657.27,892.56,0.2441,2024-10-26,2024-11-11,2024-11-23,Shipped,Shutdown
SO000678,SOL0000900,2025-12-30,CUST015,Los Colorados,PRD0072,,10,11291.38,8378.47,112913.83,29129.13,0.258,2026-02-01,2026-03-15,2026-03-31,Shipped,Emergency
SO000679,SOL0000901,2025-03-15,CUST002,El Teniente,PRD0096,,8,1568.27,1251.87,12546.19,2531.23,0.2018,2025-05-07,2025-05-20,2025-05-27,Shipped,Spot
SO000680,SOL0000902,2024-11-05,CUST010,El Abra,PRD0083,,1,4384.21,2424.25,4384.21,1959.96,0.447,2024-12-13,2024-12-12,2024-12-28,Shipped,Contract
SO000681,SOL0000903,2025-06-21,CUST013,La Coipa,PRD0047,CTR0013,2,6496.86,5737.13,12993.71,1519.45,0.1169,2025-07-31,2025-08-29,2025-09-10,Shipped,Contract
SO000682,SOL0000904,2025-12-28,CUST004,Spence,PRD0079,,8,10372.36,6602.76,82978.85,30156.77,0.3634,2026-01-17,2026-03-06,2026-03-02,Shipped,Contract
SO000682,SOL0000905,2026-05-26,CUST012,Sierra Gorda,PRD0026,CTR0012,15,10250.67,9621.5,153760.09,9437.59,0.0614,2026-06-07,2026-06-25,2026-06-22,Shipped,Emergency
SO000683,SOL0000906,2026-04-23,CUST002,El Teniente,PRD0073,,2,35661.36,30891.51,71322.72,9539.7,0.1338,2026-06-08,2026-05-03,,Open,Contract
SO000683,SOL0000907,2026-06-17,CUST003,Escondida,PRD0027,,3,7310.31,7149.26,21930.94,483.16,0.022,2026-08-01,2026-07-16,2026-07-18,Shipped,Contract
SO000684,SOL0000908,2025-08-23,CUST015,Los Colorados,PRD0071,,20,1275.0,1043.13,25499.92,4637.32,0.1819,2025-09-01,2025-10-12,2025-10-08,Shipped,Spot
SO000685,SOL0000909,2024-02-29,CUST015,Los Colorados,PRD0005,,5,5582.77,4053.34,27913.86,7647.16,0.274,2024-03-29,2024-06-05,2024-06-12,Shipped,Spot
SO000686,SOL0000910,2024-12-10,CUST006,Centinela,PRD0071,,5,1239.06,999.98,6195.31,1195.41,0.193,2025-01-08,2025-01-07,2025-01-23,Shipped,Contract
SO000687,SOL0000911,2026-04-07,CUST008,Candelaria,PRD0065,,15,1641.57,1099.2,24623.51,8135.51,0.3304,2026-04-14,2026-05-01,2026-05-21,Shipped,Contract
SO000688,SOL0000912,2025-06-01,CUST001,Chuquicamata,PRD0008,CTR0001,3,6100.7,3875.75,18302.09,6674.84,0.3647,2025-07-16,2025-08-24,2025-08-20,Shipped,Emergency
SO000688,SOL0000913,2025-06-16,CUST006,Centinela,PRD0064,CTR0006,1,26331.17,21827.15,26331.17,4504.02,0.1711,2025-07-01,2025-07-19,2025-07-15,Shipped,Spot
SO000689,SOL0000914,2024-11-30,CUST003,Escondida,PRD0100,,1,2890.55,1624.79,2890.55,1265.76,0.4379,2025-01-11,2024-12-23,2025-01-05,Shipped,Emergency
SO000689,SOL0000915,2024-12-24,CUST007,Quebrada Blanca,PRD0083,,2,4530.99,2409.2,9061.98,4243.58,0.4683,2025-01-29,2025-01-25,2025-01-22,Shipped,Emergency
SO000690,SOL0000916,2025-04-21,CUST010,El Abra,PRD0033,,20,10564.02,6141.99,211280.48,88440.68,0.4186,2025-06-17,2025-06-22,2025-06-20,Shipped,Contract
SO000690,SOL0000917,2026-05-17,CUST004,Spence,PRD0069,CTR0004,10,6772.78,5828.7,67727.85,9440.85,0.1394,2026-07-20,2026-08-02,2026-07-29,Shipped,Shutdown
SO000690,SOL0000918,2025-08-19,CUST011,Los Bronces,PRD0054,,8,3027.64,2276.33,24221.11,6010.47,0.2481,2025-09-01,2025-10-11,,Open,Contract
SO000691,SOL0000919,2024-12-26,CUST008,Candelaria,PRD0112,,3,23206.45,17628.23,69619.36,16734.67,0.2404,2025-01-20,2025-03-09,2025-03-16,Shipped,Emergency
SO000692,SOL0000920,2024-05-07,CUST004,Spence,PRD0020,,2,17425.52,9872.17,34851.04,15106.7,0.4335,2024-05-19,2024-08-03,2024-08-15,Shipped,Shutdown
SO000693,SOL0000921,2024-01-06,CUST011,Los Bronces,PRD0107,,1,40814.08,27263.3,40814.08,13550.78,0.332,2024-02-23,2024-03-19,2024-03-17,Shipped,Contract
SO000694,SOL0000922,2024-11-30,CUST004,Spence,PRD0078,,3,11662.93,9442.31,34988.79,6661.86,0.1904,2024-12-16,2025-01-29,2025-02-01,Shipped,Spot
SO000695,SOL0000923,2025-09-23,CUST002,El Teniente,PRD0073,,2,34396.11,31547.61,68792.21,5696.99,0.0828,2025-10-10,2025-10-04,2025-10-16,Shipped,Shutdown
SO000696,SOL0000924,2025-06-17,CUST010,El Abra,PRD0052,CTR0010,1,10665.31,9276.43,10665.31,1388.88,0.1302,2025-08-16,2025-07-27,,Open,Spot
SO000697,SOL0000925,2025-05-06,CUST006,Centinela,PRD0119,CTR0006,15,824.22,499.66,12363.24,4868.34,0.3938,2025-07-01,2025-07-25,2025-08-13,Shipped,Emergency
SO000698,SOL0000926,2026-03-18,CUST008,Candelaria,PRD0060,,3,17458.26,18189.32,52374.79,-2193.17,-0.0419,2026-04-02,2026-06-18,2026-06-14,Shipped,Contract
SO000699,SOL0000927,2024-03-24,CUST006,Centinela,PRD0108,,2,23045.13,15728.24,46090.27,14633.79,0.3175,2024-04-04,2024-04-03,2024-04-07,Shipped,Shutdown
SO000700,SOL0000928,2024-05-15,CUST006,Centinela,PRD0062,,10,18423.91,11549.94,184239.14,68739.74,0.3731,2024-06-15,2024-08-17,2024-08-21,Shipped,Emergency
SO000700,SOL0000929,2024-11-13,CUST007,Quebrada Blanca,PRD0061,,2,8381.04,6702.27,16762.08,3357.54,0.2003,2024-12-31,2025-01-14,2025-01-13,Shipped,Emergency
SO000700,SOL0000930,2025-06-13,CUST004,Spence,PRD0061,CTR0004,15,7800.43,7072.74,117006.46,10915.36,0.0933,2025-08-14,2025-07-26,2025-07-30,Shipped,Contract
SO000701,SOL0000931,2025-12-26,CUST012,Sierra Gorda,PRD0068,,20,9635.54,9588.98,192710.76,931.16,0.0048,2026-01-21,2026-03-15,,Backorder,Contract
SO000702,SOL0000932,2026-06-30,CUST013,La Coipa,PRD0017,,2,7076.95,4555.21,14153.9,5043.48,0.3563,2026-07-28,2026-10-01,2026-10-16,Shipped,Spot
SO000703,SOL0000933,2024-12-04,CUST010,El Abra,PRD0098,,4,1420.77,1097.05,5683.09,1294.89,0.2278,2025-01-15,2025-03-14,,Open,Shutdown
SO000704,SOL0000934,2026-06-14,CUST015,Los Colorados,PRD0051,,1,37412.35,25326.22,37412.35,12086.13,0.3231,2026-06-21,2026-08-12,2026-08-16,Shipped,Shutdown
SO000705,SOL0000935,2024-04-07,CUST014,Salar de Atacama,PRD0073,,1,35747.94,27431.99,35747.94,8315.95,0.2326,2024-05-03,2024-04-21,2024-04-19,Shipped,Contract
SO000706,SOL0000936,2025-03-21,CUST014,Salar de Atacama,PRD0085,,2,9942.25,5468.23,19884.5,8948.04,0.45,2025-04-20,2025-06-27,2025-07-03,Shipped,Emergency
SO000707,SOL0000937,2024-04-28,CUST005,Los Pelambres,PRD0116,,15,17059.06,12779.54,255885.94,64192.84,0.2509,2024-06-03,2024-07-21,,Cancelled,Shutdown
SO000707,SOL0000938,2025-09-20,CUST012,Sierra Gorda,PRD0089,,1,10496.91,6725.08,10496.91,3771.83,0.3593,2025-10-15,2025-10-22,2025-11-11,Shipped,Emergency
SO000708,SOL0000939,2024-06-13,CUST011,Los Bronces,PRD0017,,15,7303.78,4094.58,109556.65,48137.95,0.4394,2024-08-20,2024-09-19,2024-09-19,Shipped,Emergency
SO000709,SOL0000940,2025-11-18,CUST008,Candelaria,PRD0008,CTR0008,8,5528.29,3934.77,44226.33,12748.17,0.2882,2025-12-21,2026-01-13,2026-01-26,Shipped,Emergency
SO000710,SOL0000941,2025-11-12,CUST003,Escondida,PRD0079,,1,10762.69,6463.76,10762.69,4298.93,0.3994,2025-12-04,2025-12-08,2025-12-16,Shipped,Emergency
SO000711,SOL0000942,2024-01-06,CUST006,Centinela,PRD0108,,1,23090.48,15813.77,23090.48,7276.71,0.3151,2024-01-26,2024-04-03,2024-03-29,Shipped,Emergency
SO000712,SOL0000943,2024-11-06,CUST009,Caserones,PRD0068,,1,11174.19,8680.82,11174.19,-5028.39,-0.45,2024-12-18,2024-12-19,2024-12-17,Shipped,Spot
SO000713,SOL0000944,2024-04-09,CUST013,La Coipa,PRD0109,,2,34636.33,18056.73,69272.66,33159.2,0.4787,2024-05-11,2024-06-12,,Open,Contract
SO000714,SOL0000945,2025-10-25,CUST008,Candelaria,PRD0093,,3,38504.29,28147.73,115512.88,31069.69,0.269,2025-11-14,2026-01-05,2026-01-05,Shipped,Emergency
SO000714,SOL0000946,2025-02-16,CUST012,Sierra Gorda,PRD0047,CTR0012,4,6033.43,5580.15,24133.73,1813.13,0.0751,2025-04-22,2025-05-12,,Backorder,Emergency
SO000714,SOL0000947,2024-04-06,CUST010,El Abra,PRD0004,,1,7126.68,3822.75,7126.68,3303.93,0.4636,2024-04-30,2024-07-01,,Backorder,Shutdown
SO000715,SOL0000948,2025-06-28,CUST001,Chuquicamata,PRD0045,,2,7233.29,5076.62,14466.58,4313.34,0.2982,2025-09-01,2025-09-16,,Backorder,Contract
SO000716,SOL0000949,2024-10-30,CUST011,Los Bronces,PRD0005,,1,5432.99,4246.74,5432.99,1186.25,0.2183,2025-01-05,2024-11-14,2024-11-21,Shipped,Emergency
SO000716,SOL0000950,2026-05-31,CUST004,Spence,PRD0116,,10,14605.4,13832.38,146054.05,7730.25,0.0529,2026-06-13,2026-07-28,2026-07-27,Shipped,Contract
SO000716,SOL0000951,2024-09-16,CUST003,Escondida,PRD0054,,2,3042.16,2153.3,6084.32,1777.72,0.2922,2024-11-19,2024-11-04,2024-11-10,Shipped,Shutdown
SO000717,SOL0000952,2025-08-06,CUST013,La Coipa,PRD0047,CTR0013,10,6249.54,5765.83,62495.4,4837.1,0.0774,2025-09-10,2025-09-17,2025-09-26,Shipped,Spot
SO000718,SOL0000953,2025-03-19,CUST005,Los Pelambres,PRD0038,,3,57288.71,36399.61,171866.12,62667.29,0.3646,2025-05-19,2025-06-04,2025-06-03,Shipped,Contract
SO000719,SOL0000954,2024-12-08,CUST011,Los Bronces,PRD0004,,5,6962.24,3958.57,34811.22,15018.37,0.4314,2024-12-31,2025-01-16,2025-01-27,Shipped,Spot
SO000720,SOL0000955,2024-07-13,CUST003,Escondida,PRD0044,,1,36414.53,27160.5,36414.53,9254.03,0.2541,2024-09-11,2024-08-09,,Cancelled,Shutdown
SO000721,SOL0000956,2025-12-31,CUST013,La Coipa,PRD0001,CTR0013,3,40064.0,28438.33,120191.99,34877.0,0.2902,2026-01-29,2026-03-19,2026-03-21,Shipped,Contract
SO000722,SOL0000957,2025-11-22,CUST002,El Teniente,PRD0096,,8,1653.88,1241.12,13231.02,3302.06,0.2496,2025-12-11,2025-12-19,2025-12-27,Shipped,Emergency
SO000723,SOL0000958,2024-07-16,CUST014,Salar de Atacama,PRD0014,CTR0014,1,41590.97,33673.68,41590.97,7917.29,0.1904,2024-08-30,2024-10-08,2024-10-12,Shipped,Shutdown
SO000724,SOL0000959,2025-03-16,CUST011,Los Bronces,PRD0082,CTR0011,1,1909.34,1319.81,1909.34,589.53,0.3088,2025-04-28,2025-05-23,,Backorder,Spot
SO000725,SOL0000960,2025-09-16,CUST015,Los Colorados,PRD0063,,1,6864.98,6095.96,6864.98,769.02,0.112,2025-11-15,2025-10-10,2025-10-20,Shipped,Spot
SO000726,SOL0000961,2024-11-19,CUST001,Chuquicamata,PRD0059,,2,28114.12,21075.54,56228.24,14077.16,0.2504,2024-12-14,2025-02-18,2025-02-15,Shipped,Spot
SO000726,SOL0000962,2025-02-30,CUST012,Sierra Gorda,PRD0040,CTR0012,5,12377.76,10952.39,61888.79,7126.84,0.1152,2026-04-05,2026-04-18,2026-04-26,Shipped,Emergency
SO000727,SOL0000963,2025-01-27,CUST015,Los Colorados,PRD0082,CTR0015,1,2006.13,1298.05,2006.13,708.08,0.353,2025-02-14,2025-03-21,2025-03-27,Shipped,Shutdown
SO000728,SOL0000964,2024-01-15,CUST012,Sierra Gorda,PRD0041,,2,20742.53,15724.96,41485.06,10035.14,0.2419,2024-01-30,2024-03-13,2024-04-01,Shipped,Shutdown
SO000728,SOL0000965,2025-10-07,CUST001,Chuquicamata,PRD0109,CTR0001,2,32897.15,20202.5,65794.3,25389.3,0.3859,2025-10-23,2025-11-21,2025-11-26,Shipped,Emergency
SO000729,SOL0000966,2026-04-29,CUST012,Sierra Gorda,PRD0035,,5,7744.79,5488.59,38723.96,11281.01,0.2913,2026-06-08,2026-05-15,2026-05-20,Shipped,Shutdown
SO000730,SOL0000967,2026-01-13,CUST002,El Teniente,PRD0120,,2,12586.93,10790.7,25173.86,3592.46,0.1427,2026-02-10,2026-02-25,2026-03-09,Shipped,Emergency
SO000731,SOL0000968,2024-12-03,CUST014,Salar de Atacama,PRD0054,,1,3074.47,2246.29,3074.47,828.18,0.2694,2025-02-02,2025-02-03,2025-02-17,Shipped,Contract
SO000732,SOL0000969,2025-07-16,CUST010,El Abra,PRD0014,CTR0010,1,43512.64,34449.93,43512.64,9062.71,0.2083,2025-08-02,2025-09-15,2025-09-12,Shipped,Spot
SO000732,SOL0000970,2024-04-25,CUST014,Salar de Atacama,PRD0113,CTR0014,3,1720.35,1138.34,5161.04,1746.02,0.3383,2024-07-03,2024-05-18,2024-05-23,Shipped,Shutdown
SO000732,SOL0000971,2024-01-16,CUST012,Sierra Gorda,PRD0080,CTR0012,15,5703.8,4869.2,85556.97,12518.97,0.1463,2024-03-15,2024-04-21,2024-05-08,Shipped,Shutdown
SO000733,SOL0000972,2024-04-08,CUST004,Spence,PRD0035,,1,8060.86,4901.21,8060.86,3159.65,0.392,2024-06-12,2024-05-20,2024-05-27,Shipped,Spot
SO000734,SOL0000973,2025-01-23,CUST012,Sierra Gorda,PRD0020,,2,17973.29,11052.08,35946.59,13842.43,0.3851,2025-02-23,2025-03-10,2025-03-18,Shipped,Contract
SO000734,SOL0000974,2025-02-06,CUST003,Escondida,PRD0042,,2,5325.46,2955.05,10650.91,4740.81,0.4451,2025-03-09,2025-02-20,2025-02-28,Shipped,Emergency
SO000735,SOL0000975,2024-05-24,CUST011,Los Bronces,PRD0027,,10,7192.21,5764.58,71922.09,14276.29,0.1985,2024-05-31,2024-06-03,2024-06-06,Shipped,Shutdown
SO000735,SOL0000976,2025-06-27,CUST015,Los Colorados,PRD0018,,10,1224.54,1074.68,12245.42,1498.62,0.1224,2025-08-18,2025-08-16,2025-09-01,Shipped,Shutdown
SO000736,SOL0000977,2025-03-23,CUST002,El Teniente,PRD0110,,10,6939.45,4867.96,69394.51,20714.91,0.2985,2025-04-09,2025-05-06,2025-05-19,Shipped,Contract
SO000737,SOL0000978,2025-09-04,CUST009,Caserones,PRD0096,,2,1561.73,1239.55,3123.46,644.36,0.2063,2025-09-14,2025-10-09,2025-10-04,Shipped,Spot
SO000738,SOL0000979,2026-01-15,CUST004,Spence,PRD0078,CTR0004,2,10791.16,10333.16,21582.32,916.0,0.0424,2026-03-11,2026-03-09,2026-03-24,Shipped,Emergency
SO000739,SOL0000980,2024-12-27,CUST007,Quebrada Blanca,PRD0051,,1,36979.7,23570.57,36979.7,13409.13,0.3626,2025-02-13,2025-03-17,2025-03-16,Shipped,Spot
SO000740,SOL0000981,2024-11-21,CUST015,Los Colorados,PRD0003,CTR0015,20,10551.17,8230.36,211023.47,46416.27,0.22,2025-01-20,2025-01-11,2025-01-18,Shipped,Shutdown
SO000740,SOL0000982,2025-03-03,CUST012,Sierra Gorda,PRD0031,,20,11759.82,9075.83,235196.48,53679.88,0.2282,2025-04-24,2025-05-21,2025-06-06,Shipped,Contract
SO000741,SOL0000983,2025-01-01,CUST013,La Coipa,PRD0073,,1,35588.24,29309.53,35588.24,6278.71,0.1764,2025-02-14,2025-01-25,2025-02-01,Shipped,Contract
SO000742,SOL0000984,2026-05-12,CUST006,Centinela,PRD0091,CTR0006,2,841.95,665.93,1683.91,352.05,0.2091,2026-06-23,2026-08-07,2026-08-18,Shipped,Emergency
SO000742,SOL0000985,2025-06-15,CUST001,Chuquicamata,PRD0051,,1,36121.33,23685.41,36121.33,12435.92,0.3443,2025-06-29,2025-06-26,2025-06-23,Shipped,Emergency
SO000743,SOL0000986,2024-06-09,CUST005,Los Pelambres,PRD0034,,1,10732.51,6068.13,10732.51,4664.38,0.4346,2024-07-24,2024-07-14,2024-07-14,Shipped,Spot
SO000744,SOL0000987,2025-04-27,CUST001,Chuquicamata,PRD0063,CTR0001,10,6417.73,5909.87,64177.34,5078.64,0.0791,2025-06-17,2025-05-31,2025-06-16,Shipped,Contract
SO000744,SOL0000988,2025-11-15,CUST014,Salar de Atacama,PRD0114,,8,2883.26,2585.79,23066.06,2379.74,0.1032,2025-11-28,2025-12-13,2025-12-19,Shipped,Shutdown
SO000744,SOL0000989,2025-01-18,CUST011,Los Bronces,PRD0096,CTR0011,8,1466.83,1242.63,11734.63,1793.59,0.1528,2025-02-01,2025-03-07,,Backorder,Shutdown
SO000745,SOL0000990,2024-10-29,CUST014,Salar de Atacama,PRD0074,,1,35585.93,24355.63,35585.93,11230.3,0.3156,2024-12-23,2024-12-17,2024-12-31,Shipped,Shutdown
SO000746,SOL0000991,2025-10-26,CUST008,Candelaria,PRD0004,,1,7068.35,4365.62,7068.35,2702.73,0.3824,2025-12-31,2025-11-25,2025-12-09,Shipped,Emergency
SO000747,SOL0000992,2025-06-11,CUST010,El Abra,PRD0005,,5,5570.67,4880.49,27853.35,3450.9,0.1239,2025-08-02,2025-07-31,2025-08-11,Shipped,Emergency
SO000748,SOL0000993,2024-09-09,CUST001,Chuquicamata,PRD0064,,3,27539.52,20376.02,82618.57,21490.51,0.2601,2024-11-12,2024-10-15,2024-10-11,Shipped,Contract
SO000748,SOL0000994,2024-08-04,CUST006,Centinela,PRD0076,,3,22541.72,16937.87,67625.17,16811.56,0.2486,2024-10-13,2024-09-06,2024-09-06,Shipped,Shutdown
SO000749,SOL0000995,2025-05-18,CUST014,Salar de Atacama,PRD0044,,1,36858.12,26883.93,36858.12,9974.19,0.2706,2025-06-28,2025-07-01,2025-06-30,Shipped,Emergency
SO000749,SOL0000996,2025-03-06,CUST004,Spence,PRD0003,,2,11533.65,8507.74,23067.31,6051.83,0.2624,2025-05-07,2025-06-01,2025-06-13,Shipped,Shutdown
SO000750,SOL0000997,2026-04-20,CUST014,Salar de Atacama,PRD0058,,10,3584.66,2982.91,35846.62,6017.52,0.1679,2026-05-22,2026-06-16,2026-06-19,Shipped,Emergency
SO000751,SOL0000998,2024-10-03,CUST004,Spence,PRD0034,,10,10515.11,5967.92,105151.12,45471.92,0.4324,2024-11-08,2024-11-26,2024-12-16,Shipped,Shutdown
SO000751,SOL0000999,2025-03-12,CUST001,Chuquicamata,PRD0094,,1,23269.46,18073.68,23269.46,5195.78,0.2233,2025-04-30,2025-06-06,2025-06-11,Shipped,Emergency
SO000751,SOL0001000,2025-06-05,CUST010,El Abra,PRD0004,,1,7208.84,4087.27,7208.84,3121.57,0.433,2025-08-14,2025-09-13,2025-10-03,Shipped,Shutdown
SO000752,SOL0001001,2026-05-31,CUST007,Quebrada Blanca,PRD0081,CTR0007,20,1150.6,1106.52,23012.08,881.68,0.0383,2026-06-22,2026-07-21,2026-08-05,Shipped,Spot
SO000753,SOL0001002,2026-02-05,CUST011,Los Bronces,PRD0074,CTR0011,1,32074.64,26001.11,32074.64,6073.53,0.1894,2026-04-10,2026-05-05,2026-05-20,Shipped,Shutdown
SO000754,SOL0001003,2024-02-19,CUST009,Caserones,PRD0118,CTR0009,1,12890.12,7375.91,12890.12,5514.21,0.4278,2024-02-28,2024-03-21,2024-04-09,Shipped,Contract
SO000754,SOL0001004,2026-02-22,CUST003,Escondida,PRD0085,,4,10050.42,5637.06,40201.69,17653.45,0.4391,2026-03-18,2026-04-14,2026-04-19,Shipped,Shutdown
SO000755,SOL0001005,2026-06-18,CUST003,Escondida,PRD0079,,2,10272.39,6917.34,20544.78,6710.1,0.3266,2026-07-01,2026-07-21,2026-07-18,Shipped,Contract
SO000756,SOL0001006,2024-03-02,CUST015,Los Colorados,PRD0068,,3,11023.74,8205.13,33071.23,8455.84,0.2557,2024-05-02,2024-05-30,2024-06-08,Shipped,Shutdown
SO000757,SOL0001007,2024-09-20,CUST005,Los Pelambres,PRD0091,,20,906.95,582.76,18138.98,6483.78,0.3575,2024-11-02,2024-12-15,2025-01-04,Shipped,Contract
SO000758,SOL0001008,2024-08-07,CUST001,Chuquicamata,PRD0027,,10,7465.43,5837.01,74654.28,16284.18,0.2181,2024-10-14,2024-09-16,2024-10-05,Shipped,Spot
SO000758,SOL0001009,2024-04-13,CUST012,Sierra Gorda,PRD0081,CTR0012,8,1146.63,1014.44,9173.06,1057.54,0.1153,2024-06-18,2024-05-03,2024-05-14,Shipped,Shutdown
SO000759,SOL0001010,2026-02-16,CUST010,El Abra,PRD0034,,8,10466.38,6144.3,83731.06,34576.66,0.4129,2026-03-02,2026-03-14,2026-03-27,Shipped,Spot
SO000760,SOL0001011,2025-07-10,CUST014,Salar de Atacama,PRD0006,,8,10746.4,7787.32,85971.18,23672.62,0.2754,2025-08-31,2025-10-14,2025-11-02,Shipped,Shutdown
SO000761,SOL0001012,2024-01-01,CUST010,El Abra,PRD0097,,2,882.7,673.67,1765.4,418.06,0.2368,2024-01-11,2024-02-19,2024-02-19,Shipped,Shutdown
SO000762,SOL0001013,2025-08-31,CUST011,Los Bronces,PRD0018,CTR0011,5,1130.05,1050.28,5650.25,398.85,0.0706,2025-11-04,2025-09-21,2025-09-23,Shipped,Shutdown
SO000763,SOL0001014,2024-04-14,CUST001,Chuquicamata,PRD0113,,20,1973.84,1138.34,39476.89,16710.09,0.4233,2024-05-06,2024-05-06,2024-05-15,Shipped,Spot
SO000764,SOL0001015,2026-06-02,CUST006,Centinela,PRD0041,CTR0006,2,19016.78,18859.6,38033.56,314.36,0.0083,2026-06-24,2026-06-30,2026-07-17,Shipped,Contract
SO000764,SOL0001016,2025-11-05,CUST015,Los Colorados,PRD0103,,2,8495.26,7126.51,16990.51,2737.49,0.1611,2025-12-08,2025-12-24,2026-01-09,Shipped,Shutdown
SO000765,SOL0001017,2025-07-12,CUST008,Candelaria,PRD0115,,15,8668.41,6266.45,130026.19,36029.44,0.2771,2025-08-01,2025-09-04,,Backorder,Shutdown
SO000766,SOL0001018,2026-01-06,CUST011,Los Bronces,PRD0111,CTR0011,10,10571.69,8798.14,105716.91,17735.51,0.1678,2026-03-09,2026-03-27,2026-04-04,Shipped,Spot
SO000767,SOL0001019,2025-08-13,CUST012,Sierra Gorda,PRD0103,,5,8364.9,6802.89,41824.48,7810.03,0.1867,2025-09-20,2025-09-17,2025-09-24,Shipped,Contract
SO000768,SOL0001020,2025-08-06,CUST009,Caserones,PRD0014,,3,45953.84,34780.45,137861.51,33520.16,0.2431,2025-09-02,2025-08-23,2025-09-04,Shipped,Shutdown
SO000769,SOL0001021,2024-05-07,CUST015,Los Colorados,PRD0087,,15,2388.67,1296.23,35830.1,16386.65,0.4573,2024-07-10,2024-06-20,2024-06-29,Shipped,Spot
SO000770,SOL0001022,2025-06-11,CUST007,Quebrada Blanca,PRD0051,,3,37940.1,23685.41,113820.29,42764.06,0.3757,2025-08-09,2025-07-22,2025-07-25,Shipped,Shutdown
SO000771,SOL0001023,2024-04-02,CUST008,Candelaria,PRD0110,,5,6866.57,4738.4,34332.86,10640.86,0.3099,2024-05-23,2024-04-20,2024-04-22,Shipped,Contract
SO000771,SOL0001024,2025-11-27,CUST011,Los Bronces,PRD0080,,2,6106.59,5512.53,12213.18,1188.12,0.0973,2025-12-20,2026-02-13,2026-02-27,Shipped,Contract
SO000772,SOL0001025,2025-02-19,CUST004,Spence,PRD0114,CTR0004,1,2585.53,2350.58,2585.53,234.95,0.0909,2025-03-15,2025-05-15,2025-05-13,Shipped,Emergency
SO000773,SOL0001026,2025-01-31,CUST011,Los Bronces,PRD0038,,2,56310.04,35649.73,112620.09,41320.63,0.3669,2025-02-27,2025-04-20,2025-05-01,Shipped,Contract
SO000773,SOL0001027,2025-05-28,CUST001,Chuquicamata,PRD0115,,1,8676.05,6206.18,8676.05,2469.87,0.2847,2025-06-16,2025-06-22,2025-07-09,Shipped,Emergency
SO000774,SOL0001028,2025-04-02,CUST009,Caserones,PRD0020,,3,18265.78,11107.51,54797.33,21474.8,0.3919,2025-05-05,2025-05-19,2025-05-15,Shipped,Shutdown
SO000775,SOL0001029,2024-03-07,CUST005,Los Pelambres,PRD0079,,8,10176.0,5743.5,81408.02,35460.02,0.4356,2024-04-13,2024-05-31,2024-06-14,Shipped,Contract
SO000776,SOL0001030,2025-09-09,CUST012,Sierra Gorda,PRD0112,,3,23842.35,19246.83,71527.05,13786.56,0.1927,2025-11-16,2025-11-23,2025-12-03,Shipped,Spot
SO000777,SOL0001031,2026-04-26,CUST004,Spence,PRD0089,,2,10033.59,7024.13,20067.19,6018.93,0.2999,2026-05-30,2026-06-30,2026-07-05,Shipped,Spot
SO000777,SOL0001032,2025-01-10,CUST012,Sierra Gorda,PRD0080,CTR0012,2,5722.79,5110.91,11445.58,1223.76,0.1069,2025-01-29,2025-01-22,2025-02-08,Shipped,Shutdown
SO000777,SOL0001033,2024-12-16,CUST014,Salar de Atacama,PRD0099,,5,2585.88,2084.27,12929.4,2508.05,0.194,2025-01-16,2025-03-17,,Open,Contract
SO000777,SOL0001034,2024-03-19,CUST008,Candelaria,PRD0101,,4,7695.6,4831.37,30782.41,11456.93,0.3722,2024-05-09,2024-04-24,2024-05-12,Shipped,Shutdown
SO000778,SOL0001035,2026-04-22,CUST003,Escondida,PRD0026,,10,11858.61,9742.99,118586.15,21156.25,0.1784,2026-06-16,2026-07-25,2026-07-30,Shipped,Shutdown
SO000779,SOL0001036,2025-06-09,CUST014,Salar de Atacama,PRD0027,,10,7192.81,6321.71,71928.11,8711.01,0.1211,2025-08-15,2025-07-26,2025-08-01,Shipped,Spot
SO000779,SOL0001037,2024-05-13,CUST012,Sierra Gorda,PRD0039,CTR0012,20,10657.47,7946.75,213149.41,54214.41,0.2543,2024-07-11,2024-08-12,2024-08-30,Shipped,Shutdown
SO000780,SOL0001038,2024-08-19,CUST014,Salar de Atacama,PRD0054,,1,3189.25,2141.19,3189.25,1048.06,0.3286,2024-09-11,2024-10-03,,Open,Contract
SO000781,SOL0001039,2024-04-04,CUST014,Salar de Atacama,PRD0002,,1,22967.15,14749.27,22967.15,8217.88,0.3578,2024-05-08,2024-05-12,2024-05-12,Shipped,Shutdown
SO000782,SOL0001040,2025-10-23,CUST008,Candelaria,PRD0043,,2,26281.97,17798.28,52563.93,16967.37,0.3228,2025-12-23,2026-01-26,2026-02-02,Shipped,Spot
SO000783,SOL0001041,2024-06-02,CUST005,Los Pelambres,PRD0098,,2,1432.95,1103.21,2865.91,659.49,0.2301,2024-08-03,2024-08-02,2024-08-13,Shipped,Spot
SO000783,SOL0001042,2026-04-17,CUST001,Chuquicamata,PRD0099,,5,2839.34,2301.14,14196.69,2690.99,0.1896,2026-05-12,2026-07-17,2026-07-27,Shipped,Shutdown
SO000784,SOL0001043,2026-06-17,CUST005,Los Pelambres,PRD0043,,1,27395.35,18633.69,27395.35,8761.66,0.3198,2026-08-17,2026-09-25,2026-09-28,Shipped,Emergency
SO000785,SOL0001044,2026-05-07,CUST012,Sierra Gorda,PRD0098,CTR0012,2,1280.99,1154.89,2561.97,252.19,0.0984,2026-06-29,2026-06-19,2026-07-05,Shipped,Contract
SO000786,SOL0001045,2024-10-11,CUST002,El Teniente,PRD0094,,3,23833.05,16904.08,71499.15,20786.91,0.2907,2024-10-30,2024-10-24,2024-11-12,Shipped,Spot
SO000787,SOL0001046,2025-06-01,CUST007,Quebrada Blanca,PRD0113,,2,1927.26,1138.76,3854.51,4432.69,1.15,2025-07-17,2025-09-02,,Cancelled,Contract
SO000788,SOL0001047,2024-06-01,CUST008,Candelaria,PRD0018,,4,1262.23,978.55,5048.93,1134.73,0.2247,2024-07-22,2024-07-29,2024-08-18,Shipped,Emergency
SO000788,SOL0001048,2025-06-05,CUST014,Salar de Atacama,PRD0087,,20,2358.16,1305.99,47163.27,21043.47,0.4462,2025-07-28,2025-09-05,,Open,Contract
SO000789,SOL0001049,2024-10-22,CUST011,Los Bronces,PRD0008,CTR0011,2,5754.69,3892.88,11509.39,3723.63,0.3235,2024-11-12,2024-12-03,2024-12-19,Shipped,Emergency
SO000790,SOL0001050,2024-02-18,CUST012,Sierra Gorda,PRD0107,,3,40339.57,27391.96,121018.71,38842.83,0.321,2024-03-25,2024-03-24,2024-04-13,Shipped,Spot
SO000791,SOL0001051,2025-02-28,CUST006,Centinela,PRD0100,,1,2879.19,1663.81,2879.19,1215.38,0.4221,2025-04-06,2025-06-01,2025-06-12,Shipped,Spot
SO000792,SOL0001052,2025-08-12,CUST006,Centinela,PRD0064,CTR0006,2,26330.26,22079.99,52660.52,8500.54,0.1614,2025-08-19,2025-09-01,,Cancelled,Shutdown
SO000792,SOL0001053,2026-05-01,CUST009,Caserones,PRD0056,,3,34743.38,31989.0,104230.15,8263.15,0.0793,2026-06-20,2026-08-07,2026-08-08,Shipped,Shutdown
SO000793,SOL0001054,2025-09-07,CUST005,Los Pelambres,PRD0029,CTR0005,10,10445.31,7230.58,104453.12,32147.32,0.3078,2025-09-14,2025-10-01,2025-10-20,Shipped,Contract
SO000793,SOL0001055,2024-06-18,CUST011,Los Bronces,PRD0096,,1,1654.39,1199.93,1654.39,454.46,0.2747,2024-07-18,2024-09-22,2024-09-19,Shipped,Contract
SO000794,SOL0001056,2025-10-30,CUST007,Quebrada Blanca,PRD0048,,5,6984.61,5424.42,34923.03,7800.93,0.2234,2025-11-06,2025-11-26,2025-11-24,Shipped,Contract
SO000795,SOL0001057,2026-03-12,CUST010,El Abra,PRD0097,,2,892.6,747.61,1785.19,289.97,0.1624,2026-04-08,2026-04-04,2026-04-10,Shipped,Spot
SO000796,SOL0001058,2024-07-04,CUST006,Centinela,PRD0002,,1,23184.11,15023.62,23184.11,8160.49,0.352,2024-08-22,2024-07-31,2024-08-02,Shipped,Spot
SO000797,SOL0001059,2025-07-09,CUST003,Escondida,PRD0072,,4,11392.03,7799.22,45568.12,14371.24,0.3154,2025-09-16,2025-09-28,2025-10-08,Shipped,Shutdown
SO000798,SOL0001060,2024-02-25,CUST012,Sierra Gorda,PRD0034,CTR0012,2,9346.41,5811.4,18692.82,7070.02,0.3782,2024-04-17,2024-05-18,2024-05-29,Shipped,Shutdown
SO000798,SOL0001061,2024-01-06,CUST001,Chuquicamata,PRD0003,,3,11341.7,7556.65,34025.1,11355.15,0.3337,2024-02-07,2024-03-01,,Cancelled,Emergency
SO000799,SOL0001062,2025-10-21,CUST002,El Teniente,PRD0059,CTR0002,3,26428.94,21201.91,79286.83,15681.1,0.1978,2025-11-17,2026-01-28,,Cancelled,Spot
SO000800,SOL0001063,2025-05-09,CUST006,Centinela,PRD0011,,1,42296.61,26431.2,42296.61,15865.41,0.3751,2025-05-22,2025-07-30,2025-08-10,Shipped,Contract
SO000801,SOL0001064,2024-12-22,CUST012,Sierra Gorda,PRD0023,CTR0012,4,4218.05,3204.37,16872.22,4054.74,0.2403,2025-01-02,2025-01-13,2025-01-30,Shipped,Shutdown
SO000802,SOL0001065,2024-04-27,CUST012,Sierra Gorda,PRD0031,,15,12024.49,8247.84,180367.41,56649.81,0.3141,2024-06-27,2024-07-27,2024-08-04,Shipped,Emergency
SO000802,SOL0001066,2026-01-01,CUST010,El Abra,PRD0111,,4,11953.95,8798.14,47815.81,12623.25,0.264,2026-03-11,2026-03-04,2026-03-17,Shipped,Spot
SO000803,SOL0001067,2026-04-25,CUST003,Escondida,PRD0063,,8,6808.24,6259.51,54465.96,4389.88,0.0806,2026-05-21,2026-05-26,2026-06-11,Shipped,Spot
SO000804,SOL0001068,2025-07-12,CUST006,Centinela,PRD0098,,1,1499.41,1124.34,1499.41,375.07,0.2501,2025-09-08,2025-08-03,2025-08-16,Shipped,Spot
SO000805,SOL0001069,2025-03-15,CUST001,Chuquicamata,PRD0085,,2,9816.87,5468.23,19633.73,8697.27,0.443,2025-05-11,2025-04-07,2025-04-24,Shipped,Contract
SO000805,SOL0001070,2024-08-09,CUST003,Escondida,PRD0095,,15,11106.56,7197.46,166598.36,58636.46,0.352,2024-08-27,2024-09-21,2024-10-02,Shipped,Contract
SO000805,SOL0001071,2025-09-30,CUST013,La Coipa,PRD0073,,2,35247.09,31547.61,70494.18,7398.96,0.105,2025-12-05,2025-11-12,2025-12-01,Shipped,Emergency
SO000805,SOL0001072,2026-05-10,CUST003,Escondida,PRD0061,,1,8421.3,6962.54,8421.3,1458.76,0.1732,2026-06-19,2026-06-12,2026-06-23,Shipped,Spot
SO000805,SOL0001073,2026-02-03,CUST006,Centinela,PRD0118,CTR0006,1,12633.3,8221.43,12633.3,4411.87,0.3492,2026-03-03,2026-04-14,2026-04-14,Shipped,Emergency
SO000806,SOL0001074,2026-01-29,CUST012,Sierra Gorda,PRD0069,,2,7805.01,5730.67,15610.01,4148.67,0.2658,2026-02-27,2026-03-08,2026-03-16,Shipped,Spot
SO000807,SOL0001075,2024-06-24,CUST004,Spence,PRD0015,,1,42533.31,25068.13,42533.31,17465.18,0.4106,2024-08-02,2024-09-03,2024-08-31,Shipped,Shutdown
SO000808,SOL0001076,2024-08-31,CUST011,Los Bronces,PRD0094,CTR0011,1,21473.53,16441.71,21473.53,5031.82,0.2343,2024-09-17,2024-11-24,2024-12-10,Shipped,Contract
SO000809,SOL0001077,2025-10-15,CUST012,Sierra Gorda,PRD0008,CTR0012,8,5526.41,3983.44,44211.25,12343.73,0.2792,2025-11-10,2025-11-24,2025-12-05,Shipped,Emergency
SO000810,SOL0001078,2024-04-22,CUST008,Candelaria,PRD0029,,2,12289.26,6704.04,24578.51,11170.43,0.4545,2024-05-04,2024-05-11,2024-05-15,Shipped,Spot
SO000811,SOL0001079,2024-04-16,CUST003,Escondida,PRD0027,,1,7503.29,5745.53,7503.29,1757.76,0.2343,2024-06-13,2024-05-26,2024-06-03,Shipped,Shutdown
SO000812,SOL0001080,2025-01-15,CUST010,El Abra,PRD0080,,15,6198.73,5110.91,92981.0,16317.35,0.1755,2025-02-22,2025-02-13,2025-02-20,Shipped,Emergency
SO000813,SOL0001081,2024-10-04,CUST007,Quebrada Blanca,PRD0027,,2,7274.39,5955.35,14548.78,2638.08,0.1813,2024-11-11,2024-10-17,2024-10-25,Shipped,Spot
SO000814,SOL0001082,2024-06-17,CUST015,Los Colorados,PRD0085,,2,9535.62,5347.88,19071.25,8375.49,0.4392,2024-07-02,2024-08-27,2024-08-29,Shipped,Shutdown
SO000815,SOL0001083,2025-08-27,CUST013,La Coipa,PRD0086,CTR0013,2,4879.6,4358.61,9759.19,1041.97,0.1068,2025-10-06,2025-10-26,2025-11-05,Shipped,Emergency
SO000816,SOL0001084,2024-12-16,CUST014,Salar de Atacama,PRD0058,,15,3422.17,2878.05,51332.49,8161.74,0.159,2025-02-24,2025-03-19,2025-03-26,Shipped,Shutdown
SO000817,SOL0001085,2025-01-22,CUST007,Quebrada Blanca,PRD0010,,15,8748.4,6208.13,131226.03,38104.08,0.2904,2025-03-15,2025-02-04,2025-02-11,Shipped,Shutdown
SO000817,SOL0001086,2026-01-12,CUST007,Quebrada Blanca,PRD0036,,2,3274.25,2847.73,6548.49,853.03,0.1303,2026-02-22,2026-01-31,2026-01-27,Shipped,Contract
SO000818,SOL0001087,2024-12-22,CUST010,El Abra,PRD0081,,1,1325.21,1067.25,1325.21,257.96,0.1947,2025-02-02,2025-03-19,,Backorder,Shutdown
SO000819,SOL0001088,2024-08-11,CUST001,Chuquicamata,PRD0073,CTR0001,1,33735.83,28489.13,33735.83,5246.7,0.1555,2024-08-21,2024-09-09,2024-09-14,Shipped,Emergency
SO000820,SOL0001089,2024-03-29,CUST009,Caserones,PRD0071,CTR0009,15,1145.97,949.42,17189.57,2948.27,0.1715,2024-05-26,2024-05-02,2024-05-16,Shipped,Emergency
SO000820,SOL0001090,2025-11-07,CUST005,Los Pelambres,PRD0081,,8,1268.4,1045.03,10147.2,1786.96,0.1761,2025-11-21,2026-02-08,2026-02-09,Shipped,Shutdown
SO000821,SOL0001091,2025-02-15,CUST015,Los Colorados,PRD0100,,1,2885.74,1663.81,2885.74,1221.93,0.4234,2025-02-27,2025-03-29,2025-04-01,Shipped,Shutdown
SO000821,SOL0001092,2024-11-07,CUST013,La Coipa,PRD0111,,1,12060.92,8739.02,12060.92,3321.9,0.2754,2025-01-16,2024-12-21,2024-12-24,Shipped,Emergency
SO000822,SOL0001093,2024-08-23,CUST009,Caserones,PRD0091,CTR0009,5,782.64,588.12,3913.19,972.59,0.2485,2024-10-02,2024-11-05,2024-11-24,Shipped,Contract
SO000823,SOL0001094,2024-00-15,CUST015,Los Colorados,PRD0119,CTR0015,1,820.92,498.18,820.92,322.74,0.3931,2026-03-11,2026-04-06,2026-04-12,Shipped,Contract
SO000824,SOL0001095,2026-05-21,CUST002,El Teniente,PRD0093,,3,39186.52,29564.93,117559.55,28864.76,0.2455,2026-07-02,2026-06-02,2026-05-29,Shipped,Spot
SO000825,SOL0001096,2025-08-27,CUST011,Los Bronces,PRD0023,,20,4802.98,3359.31,96059.64,28873.44,0.3006,2025-11-05,2025-11-13,2025-12-02,Shipped,Contract
SO000826,SOL0001097,2025-12-31,CUST015,Los Colorados,PRD0093,,1,39741.36,28947.35,39741.36,10794.01,0.2716,2026-01-29,2026-04-07,2026-04-21,Shipped,Spot
SO000827,SOL0001098,2025-11-23,CUST013,La Coipa,PRD0080,,10,6335.12,5512.53,63351.22,8225.92,0.1298,2025-12-07,2026-02-06,2026-02-25,Shipped,Emergency
SO000828,SOL0001099,2025-05-05,CUST003,Escondida,PRD0099,,20,2835.84,2212.89,56716.74,12458.94,0.2197,2025-05-16,2025-06-29,2025-07-19,Shipped,Contract
SO000829,SOL0001100,2024-08-03,CUST015,Los Colorados,PRD0079,CTR0015,1,10268.09,6008.14,10268.09,4259.95,0.4149,2024-08-19,2024-11-07,2024-11-21,Shipped,Shutdown
SO000829,SOL0001101,2025-12-12,CUST015,Los Colorados,PRD0081,,5,1277.31,1061.86,6386.56,1077.26,0.1687,2026-01-28,2026-03-22,2026-03-27,Shipped,Spot
SO000830,SOL0001102,2025-10-28,CUST010,El Abra,PRD0071,CTR0010,4,1214.62,1061.29,4858.49,613.33,0.1262,2025-12-06,2025-12-14,2025-12-10,Shipped,Contract
SO000831,SOL0001103,2025-08-06,CUST006,Centinela,PRD0100,,3,2829.34,1665.08,8488.02,3492.78,0.4115,2025-09-26,2025-09-17,2025-09-25,Shipped,Spot
SO000831,SOL0001104,2024-03-12,CUST014,Salar de Atacama,PRD0054,,15,3014.72,2063.27,45220.84,14271.79,0.3156,2024-03-20,2024-04-04,2024-04-19,Shipped,Shutdown
SO000832,SOL0001105,2024-12-19,CUST012,Sierra Gorda,PRD0087,CTR0012,1,2058.35,1334.58,2058.35,723.77,0.3516,2025-02-27,2024-12-30,,Cancelled,Shutdown
SO000833,SOL0001106,2024-05-22,CUST008,Candelaria,PRD0008,,2,6262.84,3692.19,12525.68,5141.3,0.4105,2024-07-13,2024-07-14,2024-07-22,Shipped,Shutdown
SO000833,SOL0001107,2024-09-27,CUST002,El Teniente,PRD0026,,3,11726.3,9602.69,35178.89,6370.82,0.1811,2024-10-31,2024-12-25,2025-01-12,Shipped,Shutdown
SO000834,SOL0001108,2024-06-13,CUST008,Candelaria,PRD0038,,3,55214.6,33245.68,165643.79,65906.75,0.3979,2024-07-07,2024-09-13,2024-09-26,Shipped,Emergency
SO000835,SOL0001109,2024-12-22,CUST007,Quebrada Blanca,PRD0069,,1,7773.74,5057.49,7773.74,2716.25,0.3494,2025-01-25,2025-03-02,2025-03-06,Shipped,Spot
SO000836,SOL0001110,2024-05-30,CUST009,Caserones,PRD0024,CTR0009,1,26081.55,16163.74,26081.55,9917.81,0.3803,2024-07-19,2024-08-18,2024-08-25,Shipped,Spot
SO000837,SOL0001111,2025-12-18,CUST007,Quebrada Blanca,PRD0093,CTR0007,3,35134.42,28947.35,105403.25,18561.2,0.1761,2026-01-13,2026-03-19,,Cancelled,Emergency
SO000837,SOL0001112,2024-09-08,CUST015,Los Colorados,PRD0110,,4,6883.09,4845.53,27532.34,8150.22,0.296,2024-09-29,2024-11-25,2024-12-06,Shipped,Contract
SO000838,SOL0001113,2024-09-17,CUST013,La Coipa,PRD0080,,20,6371.01,5090.06,127420.22,25619.02,0.2011,2024-10-29,2024-11-28,2024-12-05,Shipped,Spot
SO000839,SOL0001114,2025-04-21,CUST009,Caserones,PRD0018,CTR0009,3,1140.59,1068.73,3421.77,215.58,0.063,2025-06-19,2025-05-25,2025-06-07,Shipped,Spot
SO000839,SOL0001115,2025-02-22,CUST014,Salar de Atacama,PRD0109,,1,33216.92,19193.56,33216.92,14023.36,0.4222,2025-04-16,2025-05-28,,Open,Shutdown
SO000840,SOL0001116,2024-07-27,CUST005,Los Pelambres,PRD0035,,5,8146.46,4838.98,40732.32,16537.42,0.406,2024-09-19,2024-09-02,2024-09-10,Shipped,Spot
SO000841,SOL0001117,2026-01-27,CUST010,El Abra,PRD0103,,1,8455.4,7379.7,8455.4,1075.7,0.1272,2026-03-09,2026-04-27,2026-04-27,Shipped,Spot
SO000842,SOL0001118,2024-10-20,CUST012,Sierra Gorda,PRD0085,,1,9541.63,5464.15,9541.63,4077.48,0.4273,2024-11-20,2024-11-10,2024-11-10,Shipped,Shutdown
SO000843,SOL0001119,2026-05-03,CUST010,El Abra,PRD0091,,2,879.61,665.93,1759.23,427.37,0.2429,2026-05-30,2026-05-24,2026-06-12,Shipped,Emergency
SO000844,SOL0001120,2025-09-17,CUST006,Centinela,PRD0116,,10,17428.03,13116.53,174280.32,43115.02,0.2474,2025-11-13,2025-11-27,2025-12-10,Shipped,Spot
SO000845,SOL0001121,2024-05-23,CUST002,El Teniente,PRD0020,,15,17555.23,9872.17,263328.44,115245.89,0.4377,2024-07-28,2024-06-25,2024-06-20,Shipped,Contract
SO000845,SOL0001122,2025-09-05,CUST003,Escondida,PRD0036,,8,3254.11,2800.12,26032.91,3631.95,0.1395,2025-09-29,2025-10-02,,Cancelled,Contract
SO000846,SOL0001123,2024-09-27,CUST005,Los Pelambres,PRD0076,,2,21829.14,17107.4,43658.28,9443.48,0.2163,2024-12-05,2024-11-22,2024-12-11,Shipped,Emergency
SO000847,SOL0001124,2025-12-27,CUST002,El Teniente,PRD0024,,1,28103.17,16211.28,28103.17,11891.89,0.4232,2026-01-16,2026-02-10,2026-02-17,Shipped,Shutdown
SO000847,SOL0001125,2025-09-19,CUST015,Los Colorados,PRD0097,,5,926.55,733.81,4632.77,963.72,0.208,2025-11-08,2025-10-04,2025-10-12,Shipped,Contract
SO000848,SOL0001126,2026-02-22,CUST007,Quebrada Blanca,PRD0026,CTR0007,1,10604.48,9878.02,10604.48,726.46,0.0685,2026-04-29,2026-04-21,,Cancelled,Shutdown
SO000849,SOL0001127,2024-03-23,CUST010,El Abra,PRD0011,,1,43109.73,24350.19,43109.73,18759.54,0.4352,2024-05-27,2024-04-26,2024-04-25,Shipped,Shutdown
SO000849,SOL0001128,2025-05-07,CUST007,Quebrada Blanca,PRD0059,,1,27297.86,21215.25,27297.86,6082.61,0.2228,2025-06-17,2025-07-01,2025-07-04,Shipped,Shutdown
SO000850,SOL0001129,2025-02-30,CUST005,Los Pelambres,PRD0052,,2,11471.65,8730.88,22943.3,5481.54,0.2389,2024-07-22,2024-06-29,2024-07-19,Shipped,Contract
SO000851,SOL0001130,2025-11-06,CUST002,El Teniente,PRD0036,CTR0002,5,3197.03,2740.99,15985.14,2280.19,0.1426,2025-11-27,2026-02-04,,Open,Shutdown
SO000851,SOL0001131,2024-12-06,CUST004,Spence,PRD0062,,3,18917.35,11243.8,56752.06,23020.66,0.4056,2025-02-06,2025-02-28,2025-03-03,Shipped,Shutdown
SO000852,SOL0001132,2025-04-28,CUST001,Chuquicamata,PRD0040,,2,14887.9,10303.47,29775.81,9168.87,0.3079,2025-06-19,2025-07-24,2025-07-22,Shipped,Contract
SO000853,SOL0001133,2025-12-28,CUST006,Centinela,PRD0059,,2,28109.16,21697.18,56218.32,12823.96,0.2281,2026-01-04,2026-01-28,2026-02-09,Shipped,Spot
SO000854,SOL0001134,2024-05-28,CUST010,El Abra,PRD0011,,3,42181.27,24447.61,126543.8,53200.97,0.4204,2024-06-24,2024-08-12,2024-08-23,Shipped,Spot
SO000855,SOL0001135,2025-07-24,CUST003,Escondida,PRD0002,,1,22963.78,16579.85,22963.78,6383.93,0.278,2025-08-05,2025-10-07,2025-10-15,Shipped,Contract
SO000856,SOL0001136,2024-07-01,CUST010,El Abra,PRD0063,CTR0010,4,6377.79,5360.58,25511.16,4068.84,0.1595,2024-08-04,2024-09-14,2024-10-03,Shipped,Shutdown
SO000857,SOL0001137,2025-07-01,CUST009,Caserones,PRD0116,CTR0009,10,16009.72,13141.87,160097.18,28678.48,0.1791,2025-07-25,2025-09-18,2025-09-30,Shipped,Shutdown
SO000858,SOL0001138,2026-03-20,CUST015,Los Colorados,PRD0028,CTR0015,8,8213.54,6490.77,65708.34,13782.18,0.2097,2026-05-07,2026-04-02,2026-04-13,Shipped,Contract
SO000859,SOL0001139,2024-12-21,CUST004,Spence,PRD0100,,1,2871.18,1649.64,2871.18,1221.54,0.4254,2024-12-29,2025-02-15,2025-02-28,Shipped,Contract
SO000860,SOL0001140,2025-10-23,CUST004,Spence,PRD0108,,1,23307.88,18561.53,23307.88,4746.35,0.2036,2025-11-10,2025-11-11,2025-11-11,Shipped,Emergency
SO000861,SOL0001141,2024-01-23,CUST009,Caserones,PRD0106,,1,14471.6,8736.13,14471.6,5735.47,0.3963,2024-02-05,2024-04-29,2024-05-17,Shipped,Shutdown
SO000862,SOL0001142,2026-06-03,CUST004,Spence,PRD0005,CTR0004,5,5034.56,5316.57,25172.78,-1410.07,-0.056,2026-07-28,2026-08-03,2026-08-18,Shipped,Emergency
SO000863,SOL0001143,2024-04-10,CUST006,Centinela,PRD0100,,3,2903.0,1623.4,8709.01,3838.81,0.4408,2024-05-03,2024-05-15,2024-05-30,Shipped,Contract
SO000864,SOL0001144,2024-01-15,CUST001,Chuquicamata,PRD0093,,3,39168.19,25876.05,117504.56,39876.41,0.3394,2024-02-08,2024-02-10,2024-02-08,Shipped,Shutdown
SO000864,SOL0001145,2024-05-11,CUST015,Los Colorados,PRD0028,CTR0015,2,8658.91,6113.28,17317.82,5091.26,0.294,2024-07-20,2024-08-03,2024-08-06,Shipped,Emergency
SO000865,SOL0001146,2026-04-06,CUST006,Centinela,PRD0059,,2,27537.63,22945.9,55075.27,9183.47,0.1667,2026-05-02,2026-05-02,2026-05-20,Shipped,Shutdown
SO000866,SOL0001147,2025-09-24,CUST015,Los Colorados,PRD0098,,3,1428.59,1133.01,4285.78,886.75,0.2069,2025-10-02,2025-11-19,2025-11-25,Shipped,Spot
SO000867,SOL0001148,2026-03-06,CUST008,Candelaria,PRD0062,CTR0008,1,16307.19,12378.47,16307.19,3928.72,0.2409,2026-04-12,2026-06-10,2026-06-12,Shipped,Spot
SO000868,SOL0001149,2025-04-28,CUST010,El Abra,PRD0018,,15,1258.44,1068.73,18876.65,2845.7,0.1508,2025-06-12,2025-05-15,2025-05-31,Shipped,Spot
SO000869,SOL0001150,2024-02-02,CUST009,Caserones,PRD0081,CTR0009,1,1168.6,988.99,1168.6,179.61,0.1537,2024-03-30,2024-03-14,,Backorder,Emergency
SO000870,SOL0001151,2025-02-09,CUST015,Los Colorados,PRD0098,,5,1507.86,1106.48,7539.3,2006.9,0.2662,2025-04-11,2025-05-10,2025-05-15,Shipped,Emergency
SO000870,SOL0001152,2025-05-09,CUST013,La Coipa,PRD0080,,1,6178.49,5330.8,6178.49,847.69,0.1372,2025-07-14,2025-05-22,2025-06-06,Shipped,Contract
SO000870,SOL0001153,2026-04-21,CUST004,Spence,PRD0033,CTR0004,8,9766.76,6341.32,78134.06,27403.5,0.3507,2026-05-19,2026-05-30,2026-06-07,Shipped,Shutdown
SO000870,SOL0001154,2025-04-16,CUST006,Centinela,PRD0100,,2,2798.25,1677.5,5596.49,2241.49,0.4005,2025-05-01,2025-06-13,2025-06-17,Shipped,Emergency
SO000871,SOL0001155,2024-11-29,CUST007,Quebrada Blanca,PRD0062,,2,18186.52,11239.4,36373.03,13894.23,0.382,2024-12-18,2025-01-03,2024-12-29,Shipped,Emergency
SO000872,SOL0001156,2026-01-23,CUST013,La Coipa,PRD0017,,8,7016.84,4500.74,56134.72,20128.8,0.3586,2026-03-06,2026-02-07,2026-02-03,Shipped,Shutdown
SO000872,SOL0001157,2026-05-04,CUST008,Candelaria,PRD0083,CTR0008,8,4042.42,2579.7,32339.36,11701.76,0.3618,2026-05-22,2026-05-21,2026-05-24,Shipped,Shutdown
SO000872,SOL0001158,2026-04-26,CUST003,Escondida,PRD0107,,1,41612.28,32189.91,41612.28,9422.37,0.2264,2026-05-24,2026-07-01,2026-07-08,Shipped,Emergency
SO000873,SOL0001159,2024-12-09,CUST008,Candelaria,PRD0064,,1,27202.45,20494.15,27202.45,6708.3,0.2466,2025-01-07,2025-02-19,2025-02-21,Shipped,Spot
SO000874,SOL0001160,2024-06-16,CUST001,Chuquicamata,PRD0043,,1,27504.46,15327.52,27504.46,12176.94,0.4427,2024-07-30,2024-09-03,2024-09-22,Shipped,Contract
SO000875,SOL0001161,2024-03-23,CUST002,El Teniente,PRD0069,,1,8050.11,4971.8,8050.11,3078.31,0.3824,2024-05-17,2024-06-23,2024-07-12,Shipped,Contract
SO000876,SOL0001162,2024-10-10,CUST010,El Abra,PRD0022,CTR0010,1,1180.39,740.64,1180.39,439.75,0.3725,2024-11-04,2024-12-15,2024-12-12,Shipped,Spot
SO000876,SOL0001163,2024-11-15,CUST003,Escondida,PRD0063,,10,6973.97,5678.82,69739.75,12951.55,0.1857,2025-01-05,2024-12-21,,Backorder,Spot
SO000877,SOL0001164,2026-06-16,CUST003,Escondida,PRD0014,,2,47034.62,36095.67,94069.24,21877.9,0.2326,2026-07-04,2026-09-08,,Open,Contract
SO000877,SOL0001165,2026-05-15,CUST009,Caserones,PRD0043,CTR0009,1,24721.01,18561.51,24721.01,6159.5,0.2492,2026-07-06,2026-06-30,2026-07-19,Shipped,Spot
SO000878,SOL0001166,2024-03-08,CUST007,Quebrada Blanca,PRD0097,,15,882.49,682.59,13237.28,2998.43,0.2265,2024-04-08,2024-03-26,2024-03-28,Shipped,Emergency
SO000879,SOL0001167,2026-03-23,CUST014,Salar de Atacama,PRD0014,,3,48067.36,34981.93,144202.08,39256.29,0.2722,2026-05-21,2026-06-16,2026-06-14,Shipped,Contract
SO000880,SOL0001168,2024-01-15,CUST003,Escondida,PRD0071,,10,1245.36,952.64,12453.57,2927.17,0.235,2024-03-24,2024-02-27,2024-03-09,Shipped,Emergency
SO000881,SOL0001169,2025-06-20,CUST005,Los Pelambres,PRD0036,,20,3336.91,2718.42,66738.28,12369.88,0.1853,2025-08-02,2025-07-18,,Cancelled,Spot
SO000882,SOL0001170,2025-07-30,CUST004,Spence,PRD0001,,1,42315.33,27085.07,42315.33,15230.26,0.3599,2025-10-04,2025-08-31,2025-09-12,Shipped,Contract
SO000883,SOL0001171,2025-01-08,CUST003,Escondida,PRD0093,,3,40271.75,26977.97,120815.24,39881.33,0.3301,2025-02-05,2025-02-02,2025-02-09,Shipped,Shutdown
SO000884,SOL0001172,2025-12-11,CUST013,La Coipa,PRD0026,CTR0013,2,11645.78,9680.65,23291.55,3930.25,0.1687,2025-12-22,2026-02-12,2026-02-11,Shipped,Emergency
SO000885,SOL0001173,2024-01-19,CUST008,Candelaria,PRD0061,,4,8825.55,6314.19,35302.19,10045.43,0.2846,2024-03-03,2024-02-22,2024-02-28,Shipped,Shutdown
SO000886,SOL0001174,2026-02-14,CUST003,Escondida,PRD0086,,8,5090.06,4413.7,40720.44,5410.84,0.1329,2026-03-24,2026-03-31,2026-04-05,Shipped,Shutdown
SO000887,SOL0001175,2026-01-17,CUST015,Los Colorados,PRD0051,,2,37771.96,24655.55,75543.91,26232.81,0.3473,2026-02-13,2026-03-29,2026-03-25,Shipped,Spot
SO000888,SOL0001176,2025-06-26,CUST001,Chuquicamata,PRD0104,CTR0001,15,6316.15,5014.04,94742.2,19531.6,0.2062,2025-07-07,2025-08-08,,Cancelled,Shutdown
SO000889,SOL0001177,2024-07-24,CUST008,Candelaria,PRD0096,,4,1460.74,1219.97,5842.95,963.07,0.1648,2024-09-07,2024-10-27,,Cancelled,Contract
SO000890,SOL0001178,2025-11-14,CUST002,El Teniente,PRD0024,,1,28826.76,16450.24,28826.76,12376.52,0.4293,2025-11-25,2026-01-06,2026-01-07,Shipped,Spot
SO000891,SOL0001179,2024-04-22,CUST015,Los Colorados,PRD0061,,15,8734.26,6508.88,131013.95,33380.75,0.2548,2024-05-24,2024-06-24,2024-06-28,Shipped,Contract
SO000892,SOL0001180,2024-10-19,CUST003,Escondida,PRD0073,,3,35624.95,28081.65,106874.86,22629.91,0.2117,2024-12-03,2025-01-09,2025-01-29,Shipped,Emergency
SO000892,SOL0001181,2024-08-29,CUST015,Los Colorados,PRD0110,,1,6767.94,4755.19,6767.94,2012.75,0.2974,2024-10-05,2024-11-11,2024-11-06,Shipped,Contract
SO000893,SOL0001182,2025-01-18,CUST001,Chuquicamata,PRD0043,,1,26309.61,16680.12,26309.61,9629.49,0.366,2025-03-07,2025-02-22,2025-03-07,Shipped,Emergency
SO000894,SOL0001183,2025-05-09,CUST011,Los Bronces,PRD0061,,5,8533.43,7104.57,42667.17,7144.32,0.1674,2025-06-24,2025-08-11,2025-08-12,Shipped,Shutdown
SO000895,SOL0001184,2024-07-03,CUST003,Escondida,PRD0069,,1,7641.9,4847.52,7641.9,2794.38,0.3657,2024-08-16,2024-09-01,2024-09-12,Shipped,Contract
SO000896,SOL0001185,2026-01-26,CUST011,Los Bronces,PRD0119,,2,852.33,487.16,1704.66,730.34,0.4284,2026-02-18,2026-03-27,2026-03-24,Shipped,Contract
SO000897,SOL0001186,2025-05-10,CUST009,Caserones,PRD0027,CTR0009,3,6883.39,6324.23,20650.17,1677.48,0.0812,2025-07-19,2025-07-17,2025-07-21,Shipped,Spot
SO000898,SOL0001187,2025-04-17,CUST010,El Abra,PRD0091,CTR0010,10,840.67,594.78,8406.74,2458.94,0.2925,2025-06-02,2025-05-26,2025-05-26,Shipped,Contract
SO000898,SOL0001188,2026-05-11,CUST015,Los Colorados,PRD0022,,20,1257.33,743.15,25146.68,10283.68,0.4089,2026-05-27,2026-06-22,2026-06-18,Shipped,Contract
SO000899,SOL0001189,2026-02-20,CUST012,Sierra Gorda,PRD0114,CTR0012,8,2444.64,2544.97,19557.09,-802.67,-0.041,2026-04-16,2026-03-09,2026-03-11,Shipped,Emergency
SO000900,SOL0001190,2026-03-11,CUST004,Spence,PRD0024,,1,27960.39,16359.33,27960.39,11601.06,0.4149,2026-05-08,2026-05-22,2026-06-04,Shipped,Shutdown
SO000901,SOL0001191,2025-08-16,CUST007,Quebrada Blanca,PRD0104,,5,6629.4,5120.05,33147.02,7546.77,0.2277,2025-10-18,2025-11-04,2025-10-31,Shipped,Contract
SO000901,SOL0001192,2026-01-18,CUST008,Candelaria,PRD0045,,4,6846.37,5249.93,27385.49,6385.77,0.2332,2026-02-25,2026-02-13,2026-02-10,Shipped,Shutdown
SO000902,SOL0001193,2024-06-06,CUST001,Chuquicamata,PRD0114,,2,2801.9,2245.85,5603.8,1112.1,0.1985,2024-08-03,2024-07-20,2024-07-22,Shipped,Emergency
SO000903,SOL0001194,2024-03-01,CUST010,El Abra,PRD0006,,10,10404.68,7108.08,104046.81,32966.01,0.3168,2024-03-17,2024-03-13,2024-03-11,Shipped,Contract
SO000904,SOL0001195,2024-11-24,CUST003,Escondida,PRD0051,,1,35875.27,23906.45,35875.27,11968.82,0.3336,2024-12-02,2025-01-12,2025-01-27,Shipped,Shutdown
SO000905,SOL0001196,2024-12-29,CUST010,El Abra,PRD0097,CTR0010,4,860.49,710.16,3441.97,601.33,0.1747,2025-02-24,2025-04-07,2025-04-12,Shipped,Emergency
SO000906,SOL0001197,2026-03-09,CUST006,Centinela,PRD0041,CTR0006,1,19259.29,17876.7,19259.29,1382.59,0.0718,2026-04-25,2026-06-01,2026-06-04,Shipped,Shutdown
SO000906,SOL0001198,2025-05-10,CUST009,Caserones,PRD0010,CTR0009,10,7724.28,6314.27,77242.76,14100.06,0.1825,2025-06-28,2025-05-24,2025-05-19,Shipped,Contract
SO000907,SOL0001199,2025-09-21,CUST001,Chuquicamata,PRD0113,,3,1954.04,1122.86,5862.12,2493.54,0.4254,2025-11-08,2025-10-23,,Cancelled,Shutdown
SO000908,SOL0001200,2026-01-28,CUST010,El Abra,PRD0109,,1,33095.5,20644.46,33095.5,12451.04,0.3762,2026-02-23,2026-04-09,2026-04-12,Shipped,Contract
SO000909,SOL0001201,2024-09-28,CUST014,Salar de Atacama,PRD0010,,3,8368.89,6048.18,25106.66,6962.12,0.2773,2024-11-15,2024-10-10,2024-10-21,Shipped,Contract
SO000910,SOL0001202,2026-04-12,CUST013,La Coipa,PRD0035,,10,7809.11,5488.59,78091.14,23205.24,0.2972,2026-06-08,2026-06-26,2026-07-08,Shipped,Emergency
SO000911,SOL0001203,2025-09-24,CUST005,Los Pelambres,PRD0047,CTR0005,3,5814.06,5699.64,17442.17,343.25,0.0197,2025-12-02,2025-10-20,2025-10-29,Shipped,Shutdown
SO000911,SOL0001204,2024-08-26,CUST007,Quebrada Blanca,PRD0099,,4,2815.19,2156.04,11260.75,2636.59,0.2341,2024-10-20,2024-09-13,2024-09-09,Shipped,Contract
SO000912,SOL0001205,2024-11-09,CUST011,Los Bronces,PRD0028,,4,8878.28,6301.9,35513.13,10305.53,0.2902,2025-01-15,2025-01-14,2025-01-14,Shipped,Emergency
SO000913,SOL0001206,2025-03-01,CUST008,Candelaria,PRD0027,CTR0008,2,6520.15,6226.72,13040.3,586.86,0.045,2025-05-10,2025-05-14,2025-05-17,Shipped,Contract
SO000914,SOL0001207,2024-11-03,CUST015,Los Colorados,PRD0058,,4,3399.64,2824.61,13598.57,2300.13,0.1691,2025-01-05,2024-12-04,2024-12-03,Shipped,Contract
SO000915,SOL0001208,2024-06-17,CUST010,El Abra,PRD0103,CTR0010,15,7902.61,6061.23,118539.1,27620.65,0.233,2024-08-15,2024-09-15,2024-09-29,Shipped,Emergency
SO000915,SOL0001209,2025-05-26,CUST001,Chuquicamata,PRD0006,,8,10899.38,7699.8,87195.04,25596.64,0.2936,2025-07-30,2025-06-13,2025-06-10,Shipped,Emergency
SO000916,SOL0001210,2025-12-26,CUST009,Caserones,PRD0106,,2,14529.04,9946.14,29058.07,9165.79,0.3154,2026-03-01,2026-03-21,2026-03-27,Shipped,Shutdown
SO000916,SOL0001211,2025-01-01,CUST006,Centinela,PRD0108,,3,22851.0,17402.84,68553.01,16344.49,0.2384,2025-02-16,2025-02-04,2025-02-22,Shipped,Shutdown
SO000917,SOL0001212,2025-09-19,CUST001,Chuquicamata,PRD0110,CTR0001,2,6495.75,5050.5,12991.5,2890.5,0.2225,2025-10-22,2025-12-18,2026-01-03,Shipped,Contract
SO000918,SOL0001213,2026-05-27,CUST014,Salar de Atacama,PRD0010,,10,8293.21,6656.97,82932.13,16362.43,0.1973,2026-06-05,2026-06-20,2026-06-16,Shipped,Contract
SO000918,SOL0001214,2025-11-20,CUST015,Los Colorados,PRD0084,,1,41051.1,26105.45,41051.1,14945.65,0.3641,2025-12-15,2025-12-01,2025-12-06,Shipped,Shutdown
SO000918,SOL0001215,2024-10-05,CUST015,Los Colorados,PRD0045,CTR0015,3,6564.68,5099.73,19694.05,4394.86,0.2232,2024-11-13,2025-01-13,,Cancelled,Contract
SO000918,SOL0001216,2025-04-05,CUST002,El Teniente,PRD0074,,1,35840.18,24137.61,35840.18,11702.57,0.3265,2025-05-20,2025-06-15,2025-06-30,Shipped,Spot
SO000919,SOL0001217,2024-09-21,CUST011,Los Bronces,PRD0042,,15,5128.83,2913.89,76932.4,33224.05,0.4319,2024-11-27,2024-10-24,2024-10-26,Shipped,Shutdown
SO000920,SOL0001218,2025-07-01,CUST010,El Abra,PRD0104,,2,6730.75,5103.86,13461.5,3253.78,0.2417,2025-09-03,2025-07-12,2025-07-15,Shipped,Emergency
SO000921,SOL0001219,2024-07-22,CUST010,El Abra,PRD0080,,15,6291.87,5150.83,94378.01,17115.56,0.1814,2024-09-28,2024-08-20,,Backorder,Contract
SO000922,SOL0001220,2025-03-19,CUST013,La Coipa,PRD0080,,8,6399.66,5203.77,51197.31,9567.15,0.1869,2025-04-04,2025-05-19,2025-05-28,Shipped,Shutdown
SO000923,SOL0001221,2026-03-11,CUST005,Los Pelambres,PRD0027,,1,7339.91,7174.33,7339.91,165.58,0.0226,2026-05-20,2026-05-10,2026-05-19,Shipped,Emergency
SO000924,SOL0001222,2025-10-01,CUST005,Los Pelambres,PRD0089,,15,9878.41,6834.67,148176.18,45656.13,0.3081,2025-10-22,2025-12-11,2025-12-30,Shipped,Contract
SO000924,SOL0001223,2025-03-24,CUST015,Los Colorados,PRD0072,,20,11052.04,7455.93,221040.87,71922.27,0.3254,2025-04-01,2025-06-17,2025-06-15,Shipped,Emergency
SO000925,SOL0001224,2024-01-11,CUST012,Sierra Gorda,PRD0058,CTR0012,4,2970.32,2751.65,11881.27,874.67,0.0736,2024-01-28,2024-04-05,2024-04-08,Shipped,Spot
SO000926,SOL0001225,2026-04-16,CUST006,Centinela,PRD0094,,3,23853.8,19543.22,71561.4,12931.74,0.1807,2026-06-10,2026-06-13,2026-07-03,Shipped,Emergency
SO000926,SOL0001226,2025-09-10,CUST015,Los Colorados,PRD0087,,5,2337.75,1306.71,11688.77,5155.22,0.441,2025-10-23,2025-11-03,,Open,Shutdown
SO000926,SOL0001227,2024-04-26,CUST004,Spence,PRD0093,,2,39241.36,25470.66,78482.72,27541.4,0.3509,2024-05-23,2024-05-15,2024-05-31,Shipped,Contract
SO000927,SOL0001228,2025-10-07,CUST001,Chuquicamata,PRD0023,,5,4918.11,3415.75,24590.56,7511.81,0.3055,2025-11-22,2025-11-12,2025-11-09,Shipped,Spot
SO000928,SOL0001229,2024-11-26,CUST009,Caserones,PRD0074,CTR0009,2,32032.89,24093.49,64065.79,15878.81,0.2479,2025-01-15,2025-02-15,,Cancelled,Spot
SO000929,SOL0001230,2026-01-18,CUST009,Caserones,PRD0011,CTR0009,1,38792.96,28444.36,38792.96,10348.6,0.2668,2026-02-11,2026-03-01,2026-03-18,Shipped,Emergency
SO000930,SOL0001231,2024-02-11,CUST015,Los Colorados,PRD0033,,1,10979.52,5941.87,10979.52,5037.65,0.4588,2024-04-15,2024-02-28,2024-02-29,Shipped,Spot
SO000931,SOL0001232,2026-06-29,CUST014,Salar de Atacama,PRD0099,,15,2842.1,2373.09,42631.44,7035.09,0.165,2026-09-01,2026-09-22,2026-09-17,Shipped,Spot
SO000932,SOL0001233,2026-05-21,CUST003,Escondida,PRD0002,,3,22846.48,17342.92,68539.44,16510.68,0.2409,2026-06-17,2026-08-19,2026-08-29,Shipped,Emergency
SO000933,SOL0001234,2025-01-13,CUST005,Los Pelambres,PRD0071,,15,1286.54,1015.72,19298.15,4062.35,0.2105,2025-02-10,2025-03-09,2025-03-13,Shipped,Shutdown
SO000933,SOL0001235,2026-01-12,CUST009,Caserones,PRD0103,CTR0009,1,7524.54,7379.7,7524.54,144.84,0.0192,2026-02-28,2026-02-08,2026-02-16,Shipped,Contract
SO000933,SOL0001236,2025-03-25,CUST013,La Coipa,PRD0036,,2,3298.5,2723.76,6597.0,1149.48,0.1742,2025-05-03,2025-05-19,2025-06-07,Shipped,Contract
SO000933,SOL0001237,2026-03-23,CUST006,Centinela,PRD0058,,5,3474.42,2999.45,17372.08,2374.83,0.1367,2026-05-23,2026-06-28,2026-06-29,Shipped,Spot
SO000933,SOL0001238,2026-04-14,CUST005,Los Pelambres,PRD0072,,15,11600.82,8419.62,174012.32,47718.02,0.2742,2026-05-09,2026-07-23,2026-08-11,Shipped,Shutdown
SO000934,SOL0001239,2026-03-26,CUST009,Caserones,PRD0024,,2,27022.82,16359.33,54045.64,21326.98,0.3946,2026-05-07,2026-04-05,2026-04-10,Shipped,Contract
SO000935,SOL0001240,2025-06-04,CUST010,El Abra,PRD0036,CTR0010,1,3158.25,2718.42,3158.25,439.83,0.1393,2025-07-13,2025-07-30,2025-08-11,Shipped,Spot
SO000935,SOL0001241,2025-07-06,CUST004,Spence,PRD0079,,1,10631.79,6434.37,10631.79,4197.42,0.3948,2025-08-23,2025-10-13,2025-10-12,Shipped,Contract
SO000935,SOL0001242,2024-10-05,CUST009,Caserones,PRD0006,CTR0009,8,9821.0,7869.33,78567.97,15613.33,0.1987,2024-12-14,2024-11-15,2024-11-28,Shipped,Contract
SO000936,SOL0001243,2024-01-14,CUST015,Los Colorados,PRD0078,,10,12308.87,9134.0,123088.68,31748.68,0.2579,2024-02-12,2024-03-03,2024-03-10,Shipped,Contract
SO000937,SOL0001244,2026-01-23,CUST001,Chuquicamata,PRD0099,,2,2755.03,2343.57,5510.05,822.91,0.1493,2026-02-21,2026-03-20,2026-03-22,Shipped,Shutdown
SO000938,SOL0001245,2025-01-26,CUST012,Sierra Gorda,PRD0099,,2,2877.07,2119.79,5754.15,1514.57,0.2632,2025-02-09,2025-03-26,,Open,Spot
SO000939,SOL0001246,2025-03-20,CUST012,Sierra Gorda,PRD0081,CTR0012,1,1098.49,1053.95,1098.49,44.54,0.0406,2025-05-02,2025-06-17,2025-06-19,Shipped,Shutdown
SO000940,SOL0001247,2025-06-19,CUST010,El Abra,PRD0091,CTR0010,8,826.81,598.57,6614.49,1825.93,0.2761,2025-08-03,2025-08-04,2025-08-01,Shipped,Spot
SO000941,SOL0001248,2025-11-21,CUST008,Candelaria,PRD0065,,5,1590.14,1088.92,7950.72,2506.12,0.3152,2025-11-30,2025-12-03,2025-12-05,Shipped,Shutdown
SO000942,SOL0001249,2024-10-17,CUST003,Escondida,PRD0026,,3,12231.56,9490.16,36694.69,8224.21,0.2241,2024-11-02,2025-01-14,2025-01-12,Shipped,Contract
SO000943,SOL0001250,2024-11-17,CUST003,Escondida,PRD0003,,8,11434.51,8230.36,91476.1,25633.22,0.2802,2025-01-04,2024-12-21,2025-01-07,Shipped,Spot
SO000944,SOL0001251,2024-07-05,CUST013,La Coipa,PRD0001,,3,43595.41,26480.7,130786.22,51344.12,0.3926,2024-07-31,2024-08-09,2024-08-29,Shipped,Spot
SO000945,SOL0001252,2024-04-17,CUST009,Caserones,PRD0038,CTR0009,3,53559.97,33178.43,160679.92,61144.63,0.3805,2024-06-11,2024-06-26,2024-07-09,Shipped,Spot
SO000946,SOL0001253,2025-07-18,CUST005,Los Pelambres,PRD0106,,8,14919.98,9726.64,119359.81,41546.69,0.3481,2025-09-24,2025-10-26,2025-10-27,Shipped,Contract
SO000947,SOL0001254,2024-09-30,CUST010,El Abra,PRD0048,CTR0010,4,6807.12,4955.27,27228.47,7407.39,0.272,2024-12-08,2024-12-02,,Open,Spot
SO000948,SOL0001255,2024-05-10,CUST002,El Teniente,PRD0054,,5,3116.84,2080.22,15584.18,5183.08,0.3326,2024-05-19,2024-06-09,2024-06-25,Shipped,Shutdown
SO000949,SOL0001256,2025-03-20,CUST002,El Teniente,PRD0072,,3,11605.95,7455.93,34817.85,12450.06,0.3576,2025-04-06,2025-05-31,2025-06-13,Shipped,Contract
SO000950,SOL0001257,2024-02-12,CUST012,Sierra Gorda,PRD0026,CTR0012,2,10094.83,9399.18,20189.66,1391.3,0.0689,2024-03-13,2024-05-03,2024-05-14,Shipped,Spot
SO000951,SOL0001258,2025-10-23,CUST003,Escondida,PRD0008,,5,6372.48,3983.44,31862.4,11945.2,0.3749,2025-12-25,2026-01-31,,Backorder,Shutdown
SO000952,SOL0001259,2025-05-06,CUST012,Sierra Gorda,PRD0112,,1,24095.39,18937.47,24095.39,5157.92,0.2141,2025-05-29,2025-07-20,2025-08-03,Shipped,Contract
SO000953,SOL0001260,2024-05-25,CUST012,Sierra Gorda,PRD0027,,3,7552.61,5764.58,22657.84,5364.1,0.2367,2024-07-14,2024-06-25,,Open,Emergency
SO000954,SOL0001261,2025-07-04,CUST012,Sierra Gorda,PRD0081,CTR0012,2,1157.12,1062.08,2314.23,190.07,0.0821,2025-08-03,2025-08-01,,Open,Shutdown
SO000955,SOL0001262,2024-12-23,CUST011,Los Bronces,PRD0007,,8,5535.34,3399.67,44282.7,17085.34,0.3858,2025-02-26,2025-03-13,2025-03-23,Shipped,Emergency
SO000955,SOL0001263,2025-01-21,CUST013,La Coipa,PRD0031,,2,11720.87,8814.95,23441.73,5811.83,0.2479,2025-03-25,2025-04-13,2025-04-19,Shipped,Spot
SO000955,SOL0001264,2025-06-10,CUST013,La Coipa,PRD0044,,3,36421.69,27054.68,109265.07,28101.03,0.2572,2025-07-01,2025-08-12,2025-08-29,Shipped,Shutdown
SO000956,SOL0001265,2024-04-12,CUST009,Caserones,PRD0108,,3,23764.45,16095.65,71293.36,23006.41,0.3227,2024-05-06,2024-05-09,2024-05-12,Shipped,Shutdown
SO000957,SOL0001266,2026-01-24,CUST002,El Teniente,PRD0095,,4,11087.83,8522.32,44351.32,10262.04,0.2314,2026-03-22,2026-03-19,2026-03-14,Shipped,Shutdown
SO000958,SOL0001267,2025-04-08,CUST014,Salar de Atacama,PRD0100,,2,2885.61,1677.5,5771.21,2416.21,0.4187,2025-05-26,2025-05-24,2025-06-11,Shipped,Emergency
SO000959,SOL0001268,2025-06-12,CUST007,Quebrada Blanca,PRD0118,,2,14052.69,8097.28,28105.39,11910.83,0.4238,2025-07-22,2025-07-12,2025-07-22,Shipped,Contract
SO000960,SOL0001269,2026-02-18,CUST009,Caserones,PRD0048,,20,6945.38,5631.88,138907.58,26269.98,0.1891,2026-04-21,2026-05-07,2026-05-17,Shipped,Contract
SO000960,SOL0001270,2025-07-23,CUST013,La Coipa,PRD0031,,10,11494.0,9128.34,114940.04,23656.64,0.2058,2025-09-23,2025-09-08,,Cancelled,Contract
SO000960,SOL0001271,2025-03-24,CUST007,Quebrada Blanca,PRD0081,CTR0007,1,1116.15,1053.95,1116.15,62.2,0.0557,2025-05-23,2025-05-09,2025-05-14,Shipped,Shutdown
SO000960,SOL0001272,2024-06-15,CUST003,Escondida,PRD0036,,4,3448.46,2670.53,13793.84,3111.72,0.2256,2024-08-11,2024-07-09,,Cancelled,Contract
SO000961,SOL0001273,2024-09-09,CUST013,La Coipa,PRD0007,,3,5518.57,3266.79,16555.7,6755.33,0.408,2024-09-22,2024-12-07,2024-12-03,Shipped,Spot
SO000961,SOL0001274,2025-06-06,CUST007,Quebrada Blanca,PRD0018,,10,1207.17,1074.68,12071.7,1324.9,0.1098,2025-06-28,2025-07-02,2025-07-16,Shipped,Shutdown
SO000962,SOL0001275,2024-09-07,CUST011,Los Bronces,PRD0083,,2,4434.97,2374.78,8869.94,4120.38,0.4645,2024-11-15,2024-12-14,2024-12-29,Shipped,Contract
SO000963,SOL0001276,2024-02-02,CUST013,La Coipa,PRD0011,,1,41506.05,24057.75,41506.05,17448.3,0.4204,2024-02-09,2024-03-26,2024-04-14,Shipped,Emergency
SO000964,SOL0001277,2024-09-12,CUST002,El Teniente,PRD0089,,1,10348.37,6413.4,10348.37,3934.97,0.3803,2024-09-28,2024-12-13,2024-12-15,Shipped,Shutdown
SO000965,SOL0001278,2025-11-29,CUST008,Candelaria,PRD0112,,2,24425.76,19190.34,48851.53,10470.85,0.2143,2025-12-14,2026-02-04,2026-02-03,Shipped,Shutdown
SO000966,SOL0001279,2024-11-20,CUST015,Los Colorados,PRD0048,,10,7055.08,4856.15,70550.78,21989.28,0.3117,2024-12-11,2024-12-06,2024-12-05,Shipped,Contract
SO000967,SOL0001280,2024-04-26,CUST013,La Coipa,PRD0026,,20,11638.21,9420.81,232764.22,44348.02,0.1905,2024-05-08,2024-07-02,2024-07-05,Shipped,Spot
SO000968,SOL0001281,2025-02-10,CUST013,La Coipa,PRD0026,CTR0013,2,11626.31,9482.63,23252.62,4287.36,0.1844,2025-03-29,2025-05-03,2025-05-06,Shipped,Shutdown
SO000969,SOL0001282,2024-09-02,CUST011,Los Bronces,PRD0057,,20,11662.93,7758.68,233258.59,78084.99,0.3348,2024-11-11,2024-11-20,2024-12-05,Shipped,Shutdown
SO000969,SOL0001283,2024-08-28,CUST015,Los Colorados,PRD0085,,5,9667.21,5396.92,48336.06,21351.46,0.4417,2024-10-12,2024-09-29,2024-10-08,Shipped,Emergency
SO000970,SOL0001284,2024-10-14,CUST003,Escondida,PRD0065,,1,1688.17,1092.48,1688.17,595.69,0.3529,2024-12-16,2024-12-07,2024-12-25,Shipped,Shutdown
SO000971,SOL0001285,2025-01-05,CUST008,Candelaria,PRD0039,CTR0008,5,10765.69,8252.42,53828.43,12566.33,0.2335,2025-01-29,2025-01-30,2025-01-29,Shipped,Shutdown
SO000971,SOL0001286,2025-07-18,CUST006,Centinela,PRD0015,,3,43092.87,29063.9,129278.6,42086.9,0.3256,2025-08-01,2025-08-16,2025-08-22,Shipped,Shutdown
SO000972,SOL0001287,2025-10-04,CUST014,Salar de Atacama,PRD0103,,1,8642.32,7113.9,8642.32,1528.42,0.1769,2025-12-10,2026-01-06,2026-01-06,Shipped,Contract
SO000973,SOL0001288,2026-04-13,CUST015,Los Colorados,PRD0048,,4,7211.28,5670.85,28845.1,6161.7,0.2136,2026-04-24,2026-05-03,2026-05-21,Shipped,Spot
SO000973,SOL0001289,2025-11-03,CUST005,Los Pelambres,PRD0089,,15,10215.47,6892.79,153232.03,49840.18,0.3253,2025-11-25,2026-01-20,2026-01-25,Shipped,Shutdown
SO000974,SOL0001290,2024-03-30,CUST004,Spence,PRD0082,,1,2146.12,1264.2,2146.12,881.92,0.4109,2024-06-08,2024-06-19,2024-06-26,Shipped,Shutdown
SO000975,SOL0001291,2026-06-21,CUST007,Quebrada Blanca,PRD0005,CTR0007,20,4970.65,5316.57,99413.08,-6918.32,-0.0696,2026-08-21,2026-09-05,,Cancelled,Shutdown
SO000976,SOL0001292,2026-02-07,CUST012,Sierra Gorda,PRD0028,CTR0012,10,7710.42,6349.83,77104.24,13605.94,0.1765,2026-02-20,2026-04-26,2026-05-15,Shipped,Spot
SO000977,SOL0001293,2026-05-13,CUST013,La Coipa,PRD0002,,2,22356.38,17342.92,44712.75,10026.91,0.2243,2026-05-28,2026-07-10,2026-07-25,Shipped,Shutdown
SO000978,SOL0001294,2024-10-02,CUST001,Chuquicamata,PRD0010,,3,8753.52,6069.7,26260.57,8051.47,0.3066,2024-10-27,2024-11-02,2024-11-05,Shipped,Contract
SO000979,SOL0001295,2026-03-25,CUST011,Los Bronces,PRD0073,,3,33475.9,30958.52,100427.69,7552.13,0.0752,2026-05-22,2026-05-06,2026-05-13,Shipped,Emergency
SO000980,SOL0001296,2025-06-23,CUST008,Candelaria,PRD0096,CTR0008,5,1416.81,1252.95,7084.03,819.28,0.1157,2025-07-01,2025-07-03,2025-07-01,Shipped,Spot
SO000981,SOL0001297,2025-04-27,CUST013,La Coipa,PRD0042,CTR0013,10,5091.57,2906.11,50915.74,21854.64,0.4292,2025-05-10,2025-07-05,2025-07-14,Shipped,Shutdown
SO000982,SOL0001298,2024-09-03,CUST009,Caserones,PRD0015,,1,41130.56,25827.68,41130.56,15302.88,0.3721,2024-11-11,2024-11-17,2024-11-22,Shipped,Spot
SO000983,SOL0001299,2025-06-21,CUST005,Los Pelambres,PRD0119,,20,823.4,497.31,16467.99,6521.79,0.396,2025-08-19,2025-07-16,2025-07-14,Shipped,Spot
SO000984,SOL0001300,2024-10-05,CUST006,Centinela,PRD0056,,1,34899.68,28367.76,34899.68,6531.92,0.1872,2024-10-22,2024-12-05,2024-12-21,Shipped,Spot
SO000985,SOL0001301,2025-12-28,CUST006,Centinela,PRD0100,,1,2919.54,1720.28,2919.54,1199.26,0.4108,2026-01-13,2026-03-11,2026-03-22,Shipped,Shutdown
SO000986,SOL0001302,2025-11-22,CUST008,Candelaria,PRD0027,CTR0008,10,6504.64,6771.29,65046.35,-2666.55,-0.041,2026-01-26,2025-12-30,2026-01-05,Shipped,Contract
SO000987,SOL0001303,2025-11-21,CUST001,Chuquicamata,PRD0048,,4,7276.65,5543.62,29106.59,6932.11,0.2382,2026-01-12,2026-02-10,,Cancelled,Emergency
SO000987,SOL0001304,2024-03-03,CUST009,Caserones,PRD0006,CTR0009,1,10188.55,7108.08,10188.55,3080.47,0.3023,2024-05-04,2024-04-06,2024-04-02,Shipped,Contract
SO000988,SOL0001305,2025-10-12,CUST012,Sierra Gorda,PRD0078,CTR0012,2,10301.43,10093.27,20602.86,416.32,0.0202,2025-10-28,2025-12-12,2025-12-18,Shipped,Spot
SO000989,SOL0001306,2026-03-29,CUST004,Spence,PRD0058,CTR0004,1,2999.9,2999.45,2999.9,0.45,0.0002,2026-05-01,2026-06-13,2026-06-20,Shipped,Contract
SO000990,SOL0001307,2025-05-27,CUST006,Centinela,PRD0119,CTR0006,8,782.2,499.66,6257.62,2260.34,0.3612,2025-06-18,2025-08-22,2025-08-26,Shipped,Emergency
SO000991,SOL0001308,2025-07-25,CUST014,Salar de Atacama,PRD0074,,1,35389.99,25342.45,35389.99,10047.54,0.2839,2025-08-23,2025-08-23,2025-08-27,Shipped,Shutdown
SO000991,SOL0001309,2024-11-29,CUST011,Los Bronces,PRD0113,CTR0011,1,1702.52,1151.94,1702.52,550.58,0.3234,2025-01-18,2025-02-28,2025-03-11,Shipped,Emergency
SO000992,SOL0001310,2025-08-16,CUST013,La Coipa,PRD0042,CTR0013,15,5032.9,3090.55,75493.44,29135.19,0.3859,2025-09-03,2025-09-06,2025-09-14,Shipped,Contract
SO000992,SOL0001311,2025-06-18,CUST004,Spence,PRD0078,CTR0004,10,10596.09,9738.0,105960.88,8580.88,0.081,2025-07-03,2025-09-17,,Open,Spot
SO000993,SOL0001312,2025-09-30,CUST012,Sierra Gorda,PRD0092,CTR0012,4,14997.43,13185.31,59989.72,7248.48,0.1208,2025-12-08,2026-01-04,2026-01-17,Shipped,Contract
SO000994,SOL0001313,2024-01-18,CUST005,Los Pelambres,PRD0101,,2,7513.32,4932.61,15026.63,5161.41,0.3435,2024-03-13,2024-02-10,2024-02-08,Shipped,Shutdown
SO000995,SOL0001314,2024-08-27,CUST005,Los Pelambres,PRD0041,,3,19757.46,16037.18,59272.39,11160.85,0.1883,2024-09-09,2024-09-10,2024-09-17,Shipped,Spot
SO000996,SOL0001315,2026-03-30,CUST012,Sierra Gorda,PRD0020,,2,17825.91,11190.49,35651.82,13270.84,0.3722,2026-05-09,2026-04-21,2026-04-24,Shipped,Contract
SO000997,SOL0001316,2024-04-25,CUST004,Spence,PRD0051,,3,36733.01,21816.16,110199.04,44750.56,0.4061,2024-05-04,2024-05-11,2024-05-09,Shipped,Shutdown
SO000998,SOL0001317,2024-03-17,CUST007,Quebrada Blanca,PRD0110,,1,6760.33,4662.38,6760.33,2097.95,0.3103,2024-05-08,2024-04-23,,Cancelled,Shutdown
SO000999,SOL0001318,2025-04-21,CUST014,Salar de Atacama,PRD0027,,5,7199.36,6214.49,35996.82,4924.37,0.1368,2025-06-04,2025-06-13,2025-06-28,Shipped,Spot
SO001000,SOL0001319,2024-04-17,CUST003,Escondida,PRD0120,,1,12390.52,9006.94,12390.52,3383.58,0.2731,2024-06-15,2024-05-06,2024-05-11,Shipped,Emergency
SO001000,SOL0001320,2024-09-16,CUST005,Los Pelambres,PRD0027,,20,7140.44,5852.24,142808.75,25763.95,0.1804,2024-10-21,2024-10-16,2024-10-31,Shipped,Shutdown
SO001000,SOL0001321,2025-10-03,CUST008,Candelaria,PRD0073,CTR0008,2,30290.26,31079.59,60580.52,-1578.66,-0.0261,2025-11-28,2025-11-02,2025-11-10,Shipped,Spot
SO001001,SOL0001322,2025-10-04,CUST014,Salar de Atacama,PRD0087,,20,2309.45,1324.23,46188.93,19704.33,0.4266,2025-10-27,2026-01-11,2026-01-11,Shipped,Shutdown
SO001002,SOL0001323,2026-06-12,CUST005,Los Pelambres,PRD0103,,1,8385.34,7916.76,8385.34,468.58,0.0559,2026-08-08,2026-08-13,,Open,Shutdown
SO001003,SOL0001324,2024-11-09,CUST015,Los Colorados,PRD0061,,20,8597.78,6702.27,171955.69,37910.29,0.2205,2024-12-26,2024-12-23,2024-12-28,Shipped,Contract
SO001004,SOL0001325,2024-10-31,CUST007,Quebrada Blanca,PRD0035,,3,8031.87,5121.8,24095.61,8730.21,0.3623,2024-12-07,2024-12-03,2024-12-15,Shipped,Emergency
SO001005,SOL0001326,2025-07-12,CUST015,Los Colorados,PRD0115,,8,8479.08,6266.45,67832.64,17701.04,0.261,2025-07-19,2025-07-29,2025-08-03,Shipped,Emergency
SO001006,SOL0001327,2024-05-25,CUST014,Salar de Atacama,PRD0114,,8,2939.7,2245.88,23517.61,5550.57,0.236,2024-07-24,2024-08-19,,Cancelled,Shutdown
SO001007,SOL0001328,2024-04-01,CUST004,Spence,PRD0111,,8,11830.77,8253.79,94646.13,28615.81,0.3023,2024-05-22,2024-06-15,,Open,Contract
SO001008,SOL0001329,2026-02-28,CUST001,Chuquicamata,PRD0093,,3,41090.12,28787.76,123270.37,36907.09,0.2994,2026-03-23,2026-05-16,,Cancelled,Spot
SO001009,SOL0001330,2025-05-11,CUST006,Centinela,PRD0099,CTR0006,5,2615.91,2212.89,13079.57,2015.12,0.1541,2025-05-29,2025-07-04,2025-07-15,Shipped,Contract
SO001010,SOL0001331,2024-08-08,CUST010,El Abra,PRD0119,,15,856.51,478.09,12847.61,5676.26,0.4418,2024-08-25,2024-11-09,,Backorder,Shutdown
SO001011,SOL0001332,2024-01-06,CUST014,Salar de Atacama,PRD0033,,3,10785.2,5854.56,32355.61,14791.93,0.4572,2024-02-16,2024-04-05,2024-04-22,Shipped,Contract
SO001012,SOL0001333,2024-02-18,CUST003,Escondida,PRD0095,,20,11394.78,6686.03,227895.5,94174.9,0.4132,2024-03-19,2024-05-07,,Cancelled,Shutdown
SO001013,SOL0001334,2025-06-29,CUST010,El Abra,PRD0004,,15,7106.65,4087.27,106599.82,45290.77,0.4249,2025-08-17,2025-08-06,2025-08-10,Shipped,Shutdown
SO001014,SOL0001335,2025-10-01,CUST007,Quebrada Blanca,PRD0041,,2,20734.81,17812.85,41469.61,5843.91,0.1409,2025-11-20,2025-10-20,2025-10-26,Shipped,Spot
SO001015,SOL0001336,2024-11-13,CUST014,Salar de Atacama,PRD0074,,3,34786.86,24093.49,104360.58,32080.11,0.3074,2025-01-06,2024-12-31,2024-12-28,Shipped,Shutdown
SO001016,SOL0001337,2024-02-21,CUST010,El Abra,PRD0103,,4,8306.17,6029.19,33224.69,9107.93,0.2741,2024-04-30,2024-05-01,2024-05-04,Shipped,Spot
SO001017,SOL0001338,2025-01-13,CUST014,Salar de Atacama,PRD0082,,20,2010.68,1298.05,40213.64,14252.64,0.3544,2025-02-01,2025-04-01,2025-04-15,Shipped,Spot
SO001018,SOL0001339,2026-05-08,CUST001,Chuquicamata,PRD0041,,2,19690.15,18529.03,39380.29,2322.23,0.059,2026-07-15,2026-07-30,,Open,Emergency
SO001019,SOL0001340,2024-08-15,CUST008,Candelaria,PRD0001,CTR0008,3,38656.45,26337.56,115969.36,36956.68,0.3187,2024-10-23,2024-11-04,2024-11-16,Shipped,Contract
SO001019,SOL0001341,2025-03-25,CUST006,Centinela,PRD0071,CTR0006,3,1165.71,1033.54,3497.13,396.51,0.1134,2025-04-02,2025-04-29,2025-05-12,Shipped,Shutdown
SO001020,SOL0001342,2026-01-16,CUST002,El Teniente,PRD0116,,2,16960.82,13499.62,33921.65,6922.41,0.2041,2026-02-17,2026-04-04,,Backorder,Emergency
SO001020,SOL0001343,2025-10-08,CUST003,Escondida,PRD0052,,2,11167.86,9315.77,22335.72,3704.18,0.1658,2025-11-19,2025-11-07,2025-11-06,Shipped,Emergency
SO001021,SOL0001344,2024-10-27,CUST007,Quebrada Blanca,PRD0063,,2,6661.65,5600.55,13323.3,2122.2,0.1593,2024-12-12,2024-12-22,2024-12-26,Shipped,Shutdown
SO001022,SOL0001345,2026-02-18,CUST010,El Abra,PRD0096,,20,1640.76,1241.38,32815.3,7987.7,0.2434,2026-03-10,2026-05-16,2026-05-21,Shipped,Shutdown
SO001022,SOL0001346,2026-05-15,CUST009,Caserones,PRD0023,,10,4882.63,3580.46,48826.33,13021.73,0.2667,2026-06-21,2026-06-11,2026-07-01,Shipped,Contract
SO001023,SOL0001347,2024-05-05,CUST006,Centinela,PRD0041,,2,19853.56,16003.69,39707.12,7699.74,0.1939,2024-07-07,2024-07-23,2024-08-02,Shipped,Contract
SO001024,SOL0001348,2026-03-08,CUST005,Los Pelambres,PRD0078,CTR0005,8,10722.58,10430.44,85780.66,2337.14,0.0272,2026-03-22,2026-06-05,2026-06-12,Shipped,Contract
SO001025,SOL0001349,2024-11-20,CUST004,Spence,PRD0069,,20,7865.1,4959.85,157302.03,180897.33,1.15,2024-12-05,2024-12-03,2024-12-05,Shipped,Spot
SO001026,SOL0001350,2024-04-22,CUST002,El Teniente,PRD0022,,4,1180.87,700.28,4723.49,1922.37,0.407,2024-05-22,2024-06-08,2024-06-19,Shipped,Shutdown
SO001027,SOL0001351,2024-04-10,CUST011,Los Bronces,PRD0052,,1,11379.1,8662.37,11379.1,2716.73,0.2387,2024-06-01,2024-06-01,2024-06-20,Shipped,Emergency
SO001028,SOL0001352,2024-10-05,CUST009,Caserones,PRD0011,CTR0009,2,40116.98,25620.33,80233.96,28993.3,0.3614,2024-12-09,2024-11-20,2024-11-26,Shipped,Emergency
SO001029,SOL0001353,2025-06-25,CUST008,Candelaria,PRD0112,,2,23653.41,18811.9,47306.82,9683.02,0.2047,2025-09-01,2025-07-14,2025-08-03,Shipped,Spot
SO001030,SOL0001354,2024-09-30,CUST014,Salar de Atacama,PRD0058,,8,3481.5,2764.62,27852.01,5735.05,0.2059,2024-12-03,2024-11-09,2024-11-28,Shipped,Contract
SO001031,SOL0001355,2024-12-19,CUST015,Los Colorados,PRD0078,,4,11767.11,9479.92,47068.42,9148.74,0.1944,2025-02-01,2025-02-08,2025-02-04,Shipped,Shutdown
SO001032,SOL0001356,2026-05-18,CUST014,Salar de Atacama,PRD0110,,20,6849.07,5131.93,136981.31,34342.71,0.2507,2026-06-06,2026-06-24,2026-06-25,Shipped,Shutdown
SO001033,SOL0001357,2025-02-24,CUST014,Salar de Atacama,PRD0005,,15,5659.78,4550.21,84896.66,16643.51,0.196,2025-03-24,2025-06-01,2025-06-10,Shipped,Spot
SO001033,SOL0001358,2025-01-14,CUST011,Los Bronces,PRD0006,,3,10683.76,7890.18,32051.27,8380.73,0.2615,2025-03-21,2025-01-31,2025-02-15,Shipped,Shutdown
SO001034,SOL0001359,2026-05-10,CUST013,La Coipa,PRD0007,,3,5499.0,3538.47,16497.01,5881.6,0.3565,2026-07-19,2026-06-28,,Open,Contract
SO001035,SOL0001360,2025-11-07,CUST011,Los Bronces,PRD0118,,20,13298.2,8404.96,265963.96,97864.76,0.368,2025-12-26,2026-02-01,2026-02-15,Shipped,Spot
SO001035,SOL0001361,2025-01-15,CUST009,Caserones,PRD0071,CTR0009,1,1171.32,1015.72,1171.32,1347.02,1.15,2025-03-19,2025-03-06,2025-03-13,Shipped,Emergency
SO001036,SOL0001362,2025-04-02,CUST014,Salar de Atacama,PRD0068,,4,11547.58,9000.79,46190.31,10187.15,0.2205,2025-05-17,2025-05-14,,Cancelled,Shutdown
SO001037,SOL0001363,2024-06-09,CUST007,Quebrada Blanca,PRD0020,,1,17708.4,10035.24,17708.4,7673.16,0.4333,2024-08-17,2024-07-22,2024-08-10,Shipped,Emergency
SO001038,SOL0001364,2024-11-13,CUST012,Sierra Gorda,PRD0035,,1,7892.41,5066.27,7892.41,2826.14,0.3581,2024-12-28,2025-02-02,2025-02-04,Shipped,Emergency
SO001038,SOL0001365,2024-01-13,CUST010,El Abra,PRD0034,,8,10351.76,5860.17,82814.06,35932.7,0.4339,2024-03-15,2024-04-21,2024-04-16,Shipped,Emergency
SO001039,SOL0001366,2025-01-30,CUST011,Los Bronces,PRD0031,CTR0011,5,10295.77,8814.95,51478.83,7404.08,0.1438,2025-03-01,2025-03-15,2025-03-21,Shipped,Contract
SO001039,SOL0001367,2025-11-17,CUST005,Los Pelambres,PRD0008,CTR0005,1,5375.19,3934.77,5375.19,1440.42,0.268,2026-01-22,2025-12-10,2025-12-27,Shipped,Shutdown
SO001040,SOL0001368,2024-11-24,CUST003,Escondida,PRD0057,,1,11809.45,7845.67,11809.45,3963.78,0.3356,2025-01-13,2024-12-06,2024-12-04,Shipped,Shutdown
SO001041,SOL0001369,2025-12-09,CUST008,Candelaria,PRD0083,CTR0008,2,4013.52,2549.51,8027.05,2928.03,0.3648,2026-02-14,2026-03-10,2026-03-17,Shipped,Emergency
SO001041,SOL0001370,2024-08-01,CUST010,El Abra,PRD0083,,20,4370.64,2383.78,87412.79,39737.19,0.4546,2024-08-25,2024-09-26,2024-10-05,Shipped,Emergency
SO001042,SOL0001371,2024-10-14,CUST001,Chuquicamata,PRD0087,,4,2349.99,1293.12,9399.94,4227.46,0.4497,2024-12-18,2024-11-21,2024-12-06,Shipped,Shutdown
SO001043,SOL0001372,2025-11-24,CUST011,Los Bronces,PRD0010,CTR0011,4,7867.85,6514.94,31471.38,5411.62,0.172,2026-01-26,2025-12-26,2025-12-28,Shipped,Contract
SO001044,SOL0001373,2026-04-09,CUST014,Salar de Atacama,PRD0068,,15,11421.02,9355.81,171315.31,30978.16,0.1808,2026-04-26,2026-07-06,2026-07-20,Shipped,Spot
SO001045,SOL0001374,2025-03-08,CUST010,El Abra,PRD0026,,4,11729.92,9509.08,46919.69,8883.37,0.1893,2025-04-13,2025-04-08,2025-04-13,Shipped,Shutdown
SO001046,SOL0001375,2025-06-18,CUST015,Los Colorados,PRD0082,CTR0015,1,2041.68,1291.76,2041.68,749.92,0.3673,2025-07-12,2025-07-15,2025-07-30,Shipped,Emergency
SO001047,SOL0001376,2025-02-26,CUST013,La Coipa,PRD0035,CTR0013,1,7619.96,5266.64,7619.96,2353.32,0.3088,2025-03-19,2025-05-31,2025-06-14,Shipped,Emergency
SO001048,SOL0001377,2025-06-02,CUST005,Los Pelambres,PRD0041,CTR0005,3,17177.59,17136.45,51532.78,123.43,0.0024,2025-07-06,2025-08-25,2025-08-23,Shipped,Emergency
SO001049,SOL0001378,2025-12-13,CUST005,Los Pelambres,PRD0028,,2,9144.86,6371.05,18289.71,5547.61,0.3033,2026-02-18,2026-01-25,2026-01-28,Shipped,Shutdown
SO001050,SOL0001379,2025-08-28,CUST003,Escondida,PRD0086,,1,5086.43,4358.61,5086.43,727.82,0.1431,2025-10-30,2025-09-22,2025-09-24,Shipped,Shutdown
SO001050,SOL0001380,2024-07-17,CUST009,Caserones,PRD0076,CTR0009,1,20210.35,16899.54,20210.35,3310.81,0.1638,2024-09-16,2024-08-15,2024-09-02,Shipped,Spot
SO001051,SOL0001381,2026-05-22,CUST013,La Coipa,PRD0031,,1,12060.56,9279.98,12060.56,2780.58,0.2306,2026-07-16,2026-07-18,2026-07-28,Shipped,Spot
SO001052,SOL0001382,2025-11-09,CUST015,Los Colorados,PRD0100,,5,2872.25,1698.83,14361.25,5867.1,0.4085,2025-11-17,2025-12-30,2025-12-25,Shipped,Shutdown
SO001052,SOL0001383,2025-12-02,CUST008,Candelaria,PRD0060,CTR0008,1,17933.35,17301.97,17933.35,631.38,0.0352,2025-12-27,2026-01-07,2026-01-19,Shipped,Spot
SO001053,SOL0001384,2024-03-08,CUST004,Spence,PRD0028,,3,9068.91,6109.87,27206.73,8877.12,0.3263,2024-05-15,2024-05-05,2024-05-15,Shipped,Spot
SO001054,SOL0001385,2026-06-04,CUST010,El Abra,PRD0081,,10,1329.89,1096.25,13298.86,2336.36,0.1757,2026-06-13,2026-06-14,2026-06-25,Shipped,Emergency
SO001055,SOL0001386,2025-06-09,CUST004,Spence,PRD0051,,2,35752.58,23685.41,71505.16,24134.34,0.3375,2025-08-03,2025-09-03,2025-09-15,Shipped,Contract
SO001055,SOL0001387,2024-06-19,CUST003,Escondida,PRD0010,,2,8409.14,6070.38,16818.28,4677.52,0.2781,2024-08-11,2024-08-03,2024-08-19,Shipped,Spot
SO001056,SOL0001388,2024-07-11,CUST001,Chuquicamata,PRD0039,,4,11550.42,8174.02,46201.68,13505.6,0.2923,2024-07-31,2024-08-29,2024-09-09,Shipped,Contract
SO001057,SOL0001389,2024-11-25,CUST015,Los Colorados,PRD0084,,2,42239.96,23514.12,84479.92,37451.68,0.4433,2024-12-25,2025-01-31,2025-02-20,Shipped,Spot
SO001058,SOL0001390,2026-05-12,CUST001,Chuquicamata,PRD0064,,3,26656.56,23979.18,79969.67,8032.13,0.1004,2026-06-24,2026-07-16,2026-07-31,Shipped,Spot
SO001059,SOL0001391,2025-06-26,CUST012,Sierra Gorda,PRD0036,,2,3267.98,2718.42,6535.97,-1830.07,-0.28,2025-08-25,2025-09-12,2025-09-19,Shipped,Shutdown
SO001059,SOL0001392,2024-12-31,CUST002,El Teniente,PRD0028,,20,8839.66,6319.74,176793.13,50398.33,0.2851,2025-03-04,2025-03-07,2025-03-11,Shipped,Shutdown
SO001060,SOL0001393,2026-04-08,CUST003,Escondida,PRD0005,,2,5532.0,5148.82,11064.0,766.36,0.0693,2026-06-02,2026-04-25,2026-04-28,Shipped,Shutdown
SO001061,SOL0001394,2025-08-18,CUST009,Caserones,PRD0059,CTR0009,1,25195.57,21247.77,25195.57,3947.8,0.1567,2025-10-24,2025-11-15,2025-11-14,Shipped,Shutdown
SO001061,SOL0001395,2025-06-24,CUST008,Candelaria,PRD0108,CTR0008,3,19922.35,18371.17,59767.04,4653.53,0.0779,2025-08-18,2025-09-24,2025-10-07,Shipped,Shutdown
SO001062,SOL0001396,2026-06-28,CUST014,Salar de Atacama,PRD0085,,10,9919.51,5793.49,99195.14,41260.24,0.416,2026-07-23,2026-09-15,2026-09-26,Shipped,Shutdown
SO001063,SOL0001397,2025-10-09,CUST008,Candelaria,PRD0070,CTR0008,1,41630.95,29835.7,41630.95,11795.25,0.2833,2025-11-29,2025-12-08,2025-12-13,Shipped,Shutdown
SO001064,SOL0001398,2024-06-24,CUST003,Escondida,PRD0086,,2,5163.05,3867.2,10326.09,2591.69,0.251,2024-07-14,2024-08-08,2024-08-26,Shipped,Contract
SO001065,SOL0001399,2024-09-05,CUST007,Quebrada Blanca,PRD0020,,20,17681.31,10434.53,353626.15,144935.55,0.4099,2024-11-06,2024-10-08,,Backorder,Contract
SO001065,SOL0001400,2024-08-23,CUST009,Caserones,PRD0059,CTR0009,2,26860.26,21366.76,53720.53,10987.01,0.2045,2024-10-27,2024-09-04,2024-09-16,Shipped,Shutdown
SO001065,SOL0001401,2025-01-09,CUST005,Los Pelambres,PRD0004,,5,7150.59,3978.0,35752.95,15862.95,0.4437,2025-03-03,2025-03-31,,Backorder,Shutdown
SO001066,SOL0001402,2026-04-29,CUST006,Centinela,PRD0094,,2,22987.34,19543.22,45974.69,6888.25,0.1498,2026-05-28,2026-06-26,2026-07-04,Shipped,Shutdown
SO001067,SOL0001403,2024-12-01,CUST002,El Teniente,PRD0061,CTR0002,8,7787.58,6815.66,62300.63,7775.35,0.1248,2024-12-16,2025-02-28,2025-03-09,Shipped,Emergency
SO001068,SOL0001404,2025-04-18,CUST002,El Teniente,PRD0045,,20,7227.33,5033.78,144546.58,43870.98,0.3035,2025-05-04,2025-07-04,2025-07-07,Shipped,Contract
SO001069,SOL0001405,2024-12-04,CUST010,El Abra,PRD0052,CTR0010,2,10836.54,8753.99,21673.09,4165.11,0.1922,2025-01-18,2025-01-16,2025-01-18,Shipped,Spot
SO001070,SOL0001406,2024-03-29,CUST013,La Coipa,PRD0069,,20,7805.71,4971.8,156114.29,56678.29,0.3631,2024-04-16,2024-05-21,2024-05-28,Shipped,Shutdown
SO001071,SOL0001407,2026-02-11,CUST002,El Teniente,PRD0082,,4,2090.86,1293.76,8363.43,3188.39,0.3812,2026-03-14,2026-03-03,2026-03-11,Shipped,Emergency
SO001071,SOL0001408,2025-08-16,CUST011,Los Bronces,PRD0068,,2,11623.93,9031.63,23247.86,5184.6,0.223,2025-10-25,2025-10-13,2025-10-14,Shipped,Spot
SO001071,SOL0001409,2024-05-08,CUST012,Sierra Gorda,PRD0083,CTR0012,20,3845.88,2408.99,76917.63,28737.83,0.3736,2024-05-23,2024-06-23,2024-06-22,Shipped,Contract
SO001072,SOL0001410,2024-10-20,CUST006,Centinela,PRD0091,,10,849.46,576.54,8494.56,2729.16,0.3213,2024-12-17,2025-01-25,2025-01-24,Shipped,Contract
SO001073,SOL0001411,2024-02-07,CUST003,Escondida,PRD0091,,5,872.24,555.07,4361.19,1585.84,0.3636,2024-03-19,2024-03-05,,Backorder,Contract
SO001073,SOL0001412,2024-04-06,CUST001,Chuquicamata,PRD0120,,10,12985.17,9006.94,129851.72,39782.32,0.3064,2024-05-18,2024-06-14,2024-07-04,Shipped,Emergency
SO001074,SOL0001413,2025-02-10,CUST009,Caserones,PRD0022,,1,1223.08,736.57,1223.08,486.51,0.3978,2025-02-20,2025-04-28,2025-05-13,Shipped,Shutdown
SO001074,SOL0001414,2024-02-08,CUST007,Quebrada Blanca,PRD0035,,1,7933.08,4714.66,7933.08,3218.42,0.4057,2024-04-07,2024-03-05,,Backorder,Shutdown
SO001074,SOL0001415,2026-04-23,CUST005,Los Pelambres,PRD0057,,1,11976.87,8977.87,11976.87,2999.0,0.2504,2026-07-02,2026-06-16,2026-06-25,Shipped,Contract
SO001075,SOL0001416,2025-07-27,CUST015,Los Colorados,PRD0063,,1,6730.73,6037.64,6730.73,693.09,0.103,2025-09-25,2025-08-28,2025-08-29,Shipped,Shutdown
SO001076,SOL0001417,2024-04-02,CUST013,La Coipa,PRD0101,,4,7530.47,4763.12,30121.87,11069.39,0.3675,2024-05-16,2024-04-20,,Cancelled,Spot
SO001077,SOL0001418,2024-11-24,CUST013,La Coipa,PRD0011,,3,42115.56,25368.18,126346.68,50242.14,0.3977,2025-01-24,2025-02-18,2025-03-02,Shipped,Spot
SO001077,SOL0001419,2024-09-28,CUST012,Sierra Gorda,PRD0059,CTR0012,1,25012.6,21450.51,25012.6,3562.09,0.1424,2024-11-06,2024-12-14,2024-12-17,Shipped,Contract
SO001078,SOL0001420,2026-06-18,CUST014,Salar de Atacama,PRD0054,,1,3094.86,2367.58,3094.86,727.28,0.235,2026-08-07,2026-08-25,2026-08-26,Shipped,Emergency
SO001079,SOL0001421,2024-07-19,CUST005,Los Pelambres,PRD0017,,4,7054.25,4174.7,28217.01,11518.21,0.4082,2024-08-18,2024-09-13,2024-09-24,Shipped,Contract
SO001080,SOL0001422,2026-06-15,CUST003,Escondida,PRD0115,,10,8311.93,6761.34,83119.26,15505.86,0.1865,2026-07-03,2026-08-17,,Open,Contract
SO001081,SOL0001423,2026-01-18,CUST008,Candelaria,PRD0115,,2,8672.32,6521.75,17344.65,4301.15,0.248,2026-03-22,2026-04-17,,Backorder,Emergency
SO001081,SOL0001424,2026-05-05,CUST001,Chuquicamata,PRD0010,,1,8318.4,6656.97,8318.4,1661.43,0.1997,2026-06-10,2026-08-13,2026-08-27,Shipped,Spot
SO001081,SOL0001425,2025-10-05,CUST008,Candelaria,PRD0040,,1,14953.42,10948.93,14953.42,4004.49,0.2678,2025-11-08,2026-01-11,2026-01-06,Shipped,Contract
SO001082,SOL0001426,2025-05-22,CUST004,Spence,PRD0089,,15,10496.37,6601.03,157445.52,58430.07,0.3711,2025-07-08,2025-06-09,2025-06-16,Shipped,Emergency
SO001082,SOL0001427,2024-11-13,CUST005,Los Pelambres,PRD0065,,3,1694.75,1098.72,5084.24,1788.08,0.3517,2025-01-07,2024-12-28,2025-01-11,Shipped,Shutdown
SO001083,SOL0001428,2025-07-08,CUST007,Quebrada Blanca,PRD0108,,1,22657.44,18102.48,22657.44,4554.96,0.201,2025-08-12,2025-10-15,2025-10-27,Shipped,Contract
SO001084,SOL0001429,2024-01-16,CUST014,Salar de Atacama,PRD0001,,1,43739.32,25254.53,43739.32,18484.79,0.4226,2024-03-12,2024-04-11,2024-04-27,Shipped,Emergency
SO001085,SOL0001430,2025-06-02,CUST010,El Abra,PRD0085,CTR0010,2,8877.09,5387.82,17754.18,6978.54,0.3931,2025-06-14,2025-08-27,2025-09-09,Shipped,Spot
SO001086,SOL0001431,2025-08-28,CUST006,Centinela,PRD0070,,1,44935.84,30250.47,44935.84,14685.37,0.3268,2025-10-27,2025-09-29,2025-10-02,Shipped,Spot
SO001087,SOL0001432,2025-04-08,CUST012,Sierra Gorda,PRD0018,CTR0012,4,1116.74,1068.73,4466.94,192.02,0.043,2025-06-12,2025-07-15,2025-07-28,Shipped,Spot
SO001088,SOL0001433,2024-07-18,CUST001,Chuquicamata,PRD0116,,8,16446.64,12896.08,131573.09,28404.45,0.2159,2024-09-13,2024-08-14,2024-08-23,Shipped,Spot
SO001089,SOL0001434,2025-11-20,CUST004,Spence,PRD0011,,2,42717.41,27873.81,85434.81,29687.19,0.3475,2026-01-23,2026-02-26,,Cancelled,Emergency
SO001090,SOL0001435,2025-09-06,CUST007,Quebrada Blanca,PRD0116,,2,17282.07,13116.53,34564.14,8331.08,0.241,2025-10-25,2025-11-15,2025-11-11,Shipped,Emergency
SO001091,SOL0001436,2025-09-16,CUST013,La Coipa,PRD0001,CTR0013,1,40342.07,27393.58,40342.07,12948.49,0.321,2025-10-12,2025-12-18,2025-12-14,Shipped,Spot
SO001092,SOL0001437,2024-02-05,CUST013,La Coipa,PRD0080,,10,6316.58,4972.35,63165.75,13442.25,0.2128,2024-02-12,2024-03-05,2024-03-07,Shipped,Emergency
SO001092,SOL0001438,2025-07-20,CUST005,Los Pelambres,PRD0059,,1,27497.87,21274.03,27497.87,6223.84,0.2263,2025-09-03,2025-10-12,,Backorder,Shutdown
SO001093,SOL0001439,2024-06-29,CUST015,Los Colorados,PRD0072,,10,11141.08,7046.78,111410.84,40943.04,0.3675,2024-08-15,2024-08-24,2024-08-19,Shipped,Emergency
SO001094,SOL0001440,2024-10-13,CUST009,Caserones,PRD0034,CTR0009,1,9453.6,5967.92,9453.6,3485.68,0.3687,2024-11-26,2024-11-23,2024-11-27,Shipped,Spot
SO001095,SOL0001441,2026-02-09,CUST005,Los Pelambres,PRD0071,,2,1230.6,1086.67,2461.19,287.85,0.117,2026-03-17,2026-05-08,2026-05-04,Shipped,Emergency
SO001096,SOL0001442,2026-03-13,CUST004,Spence,PRD0044,CTR0004,2,31768.65,27434.91,63537.31,8667.49,0.1364,2026-04-20,2026-05-24,2026-05-24,Shipped,Shutdown
SO001097,SOL0001443,2026-03-17,CUST006,Centinela,PRD0116,,15,16636.67,13785.7,249550.11,42764.61,0.1714,2026-05-06,2026-06-03,,Cancelled,Spot
SO001098,SOL0001444,2025-10-03,CUST014,Salar de Atacama,PRD0082,,4,2134.65,1297.04,8538.6,3350.44,0.3924,2025-10-21,2025-11-19,2025-11-28,Shipped,Emergency
SO001099,SOL0001445,2025-05-20,CUST007,Quebrada Blanca,PRD0078,,1,12355.82,9516.76,12355.82,2839.06,0.2298,2025-07-02,2025-07-05,2025-07-02,Shipped,Contract
SO001100,SOL0001446,2024-07-17,CUST005,Los Pelambres,PRD0036,,1,3303.06,2653.44,3303.06,649.62,0.1967,2024-08-27,2024-10-02,2024-10-04,Shipped,Shutdown
SO001100,SOL0001447,2025-05-18,CUST002,El Teniente,PRD0093,CTR0002,3,37757.38,26856.91,113272.15,32701.42,0.2887,2025-07-02,2025-06-06,2025-06-24,Shipped,Contract
SO001101,SOL0001448,2026-01-26,CUST009,Caserones,PRD0116,CTR0009,2,15631.5,13499.62,31262.99,4263.75,0.1364,2026-03-24,2026-02-11,,Backorder,Emergency
SO001102,SOL0001449,2024-07-10,CUST013,La Coipa,PRD0080,,10,6237.69,5150.83,62376.86,10868.56,0.1742,2024-09-01,2024-08-31,2024-08-31,Shipped,Spot
SO001103,SOL0001450,2024-11-12,CUST003,Escondida,PRD0098,,2,1509.14,1093.43,3018.27,831.41,0.2755,2024-11-21,2025-02-18,2025-02-27,Shipped,Spot
SO001104,SOL0001451,2025-11-14,CUST006,Centinela,PRD0073,,2,34659.63,31467.52,69319.26,6384.22,0.0921,2025-12-19,2026-02-07,,Open,Emergency
SO001105,SOL0001452,2026-02-26,CUST003,Escondida,PRD0047,,8,6640.53,5815.24,53124.28,6602.36,0.1243,2026-03-15,2026-06-02,2026-06-02,Shipped,Contract
SO001105,SOL0001453,2026-05-25,CUST006,Centinela,PRD0022,,1,1214.0,743.15,1214.0,470.85,0.3878,2026-06-26,2026-07-30,2026-08-15,Shipped,Shutdown
SO001106,SOL0001454,2026-05-19,CUST003,Escondida,PRD0034,,1,10154.54,6138.86,10154.54,4015.68,0.3955,2026-07-07,2026-07-02,2026-07-06,Shipped,Spot
SO001106,SOL0001455,2025-09-14,CUST010,El Abra,PRD0027,CTR0010,20,6742.14,6604.11,134842.73,2760.53,0.0205,2025-11-16,2025-11-05,2025-11-06,Shipped,Shutdown
SO001107,SOL0001456,2025-10-18,CUST003,Escondida,PRD0098,,20,1492.27,1127.17,29845.46,7302.06,0.2447,2025-10-27,2025-12-15,2026-01-02,Shipped,Contract
SO001108,SOL0001457,2024-06-17,CUST003,Escondida,PRD0089,,4,9884.04,6424.39,39536.17,13838.61,0.35,2024-08-06,2024-09-17,,Open,Spot
SO001108,SOL0001458,2025-11-22,CUST006,Centinela,PRD0116,,1,17105.69,13310.04,17105.69,3795.65,0.2219,2025-12-19,2026-01-09,2026-01-17,Shipped,Spot
SO001109,SOL0001459,2025-08-16,CUST001,Chuquicamata,PRD0093,,1,38959.57,27949.27,38959.57,11010.3,0.2826,2025-10-08,2025-10-14,2025-10-26,Shipped,Contract
SO001110,SOL0001460,2024-05-05,CUST002,El Teniente,PRD0018,CTR0002,2,1167.6,987.48,2335.2,360.24,0.1543,2024-07-08,2024-06-18,2024-06-26,Shipped,Emergency
SO001110,SOL0001461,2026-03-03,CUST002,El Teniente,PRD0015,,1,41318.81,30236.3,41318.81,11082.51,0.2682,2026-04-11,2026-06-04,2026-05-30,Shipped,Spot
SO001111,SOL0001462,2024-01-30,CUST010,El Abra,PRD0011,,1,42523.55,24045.8,42523.55,18477.75,0.4345,2024-04-07,2024-02-20,2024-02-22,Shipped,Shutdown
SO001112,SOL0001463,2024-03-17,CUST013,La Coipa,PRD0026,,3,11844.09,9269.33,35532.27,7724.28,0.2174,2024-04-12,2024-04-09,2024-04-22,Shipped,Contract
SO001112,SOL0001464,2026-02-04,CUST003,Escondida,PRD0103,,20,8390.18,7513.12,167803.68,17541.28,0.1045,2026-02-25,2026-04-16,2026-04-13,Shipped,Emergency
SO001113,SOL0001465,2026-01-03,CUST007,Quebrada Blanca,PRD0087,CTR0007,1,2076.96,1292.98,2076.96,783.98,0.3775,2026-01-18,2026-02-28,,Cancelled,Spot
SO001113,SOL0001466,2024-04-14,CUST012,Sierra Gorda,PRD0006,CTR0012,8,9545.55,7253.72,76364.39,18334.63,0.2401,2024-06-06,2024-06-08,2024-06-27,Shipped,Contract
SO001114,SOL0001467,2025-03-22,CUST001,Chuquicamata,PRD0039,,1,11506.6,8115.99,11506.6,3390.61,0.2947,2025-04-12,2025-05-23,2025-05-27,Shipped,Contract
SO001115,SOL0001468,2024-09-03,CUST007,Quebrada Blanca,PRD0079,,4,10674.61,5978.9,42698.44,18782.84,0.4399,2024-09-12,2024-11-21,2024-12-02,Shipped,Spot
SO001116,SOL0001469,2024-04-10,CUST004,Spence,PRD0023,,10,4900.24,3174.27,49002.41,17259.71,0.3522,2024-04-24,2024-07-03,2024-07-10,Shipped,Shutdown
SO001117,SOL0001470,2024-12-15,CUST007,Quebrada Blanca,PRD0114,,1,2921.97,2282.65,2921.97,639.32,0.2188,2025-02-06,2025-02-14,,Backorder,Emergency
SO001118,SOL0001471,2024-07-20,CUST006,Centinela,PRD0098,,1,1482.34,1088.24,1482.34,394.1,0.2659,2024-07-31,2024-09-02,2024-09-13,Shipped,Emergency
SO001119,SOL0001472,2025-01-03,CUST009,Caserones,PRD0014,,3,48925.61,34178.32,146776.83,44241.87,0.3014,2025-03-13,2025-02-02,2025-02-05,Shipped,Emergency
SO001120,SOL0001473,2024-10-16,CUST002,El Teniente,PRD0040,,1,14925.22,9879.65,14925.22,5045.57,0.3381,2024-11-10,2024-11-19,2024-12-07,Shipped,Emergency
SO001121,SOL0001474,2025-08-29,CUST014,Salar de Atacama,PRD0073,,3,34090.3,31441.51,102270.91,7946.38,0.0777,2025-10-26,2025-12-02,2025-12-10,Shipped,Spot
SO001122,SOL0001475,2026-03-27,CUST007,Quebrada Blanca,PRD0087,CTR0007,10,2083.28,1323.02,20832.75,7602.55,0.3649,2026-05-18,2026-05-18,2026-05-26,Shipped,Contract
SO001123,SOL0001476,2025-07-20,CUST008,Candelaria,PRD0108,CTR0008,3,20306.88,18102.48,60920.63,6613.19,0.1086,2025-07-28,2025-08-18,2025-08-21,Shipped,Contract
SO001124,SOL0001477,2024-04-06,CUST003,Escondida,PRD0101,,3,7772.61,4763.12,23317.82,9028.46,0.3872,2024-05-30,2024-07-08,2024-07-27,Shipped,Contract
SO001125,SOL0001478,2026-03-10,CUST014,Salar de Atacama,PRD0114,,4,2872.76,2513.87,11491.04,1435.56,0.1249,2026-05-10,2026-04-18,2026-04-30,Shipped,Shutdown
SO001126,SOL0001479,2025-06-27,CUST011,Los Bronces,PRD0080,,15,6496.87,5385.31,97453.06,16673.41,0.1711,2025-07-26,2025-07-31,,Open,Shutdown
SO001127,SOL0001480,2026-03-19,CUST001,Chuquicamata,PRD0085,,10,9641.09,5771.39,96410.9,38697.0,0.4014,2026-04-02,2026-05-10,2026-05-05,Shipped,Emergency
SO001128,SOL0001481,2024-04-07,CUST009,Caserones,PRD0043,CTR0009,3,24958.14,14867.76,74874.43,30271.15,0.4043,2024-04-27,2024-05-06,2024-05-04,Shipped,Emergency
SO001129,SOL0001482,2025-06-08,CUST004,Spence,PRD0006,,15,10437.99,7876.59,156569.92,38421.07,0.2454,2025-07-31,2025-08-26,2025-08-29,Shipped,Contract
SO001130,SOL0001483,2025-08-27,CUST009,Caserones,PRD0014,,2,46004.22,34780.45,92008.44,22447.54,0.244,2025-09-16,2025-09-11,2025-09-25,Shipped,Spot
SO001131,SOL0001484,2025-02-06,CUST011,Los Bronces,PRD0028,,4,8885.52,6334.39,35542.08,10204.52,0.2871,2025-02-17,2025-03-25,2025-04-13,Shipped,Spot
SO001132,SOL0001485,2025-03-26,CUST014,Salar de Atacama,PRD0014,CTR0014,3,40372.3,34192.54,121116.89,18539.27,0.1531,2025-04-03,2025-06-09,2025-06-18,Shipped,Spot
SO001133,SOL0001486,2025-07-23,CUST009,Caserones,PRD0059,CTR0009,2,25843.09,21274.03,51686.18,9138.12,0.1768,2025-09-15,2025-09-08,2025-09-16,Shipped,Spot
SO001133,SOL0001487,2025-11-03,CUST012,Sierra Gorda,PRD0071,CTR0012,2,1138.42,1065.9,2276.84,145.04,0.0637,2025-12-28,2026-01-29,2026-01-25,Shipped,Contract
SO001133,SOL0001488,2024-09-15,CUST014,Salar de Atacama,PRD0068,,20,11331.13,8481.57,226622.64,56991.24,0.2515,2024-10-03,2024-11-16,2024-11-22,Shipped,Emergency
SO001133,SOL0001489,2024-12-21,CUST007,Quebrada Blanca,PRD0115,,1,8277.02,6080.62,8277.02,2196.4,0.2654,2025-01-22,2025-03-20,2025-03-21,Shipped,Contract
SO001134,SOL0001490,2026-02-01,CUST004,Spence,PRD0041,,3,20194.18,18011.47,60582.53,6548.12,0.1081,2026-03-10,2026-05-01,2026-05-10,Shipped,Contract
SO001135,SOL0001491,2024-12-24,CUST003,Escondida,PRD0026,,15,11960.17,9630.51,179402.53,34944.88,0.1948,2025-01-22,2025-03-18,2025-03-13,Shipped,Shutdown
SO001136,SOL0001492,2025-01-08,CUST015,Los Colorados,PRD0071,,15,1242.93,1015.72,18643.97,3408.17,0.1828,2025-03-03,2025-04-04,2025-04-19,Shipped,Contract
SO001137,SOL0001493,2025-06-26,CUST002,El Teniente,PRD0082,,2,2065.35,1291.76,4130.7,1547.18,0.3746,2025-07-16,2025-08-22,2025-09-02,Shipped,Emergency
SO001138,SOL0001494,2024-09-01,CUST015,Los Colorados,PRD0054,CTR0015,4,2978.14,2153.3,11912.57,3299.37,0.277,2024-09-09,2024-09-30,,Open,Spot
SO001139,SOL0001495,2024-06-04,CUST009,Caserones,PRD0006,,2,9745.77,7343.47,19491.54,4804.6,0.2465,2024-07-08,2024-07-09,2024-07-11,Shipped,Contract
SO001140,SOL0001496,2025-07-19,CUST003,Escondida,PRD0095,,20,11154.46,7748.88,223089.14,68111.54,0.3053,2025-08-24,2025-10-20,2025-10-18,Shipped,Contract
SO001141,SOL0001497,2025-03-26,CUST013,La Coipa,PRD0004,,8,6991.9,3968.65,55935.19,24185.99,0.4324,2025-05-18,2025-06-10,2025-06-15,Shipped,Shutdown
SO001142,SOL0001498,2025-07-23,CUST014,Salar de Atacama,PRD0034,CTR0014,8,9464.83,5872.1,75718.63,28741.83,0.3796,2025-08-23,2025-08-28,2025-08-26,Shipped,Shutdown
SO001143,SOL0001499,2025-08-29,CUST009,Caserones,PRD0063,CTR0009,1,6068.69,6055.6,6068.69,13.09,0.0022,2025-09-29,2025-11-01,2025-11-19,Shipped,Shutdown
SO001144,SOL0001500,2024-08-31,CUST004,Spence,PRD0106,,10,14986.42,9426.11,149864.22,55603.12,0.371,2024-09-11,2024-11-28,2024-12-04,Shipped,Contract
SO001145,SOL0001501,2026-01-15,CUST004,Spence,PRD0041,,2,20526.47,17847.29,41052.95,5358.37,0.1305,2026-03-23,2026-01-25,2026-01-24,Shipped,Contract
SO001146,SOL0001502,2024-08-06,CUST004,Spence,PRD0069,,10,7794.92,4954.25,77949.17,28406.67,0.3644,2024-09-10,2024-08-21,2024-08-19,Shipped,Shutdown
SO001147,SOL0001503,2024-10-13,CUST007,Quebrada Blanca,PRD0020,,5,18153.78,10665.54,90768.92,37441.22,0.4125,2024-10-30,2025-01-15,2025-01-20,Shipped,Shutdown
SO001148,SOL0001504,2024-09-01,CUST015,Los Colorados,PRD0115,,1,8803.08,5907.89,8803.08,2895.19,0.3289,2024-11-03,2024-11-25,2024-11-23,Shipped,Spot
SO001149,SOL0001505,2025-12-14,CUST002,El Teniente,PRD0070,,3,45149.26,30836.74,135447.77,42937.55,0.317,2026-01-20,2026-02-06,2026-02-24,Shipped,Shutdown
SO001150,SOL0001506,2024-08-07,CUST007,Quebrada Blanca,PRD0095,,4,11737.86,7197.46,46951.45,63384.46,1.35,2024-09-19,2024-10-14,2024-10-13,Shipped,Shutdown
SO001151,SOL0001507,2026-05-21,CUST006,Centinela,PRD0011,,2,43831.16,29314.84,87662.32,29032.64,0.3312,2026-06-02,2026-08-21,2026-08-22,Shipped,Spot
SO001152,SOL0001508,2024-12-21,CUST008,Candelaria,PRD0107,CTR0008,2,37050.07,28470.01,74100.14,17160.12,0.2316,2025-02-28,2025-02-19,2025-02-15,Shipped,Emergency
SO001152,SOL0001509,2024-02-10,CUST013,La Coipa,PRD0014,,2,48283.27,32714.44,96566.55,31137.67,0.3224,2024-02-23,2024-03-12,2024-03-29,Shipped,Shutdown
SO001153,SOL0001510,2024-05-13,CUST012,Sierra Gorda,PRD0054,,1,3024.97,2080.22,3024.97,944.75,0.3123,2024-06-22,2024-08-13,,Cancelled,Shutdown
SO001154,SOL0001511,2025-06-01,CUST008,Candelaria,PRD0059,,1,28999.91,21117.46,28999.91,7882.45,0.2718,2025-07-27,2025-08-21,,Backorder,Contract
SO001155,SOL0001512,2024-03-21,CUST010,El Abra,PRD0065,,15,1633.77,1051.33,24506.48,8736.53,0.3565,2024-03-29,2024-04-11,2024-04-26,Shipped,Emergency
SO001155,SOL0001513,2025-10-12,CUST002,El Teniente,PRD0018,CTR0002,10,1201.35,1039.99,12013.5,1613.6,0.1343,2025-11-22,2026-01-16,2026-01-31,Shipped,Spot
SO001156,SOL0001514,2024-11-18,CUST001,Chuquicamata,PRD0015,CTR0001,2,40034.72,26807.35,80069.45,26454.75,0.3304,2024-12-12,2024-12-06,2024-12-21,Shipped,Shutdown
SO001157,SOL0001515,2024-05-31,CUST006,Centinela,PRD0020,,3,18204.21,9872.17,54612.64,24996.13,0.4577,2024-06-26,2024-06-16,2024-06-21,Shipped,Contract
SO001158,SOL0001516,2026-05-07,CUST008,Candelaria,PRD0083,CTR0008,5,4000.65,2579.7,20003.25,7104.75,0.3552,2026-07-06,2026-06-25,,Open,Contract
SO001159,SOL0001517,2024-08-02,CUST001,Chuquicamata,PRD0041,,2,20585.0,16037.18,41169.99,9095.63,0.2209,2024-09-25,2024-10-08,,Open,Spot
SO001160,SOL0001518,2025-09-22,CUST011,Los Bronces,PRD0082,CTR0011,1,1829.98,1291.35,1829.98,538.63,0.2943,2025-11-11,2025-12-01,2025-12-07,Shipped,Contract
SO001161,SOL0001519,2025-02-07,CUST009,Caserones,PRD0085,CTR0009,1,8834.13,5446.68,8834.13,3387.45,0.3835,2025-04-13,2025-05-18,2025-06-01,Shipped,Emergency
SO001161,SOL0001520,2025-01-29,CUST002,El Teniente,PRD0112,CTR0002,1,21625.52,18013.24,21625.52,3612.28,0.167,2025-04-06,2025-03-29,2025-04-12,Shipped,Shutdown
SO001162,SOL0001521,2025-05-10,CUST015,Los Colorados,PRD0060,,1,19696.7,16935.47,19696.7,2761.23,0.1402,2025-05-20,2025-07-07,2025-07-16,Shipped,Shutdown
SO001163,SOL0001522,2026-05-06,CUST010,El Abra,PRD0034,,3,10213.09,6138.86,30639.26,12222.68,0.3989,2026-05-24,2026-08-08,2026-08-23,Shipped,Shutdown
SO001164,SOL0001523,2024-08-12,CUST001,Chuquicamata,PRD0011,CTR0001,3,40963.61,24496.17,122890.82,49402.31,0.402,2024-10-20,2024-09-19,,Open,Contract
SO001164,SOL0001524,2026-03-10,CUST009,Caserones,PRD0038,,1,51120.94,40749.55,51120.94,10371.39,0.2029,2026-03-25,2026-04-20,2026-05-02,Shipped,Contract
SO001165,SOL0001525,2024-05-13,CUST003,Escondida,PRD0099,,3,2895.75,2166.04,8687.24,2189.12,0.252,2024-06-16,2024-07-03,2024-07-20,Shipped,Contract
SO001166,SOL0001526,2025-06-20,CUST010,El Abra,PRD0034,CTR0010,1,9453.37,5907.66,9453.37,3545.71,0.3751,2025-08-05,2025-09-24,2025-09-19,Shipped,Shutdown
SO001167,SOL0001527,2025-05-27,CUST009,Caserones,PRD0006,CTR0009,1,9976.4,7699.8,9976.4,2276.6,0.2282,2025-07-31,2025-07-30,2025-08-16,Shipped,Shutdown
SO001167,SOL0001528,2026-02-13,CUST009,Caserones,PRD0108,,2,22359.15,18546.11,44718.31,7626.09,0.1705,2026-03-30,2026-03-12,2026-03-28,Shipped,Contract
SO001168,SOL0001529,2026-04-27,CUST003,Escondida,PRD0114,,15,2870.96,2504.7,43064.34,5493.84,0.1276,2026-05-14,2026-06-08,2026-06-03,Shipped,Contract
SO001169,SOL0001530,2025-02-21,CUST001,Chuquicamata,PRD0045,,10,7100.33,5048.08,71003.25,20522.45,0.289,2025-04-22,2025-05-25,2025-06-11,Shipped,Emergency
SO001170,SOL0001531,2024-12-16,CUST010,El Abra,PRD0007,CTR0010,10,4979.36,3399.67,49793.55,15796.85,0.3172,2025-02-09,2025-01-09,2025-01-28,Shipped,Spot
SO001171,SOL0001532,2025-10-27,CUST005,Los Pelambres,PRD0052,,1,11702.21,9315.77,11702.21,2386.44,0.2039,2025-12-24,2025-11-09,2025-11-10,Shipped,Spot
SO001172,SOL0001533,2025-08-28,CUST013,La Coipa,PRD0069,CTR0013,3,7652.14,5453.62,22956.42,6595.56,0.2873,2025-10-25,2025-11-25,2025-11-25,Shipped,Contract
SO001172,SOL0001534,2026-01-19,CUST010,El Abra,PRD0080,,2,6234.65,5632.59,12469.29,1204.11,0.0966,2026-03-24,2026-03-01,2026-03-10,Shipped,Spot
SO001173,SOL0001535,2024-07-09,CUST002,El Teniente,PRD0103,,8,8129.9,6143.71,65039.24,15889.56,0.2443,2024-08-16,2024-08-25,2024-08-26,Shipped,Contract
SO001174,SOL0001536,2024-02-29,CUST002,El Teniente,PRD0028,,4,8993.99,6031.07,35975.95,11851.67,0.3294,2024-03-25,2024-06-04,2024-06-09,Shipped,Shutdown
SO001175,SOL0001537,2025-04-03,CUST009,Caserones,PRD0033,CTR0009,20,9792.31,6141.99,195846.17,73006.37,0.3728,2025-05-18,2025-04-22,2025-05-10,Shipped,Spot
SO001176,SOL0001538,2024-01-10,CUST012,Sierra Gorda,PRD0068,CTR0012,1,9717.39,7904.94,9717.39,1812.45,0.1865,2024-03-05,2024-03-06,2024-03-09,Shipped,Shutdown
SO001177,SOL0001539,2025-01-22,CUST012,Sierra Gorda,PRD0031,,8,11348.09,8814.95,90784.72,20265.12,0.2232,2025-02-06,2025-02-18,2025-02-14,Shipped,Contract
SO001177,SOL0001540,2024-07-06,CUST012,Sierra Gorda,PRD0076,,1,22502.92,16899.54,22502.92,5603.38,0.249,2024-08-10,2024-09-26,2024-10-08,Shipped,Emergency
SO001177,SOL0001541,2025-01-05,CUST008,Candelaria,PRD0033,,2,10649.84,5961.19,21299.67,9377.29,0.4403,2025-02-28,2025-04-08,2025-04-22,Shipped,Spot
SO001177,SOL0001542,2025-04-19,CUST007,Quebrada Blanca,PRD0062,,1,18272.48,11216.28,18272.48,7056.2,0.3862,2025-05-26,2025-05-24,2025-05-28,Shipped,Emergency
SO001177,SOL0001543,2025-01-14,CUST007,Quebrada Blanca,PRD0101,CTR0007,1,6846.06,5003.69,6846.06,1842.37,0.2691,2025-02-18,2025-02-13,2025-03-05,Shipped,Spot
SO001178,SOL0001544,2025-03-23,CUST006,Centinela,PRD0119,CTR0006,10,790.74,491.8,7907.37,2989.37,0.378,2025-04-08,2025-05-06,2025-05-07,Shipped,Shutdown
SO001179,SOL0001545,2026-01-31,CUST005,Los Pelambres,PRD0097,,4,904.51,745.76,3618.02,634.98,0.1755,2026-03-03,2026-02-23,2026-02-25,Shipped,Emergency
SO001180,SOL0001546,2025-12-26,CUST015,Los Colorados,PRD0071,,5,1223.14,1068.12,6115.68,775.08,0.1267,2026-01-11,2026-01-29,2026-02-09,Shipped,Emergency
SO001181,SOL0001547,2025-04-22,CUST015,Los Colorados,PRD0099,,20,2806.59,2202.79,56131.73,12075.93,0.2151,2025-05-20,2025-07-21,2025-07-27,Shipped,Contract
SO001182,SOL0001548,2024-03-19,CUST001,Chuquicamata,PRD0028,,1,8871.04,6109.87,8871.04,2761.17,0.3113,2024-05-07,2024-04-01,2024-04-13,Shipped,Emergency
SO001183,SOL0001549,2025-08-24,CUST015,Los Colorados,PRD0040,CTR0015,1,13866.98,10896.13,13866.98,2970.85,0.2142,2025-09-12,2025-09-04,2025-09-01,Shipped,Contract
SO001184,SOL0001550,2025-05-20,CUST008,Candelaria,PRD0104,CTR0008,10,5999.05,5068.74,59990.45,9303.05,0.1551,2025-07-29,2025-07-07,2025-07-09,Shipped,Emergency
SO001185,SOL0001551,2026-05-16,CUST011,Los Bronces,PRD0041,,1,18514.65,18529.03,18514.65,-14.38,-0.0008,2026-06-22,2026-06-02,2026-06-03,Shipped,Contract
SO001186,SOL0001552,2025-07-25,CUST004,Spence,PRD0069,CTR0004,20,6750.96,5435.82,135019.21,26302.81,0.1948,2025-08-07,2025-08-23,2025-09-01,Shipped,Emergency
SO001187,SOL0001553,2026-04-01,CUST012,Sierra Gorda,PRD0022,CTR0012,8,1078.31,735.76,8626.45,2740.37,0.3177,2026-05-01,2026-07-09,2026-07-06,Shipped,Contract
SO001188,SOL0001554,2024-01-27,CUST012,Sierra Gorda,PRD0116,CTR0012,1,15039.92,12849.31,15039.92,2190.61,0.1457,2024-03-03,2024-02-27,2024-03-03,Shipped,Contract
SO001188,SOL0001555,2026-01-05,CUST004,Spence,PRD0100,CTR0004,2,2634.27,1749.85,5268.54,1768.84,0.3357,2026-02-12,2026-02-12,2026-02-13,Shipped,Spot
SO001189,SOL0001556,2024-05-27,CUST007,Quebrada Blanca,PRD0036,,5,3433.04,2623.16,17165.18,4049.38,0.2359,2024-06-21,2024-07-08,2024-07-04,Shipped,Contract
SO001190,SOL0001557,2026-04-09,CUST005,Los Pelambres,PRD0035,,4,7957.28,5488.59,31829.12,9874.76,0.3102,2026-05-22,2026-07-16,2026-07-26,Shipped,Spot
SO001191,SOL0001558,2024-08-15,CUST013,La Coipa,PRD0017,,5,7204.68,4153.54,36023.39,15255.69,0.4235,2024-08-27,2024-10-21,2024-11-08,Shipped,Contract
SO001192,SOL0001559,2025-08-31,CUST013,La Coipa,PRD0101,,15,7433.32,5080.75,111499.83,35288.58,0.3165,2025-10-29,2025-09-12,2025-09-16,Shipped,Emergency
SO001192,SOL0001560,2024-10-29,CUST011,Los Bronces,PRD0083,,8,4555.3,2420.06,36442.42,17081.94,0.4687,2024-11-18,2024-11-10,2024-11-19,Shipped,Emergency
SO001193,SOL0001561,2025-09-11,CUST009,Caserones,PRD0081,CTR0009,5,1221.5,1060.8,6107.48,803.48,0.1316,2025-11-18,2025-12-16,2025-12-14,Shipped,Contract
SO001194,SOL0001562,2024-02-20,CUST010,El Abra,PRD0014,,1,48145.26,32714.44,48145.26,15430.82,0.3205,2024-04-22,2024-04-18,2024-05-03,Shipped,Shutdown
SO001195,SOL0001563,2026-06-17,CUST008,Candelaria,PRD0071,,2,1221.0,1135.39,2442.01,171.23,0.0701,2026-07-15,2026-09-04,2026-09-13,Shipped,Emergency
SO001196,SOL0001564,2024-08-09,CUST011,Los Bronces,PRD0018,CTR0011,10,1140.0,968.41,11399.98,1715.88,0.1505,2024-08-29,2024-09-13,2024-09-15,Shipped,Spot
SO001197,SOL0001565,2024-03-02,CUST013,La Coipa,PRD0052,,15,11175.87,8750.5,167637.99,36380.49,0.217,2024-05-10,2024-04-17,,Cancelled,Spot
SO001197,SOL0001566,2024-05-18,CUST003,Escondida,PRD0069,,3,7684.01,4956.79,23052.03,8181.66,0.3549,2024-06-25,2024-08-15,2024-08-31,Shipped,Spot
SO001198,SOL0001567,2025-09-23,CUST011,Los Bronces,PRD0113,CTR0011,2,1709.86,1122.86,3419.71,1173.99,0.3433,2025-10-13,2025-12-18,2025-12-31,Shipped,Shutdown
SO001198,SOL0001568,2024-01-04,CUST004,Spence,PRD0035,,3,8163.66,4674.15,24490.97,10468.52,0.4274,2024-02-20,2024-04-12,2024-04-15,Shipped,Emergency
SO001199,SOL0001569,2025-12-07,CUST008,Candelaria,PRD0104,,3,5837.52,5159.22,17512.55,2034.89,0.1162,2026-01-22,2026-02-12,2026-03-02,Shipped,Contract
SO001200,SOL0001570,2025-01-31,CUST012,Sierra Gorda,PRD0103,,20,8268.53,6576.22,165370.63,33846.23,0.2047,2025-03-25,2025-05-02,2025-05-17,Shipped,Spot
SO001201,SOL0001571,2024-01-20,CUST012,Sierra Gorda,PRD0107,,1,41251.73,27263.3,41251.73,13988.43,0.3391,2024-03-08,2024-03-10,2024-03-17,Shipped,Emergency
SO001201,SOL0001572,2024-08-08,CUST004,Spence,PRD0118,,4,13829.7,7406.88,55318.8,25691.28,0.4644,2024-09-04,2024-10-11,,Backorder,Contract
SO001202,SOL0001573,2025-08-06,CUST012,Sierra Gorda,PRD0064,CTR0012,1,23335.41,22079.99,23335.41,1255.42,0.0538,2025-09-28,2025-10-13,2025-10-28,Shipped,Spot
SO001203,SOL0001574,2024-02-05,CUST007,Quebrada Blanca,PRD0062,,15,19227.69,11105.76,288415.29,121828.89,0.4224,2024-02-17,2024-03-27,2024-04-05,Shipped,Contract
SO001204,SOL0001575,2025-04-16,CUST010,El Abra,PRD0069,CTR0010,10,7405.78,5280.77,74057.84,21250.14,0.2869,2025-05-02,2025-07-11,2025-07-20,Shipped,Spot
SO001204,SOL0001576,2024-04-04,CUST009,Caserones,PRD0020,,3,18051.28,9632.45,54153.83,25256.48,0.4664,2024-05-28,2024-06-07,2024-06-23,Shipped,Contract
SO001205,SOL0001577,2024-02-17,CUST014,Salar de Atacama,PRD0044,,1,35704.18,27627.59,35704.18,8076.59,0.2262,2024-03-12,2024-03-01,2024-03-16,Shipped,Contract
SO001206,SOL0001578,2025-09-29,CUST012,Sierra Gorda,PRD0006,CTR0012,4,9237.52,7768.27,36950.07,5876.99,0.1591,2025-10-25,2025-12-03,2025-12-23,Shipped,Shutdown
SO001206,SOL0001579,2026-01-18,CUST006,Centinela,PRD0087,,15,2282.3,1292.98,34234.55,14839.85,0.4335,2026-02-21,2026-03-17,2026-03-25,Shipped,Shutdown
SO001207,SOL0001580,2024-04-17,CUST009,Caserones,PRD0092,CTR0009,1,15707.05,11736.92,15707.05,3970.13,0.2528,2024-05-07,2024-06-27,2024-07-07,Shipped,Spot
SO001208,SOL0001581,2025-05-03,CUST002,El Teniente,PRD0071,,3,1237.93,1049.44,3713.78,565.46,0.1523,2025-07-04,2025-05-17,2025-05-23,Shipped,Spot
SO001209,SOL0001582,2025-12-13,CUST012,Sierra Gorda,PRD0069,,1,7782.34,5773.43,7782.34,2008.91,0.2581,2025-12-28,2026-01-14,2026-01-30,Shipped,Spot
SO001210,SOL0001583,2025-07-13,CUST012,Sierra Gorda,PRD0087,CTR0012,1,2034.47,1291.02,2034.47,743.45,0.3654,2025-08-11,2025-09-26,2025-09-29,Shipped,Spot
SO001211,SOL0001584,2025-08-17,CUST015,Los Colorados,PRD0005,,1,5545.54,5093.07,5545.54,452.47,0.0816,2025-10-22,2025-10-04,2025-10-15,Shipped,Spot
SO001212,SOL0001585,2025-11-11,CUST005,Los Pelambres,PRD0041,CTR0005,2,16886.17,17641.41,33772.35,-1510.47,-0.0447,2025-12-22,2026-01-29,2026-01-26,Shipped,Shutdown
SO001213,SOL0001586,2026-01-25,CUST014,Salar de Atacama,PRD0103,,1,8112.07,7379.7,8112.07,732.37,0.0903,2026-03-23,2026-03-17,2026-03-27,Shipped,Shutdown
SO001214,SOL0001587,2024-02-24,CUST013,La Coipa,PRD0031,,1,11886.12,8141.71,11886.12,3744.41,0.315,2024-05-01,2024-04-06,,Cancelled,Emergency
SO001215,SOL0001588,2024-03-18,CUST003,Escondida,PRD0074,,3,35743.9,24090.55,107231.69,34960.04,0.326,2024-04-12,2024-06-08,2024-06-18,Shipped,Spot
SO001215,SOL0001589,2025-05-09,CUST015,Los Colorados,PRD0045,CTR0015,15,6828.91,5018.91,102433.71,27150.06,0.2651,2025-07-12,2025-05-23,,Open,Emergency
SO001216,SOL0001590,2026-02-20,CUST013,La Coipa,PRD0047,,8,6658.89,5815.24,53271.11,6749.19,0.1267,2026-04-07,2026-05-24,2026-05-19,Shipped,Contract
SO001217,SOL0001591,2025-05-04,CUST010,El Abra,PRD0033,,15,10914.56,6070.11,163718.35,72666.7,0.4439,2025-07-06,2025-06-27,2025-07-10,Shipped,Spot
SO001218,SOL0001592,2025-12-30,CUST001,Chuquicamata,PRD0113,,4,1893.52,1129.76,7574.06,3055.02,0.4034,2026-01-15,2026-02-26,2026-03-04,Shipped,Contract
SO001219,SOL0001593,2024-11-01,CUST004,Spence,PRD0048,,10,6934.22,4856.15,69342.15,20780.65,0.2997,2025-01-02,2024-11-25,2024-12-04,Shipped,Shutdown
SO001219,SOL0001594,2024-08-30,CUST003,Escondida,PRD0008,,2,6354.62,3806.18,12709.24,5096.88,0.401,2024-09-25,2024-11-21,2024-12-11,Shipped,Contract
SO001219,SOL0001595,2024-07-06,CUST014,Salar de Atacama,PRD0002,,3,22166.2,15023.62,66498.59,21427.73,0.3222,2026-13-01,2024-09-15,2024-09-15,Shipped,Shutdown
SO001220,SOL0001596,2024-11-20,CUST006,Centinela,PRD0064,,1,26214.23,20266.55,26214.23,30146.36,1.15,2024-12-19,2024-12-17,2024-12-13,Shipped,Contract
SO001220,SOL0001597,2025-01-27,CUST010,El Abra,PRD0081,,4,1249.14,1053.94,4996.55,780.79,0.1563,2025-03-13,2025-03-22,2025-04-09,Shipped,Emergency
SO001221,SOL0001598,2024-03-20,CUST011,Los Bronces,PRD0024,,3,28466.56,16003.48,85399.67,37389.23,0.4378,2024-04-02,2024-06-26,2024-07-01,Shipped,Shutdown
SO001221,SOL0001599,2024-08-04,CUST005,Los Pelambres,PRD0092,,8,16911.23,12045.45,135289.86,38926.26,0.2877,2024-08-24,2024-09-22,2024-10-05,Shipped,Spot
SO001222,SOL0001600,2024-11-06,CUST012,Sierra Gorda,PRD0058,CTR0012,5,2982.07,2824.61,14910.36,787.31,0.0528,2024-12-25,2024-12-02,2024-11-29,Shipped,Contract
SO001222,SOL0001601,2026-06-26,CUST014,Salar de Atacama,PRD0074,,1,34822.68,26219.82,34822.68,8602.86,0.247,2026-09-02,2026-07-10,2026-07-20,Shipped,Shutdown
SO001223,SOL0001602,2025-09-28,CUST003,Escondida,PRD0096,,4,1576.29,1239.55,6305.15,1346.95,0.2136,2025-11-01,2025-12-29,2026-01-04,Shipped,Shutdown
SO001223,SOL0001603,2025-08-25,CUST003,Escondida,PRD0065,,5,1591.4,1047.71,7957.02,2718.47,0.3416,2025-09-20,2025-11-08,2025-11-20,Shipped,Emergency
SO001224,SOL0001604,2025-08-27,CUST013,La Coipa,PRD0044,,1,35478.15,28099.75,35478.15,7378.4,0.208,2025-10-06,2025-11-08,2025-11-16,Shipped,Shutdown
SO001224,SOL0001605,2025-12-29,CUST014,Salar de Atacama,PRD0011,CTR0014,1,37632.18,28193.72,37632.18,9438.46,0.2508,2026-02-04,2026-02-03,2026-02-20,Shipped,Spot
SO001225,SOL0001606,2026-01-01,CUST002,El Teniente,PRD0064,,3,27275.22,22724.26,81825.67,13652.89,0.1669,2026-01-15,2026-03-09,2026-03-26,Shipped,Shutdown
SO001226,SOL0001607,2024-12-22,CUST006,Centinela,PRD0100,,15,2886.01,1649.64,43290.16,18545.56,0.4284,2025-01-12,2025-03-22,2025-03-27,Shipped,Emergency
SO001227,SOL0001608,2025-10-21,CUST007,Quebrada Blanca,PRD0065,,2,1604.17,1071.01,3208.35,1066.33,0.3324,2025-12-25,2025-12-13,,Cancelled,Spot
SO001228,SOL0001609,2026-03-10,CUST011,Los Bronces,PRD0069,CTR0011,10,7059.12,5827.43,70591.23,12316.93,0.1745,2026-03-24,2026-03-28,2026-03-28,Shipped,Emergency
SO001229,SOL0001610,2026-06-04,CUST011,Los Bronces,PRD0097,CTR0011,10,804.36,763.16,8043.6,412.0,0.0512,2026-08-06,2026-09-10,2026-09-23,Shipped,Shutdown
SO001230,SOL0001611,2025-03-20,CUST005,Los Pelambres,PRD0101,,15,7532.91,4957.98,112993.59,38623.89,0.3418,2025-05-16,2025-06-19,2025-06-18,Shipped,Shutdown
SO001231,SOL0001612,2024-01-17,CUST005,Los Pelambres,PRD0065,,4,1629.6,1016.12,6518.41,2453.93,0.3765,2024-01-29,2024-04-05,2024-04-24,Shipped,Emergency
SO001232,SOL0001613,2024-01-03,CUST005,Los Pelambres,PRD0041,,1,20257.02,15724.96,20257.02,4532.06,0.2237,2024-02-20,2024-02-23,2024-02-26,Shipped,Shutdown
SO001233,SOL0001614,2025-06-28,CUST003,Escondida,PRD0119,,8,810.93,497.31,6487.47,2508.99,0.3867,2025-07-26,2025-08-28,2025-09-08,Shipped,Contract
SO001233,SOL0001615,2024-04-12,CUST002,El Teniente,PRD0115,CTR0002,10,7934.64,6006.0,79346.43,19286.43,0.2431,2024-05-31,2024-05-20,2024-06-03,Shipped,Spot
SO001234,SOL0001616,2025-03-24,CUST006,Centinela,PRD0119,CTR0006,10,824.24,491.8,8242.36,3324.36,0.4033,2025-05-19,2025-07-02,2025-06-27,Shipped,Emergency
SO001235,SOL0001617,2024-11-22,CUST003,Escondida,PRD0082,,2,2016.3,1295.73,4032.59,1441.13,0.3574,2024-11-29,2024-12-08,,Open,Spot
SO001236,SOL0001618,2024-01-26,CUST002,El Teniente,PRD0076,,1,22071.11,16743.93,22071.11,5327.18,0.2414,2024-02-08,2024-02-06,2024-02-03,Shipped,Contract
SO001236,SOL0001619,2025-06-23,CUST003,Escondida,PRD0006,,8,10854.59,7876.59,86836.74,23824.02,0.2744,2025-07-18,2025-09-17,2025-10-01,Shipped,Emergency
SO001237,SOL0001620,2024-10-15,CUST012,Sierra Gorda,PRD0084,CTR0012,3,37578.75,23504.83,112736.24,42221.75,0.3745,2024-11-11,2024-11-16,2024-12-06,Shipped,Shutdown
SO001238,SOL0001621,2025-01-29,CUST008,Candelaria,PRD0042,CTR0008,10,4646.22,2911.5,46462.21,17347.21,0.3734,2025-02-16,2025-04-14,2025-04-16,Shipped,Emergency
SO001239,SOL0001622,2024-11-17,CUST006,Centinela,PRD0065,,8,1589.48,1098.72,12715.88,3926.12,0.3088,2024-11-28,2025-02-15,2025-02-11,Shipped,Emergency
SO001240,SOL0001623,2024-04-25,CUST008,Candelaria,PRD0029,,15,12520.62,6704.04,187809.35,87248.75,0.4646,2024-07-03,2024-07-16,2024-07-13,Shipped,Shutdown
SO001241,SOL0001624,2024-03-24,CUST003,Escondida,PRD0071,,10,1262.19,949.42,12621.88,3127.68,0.2478,2024-04-29,2024-04-13,2024-04-29,Shipped,Contract
SO001242,SOL0001625,2026-01-29,CUST004,Spence,PRD0044,CTR0004,2,31406.69,27750.3,62813.38,7312.78,0.1164,2026-03-23,2026-03-01,2026-03-06,Shipped,Spot
SO001243,SOL0001626,2024-02-05,CUST003,Escondida,PRD0110,,20,6934.1,4673.92,138682.03,45203.63,0.326,2024-03-06,2024-05-12,2024-05-30,Shipped,Emergency
SO001244,SOL0001627,2025-08-31,CUST004,Spence,PRD0014,CTR0004,1,43512.01,34780.45,43512.01,8731.56,0.2007,2025-09-19,2025-09-21,2025-09-24,Shipped,Contract
SO001245,SOL0001628,2026-01-11,CUST014,Salar de Atacama,PRD0058,,2,3553.11,3028.16,7106.21,1049.89,0.1477,2026-02-20,2026-04-21,2026-05-09,Shipped,Shutdown
SO001246,SOL0001629,2025-12-17,CUST015,Los Colorados,PRD0097,,15,922.41,752.78,13836.2,2544.5,0.1839,2026-01-13,2026-02-15,2026-03-06,Shipped,Contract
SO001247,SOL0001630,2024-06-09,CUST014,Salar de Atacama,PRD0110,,5,7008.22,4779.52,35041.12,11143.52,0.318,2024-06-26,2024-07-29,2024-07-31,Shipped,Spot
SO001248,SOL0001631,2025-03-02,CUST010,El Abra,PRD0091,CTR0010,10,822.06,594.59,8220.57,2274.67,0.2767,2025-04-13,2025-05-24,2025-05-21,Shipped,Contract
SO001249,SOL0001632,2024-01-04,CUST014,Salar de Atacama,PRD0082,,1,2024.57,1225.51,2024.57,799.06,0.3947,2024-02-27,2024-03-31,2024-04-13,Shipped,Shutdown
SO001250,SOL0001633,2025-04-06,CUST013,La Coipa,PRD0035,CTR0013,3,7350.56,5305.46,22051.67,6135.29,0.2782,2025-05-16,2025-06-15,2025-06-26,Shipped,Spot
SO001250,SOL0001634,2025-04-22,CUST015,Los Colorados,PRD0100,,2,2872.83,1677.5,5745.67,2390.67,0.4161,2025-05-13,2025-06-07,2025-06-02,Shipped,Emergency
SO001251,SOL0001635,2024-11-13,CUST012,Sierra Gorda,PRD0114,CTR0012,20,2536.95,2287.12,50739.09,4996.69,0.0985,2024-12-10,2024-11-25,2024-11-28,Shipped,Shutdown
SO001252,SOL0001636,2024-06-07,CUST013,La Coipa,PRD0073,,2,33777.54,27842.62,67555.08,11869.84,0.1757,2024-07-27,2024-07-08,,Cancelled,Spot
SO001253,SOL0001637,2024-05-19,CUST005,Los Pelambres,PRD0010,,20,8791.97,6104.26,175839.42,53754.22,0.3057,2024-05-27,2024-07-05,2024-07-20,Shipped,Emergency
SO001254,SOL0001638,2026-04-30,CUST012,Sierra Gorda,PRD0058,CTR0012,2,2976.32,2982.91,5952.65,-13.17,-0.0022,2026-05-18,2026-06-03,2026-06-13,Shipped,Contract
SO001255,SOL0001639,2024-06-08,CUST003,Escondida,PRD0058,,3,3370.89,2766.75,10112.67,1812.42,0.1792,2024-07-20,2024-08-08,,Open,Spot
SO001256,SOL0001640,2025-07-21,CUST009,Caserones,PRD0108,,2,23607.45,18102.48,47214.9,11009.94,0.2332,2025-08-25,2025-08-03,2025-08-11,Shipped,Shutdown
SO001257,SOL0001641,2024-11-19,CUST012,Sierra Gorda,PRD0033,CTR0012,4,9521.79,6130.77,38087.15,13564.07,0.3561,2024-12-17,2025-01-02,2025-01-01,Shipped,Emergency
SO001258,SOL0001642,2025-04-25,CUST009,Caserones,PRD0064,CTR0009,1,25310.14,21302.01,25310.14,4008.13,0.1584,2025-05-07,2025-08-02,2025-08-10,Shipped,Emergency
SO001259,SOL0001643,2024-04-26,CUST001,Chuquicamata,PRD0094,,2,23556.27,16625.13,47112.53,13862.27,0.2942,2024-06-02,2024-07-02,2024-07-21,Shipped,Emergency
SO001259,SOL0001644,2025-01-09,CUST014,Salar de Atacama,PRD0005,,1,5698.91,4444.89,5698.91,1254.02,0.22,2025-01-30,2025-03-16,2025-03-21,Shipped,Shutdown
SO001260,SOL0001645,2026-05-07,CUST009,Caserones,PRD0062,,1,18974.67,12831.37,18974.67,6143.3,0.3238,2026-06-13,2026-07-03,2026-07-18,Shipped,Shutdown
SO001261,SOL0001646,2025-02-07,CUST003,Escondida,PRD0007,,15,5209.58,3420.36,78143.7,26838.3,0.3434,2025-04-10,2025-03-19,2025-03-21,Shipped,Shutdown
SO001262,SOL0001647,2025-01-17,CUST003,Escondida,PRD0039,,8,11808.03,8252.42,94464.24,28444.88,0.3011,2025-02-20,2025-01-31,2025-01-27,Shipped,Contract
SO001263,SOL0001648,2026-03-10,CUST004,Spence,PRD0120,CTR0004,1,11425.42,11093.95,11425.42,331.47,0.029,2026-05-06,2026-05-30,2026-06-13,Shipped,Shutdown
SO001264,SOL0001649,2024-09-07,CUST015,Los Colorados,PRD0045,CTR0015,20,6775.57,5055.46,135511.41,34402.21,0.2539,2024-10-01,2024-10-16,2024-10-20,Shipped,Emergency
SO001265,SOL0001650,2026-03-09,CUST005,Los Pelambres,PRD0111,,1,12396.87,8847.49,12396.87,3549.38,0.2863,2026-05-18,2026-03-23,2026-04-12,Shipped,Contract
SO001265,SOL0001651,2024-02-26,CUST015,Los Colorados,PRD0081,,1,1305.8,988.99,1305.8,316.81,0.2426,2024-04-26,2024-03-12,2024-03-26,Shipped,Emergency
SO001266,SOL0001652,2024-09-30,CUST003,Escondida,PRD0061,,1,8715.91,6572.18,8715.91,2143.73,0.246,2024-10-17,2024-11-10,,Backorder,Spot
SO001266,SOL0001653,2026-06-27,CUST015,Los Colorados,PRD0114,,2,2916.61,2504.25,5833.23,824.73,0.1414,2026-07-13,2026-07-14,2026-07-12,Shipped,Shutdown
SO001267,SOL0001654,2026-03-09,CUST002,El Teniente,PRD0054,,5,3158.58,2250.91,15792.91,4538.36,0.2874,2026-03-30,2026-03-20,2026-04-06,Shipped,Shutdown
SO001268,SOL0001655,2026-06-30,CUST013,La Coipa,PRD0111,,2,12040.47,8872.71,24080.95,6335.53,0.2631,2026-08-02,2026-07-23,2026-07-26,Shipped,Spot
SO001269,SOL0001656,2025-10-10,CUST003,Escondida,PRD0031,,3,11852.46,9227.13,35557.37,7875.98,0.2215,2025-11-09,2026-01-01,,Open,Emergency
SO001269,SOL0001657,2024-04-07,CUST005,Los Pelambres,PRD0008,,2,6148.59,3661.22,12297.18,4974.74,0.4045,2024-06-14,2024-05-27,2024-06-14,Shipped,Shutdown
SO001269,SOL0001658,2025-02-24,CUST007,Quebrada Blanca,PRD0070,,1,44578.58,30027.72,44578.58,14550.86,0.3264,2025-03-15,2025-04-03,2025-04-22,Shipped,Contract
SO001270,SOL0001659,2024-09-01,CUST015,Los Colorados,PRD0078,,8,11805.2,9402.41,94441.59,19222.31,0.2035,2024-09-18,2024-11-27,2024-11-27,Shipped,Spot
SO001271,SOL0001660,2024-06-27,CUST003,Escondida,PRD0005,,3,5708.71,4067.39,17126.12,4923.95,0.2875,2024-08-02,2024-10-05,2024-09-30,Shipped,Shutdown
SO001272,SOL0001661,2024-03-02,CUST004,Spence,PRD0058,,1,3566.98,2744.03,3566.98,822.95,0.2307,2024-05-04,2024-05-20,2024-05-30,Shipped,Shutdown
SO001272,SOL0001662,2024-12-19,CUST012,Sierra Gorda,PRD0086,,2,5330.66,3985.35,10661.32,2690.62,0.2524,2025-01-31,2025-02-21,2025-02-20,Shipped,Shutdown
SO001273,SOL0001663,2025-11-18,CUST011,Los Bronces,PRD0054,,15,3123.97,2278.11,46859.6,12687.95,0.2708,2025-12-26,2026-01-10,2026-01-07,Shipped,Contract
SO001274,SOL0001664,2024-09-09,CUST015,Los Colorados,PRD0079,CTR0015,5,9914.75,5978.9,49573.76,19679.26,0.397,2024-11-09,2024-10-10,2024-10-11,Shipped,Shutdown
SO001275,SOL0001665,2024-11-22,CUST005,Los Pelambres,PRD0089,,3,10001.12,6454.06,30003.37,10641.19,0.3547,2024-12-14,2025-01-15,2025-01-22,Shipped,Shutdown
SO001276,SOL0001666,2026-03-10,CUST009,Caserones,PRD0064,CTR0009,2,24873.76,23463.62,49747.51,2820.27,0.0567,2026-04-18,2026-03-20,2026-04-01,Shipped,Emergency
SO001276,SOL0001667,2024-10-27,CUST015,Los Colorados,PRD0113,,15,1901.24,1156.66,28518.59,11168.69,0.3916,2024-12-31,2024-11-30,,Cancelled,Emergency
SO001277,SOL0001668,2025-06-12,CUST002,El Teniente,PRD0099,,20,2937.93,2221.87,58758.7,14321.3,0.2437,2025-06-27,2025-07-22,2025-08-09,Shipped,Spot
SO001278,SOL0001669,2025-01-26,CUST012,Sierra Gorda,PRD0087,CTR0012,4,2046.31,1323.31,8185.24,2892.0,0.3533,2025-02-05,2025-04-28,2025-05-17,Shipped,Contract
SO001279,SOL0001670,2024-07-23,CUST010,El Abra,PRD0080,,10,6298.94,5150.83,62989.43,11481.13,0.1823,2024-09-14,2024-09-19,2024-10-03,Shipped,Shutdown
SO001279,SOL0001671,2025-02-12,CUST013,La Coipa,PRD0069,CTR0013,10,7437.37,5225.78,74373.69,22115.89,0.2974,2025-02-21,2025-03-06,2025-03-14,Shipped,Spot
SO001279,SOL0001672,2024-09-26,CUST002,El Teniente,PRD0023,,1,4788.51,3201.45,4788.51,1587.06,0.3314,2024-10-25,2024-11-17,2024-11-20,Shipped,Contract
SO001280,SOL0001673,2024-10-04,CUST005,Los Pelambres,PRD0060,,3,20919.5,16291.36,62758.51,13884.43,0.2212,2024-10-22,2024-10-23,2024-11-10,Shipped,Contract
SO001281,SOL0001674,2025-08-23,CUST006,Centinela,PRD0076,,3,23162.12,17961.0,69486.36,15603.36,0.2246,2025-10-14,2025-10-24,2025-10-25,Shipped,Spot
SO001282,SOL0001675,2024-02-14,CUST004,Spence,PRD0011,,1,43399.47,24057.75,43399.47,19341.72,0.4457,2024-03-19,2024-03-22,2024-04-04,Shipped,Shutdown
SO001283,SOL0001676,2025-05-02,CUST006,Centinela,PRD0094,,3,23746.76,18814.14,71240.29,14797.87,0.2077,2025-07-11,2025-06-30,2025-07-09,Shipped,Shutdown
SO001284,SOL0001677,2026-03-01,CUST015,Los Colorados,PRD0048,,15,6869.48,5660.96,103042.21,18127.81,0.1759,2026-03-21,2026-03-11,2026-03-24,Shipped,Shutdown
SO001285,SOL0001678,2026-04-29,CUST001,Chuquicamata,PRD0062,CTR0001,1,17812.74,12672.5,17812.74,5140.24,0.2886,2026-05-14,2026-07-28,2026-08-05,Shipped,Spot
SO001285,SOL0001679,2026-04-28,CUST007,Quebrada Blanca,PRD0081,CTR0007,1,1110.73,1092.65,1110.73,18.08,0.0163,2026-05-26,2026-05-13,2026-05-30,Shipped,Shutdown
SO001286,SOL0001680,2025-11-20,CUST002,El Teniente,PRD0120,CTR0002,10,12061.53,10718.32,120615.35,13432.15,0.1114,2025-12-28,2026-01-02,2026-01-04,Shipped,Contract
SO001286,SOL0001681,2026-01-16,CUST002,El Teniente,PRD0004,,5,6750.17,4461.49,33750.86,11443.41,0.3391,2026-02-21,2026-01-26,2026-02-06,Shipped,Emergency
SO001287,SOL0001682,2025-05-09,CUST004,Spence,PRD0006,,5,10437.49,7699.8,52187.44,13688.44,0.2623,2025-06-20,2025-06-29,2025-06-27,Shipped,Emergency
SO001288,SOL0001683,2026-03-16,CUST004,Spence,PRD0026,,2,12008.48,9784.71,24016.97,4447.55,0.1852,2026-05-15,2026-05-20,,Backorder,Contract
SO001289,SOL0001684,2024-01-27,CUST009,Caserones,PRD0015,,1,43120.02,25330.42,43120.02,17789.6,0.4126,2024-03-19,2024-03-30,2024-04-17,Shipped,Emergency
SO001290,SOL0001685,2024-02-07,CUST012,Sierra Gorda,PRD0056,,3,36099.05,27123.67,108297.15,26926.14,0.2486,2024-03-20,2024-04-19,2024-05-04,Shipped,Spot
SO001291,SOL0001686,2024-01-14,CUST003,Escondida,PRD0006,,3,10999.5,7202.8,32998.49,11390.09,0.3452,2024-03-05,2024-02-08,2024-02-08,Shipped,Emergency
SO001291,SOL0001687,2024-12-03,CUST007,Quebrada Blanca,PRD0082,,10,2113.52,1282.14,21135.16,8313.76,0.3934,2025-01-28,2025-03-02,2025-03-17,Shipped,Emergency
SO001292,SOL0001688,2024-01-31,CUST004,Spence,PRD0029,,8,12170.18,6608.42,97361.43,44494.07,0.457,2024-02-19,2024-02-19,2024-02-23,Shipped,Emergency
SO001293,SOL0001689,2025-10-03,CUST002,El Teniente,PRD0086,CTR0002,4,4791.73,4379.13,19166.92,1650.4,0.0861,2025-10-12,2025-11-29,2025-12-02,Shipped,Spot
SO001294,SOL0001690,2025-10-17,CUST006,Centinela,PRD0092,,5,18036.08,13271.49,90180.38,23822.93,0.2642,2025-11-09,2025-12-09,2025-12-11,Shipped,Spot
SO001294,SOL0001691,2025-03-14,CUST011,Los Bronces,PRD0005,,8,5586.76,4617.84,44694.05,7751.33,0.1734,2025-03-30,2025-06-03,2025-06-07,Shipped,Spot
SO001295,SOL0001692,2024-08-19,CUST012,Sierra Gorda,PRD0110,CTR0012,4,6158.79,4755.19,24635.18,5614.42,0.2279,2024-10-21,2024-11-07,2024-11-10,Shipped,Shutdown
SO001296,SOL0001693,2024-01-03,CUST006,Centinela,PRD0071,,3,1260.95,952.64,3782.84,924.92,0.2445,2024-03-13,2024-02-15,2024-03-01,Shipped,Emergency
SO001296,SOL0001694,2026-03-30,CUST004,Spence,PRD0092,CTR0004,5,15576.08,13477.07,77880.38,10495.03,0.1348,2026-04-22,2026-05-04,2026-05-20,Shipped,Shutdown
SO001297,SOL0001695,2025-07-29,CUST011,Los Bronces,PRD0045,,2,7058.44,5126.94,14116.88,3863.0,0.2736,2025-10-04,2025-10-31,2025-11-05,Shipped,Contract
SO001298,SOL0001696,2026-03-16,CUST002,El Teniente,PRD0074,,3,37163.14,26082.52,111489.42,33241.86,0.2982,2026-04-21,2026-04-15,2026-04-16,Shipped,Shutdown
SO001298,SOL0001697,2024-04-22,CUST009,Caserones,PRD0043,CTR0009,1,25134.4,14867.76,25134.4,10266.64,0.4085,2024-05-05,2024-05-18,2024-06-03,Shipped,Spot
SO001299,SOL0001698,2024-01-06,CUST012,Sierra Gorda,PRD0040,CTR0012,5,12450.29,9660.72,62251.47,13947.87,0.2241,2024-02-24,2024-03-05,2024-03-11,Shipped,Spot
SO001299,SOL0001699,2026-02-01,CUST014,Salar de Atacama,PRD0033,,2,10919.48,6338.16,21838.95,9162.63,0.4196,2026-02-26,2026-04-06,2026-04-23,Shipped,Emergency
SO001300,SOL0001700,2025-12-05,CUST014,Salar de Atacama,PRD0002,,1,22607.76,16894.72,22607.76,5713.04,0.2527,2025-12-15,2026-02-14,2026-02-25,Shipped,Contract
SO001301,SOL0001701,2024-08-11,CUST011,Los Bronces,PRD0011,CTR0011,3,37102.09,24496.17,111306.28,37817.77,0.3398,2024-08-28,2024-09-06,2024-09-24,Shipped,Contract
SO001302,SOL0001702,2024-02-25,CUST007,Quebrada Blanca,PRD0040,,5,13993.78,9581.82,69968.91,22059.81,0.3153,2024-03-21,2024-05-05,2024-05-11,Shipped,Shutdown
SO001303,SOL0001703,2025-06-20,CUST012,Sierra Gorda,PRD0056,,3,34979.86,30208.31,104939.57,14314.64,0.1364,2025-08-11,2025-09-18,2025-09-15,Shipped,Contract
SO001304,SOL0001704,2025-08-20,CUST012,Sierra Gorda,PRD0041,,1,20198.18,17067.16,20198.18,3131.02,0.155,2025-10-17,2025-09-27,2025-09-27,Shipped,Spot
SO001304,SOL0001705,2026-06-06,CUST004,Spence,PRD0060,CTR0004,3,17734.7,18975.03,53204.09,-3721.0,-0.0699,2026-07-27,2026-06-18,2026-06-30,Shipped,Emergency
SO001305,SOL0001706,2026-06-29,CUST001,Chuquicamata,PRD0063,CTR0001,3,6573.35,6417.87,19720.04,466.43,0.0237,2026-08-23,2026-09-30,2026-09-26,Shipped,Contract
SO001306,SOL0001707,2024-05-31,CUST004,Spence,PRD0112,,1,22903.34,16511.54,22903.34,6391.8,0.2791,2024-06-28,2024-06-23,2024-07-08,Shipped,Spot
SO001307,SOL0001708,2025-12-12,CUST007,Quebrada Blanca,PRD0008,CTR0007,8,5456.65,3890.19,43653.17,12531.65,0.2871,2026-01-02,2026-01-14,2026-01-31,Shipped,Shutdown
SO001307,SOL0001709,2026-06-24,CUST005,Los Pelambres,PRD0033,,1,10756.81,6358.47,10756.81,4398.34,0.4089,2026-07-15,2026-08-06,2026-08-05,Shipped,Emergency
SO001308,SOL0001710,2025-06-14,CUST011,Los Bronces,PRD0091,,15,860.89,598.57,12913.4,3934.85,0.3047,2025-07-28,2025-09-19,2025-09-29,Shipped,Contract
SO001309,SOL0001711,2024-05-09,CUST006,Centinela,PRD0038,,1,55681.55,32681.66,55681.55,22999.89,0.4131,2024-06-22,2024-05-30,2024-06-05,Shipped,Spot
SO001310,SOL0001712,2024-12-31,CUST007,Quebrada Blanca,PRD0119,,4,858.41,490.31,3433.63,1472.39,0.4288,2025-01-30,2025-02-25,2025-02-24,Shipped,Emergency
SO001310,SOL0001713,2026-04-17,CUST014,Salar de Atacama,PRD0027,,8,7258.18,7139.23,58065.41,951.57,0.0164,2026-06-04,2026-06-26,2026-06-30,Shipped,Spot
SO001311,SOL0001714,2025-09-29,CUST009,Caserones,PRD0064,CTR0009,1,24892.96,22218.35,24892.96,2674.61,0.1074,2025-12-03,2025-11-19,2025-12-01,Shipped,Spot
SO001312,SOL0001715,2024-02-10,CUST008,Candelaria,PRD0028,,5,8619.38,6031.07,43096.89,12941.54,0.3003,2024-03-28,2024-04-29,2024-04-28,Shipped,Emergency
SO001313,SOL0001716,2024-03-23,CUST004,Spence,PRD0079,,8,10187.45,5743.5,81499.6,35551.6,0.4362,2024-04-28,2024-06-11,2024-06-22,Shipped,Emergency
SO001314,SOL0001717,2024-03-31,CUST007,Quebrada Blanca,PRD0118,,1,13704.77,7413.8,13704.77,6290.97,0.459,2024-04-28,2024-05-03,2024-05-18,Shipped,Emergency
SO001315,SOL0001718,2024-10-15,CUST010,El Abra,PRD0001,,3,43299.35,26186.25,129898.06,51339.31,0.3952,2024-11-23,2024-11-11,2024-11-07,Shipped,Emergency
SO001316,SOL0001719,2024-06-04,CUST011,Los Bronces,PRD0096,,8,1664.01,1199.93,13312.08,3712.64,0.2789,2024-07-28,2024-08-28,2024-08-29,Shipped,Emergency
SO001316,SOL0001720,2025-03-21,CUST012,Sierra Gorda,PRD0035,,1,8124.05,5196.89,8124.05,2927.16,0.3603,2025-05-11,2025-06-26,2025-07-11,Shipped,Contract
SO001317,SOL0001721,2026-01-18,CUST011,Los Bronces,PRD0113,CTR0011,2,1731.18,1148.2,3462.36,1165.96,0.3368,2026-03-02,2026-03-24,2026-04-02,Shipped,Emergency
SO001318,SOL0001722,2025-06-18,CUST004,Spence,PRD0054,,8,3209.32,2227.81,25674.59,7852.11,0.3058,2025-08-13,2025-08-10,2025-08-10,Shipped,Shutdown
SO001319,SOL0001723,2024-03-06,CUST007,Quebrada Blanca,PRD0027,,2,7126.4,5695.68,14252.8,2861.44,0.2008,2024-05-13,2024-05-04,2024-05-02,Shipped,Emergency
SO001320,SOL0001724,2025-12-11,CUST011,Los Bronces,PRD0084,,2,42141.39,25858.39,84282.78,32566.0,0.3864,2025-12-18,2026-01-24,2026-02-04,Shipped,Shutdown
SO001320,SOL0001725,2026-06-07,CUST015,Los Colorados,PRD0089,,8,10517.11,6982.71,84136.89,28275.21,0.3361,2026-07-20,2026-06-22,,Open,Shutdown
SO001321,SOL0001726,2025-02-05,CUST012,Sierra Gorda,PRD0056,,2,35731.52,29356.88,71463.04,12749.28,0.1784,2025-02-16,2025-04-01,2025-04-01,Shipped,Contract
SO001322,SOL0001727,2024-03-05,CUST011,Los Bronces,PRD0087,,8,2309.32,1268.0,18474.53,8330.53,0.4509,2024-04-23,2024-05-04,2024-05-16,Shipped,Contract
SO001323,SOL0001728,2026-01-10,CUST014,Salar de Atacama,PRD0074,,2,36644.46,25577.77,73288.93,22133.39,0.302,2026-02-16,2026-03-26,2026-04-11,Shipped,Spot
SO001324,SOL0001729,2024-01-30,CUST006,Centinela,PRD0044,,2,36710.06,27457.53,73420.13,18505.07,0.252,2024-03-03,2024-02-12,2024-02-07,Shipped,Spot
SO001324,SOL0001730,2026-04-02,CUST009,Caserones,PRD0104,CTR0009,4,6131.91,5298.48,24527.63,3333.71,0.1359,2026-05-02,2026-05-11,,Cancelled,Emergency
SO001325,SOL0001731,2025-06-22,CUST010,El Abra,PRD0026,,8,12251.86,9402.7,98014.84,22793.24,0.2325,2025-08-20,2025-08-01,2025-08-06,Shipped,Shutdown
SO001325,SOL0001732,2026-02-19,CUST010,El Abra,PRD0073,,1,35168.1,30635.2,35168.1,4532.9,0.1289,2026-04-17,2026-04-13,2026-04-23,Shipped,Shutdown
SO001326,SOL0001733,2024-03-01,CUST012,Sierra Gorda,PRD0020,,20,17173.15,9421.81,343462.94,155026.74,0.4514,2024-03-12,2024-05-21,2024-05-22,Shipped,Contract
SO001327,SOL0001734,2026-02-23,CUST007,Quebrada Blanca,PRD0112,,1,23414.1,19646.21,23414.1,3767.89,0.1609,2026-05-04,2026-04-19,2026-04-26,Shipped,Contract
SO001328,SOL0001735,2024-11-18,CUST003,Escondida,PRD0040,,1,13998.48,9915.24,13998.48,4083.24,0.2917,2025-01-10,2025-02-26,2025-03-13,Shipped,Emergency
SO001328,SOL0001736,2026-01-06,CUST011,Los Bronces,PRD0045,,3,7229.5,5249.93,21688.5,5938.71,0.2738,2026-01-21,2026-03-29,2026-04-18,Shipped,Emergency
SO001328,SOL0001737,2025-04-07,CUST015,Los Colorados,PRD0079,CTR0015,3,10299.97,6308.84,30899.9,11973.38,0.3875,2025-05-29,2025-04-19,2025-04-24,Shipped,Emergency
SO001329,SOL0001738,2024-05-08,CUST012,Sierra Gorda,PRD0061,,2,8687.06,6518.56,17374.12,4337.0,0.2496,2024-06-24,2024-07-23,2024-08-09,Shipped,Contract
SO001329,SOL0001739,2024-04-23,CUST006,Centinela,PRD0043,,3,27443.35,14867.76,82330.06,37726.78,0.4582,2024-06-04,2024-05-03,2024-05-17,Shipped,Spot
SO001330,SOL0001740,2024-12-25,CUST008,Candelaria,PRD0059,,3,29065.52,21421.46,87196.57,22932.19,0.263,2025-01-08,2025-02-23,2025-03-03,Shipped,Emergency
SO001330,SOL0001741,2025-04-05,CUST007,Quebrada Blanca,PRD0039,,10,11775.68,8282.51,117756.84,34931.74,0.2966,2025-04-17,2025-05-04,2025-05-16,Shipped,Shutdown
SO001331,SOL0001742,2026-06-02,CUST004,Spence,PRD0070,CTR0004,1,40948.54,30819.56,40948.54,10128.98,0.2474,2026-06-18,2026-08-08,2026-08-11,Shipped,Emergency
SO001332,SOL0001743,2024-10-24,CUST009,Caserones,PRD0085,CTR0009,15,8725.81,5464.15,130887.14,48924.89,0.3738,2024-12-23,2024-12-21,2024-12-23,Shipped,Emergency
SO001333,SOL0001744,2024-10-25,CUST008,Candelaria,PRD0031,,2,11925.54,8539.13,23851.08,6772.82,0.284,2024-11-09,2024-12-10,2024-12-16,Shipped,Contract
SO001334,SOL0001745,2024-02-17,CUST008,Candelaria,PRD0084,,1,40443.71,22197.15,40443.71,18246.56,0.4512,2024-02-29,2024-03-17,2024-03-18,Shipped,Emergency
SO001335,SOL0001746,2024-02-11,CUST006,Centinela,PRD0113,,5,1855.12,1154.97,9275.6,3500.75,0.3774,2024-03-18,2024-02-23,2024-03-05,Shipped,Shutdown
SO001335,SOL0001747,2025-07-27,CUST010,El Abra,PRD0011,,1,41519.85,27659.76,41519.85,13860.09,0.3338,2025-09-04,2025-08-11,2025-08-20,Shipped,Spot
SO001336,SOL0001748,2025-10-14,CUST011,Los Bronces,PRD0099,CTR0011,2,2649.03,2214.88,5298.06,868.3,0.1639,2025-11-17,2025-11-14,2025-11-17,Shipped,Contract
SO001337,SOL0001749,2024-04-09,CUST013,La Coipa,PRD0002,,1,23020.02,14749.27,23020.02,8270.75,0.3593,2024-05-08,2024-05-05,2024-05-18,Shipped,Contract
SO001338,SOL0001750,2026-05-19,CUST004,Spence,PRD0047,,4,6601.61,6139.56,26406.44,1848.2,0.07,2026-07-03,2026-06-21,2026-06-16,Shipped,Emergency
SO001339,SOL0001751,2026-06-24,CUST012,Sierra Gorda,PRD0107,,1,41428.26,33154.54,41428.26,8273.72,0.1997,2026-07-30,2026-07-19,2026-07-21,Shipped,Contract
SO001340,SOL0001752,2024-06-01,CUST006,Centinela,PRD0091,,1,857.99,574.48,857.99,283.51,0.3304,2024-07-10,2024-06-19,2024-06-22,Shipped,Emergency
SO001341,SOL0001753,2024-11-03,CUST012,Sierra Gorda,PRD0041,,1,20176.08,16633.92,20176.08,3542.16,0.1756,2024-12-25,2024-12-28,,Cancelled,Contract
SO001342,SOL0001754,2026-03-08,CUST011,Los Bronces,PRD0104,,4,6657.56,5243.64,26630.24,5655.68,0.2124,2026-04-24,2026-05-28,2026-06-01,Shipped,Emergency
SO001343,SOL0001755,2024-10-19,CUST007,Quebrada Blanca,PRD0076,,1,22549.53,17128.63,22549.53,5420.9,0.2404,2024-11-21,2024-11-09,2024-11-11,Shipped,Emergency
SO001343,SOL0001756,2025-11-02,CUST002,El Teniente,PRD0073,,2,34094.02,31467.52,68188.03,5252.99,0.077,2025-12-07,2025-12-29,2026-01-08,Shipped,Emergency
SO001343,SOL0001757,2024-11-02,CUST002,El Teniente,PRD0092,,1,17535.68,12346.77,17535.68,5188.91,0.2959,2024-11-15,2024-12-02,2024-12-01,Shipped,Spot
SO001344,SOL0001758,2024-07-31,CUST004,Spence,PRD0028,,15,9061.71,6107.9,135925.72,44307.22,0.326,2024-08-17,2024-10-24,2024-10-19,Shipped,Contract
SO001344,SOL0001759,2025-09-19,CUST008,Candelaria,PRD0002,CTR0008,2,20042.17,16743.75,40084.35,6596.85,0.1646,2025-11-05,2025-12-05,2025-12-23,Shipped,Contract
SO001345,SOL0001760,2025-05-01,CUST015,Los Colorados,PRD0048,,3,6825.3,5117.46,20475.89,5123.51,0.2502,2025-05-19,2025-07-09,2025-07-18,Shipped,Spot
SO001346,SOL0001761,2024-01-25,CUST015,Los Colorados,PRD0104,,10,6722.24,4836.48,67222.43,18857.63,0.2805,2024-03-09,2024-03-26,2024-03-26,Shipped,Contract
SO001347,SOL0001762,2025-04-17,CUST010,El Abra,PRD0074,CTR0010,1,33243.7,24137.61,33243.7,9106.09,0.2739,2025-05-29,2025-05-21,2025-05-18,Shipped,Shutdown
SO001348,SOL0001763,2024-03-04,CUST006,Centinela,PRD0058,,5,3348.07,2744.03,16740.34,3020.19,0.1804,2024-03-21,2024-05-30,2024-06-05,Shipped,Contract
SO001348,SOL0001764,2025-09-08,CUST002,El Teniente,PRD0087,,1,2285.02,1306.71,2285.02,978.31,0.4281,2025-10-18,2025-10-21,2025-10-29,Shipped,Emergency
SO001349,SOL0001765,2025-10-10,CUST005,Los Pelambres,PRD0103,,10,8177.09,7113.9,81770.93,10631.93,0.13,2025-12-01,2025-11-06,2025-11-07,Shipped,Contract
SO001350,SOL0001766,2026-06-14,CUST007,Quebrada Blanca,PRD0043,,2,27343.28,18633.69,54686.55,17419.17,0.3185,2026-07-09,2026-09-04,2026-09-17,Shipped,Contract
SO001350,SOL0001767,2024-06-12,CUST006,Centinela,PRD0064,,1,26686.72,20255.32,26686.72,6431.4,0.241,2024-07-26,2024-08-19,2024-09-05,Shipped,Emergency
SO001351,SOL0001768,2025-12-15,CUST002,El Teniente,PRD0091,,4,906.22,643.1,3624.87,1052.47,0.2903,2025-12-22,2026-01-08,2026-01-03,Shipped,Spot
SO001352,SOL0001769,2024-04-10,CUST003,Escondida,PRD0010,,5,8780.84,6110.1,43904.19,13353.69,0.3042,2024-05-21,2024-06-22,2024-06-20,Shipped,Shutdown
SO001353,SOL0001770,2025-01-08,CUST014,Salar de Atacama,PRD0027,,1,7344.15,6102.9,7344.15,1241.25,0.169,2025-02-18,2025-02-03,2025-02-19,Shipped,Spot
SO001354,SOL0001771,2024-08-06,CUST013,La Coipa,PRD0007,,8,5427.65,3256.76,43421.24,17367.16,0.4,2024-08-24,2024-10-27,2024-10-22,Shipped,Contract
SO001355,SOL0001772,2024-04-06,CUST002,El Teniente,PRD0017,,1,7377.22,4169.61,7377.22,3207.61,0.4348,2024-05-20,2024-07-10,,Cancelled,Contract
SO001356,SOL0001773,2025-04-29,CUST007,Quebrada Blanca,PRD0108,,2,23132.32,18149.46,46264.63,9965.71,0.2154,2025-06-27,2025-06-11,2025-06-25,Shipped,Contract
SO001357,SOL0001774,2024-05-01,CUST007,Quebrada Blanca,PRD0097,,3,929.92,693.24,2789.77,710.05,0.2545,2024-05-14,2024-06-14,2024-06-12,Shipped,Contract
SO001358,SOL0001775,2024-08-11,CUST004,Spence,PRD0051,,1,35765.31,23152.19,35765.31,12613.12,0.3527,2024-10-08,2024-09-21,2024-09-19,Shipped,Spot
SO001359,SOL0001776,2026-02-28,CUST004,Spence,PRD0085,CTR0004,2,8599.54,5637.06,17199.09,5924.97,0.3445,2026-05-09,2026-05-22,2026-05-25,Shipped,Spot
SO001360,SOL0001777,2025-05-16,CUST015,Los Colorados,PRD0057,,20,11601.21,8226.44,232024.14,67495.34,0.2909,2025-07-05,2025-06-20,2025-06-19,Shipped,Emergency
SO001361,SOL0001778,2026-06-02,CUST008,Candelaria,PRD0065,,15,1675.32,1099.84,25129.81,8632.21,0.3435,2026-06-22,2026-09-07,2026-09-26,Shipped,Shutdown
SO001362,SOL0001779,2025-03-18,CUST005,Los Pelambres,PRD0061,,1,8830.13,6884.4,8830.13,1945.73,0.2204,2025-03-31,2025-04-11,2025-04-14,Shipped,Contract
SO001362,SOL0001780,2024-02-21,CUST008,Candelaria,PRD0098,,20,1439.73,1106.77,28794.57,6659.17,0.2313,2024-03-20,2024-04-21,2024-04-28,Shipped,Spot
SO001362,SOL0001781,2025-04-17,CUST008,Candelaria,PRD0073,CTR0008,2,30582.22,30134.38,61164.43,895.67,0.0146,2025-05-22,2025-06-10,2025-06-08,Shipped,Spot
SO001363,SOL0001782,2025-09-05,CUST013,La Coipa,PRD0026,CTR0013,20,10905.8,9375.15,218116.08,30613.08,0.1404,2025-09-24,2025-11-03,2025-11-19,Shipped,Emergency
SO001364,SOL0001783,2024-05-23,CUST015,Los Colorados,PRD0091,,20,872.02,565.85,17440.31,6123.31,0.3511,2024-06-19,2024-07-11,2024-07-15,Shipped,Shutdown
SO001365,SOL0001784,2024-03-24,CUST001,Chuquicamata,PRD0072,,15,10993.33,6925.32,164899.94,61020.14,0.37,2024-04-12,2024-04-09,2024-04-09,Shipped,Shutdown
SO001366,SOL0001785,2025-05-26,CUST014,Salar de Atacama,PRD0103,,3,8618.83,6677.01,25856.48,5825.45,0.2253,2025-06-20,2025-08-08,2025-08-03,Shipped,Shutdown
SO001367,SOL0001786,2024-02-03,CUST010,El Abra,PRD0034,,5,10201.93,5811.4,51009.64,21952.64,0.4304,2024-04-05,2024-03-20,2024-03-23,Shipped,Emergency
SO001368,SOL0001787,2026-02-21,CUST008,Candelaria,PRD0107,CTR0008,3,37480.72,31118.92,112442.15,19085.39,0.1697,2026-04-27,2026-05-24,2026-05-22,Shipped,Emergency
SO001369,SOL0001788,2025-02-21,CUST001,Chuquicamata,PRD0110,,20,6267.1,4852.61,125341.98,28289.78,0.2257,2025-03-11,2025-03-25,,Cancelled,Contract
SO001369,SOL0001789,2024-07-19,CUST005,Los Pelambres,PRD0017,,10,7377.11,4174.7,73771.09,32024.09,0.4341,2024-07-30,2024-07-30,2024-07-30,Shipped,Emergency
SO001370,SOL0001790,2024-08-06,CUST004,Spence,PRD0057,,2,11710.16,7805.11,23420.32,7810.1,0.3335,2024-09-18,2024-10-12,2024-10-24,Shipped,Contract
SO001371,SOL0001791,2025-11-11,CUST003,Escondida,PRD0047,,5,6658.79,5854.56,33293.95,4021.15,0.1208,2025-12-30,2026-01-14,2026-01-28,Shipped,Shutdown
SO001371,SOL0001792,2025-11-17,CUST012,Sierra Gorda,PRD0120,CTR0012,5,11139.83,10718.32,55699.17,2107.57,0.0378,2026-01-10,2026-01-23,2026-02-05,Shipped,Emergency
SO001372,SOL0001793,2025-07-11,CUST009,Caserones,PRD0118,CTR0009,20,12323.71,8086.83,246474.16,84737.56,0.3438,2025-07-24,2025-09-28,2025-09-30,Shipped,Spot
SO001373,SOL0001794,2026-01-09,CUST011,Los Bronces,PRD0068,,8,11267.29,9503.43,90138.29,14110.85,0.1565,2026-02-04,2026-02-09,2026-02-10,Shipped,Emergency
SO001374,SOL0001795,2025-08-18,CUST008,Candelaria,PRD0083,CTR0008,8,3811.25,2504.81,30490.03,10451.55,0.3428,2025-10-20,2025-09-16,2025-09-29,Shipped,Spot
SO001375,SOL0001796,2025-05-07,CUST012,Sierra Gorda,PRD0059,CTR0012,3,24334.66,21215.25,73003.97,9358.22,0.1282,2025-06-18,2025-08-06,2025-08-11,Shipped,Spot
SO001376,SOL0001797,2025-01-16,CUST009,Caserones,PRD0076,CTR0009,1,21088.18,17439.04,21088.18,24251.41,1.15,2025-02-19,2025-03-06,2025-03-08,Shipped,Shutdown
SO001376,SOL0001798,2024-07-23,CUST011,Los Bronces,PRD0106,,8,14857.36,9286.6,118858.9,44566.1,0.3749,2024-09-11,2024-08-08,2024-08-10,Shipped,Contract
SO001377,SOL0001799,2024-10-03,CUST015,Los Colorados,PRD0095,,1,11025.16,7252.77,11025.16,12678.93,1.15,2024-11-02,2024-12-17,2024-12-12,Shipped,Shutdown
SO001377,SOL0001800,2024-08-21,CUST009,Caserones,PRD0108,,2,22390.56,16527.51,44781.12,11726.1,0.2619,2024-10-30,2024-11-16,2024-11-13,Shipped,Shutdown
